event_id,tuple_id,stakeholder,opinion,sentiment,rationale,stakeholder_cluster_id,stakeholder_aliases,canonical_tuple,opinion_split_reason,event_chain,evidence_ids,evidence_texts,evidence_source_types,evidence_urls,evidence_titles,evidence_dates,independent_source_count,confidence_route,required_action,adjudication_priority_score,priority_bucket,priority_reason,review_decision,revised_stakeholder,revised_opinion,revised_sentiment,revised_rationale,revised_evidence_ids,reviewer_note,reviewer_id,adjudication_status,annotator_id
E009,LLM_CANON_E009_003,深圳市相关方面,表示正依法依规处置该事件并核实处理网传信息，后续将督促开发商、物业公司化解停车位使用权相关纠纷。,neutral,证据显示深圳市相关方面正在处置、核实，并将督促开发商和物业公司做好纠纷化解工作；但该证据未明确点名为光明区住建局。,SC_E009_003,深圳市相关方面;相关方面,True,,,ev-00206,"记者6日在采访中了解到,深圳市相关方面正在依法依规对该起事件进行处置,并对网传信息进行核实处理,后续还将针对事件中暴露出的停车位使用权问题,督促开发商、物业公司做好相关纠纷化解工作。",social_media,https://www.toutiao.com/article/7106408237708100100/,,,1,low_confidence,human_review_required,0.970,high,weak_support_label;low_confidence_cross_source;few_evidence;single_source_type,uncertain,,,,,,,annotator_B,independent_review,annotator_B
E012,LLM_CANON_E012_008,媒体评论者王军荣,王军荣引用官渡区通报指出涉事猪肉片被判定为不合格，原因是运输及存储不当导致变质变臭，并关注学校食品安全责任问题。,negative,证据为王军荣的评论文章，转述官方通报中猪肉不合格及变质原因，并围绕学生餐桌安全进行评论。,SC_E012_008,王军荣,True,,,ev-00268,"王军荣 昆明市官渡区人民政府新闻办公室10月19日发布通报称,针对网上反映的昆明市官渡区长丰学校食品安全问题,经过联合调查组调查,该批次鲜猪肉片判定为不合格,原因是运输及存储不当导致变质变臭;学校对食",mainstream_news,https://opinion.voc.com.cn/mobile/news/202410/20914692.html,,,1,low_confidence,human_review_required,0.970,high,weak_support_label;low_confidence_cross_source;few_evidence;single_source_type,uncertain,,,,,,,annotator_B,independent_review,annotator_B
E015,LLM_CANON_E015_004,司法机关,将依法处理犯罪行为。,neutral,证据转述“微观肥乡”通报称司法机关将对犯罪行为依法处理，但文本末尾存在截断。,SC_E015_004,司法机关,True,,,ev-00331,"“微观肥乡”17日发布通报:3月10日,邯郸市肥乡区初一学生王某某被杀害。案件发生后,肥乡区公安机关立即开展侦破工作。3月11日,涉案犯罪嫌疑人被全部抓获,现已依法采取刑事强制措施。司法机关将对犯罪行",official,http://fzsx.gov.cn/sx/fcsh/80475.htm,,,1,low_confidence,human_review_required,0.970,high,weak_support_label;low_confidence_cross_source;few_evidence;single_source_type,uncertain,,,,,,,annotator_B,independent_review,annotator_B
E015,LLM_CANON_E015_006,自媒体博主,在事件传播中存在误导行为，引发网友愤怒。,negative,证据称自媒体博主的误导行为引起网友愤怒，但未具体说明误导内容。,SC_E015_006,自媒体;博主,True,,,ev-00346,"在河北邯郸市肥乡区,一起令人震惊的初中生被害案引发了全国网友的广泛关注。自媒体博主的误导行为引起了网友的愤怒,同时,他们呼吁公正处理并制裁未成年嫌疑人。",social_media,https://www.toutiao.com/article/7347732695205888527/,,,1,low_confidence,human_review_required,0.970,high,weak_support_label;low_confidence_cross_source;few_evidence;single_source_type,uncertain,,,,,,,annotator_B,independent_review,annotator_B
E019,LLM_CANON_E019_003,美吉姆（中国）总部,美吉姆（中国）总部发布声明称仍在积极寻求措施支持加盟中心继续经营，并督促闭店、并店中心处理相关问题。,neutral,新浪财经证据提到2023年12月31日美吉姆（中国）总部发布声明，称积极寻求措施支持加盟中心继续经营，并督促闭店、并店中心后续处理。,SC_E019_003,美吉姆中国总部;美吉姆(中国);美吉姆总部,True,,,ev-00458,"近日,美吉姆北京多家分店被曝关店停业,家长上万元课时费无处可退。2023年12月31日,美吉姆(中国)总部发布声明称,目前美吉姆(中国)仍然积极寻求各种措施支持加盟中心继续经营,并督促闭店、并店的美吉",mainstream_news,https://finance.sina.com.cn/chanjing/wddc/2024-01-04/doc-inaaimzf6347381.shtml,,,1,low_confidence,human_review_required,0.970,high,weak_support_label;low_confidence_cross_source;few_evidence;single_source_type,uncertain,,,,,,,annotator_B,independent_review,annotator_B
E019,LLM_CANON_E019_005,上市公司美吉姆,上市公司美吉姆被常营华联中心称在其请求借款周转救助时，以无法扶持为由拒绝提供支持。,negative,该说法来自常营华联中心的单方表述，证据显示其称多次沟通无果并被上市公司以无法扶持为由拒绝。,SC_E019_005,上市公司美吉姆,True,,,ev-01676,"美吉姆常营华联中心称,鉴于现阶段公司经营中遇到的诸多问题,他们向上市公司美吉姆提出借钱周转进行救助的需求,但多次沟通无果,被上市公司以无法扶持为由拒绝。由于实在无以为继,无法支付房租和员工工资、社保,",mainstream_news,https://sd.china.com/shangye/20000940/20231231/25830498_1.html,,,1,low_confidence,human_review_required,0.970,high,weak_support_label;low_confidence_cross_source;few_evidence;single_source_type,uncertain,,,,,,,annotator_B,independent_review,annotator_B
E028,LLM_CANON_E028_001,福州市紧缺疫苗排队预约系统运营方,上线福州市紧缺疫苗排队预约系统，并将首批服务面向HPV疫苗线上免费预约。,neutral,证据明确报道“福州市紧缺疫苗排队预约系统上线”以及“HPV疫苗线上免费预约”，但证据文本未直接写明运营方为福州疾控。,SC_E028_001,福州疾控;福州市紧缺疫苗排队预约系统;福州市紧缺疫苗排队预约系统上线方,True,,,ev-00664,福州市紧缺疫苗排队预约系统上线 HPV疫苗线上免费预约! 2023-12-20 17:08:41来源:福州新闻网 福州市紧缺疫苗排队预约系统上线!HPV疫苗线上免费预约! 福州新闻网版权与免责声明:1,mainstream_news,https://news.fznews.com.cn/fzxw/20231220/e347r3N0KQ.shtml,,,1,low_confidence,human_review_required,0.970,high,weak_support_label;low_confidence_cross_source;few_evidence;single_source_type,uncertain,,,,,,,annotator_B,independent_review,annotator_B
E044,LLM_CANON_E044_004,爱民区老科协铁北街道分会,提出加强市区共享单车管理的建议，认为共享单车为市民中短途出行提供便利，但投放数量增加后需要加强规范管理。,mixed,证据标题为“关于加强市区共享单车管理的建议”，同时提到共享单车成为绿色便捷新选择、企业入驻后投放数量与日俱增，体现既肯定便利性又主张加强管理。,SC_E044_004,爱民区老科协铁北街道分会,True,,,ev-01126,"关于加强市区共享单车管理的建议 爱民区老科协铁北街道分会 共享单车已成为市民中短途绿色便捷的新选择,随着各类品牌的共享电动自行车企业入驻牡丹江,城区共享单车的投放数量与日俱增,这些车辆在为市民的中短途",public_web,http://www.mlkx.net/show.asp?id=2976,,,1,low_confidence,human_review_required,0.970,high,weak_support_label;low_confidence_cross_source;few_evidence;single_source_type,uncertain,,,,,,,annotator_B,independent_review,annotator_B
E011,LLM_CANON_E011_007,律师,提出学生可以依法主张十倍赔偿。,neutral,证据称有律师发言表示学生可以十倍索赔。,SC_E011_006,有律师,True,,,ev-00246,"6月17日,广受社会关注的“鼠头鸭脖”事件的官方调查结果盖棺定论,据国内权威动物专家专业辨识,该异物为老鼠类啮齿动物头部。在此之后,网友发现此前涉事学校的调查声明已经不见。有律师发言:学生可以十倍索赔",social_media,https://www.163.com/dy/article/I7ESNDE2055616LO.html?spss=dy_author,,,1,low_confidence,human_review_required,0.830,high,low_confidence_cross_source;few_evidence;single_source_type;short_candidate_text,uncertain,,,,,,,annotator_B,independent_review,annotator_B
E039,LLM_CANON_E039_007,网友,通过行车记录仪和视频传播事故现场信息，有网友称发生二次爆炸并提醒围观群众迅速撤离。,negative,证据称燕郊网友的行车记录仪记录爆燃全过程，另有网友发视频称发生二次爆炸并提示围观群众撤离。,SC_E039_007,燕郊网友;发视频网友,True,,,ev-00976,"3月13日7时54分,一燕郊网友的行车记录仪记录下了爆燃事故的全程。三河市应急管理局通报,爆燃事故疑似燃气泄漏引发。有网友发视频称发生二次爆炸,请围观群众迅速撤离!",mainstream_news,https://www.sohu.com/a/763881410_698473,,,1,low_confidence,human_review_required,0.830,high,low_confidence_cross_source;few_evidence;single_source_type;short_candidate_text,uncertain,,,,,,,annotator_B,independent_review,annotator_B
E049,LLM_CANON_E049_006,顾大松,顾大松通过晒出账单截图，公开展示网约车订单中乘客支付金额与司机端显示金额不一致的“阴阳账单”现象。,negative,证据显示顾大松晒出的账单截图中，一位乘客的支付情况被用于说明网约车司机在热线和社交平台吐槽的“阴阳账单”现象。,SC_E049_006,东南大学交通法治与发展研究中心执行主任顾大松;中国城市公共交通协会网约车分会会长顾大松,True,,,ev-01225,"在上海12345市民服务热线和各大社交平台上,也有不少网约车司机吐槽此类“阴阳账单”现象。 东南大学交通法治与发展研究中心执行主任、中国城市公共交通协会网约车分会会长顾大松晒出的账单截图显示,一位乘客",public_interaction,https://toutiao.china.com/shsy/gundong4/13000238/20240115/46082495_1.html,,,1,low_confidence,human_review_required,0.830,high,low_confidence_cross_source;few_evidence;single_source_type;short_candidate_text,uncertain,,,,,,,annotator_B,independent_review,annotator_B
E001,LLM_CANON_E001_003,三元里村村民和居民,对拆迁补偿方案的支持度较低，相关材料称拆迁补偿方案支持比率为33.62%。,negative,证据明确给出拆迁补偿方案支持比率仅33.62%，表明居民对补偿方案的认可度不足。,SC_E001_002,村民;居民;老百姓;权属人;三元里城中村的居民,True,同一居民群体对补偿方案的低支持度不同于其对城中村改造总体方向的支持和期待，因此单独标注。,,ev-00023,"属于白云新城辐射带的三元里村,改造已是大势所趋。截至5月30日,三元里城中村的居民同意城中村改造比率超过了80%,拆迁补偿方案支持比率为33.62%。城中村改造,集体和居民最直接的得益是什么?改造后,",public_web,https://m.110ask.com/zhishi/4553253002018355922.html,,,1,low_confidence,human_review_required,0.670,high,low_confidence_cross_source;few_evidence;single_source_type,uncertain,,,,,,,annotator_B,independent_review,annotator_B
E004,LLM_CANON_E004_005,现场村民及未签约房屋相关方,担心拆迁作业未做好足够安全围蔽，可能危及相邻未签约房屋。,negative,证据描述拆迁现场有挖机就位，村民发现相邻未签约房屋并直言安全围蔽不足，担心危及未签房屋。,SC_E004_005,村民;未签约房屋相关村民;未签的房屋,True,,,ev-00084,"今天早上,事发广州黄埔区横沙村的旧改拆迁现场,可以看到挖机已就位,准备拆迁作业有村民发现,与被拆迁的房屋相邻的还有一间没有签约的房屋,但村民直言,房屋并没做足安全的围蔽处理,怕危及到未签的房屋,“连排",social_media,https://www.toutiao.com/article/7114580065253638687/,,,1,low_confidence,human_review_required,0.670,high,low_confidence_cross_source;few_evidence;single_source_type,uncertain,,,,,,,annotator_B,independent_review,annotator_B
E006,LLM_CANON_E006_001,美心翡翠明庭小区业主,质疑物业费涨价表决公示结果与实际调查差异过大，并追问是否存在造假。,negative,证据称围绕小区物业费涨价争论日益激烈，大家追问“公示的投票结果与实际调查为什么相差那么大”以及“是谁在作假”。,SC_E006_001,小区业主;业主;大家,True,,,ev-00116,"2025-04-17 21:13 两个星期过去,围绕着小区物业费涨价的争论在广州市番禺区大龙街道美心翡翠明庭小区还是日益激烈,大家都在追问:公示的投票结果与实际调查为什么相差那么大?是谁在作假?",mainstream_news,https://www.sohu.com/a/885914198_100116740,,,1,low_confidence,human_review_required,0.670,high,low_confidence_cross_source;few_evidence;single_source_type,uncertain,,,,,,,annotator_B,independent_review,annotator_B
E007,LLM_CANON_E007_002,广州市物业管理行业协会,广州市物业管理行业协会正在督促蓝色康园小区物业方尽快整改业主反映的问题。,neutral,新闻标题及摘要明确称市物管协会正在督促该小区物业方尽快整改。,SC_E007_002,市物管协会;广州市物管协会,True,,,ev-00139,"业主反映蓝色康园物业方存在多种问题,市物管协会正在督促该小区物业方尽快整改 原本每平方米一块多的物业费,如今涨到了两块多,又看不到新合同,业主们怀疑物业偷偷涨价。前段时间,广州市海珠区赤岗街道蓝色康园",mainstream_news,https://k.sina.com.cn/article_1652484947_627eeb5302001q30e.html?from=news&subch=onews,,,1,low_confidence,human_review_required,0.670,high,low_confidence_cross_source;few_evidence;single_source_type,uncertain,,,,,,,annotator_B,independent_review,annotator_B
E011,LLM_CANON_E011_003,南昌市市场监督管理部门,事件初期经反复检验后也给出异物为“鸭脖子”的结论。,negative,证据显示当地市场监督管理局在事件初期给出的检验结论也是鸭脖子，后与联合调查组最终认定不一致。,SC_E011_003,当地市场监督管理局;南昌市市场监督管理局;南昌市市场监督治理局,True,同一市场监督管理部门在事件不同阶段有不同回应：先作出“鸭脖子”检验结论，后又对涉事企业实施处罚。,,ev-00242,"江西工业职业技术学院icon,学生就餐惊现“鼠头”!!!食堂当即给出解释,是鸭脖子。随后,当地市场监督管理局给出反复检验的结论,也是鸭脖子。不过根据现场的照片,这鸭脖子也太挑战网友们的视觉神经了,长着",social_media,https://www.toutiao.com/article/7240978888246018600/,,,1,low_confidence,human_review_required,0.670,high,low_confidence_cross_source;few_evidence;single_source_type,uncertain,,,,,,,annotator_B,independent_review,annotator_B
E011,LLM_CANON_E011_006,江西工业职业技术学院学生,在食堂就餐时发现餐食中出现疑似鼠头的异物，引发食品安全事件。,negative,证据直接描述学生就餐时发现“鼠头”异物，构成事件触发点。,SC_E011_005,学生;就餐学生,True,,,ev-00242,"江西工业职业技术学院icon,学生就餐惊现“鼠头”!!!食堂当即给出解释,是鸭脖子。随后,当地市场监督管理局给出反复检验的结论,也是鸭脖子。不过根据现场的照片,这鸭脖子也太挑战网友们的视觉神经了,长着",social_media,https://www.toutiao.com/article/7240978888246018600/,,,1,low_confidence,human_review_required,0.670,high,low_confidence_cross_source;few_evidence;single_source_type,uncertain,,,,,,,annotator_B,independent_review,annotator_B
E012,LLM_CANON_E012_006,律师刘琳,刘琳律师认为学校应承担相应责任，涉事企业可能面临民事、行政、刑事等多重责任。,negative,报道直接引用刘琳律师对事件法律责任的解读，指出学校和涉事企业可能承担责任。,SC_E012_006,湖南通程律师事务所刘琳律师;刘琳律师,True,,,ev-01593,"导读:近日,云南昆明云子中学长丰学校食堂疑提供臭肉给学生食用。校长回应:“如果他犯罪了,有法律来管他。”湖南通程律师事务所刘琳律师解读:学校应承担相应责任,涉事企业可能面临民事、行政、刑事等多重责任。",mainstream_news,https://law.rednet.cn/content/646854/69/6421.html,,,1,low_confidence,human_review_required,0.670,high,low_confidence_cross_source;few_evidence;single_source_type,uncertain,,,,,,,annotator_B,independent_review,annotator_B
E012,LLM_CANON_E012_007,高新区市场监督管理分局,高新区市场监督管理分局认为长丰学校食品安全问题令人痛心、敲响警钟，强调校园食品安全监管一刻不能放松，并表示已高度重视、迅速采取措施。,negative,证据显示该分局以长丰学校事件为警示，强调加强校园食品安全监管并采取行动。,SC_E012_007,高新区市场监管分局;高新区市场监督管理分局,True,,,ev-01596,"昆明市官渡区长丰学校食品安全问题事件令人痛心,再次给我们敲响警钟,校园食品安全监管一刻也不能放松。针对云南官渡区长丰学校食品安全存在的问题,高新区市场监督管理分局高度重视,行动迅速,措施有力。 10月",official,https://amr.ahsz.gov.cn/xwdt/sjdt/195084991.html,,,1,low_confidence,human_review_required,0.670,high,low_confidence_cross_source;few_evidence;single_source_type,uncertain,,,,,,,annotator_B,independent_review,annotator_B
E013,LLM_CANON_E013_003,北京大学附属小学海口学校食堂,因被发现存在鼠迹等食品安全问题，学校食堂已停止供餐。,negative,证据称官方通报确认学校食堂存在鼠迹，并提到学校食堂停止供餐。,SC_E013_003,涉事学校食堂;学校食堂;北京大学附属小学海口学校食堂,True,,,ev-00285,"12月25日(发布),海南海口。海口通报一小学食堂老鼠乱窜,官方:确实存在鼠迹。已立案调查 学校食堂停止供餐。",mainstream_news,https://isee.weishi.qq.com/ws/app-pages/share/index.html?&id=76SSrEXpk1TqlYAKU&faker=1&resid=70001020,,,1,low_confidence,human_review_required,0.670,high,low_confidence_cross_source;few_evidence;single_source_type,uncertain,,,,,,,annotator_B,independent_review,annotator_B
E013,LLM_CANON_E013_004,网络公众,网传学校食堂监控视频称有老鼠活动，引发广泛关注。,negative,证据描述网传海口一小学食堂监控视频，称学校食堂发现老鼠活动并被监控拍下，引发广泛关注。,SC_E013_004,网民;网络公众;网传视频关注者,True,,,ev-00283,"近日,网传海南海口市一小学食堂监控视频,称学校食堂发现有老鼠活动,并被监控拍了下来,引发广泛关注。 视频截图 12月29日,海口市市场监督管理局针对此事进行通报—— 近日,接到学生家长反映 北京大学附",mainstream_news,https://finance.sina.com.cn/jjxw/2024-12-30/doc-ineceiip4211070.shtml,,,1,low_confidence,human_review_required,0.670,high,low_confidence_cross_source;few_evidence;single_source_type,uncertain,,,,,,,annotator_B,independent_review,annotator_B
E015,LLM_CANON_E015_003,当地警方,接受总台记者采访，介绍案件进展情况。,neutral,证据称3月18日当地警方接受总台记者采访，详细介绍案件进展。,SC_E015_003,邯郸当地警方;警方,True,,,ev-00327,"3月10日,河北邯郸肥乡区发生了一起震惊全国的惨案,一名初中生遭到残忍杀害。3月18日当地警方接受总台记者采访,详细介绍了案件的进展情况。",social_media,https://www.toutiao.com/article/7347875151993782820/,,,1,low_confidence,human_review_required,0.670,high,low_confidence_cross_source;few_evidence;single_source_type,uncertain,,,,,,,annotator_B,independent_review,annotator_B
E015,LLM_CANON_E015_005,全国网友,对自媒体博主的误导行为表示愤怒，并呼吁公正处理、制裁未成年嫌疑人。,negative,证据明确称案件引发全国网友关注，自媒体博主误导行为引起网友愤怒，网友呼吁公正处理并制裁未成年嫌疑人。,SC_E015_005,网友;公众;社会公众,True,,,ev-00346,"在河北邯郸市肥乡区,一起令人震惊的初中生被害案引发了全国网友的广泛关注。自媒体博主的误导行为引起了网友的愤怒,同时,他们呼吁公正处理并制裁未成年嫌疑人。",social_media,https://www.toutiao.com/article/7347732695205888527/,,,1,low_confidence,human_review_required,0.670,high,low_confidence_cross_source;few_evidence;single_source_type,uncertain,,,,,,,annotator_B,independent_review,annotator_B
E019,LLM_CANON_E019_004,美吉姆常营华联中心,美吉姆常营华联中心称因经营遇到问题，曾向上市公司美吉姆提出借钱周转救助需求，但多次沟通无果且被以无法扶持为由拒绝，导致其无力支付房租、员工工资和社保。,negative,证据明确记录常营华联中心对自身经营困境和向上市公司求助失败的说明。,SC_E019_004,常营华联中心店;美吉姆常营华联中心,True,,,ev-01676,"美吉姆常营华联中心称,鉴于现阶段公司经营中遇到的诸多问题,他们向上市公司美吉姆提出借钱周转进行救助的需求,但多次沟通无果,被上市公司以无法扶持为由拒绝。由于实在无以为继,无法支付房租和员工工资、社保,",mainstream_news,https://sd.china.com/shangye/20000940/20231231/25830498_1.html,,,1,low_confidence,human_review_required,0.670,high,low_confidence_cross_source;few_evidence;single_source_type,uncertain,,,,,,,annotator_B,independent_review,annotator_B
E020,LLM_CANON_E020_007,成都七中实验学校,发布关于学校食品问题的情况说明，对食堂食品问题作出公开说明。,neutral,证据称成都七中实验学校微信公号于3月13日发布关于学校食品问题的情况说明。,SC_E020_007,成都七中实验学校微信公号;学校,True,,,ev-00481,"据“成都七中实验学校”微信公号3月13日消息,澎湃新闻(www.thepaper.cn)记者了解到,成都七中实验学校发布关于学校食品问题的情况说明。",mainstream_news,https://www.thepaper.cn/newsDetail_forward_3129077,,,1,low_confidence,human_review_required,0.670,high,low_confidence_cross_source;few_evidence;single_source_type,uncertain,,,,,,,annotator_B,independent_review,annotator_B
E020,LLM_CANON_E020_008,媒体评论者,主张为保障学校食堂食品安全，可以引入家长巡查机制。,neutral,评论文章标题和正文显示，在成都七中实验学校食堂问题背景下，作者提出“保学校食堂食品安全，不妨引入家长巡查”。,SC_E020_008,中国宁波网评论作者;玫昆仑;舆论评论者,True,,,ev-00486,"您当前的位置 : 中国宁波网 > 甬上观潮 > 辣评原创 保学校食堂食品安全 不妨引入家长巡查 玫昆仑 3月12日,部分学生家长反映成都七中实验学校食堂有关问题。教育厅对此高度重视,立即派出工作组前",public_web,http://opinion.cnnb.com.cn/system/2019/03/15/030036062.shtml,,,1,low_confidence,human_review_required,0.670,high,low_confidence_cross_source;few_evidence;single_source_type,uncertain,,,,,,,annotator_B,independent_review,annotator_B
E023,LLM_CANON_E023_004,东莞市卫健局,东莞市卫健局工作人员表示，如接到相关投诉，具体业务科室会进行处理，并将在询问后答复记者；但截至发稿记者暂未接到回复。,neutral,证据记录了卫健局工作人员对投诉处理流程的回应及尚未回复记者的状态。,SC_E023_004,东莞市卫健局工作人员;卫健局工作人员,True,,,ev-00571,"东莞市卫健局工作人员表示,如接到相关投诉,具体业务科室会进行处理,将询问后答复记者。截至发稿前,记者暂未接到回复。",public_web,https://world.huanqiu.com/article/4KYX4eb168Z,,,1,low_confidence,human_review_required,0.670,high,low_confidence_cross_source;few_evidence;single_source_type,uncertain,,,,,,,annotator_B,independent_review,annotator_B
E023,LLM_CANON_E023_005,舆论评论者,舆论评论认为患者隐私保护是医疗领域不可逾越的红线，工程师未经允许闯入检查室的行为挑战了隐私保护底线并侵犯患者隐私。,negative,评论文章明确称医疗领域患者隐私保护是红线，并将工程师未经允许进入检查室描述为侵犯患者隐私。,SC_E023_005,头条文章作者;公众评论,True,,,ev-00552,"在医疗领域,患者隐私保护是一条不可逾越的红线。然而,近日在东莞市中医院发生的一起事件,却让这条红线受到了挑战。一位女性患者在进行心脏彩超检查时,遭遇了一名未经允许闯入检查室的工程师,这一行为不仅侵犯了",social_media,https://www.toutiao.com/article/7446339268961632818/,,,1,low_confidence,human_review_required,0.670,high,low_confidence_cross_source;few_evidence;single_source_type,uncertain,,,,,,,annotator_B,independent_review,annotator_B
E027,LLM_CANON_E027_004,媒体报道方,提醒公众在医院周边遇到“好心人”推荐某中医馆名医时要提高警惕，防范医托诈骗。,negative,澎湃新闻相关报道在介绍浦东警方捣毁医托诈骗团伙时，明确提示医院周边有人推荐中医馆名医时“一定要小心”。,SC_E027_004,澎湃新闻;相关媒体;新闻报道,True,,,ev-01821,"在医院周边,若有“好心人”推荐某中医馆名医,一定要小心!近日,上海浦东警方捣毁了“医托”诈骗团伙,40余人被抓,被害人近千名,涉案金额450余万元。 澎湃新闻记者 邹桥 编辑 何羽茜 视频来源 上海浦",mainstream_news,https://www.thepaper.cn/newsDetail_forward_26067366,,,1,low_confidence,human_review_required,0.670,high,low_confidence_cross_source;few_evidence;single_source_type,uncertain,,,,,,,annotator_B,independent_review,annotator_B
E028,LLM_CANON_E028_002,福州市HPV疫苗预约者,认为HPV疫苗预约不易、每次预约数量不多，希望有不用“拼手速”的预约或排队方式。,negative,证据提到HPV疫苗是关注事项，并表述“约苗不易”“每次预约数量也不多”“有没有不拼手速的呢”，体现预约者对现有预约难的 concern 与需求。,SC_E028_002,小姐妹们;HPV疫苗预约人群;福州HPV疫苗接种需求者,True,,,ev-00665,"要说到小姐妹们最关心的事是什么 那HPV疫苗肯定能上榜! 约苗不易 每次预约数量也不多 有没有不拼手速的呢? 这不, 今天雯子就为大家整理了 福州HPV疫 苗 登记 排队 指南 赶紧来看看吧! 台江上",mainstream_news,https://news.sohu.com/a/575243356_121123813,,,1,low_confidence,human_review_required,0.670,high,low_confidence_cross_source;few_evidence;single_source_type,uncertain,,,,,,,annotator_B,independent_review,annotator_B
E029,LLM_CANON_E029_001,广西医科大学第一附属医院,医院在事件发生后第一时间组织抢救并报警，配合公安机关开展调查。,neutral,官方页面称事件发生后医院第一时间组织抢救并报警，配合公安机关开展调查。,SC_E029_001,医院;我院;医院方面;广西医科大学第一附属医院方面,True,同一医院主体的应急处置行动，与另一个元组中的对外通报回应社会关切属于不同响应。,,ev-00696,"2024年4月19日15时许,我院门诊大楼发生一起男子坠楼事件。事件发生后,医院第一时间组织抢救并报警,配合公安机关开展调查。 广西医科大学第一附属医院",public_web,https://www.gxmuyfy.cn/notice/noticetzgg/27120.html,,,1,low_confidence,human_review_required,0.670,high,low_confidence_cross_source;few_evidence;single_source_type,uncertain,,,,,,,annotator_B,independent_review,annotator_B
E029,LLM_CANON_E029_006,公安机关,公安机关介入并开展事件调查，医院配合其调查工作。,neutral,医院通报称已报警并配合公安机关开展调查，说明公安机关参与调查。,SC_E029_005,警方,True,,,ev-00696,"2024年4月19日15时许,我院门诊大楼发生一起男子坠楼事件。事件发生后,医院第一时间组织抢救并报警,配合公安机关开展调查。 广西医科大学第一附属医院",public_web,https://www.gxmuyfy.cn/notice/noticetzgg/27120.html,,,1,low_confidence,human_review_required,0.670,high,low_confidence_cross_source;few_evidence;single_source_type,uncertain,,,,,,,annotator_B,independent_review,annotator_B
E031,LLM_CANON_E031_002,明尚西苑物业,物业被指对居民关于火灾隐患的连续投诉和预警存在忽视。,negative,证据明确称居民连续七次投诉，但这些预警在物业的忽视下逐渐消失。,SC_E031_002,物业,True,,,ev-00741,"四年前,明尚西苑的居民预见到了悲剧的可能性,他们发出了连续七次的投诉,但这些预警在物业的忽视下逐渐消失。火灾爆发: 2月23日凌晨,明尚西苑6栋突然爆发了一场大火,火势迅速蔓延",social_media,https://www.toutiao.com/article/7340100794777125427/,,,1,low_confidence,human_review_required,0.670,high,low_confidence_cross_source;few_evidence;single_source_type,uncertain,,,,,,,annotator_B,independent_review,annotator_B
E031,LLM_CANON_E031_005,南京市政府,火灾后，南京市展开全面消防安全排查，以回应电动自行车停放等安全隐患引发的关注。,positive,证据称该事故促使南京市展开全面的消防安全排查，起火原因疑似与架空层电动自行车停放有关。,SC_E031_004,南京市,True,同一政府主体另有新闻发布会通报和痛心表态；本条聚焦后续治理排查行动。,,ev-00749,"摘要: 【南京雨花台区失火小区深夜惊魂 电动车成隐患】南京雨花台区的明尚西苑小区在一场突发火灾中遭受重创。起火原因疑似为架空层停放的电动自行车。这起事故促使南京市展开全面的消防安全排查。同时,火灾发生",mainstream_news,https://nanjing.news.fang.com/open/49503379.html,,,1,low_confidence,human_review_required,0.670,high,low_confidence_cross_source;few_evidence;single_source_type,uncertain,,,,,,,annotator_B,independent_review,annotator_B
E031,LLM_CANON_E031_006,南京市住房保障和房产局相关维修资金管理部门,相关部门公示并审核通过明尚西苑小区消防系统修复应急维修资金申请，用于消防系统修复。,positive,证据显示明尚西苑小区消防系统修复应急维修项目申请拨付金额1094428.31元并审核通过。,SC_E031_005,南京市房产局;fcj.nanjing.gov.cn;维修资金使用项目公示主体,True,,,ev-00743,"明尚西苑维修资金使用项目公示 相关业主: 雨花台区明尚西苑,维修项目:明尚西苑小区消防系统修复应急维修,维修内容: 明尚西苑小区消防系统修复应急维修,申请拨付金额(元):1094428.31,审核通过",official,https://fcj.nanjing.gov.cn/ztzl/wygl/wywxzjsygs/202604/t20260417_5826203.html,,,1,low_confidence,human_review_required,0.670,high,low_confidence_cross_source;few_evidence;single_source_type,uncertain,,,,,,,annotator_B,independent_review,annotator_B
E031,LLM_CANON_E031_007,六安市城市管理局,六安市城市管理局要求各县区城管局深刻汲取南京明尚西苑火灾教训，防范和遏制重特大事故，保障群众生命财产安全。,positive,证据显示六安市城管局以南京明尚西苑火灾为警示，向各县区城管局部署防范重特大事故相关工作。,SC_E031_006,六安城管局;各县区城管局通知发布方,True,,,ev-00744,"各县区城管局: 2024年2月23日,南京雨花台区明尚西苑居民楼发生火灾,造成重大人员伤亡,再次为我们敲响了警钟。为深刻汲取有关事故教训,有效防范和坚决遏制重特大事故发生,保证人民群众生命财产安全。现",official,https://cgj.luan.gov.cn/public/6608421/10482031.html,,,1,low_confidence,human_review_required,0.670,high,low_confidence_cross_source;few_evidence;single_source_type,uncertain,,,,,,,annotator_B,independent_review,annotator_B
E032,LLM_CANON_E032_001,广东省委省政府及梅州市等地方救援部门,事故发生后高度重视并全力开展救援，成立事故救援现场指挥部，组织公安、应急、消防、卫健、交通等500多人参与处置。,neutral,证据明确称事发后广东省委省政府高度重视，省、市全力开展救援并成立现场指挥部，多部门投入500多人参与。,SC_E032_001,广东省委省政府;省、市;事故救援现场指挥部;公安、应急、消防、卫健、交通等部门,True,,,ev-00756,"5月1日2时10分,梅大高速大埔茶阳路段(往福建方向)发生路面塌陷事故。事发后,广东省委省政府高度重视,省、市全力开展救援工作,成立事故救援现场指挥部,公安、应急、消防、卫健、交通等投入500多人参与",public_web,https://y.meizhou.cn/p/179671.html,,,1,low_confidence,human_review_required,0.670,high,low_confidence_cross_source;few_evidence;single_source_type,uncertain,,,,,,,annotator_B,independent_review,annotator_B
E032,LLM_CANON_E032_004,广东省应急管理厅,对外公布《梅大高速茶阳路段“5·1”塌方灾害调查评估报告》。,neutral,证据称广东省应急管理厅日前公布该调查评估报告。,SC_E032_004,广东省应急管理厅,True,,,ev-01882,"摘要 : 新华社广州1月22日电 广东省应急管理厅日前公布《梅大高速茶阳路段“5·1”塌方灾害调查评估报告》,调查评估工作组查明灾害原因,认定为特别重大人员伤亡的塌方灾害。2024年5月1日凌晨1时5",public_web,http://www.cwyan.com/portal.php?aid=85404&mod=view,,,1,low_confidence,human_review_required,0.670,high,low_confidence_cross_source;few_evidence;single_source_type,uncertain,,,,,,,annotator_B,independent_review,annotator_B
E032,LLM_CANON_E032_007,广东梅大高速茶阳路段塌方救援新闻发布会相关负责人,在救援新闻发布会上介绍医学救援和医疗救助情况。,neutral,证据称5月2日广东梅大高速茶阳路段塌方救援新闻发布会上，相关负责人介绍医学救援和医疗救助情况。,SC_E032_007,相关负责人;新闻发布会相关负责人,True,,,ev-00759,"5月2日,广东梅大高速茶阳路段塌方救援新闻发布会上,相关负责人介绍医学救援和医疗救助情况。 记者:陆浩 王瑞平 编辑:刘思远",mainstream_news,https://k.sina.com.cn/article_1882481753_m70346459020013u8q.html,,,1,low_confidence,human_review_required,0.670,high,low_confidence_cross_source;few_evidence;single_source_type,uncertain,,,,,,,annotator_B,independent_review,annotator_B
E033,LLM_CANON_E033_002,江西省政府,就安全生产工作和新余“1·24”特别重大火灾事故问题整改作出部署要求。,neutral,证据提到“省政府关于安全生产工作和新余‘1·24’特别重大火灾事故问题整改等有关部署要求”。,SC_E033_002,省政府,True,,,ev-00800,"省政府关于安全生产工作和新余“1·24”特别重大火灾事故问题整改等有关部署要求,落实2024年11月13日下午召开的全省教育系统新余“1·24”特别重大火灾事故警示教育暨...",public_web,https://www.jxtcms.net/bwc/info/1003/1174.htm,,,1,low_confidence,human_review_required,0.670,high,low_confidence_cross_source;few_evidence;single_source_type,uncertain,,,,,,,annotator_B,independent_review,annotator_B
E033,LLM_CANON_E033_004,新余市消防救援支队,对存在火灾风险隐患的单位分批曝光，并持续开展消防安全除患攻坚行动，以舆论监督推动社会参与火灾防治。,neutral,证据明确称新余市消防救援支队对风险隐患单位开展分批曝光，并持续开展消防安全除患攻坚行动。,SC_E033_004,新余消防,True,,,ev-00805,"火灾隐患稍有不慎极易引发火灾,严重威胁人民群众生命财产安全。新余市消防救援支队对存在风险隐患的各类单位开展分批曝光,通过舆论监督,推动全社会共同参与火灾防治。 新余消防持续开展 消防安全除患攻坚行动",mainstream_news,https://www.sohu.com/a/755374648_121106994,,,1,low_confidence,human_review_required,0.670,high,low_confidence_cross_source;few_evidence;single_source_type,uncertain,,,,,,,annotator_B,independent_review,annotator_B
E033,LLM_CANON_E033_005,应急管理部等七部门评估组,对新余特大火灾后的整改和防范措施落实情况进行评估。,neutral,证据显示由应急部等七部门抽调专家组成评估组，对事故之后的整改防范措施落实情况进行了评估。,SC_E033_005,评估组;应急部等七部门抽调专家组成评估组,True,,,ev-00801,"江西新余佳乐苑临街店铺“1·24”特别重大火灾事故整改和防范措施落实情况评估报告.pdf 下载 由应急部等七部门抽调专家组成评估组,对新余特大火灾之后的整改防范措施落实情况进行了评估,中纪委、国家监委",public_web,https://www.fire114.cn/index/slibrary/detail/i/139582.html,,,1,low_confidence,human_review_required,0.670,high,low_confidence_cross_source;few_evidence;single_source_type,uncertain,,,,,,,annotator_B,independent_review,annotator_B
E036,LLM_CANON_E036_006,当地居民,反映滁河南京浦口段水质恶臭并出现大量死鱼死虾，认为污染可能与上游来水有关。,negative,证据明确称当地居民描述污染、恶臭和死鱼死虾，并提出可能与上游来水有关的判断。,SC_E036_006,居民;滁河南京浦口段当地居民,True,,,ev-00862,"5月23日,有媒体报道滁河南京浦口段突然被严重污染,水质恶臭,出现大量死鱼死虾。滁河发源于安徽,经南京流入长江。当地居民说污染可能与上游来水有关。 5月27日上午,安徽省滁州市生态环境局就媒体报道滁河",mainstream_news,https://www.sohu.com/a/781836063_115510,,,1,low_confidence,human_review_required,0.670,high,low_confidence_cross_source;few_evidence;single_source_type,uncertain,,,,,,,annotator_B,independent_review,annotator_B
E036,LLM_CANON_E036_009,中国环境报评论作者,认为滁河污染事件暴露多道防线层层失守，导致小事拖大、大事拖炸，并提出应反思属地党委政府等方面责任。,negative,评论文章直接使用“防线层层失守”“值得反思”等表述，并追问属地党委政府责任。,SC_E036_009,中国环境报笔者;环保媒体评论者,True,,,ev-00855,"滁河水污染缘何小事拖大、大事拖炸? 类别:流域治理 来源:中国环境报 然而,一道道防线竟然层层失守,最终导致滁河 水体污染 、鱼虾死亡。针对这一事件,笔者认为,至少有三方面值得反思。属地党委政府有没有",public_web,https://huanbao.bjx.com.cn/hot/hot_13114_p2.shtml,,,1,low_confidence,human_review_required,0.670,high,low_confidence_cross_source;few_evidence;single_source_type,uncertain,,,,,,,annotator_B,independent_review,annotator_B
E036,LLM_CANON_E036_010,安徽省贯彻落实第三轮中央生态环境保护督察报告整改方案,将全椒县处置滁河水污染事故评价为胡乱作为、性质恶劣、造成严重后果并引发负面舆情，认为教训极为深刻。,negative,2025年整改方案反馈编号24明确点名2024年5月全椒县处置滁河水污染事故存在“胡乱作为、性质恶劣”等问题。,SC_E036_010,中央生态环境保护督察报告整改方案;安徽省整改方案,True,,,ev-01931,"2025年6月,《安徽省贯彻落实第三轮中央生态环境保护督察报告整改方案》反馈编号24“2024年5月,滁州市全椒县在处置滁河水污染事故时胡乱作为、性质恶劣,造成严重后果,引发负面舆情,教训极为深刻”问",official,https://sthjj.chuzhou.gov.cn/hbzx/tzgg/1104455851.html,,,1,low_confidence,human_review_required,0.670,high,low_confidence_cross_source;few_evidence;single_source_type,uncertain,,,,,,,annotator_B,independent_review,annotator_B
E038,LLM_CANON_E038_002,宁夏党委及相关部门,事故发生后紧急成立联合救治组、处置组、调查组，全力开展医疗救治、善后处置等工作。,neutral,证据称按照宁夏党委安排部署，相关部门已紧急成立联合救治组、处置组、调查组并开展救治和善后工作。,SC_E038_002,宁夏党委;相关部门;联合救治组;处置组;调查组,True,,,ev-00943,"6月21日20时40分许,宁夏银川市兴庆区一烧烤店发生燃气爆炸。21时20分许,现场明火已扑灭。 按照宁夏党委安排部署,相关部门已紧急成立联合救治组、处置组、调查组,全力以赴做好医疗救治、善后处置等工",mainstream_news,http://cn.chinadaily.com.cn/a/202306/22/WS6493945fa310ba94c561302a.html,,,1,low_confidence,human_review_required,0.670,high,low_confidence_cross_source;few_evidence;single_source_type,uncertain,,,,,,,annotator_B,independent_review,annotator_B
E040,LLM_CANON_E040_002,应急管理部,事故发生后派出工作组赴现场指导事故救援和应急处置，并调派应急总医院呼吸重症医疗救援专家组支援。,neutral,证据明确称应急管理部已派工作组赴现场指导救援和应急处置，同时调派医疗专家组支援。,SC_E040_002,中华人民共和国应急管理部,True,,,ev-00993,"每经AI快讯,11月16日7时许,山西吕梁市永聚煤矿一办公楼发生火灾,造成重大人员伤亡。 应急管理部已派出工作组赴现场指导事故救援和应急处置工作,同时调派应急总医院呼吸重症医疗救援专家组前往支援。 目",public_web,https://www.nbd.com.cn/articles/2023-11-16/3117297.html,,,1,low_confidence,human_review_required,0.670,high,low_confidence_cross_source;few_evidence;single_source_type,uncertain,,,,,,,annotator_B,independent_review,annotator_B
E042,LLM_CANON_E042_001,广州市人大常委会,发布《广州市电动自行车管理规定》，计划自2024年12月30日起实施，针对电动自行车及约20万名外卖骑手的交通安全管理作出新规定。,neutral,证据显示广州市人大常委会发布《规定》，并说明实施时间及其主要针对外卖骑手交通安全问题。,SC_E042_001,广州市人大常委会;广州立法机关,True,,,ev-01030,"随着广州外卖骑手数量的激增,交通安全问题日益突出。近日,广州市人大常委会发布了《广州市电动自行车管理规定》(以下简称《规定》),计划于2024年12月30日起实施。这一新规主要针对广州市约20万名外卖",mainstream_news,https://www.sohu.com/a/833571929_122066678,,,1,low_confidence,human_review_required,0.670,high,low_confidence_cross_source;few_evidence;single_source_type,uncertain,,,,,,,annotator_B,independent_review,annotator_B
E042,LLM_CANON_E042_005,杨旭代表,提出《关于加强外卖配送电动自行车管理的建议》，主张加强外卖配送电动自行车管理。,neutral,官方办理答复中明确提到杨旭代表提出关于加强外卖配送电动自行车管理的建议。,SC_E042_005,杨旭代表;人大代表杨旭,True,,,ev-01041,"杨旭代表: 您提出的《关于加强外卖配送电动自行车管理的建议》(第20233035号)收悉。我局高度重视,组织市公安局、市商务局、市交通运输局等单位进行认真研究办理,并于7月11日会同相关单位与您座谈交",official,https://scjgj.gz.gov.cn/ztzl/rdjyzxtablqk/rdjy/content/post_9411653.html,,,1,low_confidence,human_review_required,0.670,high,low_confidence_cross_source;few_evidence;single_source_type,uncertain,,,,,,,annotator_B,independent_review,annotator_B
E044,LLM_CANON_E044_002,牡丹江市民,反映哈啰单车乱停放问题，认为其严重影响交通安全和市容市貌。,negative,证据明确提到“市民反映哈啰单车乱停放，严重影响交通安全和市容市貌问题”。,SC_E044_002,市民,True,,,ev-01118,"近日,针对市民反映哈啰单车乱停放,严重影响交通安全和市容市貌问题,市城市管理综合执法局约谈了哈啰单车牡丹江负责人,进一步规范共享单车停放秩序,提升城市市容环境。 据了解,按照全市创城工作要求,市城管局",mainstream_news,https://www.thepaper.cn/newsDetail_forward_22611409,,,1,low_confidence,human_review_required,0.670,high,low_confidence_cross_source;few_evidence;single_source_type,uncertain,,,,,,,annotator_B,independent_review,annotator_B
E045,LLM_CANON_E045_004,公众网友,曝光并关注东湖绿道内共享单车被成堆丢弃在路边坡上、沟里等乱停乱放现象。,negative,证据显示多名网友爆料称武汉东湖绿道内共享单车被成堆丢弃在路边坡上、沟里，反映公众对共享单车乱象的负面关注。,SC_E045_004,网友;多名网友;公众,True,,,ev-01146,"声明:本文由入驻搜狐公众平台的作者撰写,除搜狐官方账号外,观点仅代表作者本人,不代表搜狐立场。 举报 据多名网友爆料,今日在武汉东湖绿道内,共享单车被成堆丢弃在路边坡上、沟里... 有网友指出拍摄地正",mainstream_news,http://mt.sohu.com/20170217/n481036527.shtml,,,1,low_confidence,human_review_required,0.670,high,low_confidence_cross_source;few_evidence;single_source_type,uncertain,,,,,,,annotator_B,independent_review,annotator_B
E045,LLM_CANON_E045_005,新城美洁公司,参与东湖生态旅游风景区共享单车淤积协同治理，发现地质大学北门附近单车淤积后联系队员处理。,neutral,证据显示五一后东湖生态旅游风景区协同共治仍在进行，新城美洁公司环卫人员发现单车淤积并联系队员处理。,SC_E045_005,新城美洁公司;新城美洁公司环卫,True,,,ev-01144,"五一期间,武汉东湖生态旅游风景区成旅游热门目的地,人气指数登上全国第八。如今假期余温未退,协同共治步履不停。 “喂,地质大学北门附近单车有些淤积,麻烦联系队员过来处理一下。”14日,新城美洁公司环卫相",mainstream_news,http://hb.news.cn/2023-05/15/c_1129616850.htm,,,1,low_confidence,human_review_required,0.670,high,low_confidence_cross_source;few_evidence;single_source_type,uncertain,,,,,,,annotator_B,independent_review,annotator_B
E046,LLM_CANON_E046_001,工业和信息化部,对“信号检测仪”“地图指南针”等62款存在侵害用户权益行为的APP及SDK进行通报，并要求其按有关规定整改。,negative,证据明确称3月14日工信部通报62款存在侵害用户权益行为的APP及SDK，并要求按规定整改。,SC_E046_001,工信部;工业和信息化部,True,,,ev-01159,"3月14日,工信部对“信号检测仪”“地图指南针”等62款存在侵害用户权益行为的移动互联网应用程序(APP)及第三方软件开发工具包(SDK)进行通报,要求这62款APP及SDK按有关规定进行整改。 据介",mainstream_news,http://finance.eastmoney.com/a/202403143012368512.html,,,1,low_confidence,human_review_required,0.670,high,low_confidence_cross_source;few_evidence;single_source_type,uncertain,,,,,,,annotator_B,independent_review,annotator_B
E046,LLM_CANON_E046_002,被通报的62款APP及SDK,被认定存在侵害用户权益行为，并被要求按有关规定进行整改。,negative,证据显示这些APP及SDK因存在侵害用户权益行为被工信部通报并要求整改，但未提供其自身回应。,SC_E046_002,62款存在侵害用户权益行为的移动互联网应用程序(APP)及第三方软件开发工具包(SDK);“信号检测仪”“地图指南针”等62款APP及SDK,True,,,ev-01159,"3月14日,工信部对“信号检测仪”“地图指南针”等62款存在侵害用户权益行为的移动互联网应用程序(APP)及第三方软件开发工具包(SDK)进行通报,要求这62款APP及SDK按有关规定进行整改。 据介",mainstream_news,http://finance.eastmoney.com/a/202403143012368512.html,,,1,low_confidence,human_review_required,0.670,high,low_confidence_cross_source;few_evidence;single_source_type,uncertain,,,,,,,annotator_B,independent_review,annotator_B
E005,LLM_CANON_E005_001,虹凉馨苑小区居民,因物业提出上调物业费、且被报道为物业费可能连续三年上涨，居民与物业发生激烈争吵，表现出对涨价方案的不满和反对。,negative,证据称虹凉馨苑小区因物业要涨物业费引发居民与物业之间激烈争吵，另有标题表述“小区物业费要连涨三年?居民吵到拍台子”。,SC_E005_001,居民;小区居民;虹凉馨苑居民,True,,,ev-00096;ev-00097,"在12345市民热线系统中,关于物业服务的投诉总量排名前列,堪称基层治理的“硬骨头”。比如,虹凉馨苑小区就因为物业要涨物业费,引发了居民与物业之间的一场激烈争吵。“不需要你提醒,我说话不要插嘴。你说什 ||| 小区物业费要连涨三年?居民吵到拍台子 2025-06-26 20:24:40 看看新闻Knews记者 潘窈窈 在12345市民热线系统中,关于物业服务的投诉总量排名前列,堪称""基层治理的硬骨头"",比如",public_interaction ||| public_interaction,https://www.kankanews.com/detail/DgwMVGOYZ2W ||| https://www.kankanews.com/detail/RZ2n6xM072j,,,1,low_confidence,human_review_required,0.470,medium,low_confidence_cross_source;single_source_type,uncertain,,,,,,,annotator_B,independent_review,annotator_B
E005,LLM_CANON_E005_002,虹凉馨苑小区物业公司,提出上调物业费的方案，并被报道为物业费可能连续三年上涨，由此引发与居民之间的争议和争吵。,neutral,证据明确提到虹凉馨苑小区“物业要涨物业费”，并以“小区物业费要连涨三年?”概括争议焦点。,SC_E005_002,物业;小区物业;虹凉馨苑物业,True,,,ev-00096;ev-00097,"在12345市民热线系统中,关于物业服务的投诉总量排名前列,堪称基层治理的“硬骨头”。比如,虹凉馨苑小区就因为物业要涨物业费,引发了居民与物业之间的一场激烈争吵。“不需要你提醒,我说话不要插嘴。你说什 ||| 小区物业费要连涨三年?居民吵到拍台子 2025-06-26 20:24:40 看看新闻Knews记者 潘窈窈 在12345市民热线系统中,关于物业服务的投诉总量排名前列,堪称""基层治理的硬骨头"",比如",public_interaction ||| public_interaction,https://www.kankanews.com/detail/DgwMVGOYZ2W ||| https://www.kankanews.com/detail/RZ2n6xM072j,,,1,low_confidence,human_review_required,0.470,medium,low_confidence_cross_source;single_source_type,uncertain,,,,,,,annotator_B,independent_review,annotator_B
E032,LLM_CANON_E032_006,公众和社交媒体评论者,认为梅大高速塌方灾害令人痛心，给受影响家庭造成巨大悲痛，也对社区产生深远影响，并在事后持续关注调查评估报告和问责名单。,negative,社交媒体证据称该事件令人痛心、给受影响家庭造成巨大悲痛并影响社区；后续证据显示评估报告和问责名单受到关注。,SC_E032_006,头条文章作者;公众舆论;社交媒体评论者,True,,,ev-00757;ev-01874;ev-01875,"在2024年5月1日,位于广东梅州市的梅大高速茶阳路段,发生了一起严重的塌方灾害。这是一起令人痛心的事件,它不仅对受影响的家庭造成了巨大的悲痛,也对整个社区产生了深远的影响。 ||| 在2025年1月22日,一个名为“5·1”的重大塌方灾害评估报告已对外公开。发生在一年前的灾难事件在广东省的高速公路上留下浓重阴影。确切来说,这次事件的起点,被追溯到2024年5月1日的清晨,发生在梅 ||| 2025-01-26 01:11 · 风中雨 1月25日,央视新闻客户端公布了一则备受瞩目的问责名单,涉及2024年梅大高速5·1塌方事件。此次事件造成52人死亡,30人受伤,其恶劣影响广",social_media ||| social_media ||| social_media,https://www.toutiao.com/article/7367163824899670555/ ||| https://www.toutiao.com/article/7462703605758394919 ||| https://www.toutiao.com/article/7463894327647912448/,,,1,low_confidence,human_review_required,0.470,medium,low_confidence_cross_source;single_source_type,uncertain,,,,,,,annotator_B,independent_review,annotator_B
E033,LLM_CANON_E033_006,公众和社交媒体评论者,对火灾造成的生命损失和创伤表达痛心、震惊和沉重感受。,negative,社交媒体文本称火灾“吞噬了无辜的生命”“令人扼腕叹息”，并称调查报告公布的消息“令人痛心”。,SC_E033_006,无数人;每一个人;公众,True,,,ev-00771;ev-00792,"在江西省新余市佳乐苑临街店铺那场震惊人心的“1·24”特别重大火灾事故中,熊熊烈火不仅吞噬了无辜的生命,更在无数人心中留下了难以磨灭的伤痕。那是一段令人扼腕叹息的日子,每一个细节都沉重得让人难以呼吸。 ||| 今天,一则令人痛心的消息传来,江西新余佳乐苑小区发生特别重大火灾事故,调查报告正式公布。这场火灾犹如一记重锤,狠狠地砸在了每一个人的心坎上。火灾,这个可怕的恶魔,总是在不经意间降临,给人们带来无法承受",social_media ||| social_media,https://www.toutiao.com/article/7426212937557115411/ ||| https://www.toutiao.com/article/7417051027507118630/,,,1,low_confidence,human_review_required,0.470,medium,low_confidence_cross_source;single_source_type,uncertain,,,,,,,annotator_B,independent_review,annotator_B
E040,LLM_CANON_E040_006,公众和社会各界,事故引发社会广泛关注，并触动公众对煤矿安全生产体系漏洞、安全责任和煤矿安全生产的担忧。,negative,公开社交平台内容称事故引起公众和政府部门高度关注，并指出其揭示民营矿业公司安全生产体系可能存在漏洞、触动公众对煤矿安全生产的关注。,SC_E040_006,公众;社会各界,True,,,ev-01004;ev-01007;ev-01335,"山西省吕梁市离石区永聚煤业有限公司火灾事件:一则关于安全责任与社会警示的报道[新闻稿,日期]在山西省吕梁市离石区,一起严重的火灾事件在永聚煤业有限公司发生,引起了公众和政府部门的高度关注。作为一个客观 ||| 当地时间2023年11月16日清晨,一则紧急报告震动了山西省吕梁市的平静——位于当地的永聚煤业有限公司联建楼发生严重火灾事故。火灾揭示了民营矿业公司安全生产体系可能存在的漏洞,也触动了公众对煤矿安全生 ||| 据新华社消息,4月23号山西吕梁永聚煤业“11.16”重大火灾事故调查报告,向社会公布。 事情回顾 前段时间的山西吕梁永聚煤业“11.16”重大火灾事故,引起社会各界的广泛关注。这起事故造成了多人伤亡",social_media ||| social_media ||| social_media,https://www.toutiao.com/article/7303487463547355684/ ||| https://www.toutiao.com/article/7301985993132507657/ ||| https://www.toutiao.com/article/7361072533518696999/,,,1,low_confidence,human_review_required,0.470,medium,low_confidence_cross_source;single_source_type,uncertain,,,,,,,annotator_B,independent_review,annotator_B
E040,LLM_CANON_E040_007,重庆市农业农村委员会,在事故调查报告公布后转发报告，要求举一反三、共同学习。,neutral,重庆市农业农村委网站相关页面称近期事故调查报告已公布，为举一反三，现转发大家共同学习。,SC_E040_007,重庆市农业农村委;nyncw.cq.gov.cn,True,,,ev-01005;ev-01008,"近期山西吕梁永聚煤业办公楼“11·16”重大火灾事故调查报告已公布,为举一反三,现转发大家共同学习。 https://mp.weixin.qq.com/s/fJhwQsFpqDxBctOva9Um8w ||| 近期山西吕梁永聚煤业办公楼“11·16”重大火灾事故调查报告已公布,为举一反三,现转发大家共同学习。https://mp.weixin.qq.com/s/fJhwQsFpqDxBctOva9Um8w",official ||| official,http://nyncw.cq.gov.cn/ztzl_161/hyzt/nyaqsc/gzdt/202405/t20240520_13218440_wap.html ||| https://nyncw.cq.gov.cn/ztzl_161/hyzt/nyaqsc/gzdt/202405/t20240520_13218440.html,,,1,low_confidence,human_review_required,0.470,medium,low_confidence_cross_source;single_source_type,uncertain,,,,,,,annotator_B,independent_review,annotator_B
E003,LLM_CANON_E003_002,深圳新华城房地产有限公司,被指未按期支付金钻豪园拆迁户2022年的过渡安置费，且项目曾出现停工情况。,negative,证据称金钻豪园开发商尚未支付2022年过渡安置费，并提到项目去年已经停工一段时间；开发商具体名称来自事件锚定实体，证据文本仅称“开发商”。,SC_E003_002,金钻豪园开发商;开发商,True,,,ev-00056;ev-00060,"金钻豪园开发商拆迁户的22年的过渡安置费,开发商还未支付; 去年项目已经停工一段时间,见首轮哥公众号文章: 罗湖金钻豪园安居房,现在进度如何了? 对金钻豪园安居房不了解的可以看之前首轮哥公众号的文章: ||| 最近热心粉丝爆料: 金钻豪园开发商拆迁户的22年的过渡安置费,开发商还未支付; 去年项目已经停工一段时间,见首轮哥公众号文章: 罗湖金钻豪园安居房,现在进度如何了? 对金钻豪园安居房不了解的可以看之前",mainstream_news ||| mainstream_news,https://news.sohu.com/a/654223283_121314735 ||| https://m.sohu.com/a/654223283_121314735/?pvid=000115_3w_a,,,2,silver_candidate,standard_review,0.420,medium,weak_support_label;single_source_type,uncertain,,,,,,,annotator_B,independent_review,annotator_B
E003,LLM_CANON_E003_003,罗湖区相关政府部门,正在协调解决城市更新项目过渡安置费拖欠问题，并尝试引入国企盘活项目，但进展缓慢。,mixed,证据提到官方正在逐步协调解决过渡安置费拖欠问题、试图引入国企盘活项目，但进展缓慢；具体到金钻豪园和翠竹街道的对应关系主要由事件信息支持。,SC_E003_003,官方;罗湖区翠竹街道;区级部门,True,,,ev-00059;ev-00061;ev-00062,"深圳的城市更新项目推进遇阻,不少居民面临过渡安置费拖欠问题。资金紧缺、市场低迷成主要原因,开发商放慢了更新步伐,多项目停工。官方正在逐步协调解决,试图引入国企盘活项目,但进展缓慢。 楼市低迷,城市更新 ||| 深圳的城市更新项目推进遇阻,不少居民面临过渡安置费拖欠问题。资金紧缺、市场低迷成主要原因, 开发商 放慢了更新步伐,多项目停工。官方正在逐步协调解决,试图引入国企盘活项目,但进展缓慢。 楼市低迷,城市 ||| 深圳的城市更新项目推进遇阻,不少居民面临过渡安置费拖欠问题。资金紧缺、市场低迷成主要原因, 开发商 放慢了更新步伐,多项目停工。官方正在逐步协调解决,试图引入国企盘活项目,但进展缓慢。 楼市低迷,城市",mainstream_news ||| mainstream_news ||| mainstream_news,https://sz.news.fang.com/open/51083915.html ||| https://m.fang.com/news/bj/03_51083915.html ||| https://m.fang.com/news/sz/03_51083915.html,,,2,silver_candidate,standard_review,0.420,medium,weak_support_label;single_source_type,uncertain,,,,,,,annotator_B,independent_review,annotator_B
E009,LLM_CANON_E009_002,绿地新都会小区商品房业主,被公租房住户指称圈占同小区至少上百个停车位。,negative,证据仅以公租房住户反映的形式呈现商品房业主圈占车位的行为，未提供商品房业主自身回应。,SC_E009_002,商品房业主;同小区的商品房业主,True,,,ev-00205;ev-01536;ev-01538,"据此前报道,近日,深圳市光明区绿地新都会小区的公租房住户反映,该小区至少上百个车位被同小区的商品房业主圈占,导致公租房住户停车困难。 官方资料显示,绿地新都会小区是光明区2022年第一批次公共租赁住房 ||| 央广网北京4月28日消息(记者张胜坡)近日,深圳某公租房小区的住户向央广网反映,他们所住小区内,至少上百个车位被同小区的商品房业主圈占,导致公租房住户停车困难。 该小区是深圳市光明区光明街道光明大街的 ||| 近日,深圳某公租房小区的住户向央广网反映,他们所住小区内, 至少上百个车位被同小区的商品房业主圈占,导致公租房住户停车困难。 该小区是深圳市光明区光明街道光明大街的“绿地新都会”。官方资料显示,“绿地",public_web ||| public_web ||| public_web,https://news.cnr.cn/dj/20240429/t20240429_526687945.shtml ||| https://news.cnr.cn/dj/20240428/t20240428_526685236.shtml ||| https://web.shobserver.com/wx/detail.do?id=743731,,,2,silver_candidate,standard_review,0.420,medium,weak_support_label;single_source_type,uncertain,,,,,,,annotator_B,independent_review,annotator_B
E010,LLM_CANON_E010_001,百家坊未来社区项目,百家坊未来社区项目被报道为位于智慧新城百家坊片区的全拆重建类安置小区项目，已纳入浙江省第三批未来社区试点名单，并于2022年3月开工建设。,neutral,证据仅说明百家坊未来社区项目的区位、安置小区属性、试点身份和开工时间，未直接支持延期交付、选房交房延期或补偿承诺等事件核心内容。,SC_E010_001,百家坊未来社区;百家坊未来社区安置小区;百家坊未来社区项目,True,,,ev-01562;ev-01563,"看 百家坊未来社区最新进展来了~ 百家坊未来社区项目位于智慧新城百家坊片区,为全拆重建类安置小区项目,被纳入浙江省第三批未来社区试点名单,于2022年3月开工建设,目前项目进展情况如何?一起看看去。 ||| 百家坊未来社区项目位于智慧新城百家坊片区,为全拆重建类安置小区项目,被纳入浙江省第三批未来社区试点名单,于2022年3月开工建设,目前项目进展情况如何?一起看看去 看 百家坊未来社区最新进展来了~ 百",forum ||| forum,https://m.fccs.com/qz/news/t/9127810.html ||| https://qz.fccs.com/news/9127810.html,,,2,silver_candidate,standard_review,0.420,medium,weak_support_label;single_source_type,uncertain,,,,,,,annotator_B,independent_review,annotator_B
E028,LLM_CANON_E028_003,福州市HPV疫苗接种点,各接种点采用不同预约方式，部分接种点开放线上排队，并提示登记成功不等于预约成功，只是进入等候队列，需等待接种通知。,neutral,证据显示福州不同区、不同卫生院或妇幼保健院预约方式不同，应看具体接种点通知；另有部分接种点开放线上排队并说明登记仅加入等待队列。,SC_E028_003,不同区卫生院;妇幼保健院;福州市部分HPV疫苗接种点;台江区上海街道社区卫生服务中心,True,,,ev-00662;ev-00663,"【导语】:福州不同区、不同卫生院/妇幼保健院的预约方式都是不一样的,具体预约流程得看具体接种点的通知。 福州不同区、不同卫生院/妇幼保健院的预约方式都是不一样的,具体预约流程得看具体接种点的通知。 》 ||| 【导语】:福州市部分hpv疫苗接种点开放线上排队,登记成功不代表预约成功,只是将您的信息加入排队等候队列,需要等待接种通知。 台江区上海街道社区卫生服务中心: 疫苗类型:九价hpv疫苗 本预约通道仅为",public_web ||| forum,http://fz.bendibao.com/news/20221011/65234.shtm ||| http://fz.bendibao.com/news/202283/63840.shtm,,,1,low_confidence,human_review_required,0.350,medium,low_confidence_cross_source,uncertain,,,,,,,annotator_B,independent_review,annotator_B
E017,LLM_CANON_E017_003,社会公众,该教师课堂不当言论事件引发社会广泛关注，并带来对教师职业操守、教育内容与师生关系的反思。,mixed,部分证据提到事件引发社会广泛关注；另有评论性材料称事件促使社会反思教师职业操守、教育内容与师生关系，但公众具体立场未充分展开。,SC_E017_003,社会各界;网友;网络公众,True,,,ev-00410;ev-00423;ev-00424;ev-00425,"近日,一名高中教师因在课堂上发表不当言论而被官方通报,引发了社会各界的广泛关注。这一事件不仅引起了对教师职业操守的反思,也让我们再次审视教育内容与师生关系的重要性。 事情的起因是,该教师在某次班会上表 ||| 近日,浙江绍兴市第一中学发生了一起教师不当言论事件,引起了社会广泛关注。据通报,该校一名通用技术教师在课堂上发表了与教师形象不符的言论,经调查确认后,学校党委决定立即停止该教师的教学工作,并调离教学岗 ||| 海报新闻首席记者 陈洋洋 报道 近日,绍兴市一名中学教师因在课堂上发表不当言论引发关注。事发后,绍兴市第一中学调查后发布情况通报,对其进行处分,停止教学工作,调离教学岗位,给予警告处分。 5月27日, ||| 近日,绍兴市一名中学教师因在课堂上发表不当言论引发关注。事发后,绍兴市第一中学调查后发布情况通报,对其进行处分,停止教学工作,调离教学岗位,给予警告处分。 5月27日,绍兴市第一中学发布情况通报。",mainstream_news ||| social_media ||| mainstream_news ||| mainstream_news,https://www.sohu.com/a/821237791_121956425 ||| https://www.toutiao.com/article/7373666358124413476/ ||| https://new.qq.com/rain/a/20240528A02M9P00 ||| https://m.thepaper.cn/newsDetail_forward_27534592,,,4,silver_candidate,standard_review,0.300,medium,weak_support_label,uncertain,,,,,,,annotator_B,independent_review,annotator_B
E021,LLM_CANON_E021_006,社会公众和社会各界,对无锡虹桥医院涉嫌骗保事件表现出广泛关注，并对医疗诚信和医保基金安全产生担忧。,negative,证据多次称事件引发社会广泛关注；另有评论称事件触动公众对医疗诚信的敏感神经，并引发社会各界关注。,SC_E021_006,社会;公众;社会各界,True,,,ev-00499;ev-01722;ev-01724,"江苏省无锡虹桥医院近期因涉嫌欺诈骗保行为被曝光,引发社会广泛关注。国家医保局在9月23日派遣检查组进入该医院,配合当地公安机关展开调查,初步揭露了违规使用医保基金总计2228.4万元的情况,其中通过虚 ||| 近日,一则关于无锡虹桥医院涉嫌欺诈骗保的新闻引起了社会广泛关注。国家医保局对此迅速响应,派出飞行检查组对该院进行专项核查,并指导江苏省医保局对无锡市下辖所有区县的定点医药机构进行全面排查。举报者朱医生 ||| 无锡虹桥医院作为一所二级甲等综合医院,本应是市民健康的重要保障和信赖的医疗机构。然而,近期曝出的一则关于医院涉嫌伪造病历以骗取医疗保险的消息,不仅触动了公众对于医疗诚信的敏感神经,也引发了社会各界对于",mainstream_news ||| mainstream_news ||| social_media,https://news.china.com/socialgd/10000169/20241008/47334378.html ||| https://www.sohu.com/a/810952583_121956424 ||| https://www.toutiao.com/article/7416992241832444468/,,,3,silver_candidate,standard_review,0.300,medium,weak_support_label,uncertain,,,,,,,annotator_B,independent_review,annotator_B
E032,LLM_CANON_E032_005,广东省有关问责部门,围绕涉灾路段工程建设和运营养护问题通报追责问责情况，并公布相关问责名单。,neutral,证据提到广东梅大高速公路“5·1”塌方灾害涉灾路段工程建设和运营养护问题追责问责情况通报，以及央视新闻客户端公布问责名单。,SC_E032_005,广东2024年梅大高速公路“5·1”塌方灾害追责问责情况通报;央视新闻客户端公布的问责名单,True,,,ev-01871;ev-01875,"广东2024年梅大高速公路“5·1”塌方灾害追责问责情况通报(涉灾路段工程建设和运营养护问题) 广东梅大高速公路“5·1”塌方灾害涉灾路段工程建设和运营养护问题追责问责情况通报: (转自 ||| 2025-01-26 01:11 · 风中雨 1月25日,央视新闻客户端公布了一则备受瞩目的问责名单,涉及2024年梅大高速5·1塌方事件。此次事件造成52人死亡,30人受伤,其恶劣影响广",mainstream_news ||| social_media,https://finance.sina.com.cn/roll/2025-01-26/doc-inehfiev2930816.shtml ||| https://www.toutiao.com/article/7463894327647912448/,,,2,silver_candidate,standard_review,0.300,medium,weak_support_label,uncertain,,,,,,,annotator_B,independent_review,annotator_B
E038,LLM_CANON_E038_006,现场群众和目击者,称事故现场疑似先由烧烤店一楼煤气罐爆炸，随后波及或引爆二楼天然气管道，但该说法部分证据注明尚未得到官方证实。,neutral,多条现场报道引用群众或目击者说法描述爆炸顺序；其中一条证据提示该说法尚未获官方证实。,SC_E038_006,现场群众;现场目击者;目击者,True,,,ev-00916;ev-00917;ev-00938;ev-00939,"中新网银川6月22日电 (记者 李佩珊)6月21日20时40分许,宁夏银川市兴庆区一烧烤店发生燃气爆炸。21时20分许,现场明火已经扑灭。 据现场目击者介绍,烧烤店一楼的煤气罐先发生爆炸,又把二楼的天 ||| 央广网银川6月21日消息(记者 许波 牛巧刚 高振兴)今天晚上8:30左右,宁夏银川兴庆区一烧烤店发生爆炸,有人员受伤,已经紧急送医救治,目前现场明火已经扑灭。据现场群众介绍,烧烤店一楼的煤气罐先发生 ||| 据央视新闻,今天(6月21日)晚上8:30左右,宁夏银川兴庆区一烧烤店发生爆炸,有人员受伤,已经紧急送医救治,目前现场明火已经扑灭。 据现场群众介绍,烧烤店一楼的煤气罐先发生爆炸,又把二楼的天然气管道 ||| 023年6月22日,宁夏银川一家烧烤店发生了一起严重的爆炸事故,导致大量人员伤亡。据现场群众表示,爆炸系一楼煤气罐爆炸引发,随后引爆了二楼的天然气管道,但这一说法尚未得到官方证实。 事发时正值用餐高峰",public_web ||| social_media ||| mainstream_news ||| mainstream_news,https://www.chinanews.com.cn/sh/2023/06-22/10029590.shtml ||| https://www.163.com/dy/article/I7PQOFB20514R9NP.html ||| https://news.sina.com.cn/s/2023-06-21/doc-imyyanec7510341.shtml ||| https://www.sohu.com/a/689229814_121737825,,,4,silver_candidate,standard_review,0.300,medium,weak_support_label,uncertain,,,,,,,annotator_B,independent_review,annotator_B
E039,LLM_CANON_E039_006,燕郊地铁施工项目施工方,在地铁燕郊站至神威大街站区间盾构施工过程中造成地埋天然气管道破损泄漏，被调查报告认定为事故发生链条中的关键施工环节。,negative,证据明确称盾构施工过程中造成或导致地埋天然气管道破损泄漏，但未给出具体施工单位名称，因此以项目施工方作为概括性 stakeholder。,SC_E039_006,燕郊地铁施工项目;地铁燕郊站至神威大街站区间盾构施工;盾构施工方,True,,,ev-00948;ev-00949;ev-01992,"河北省应急管理厅调查评估和统计处近日发布燕郊地铁施工项目“3·13”较大燃气爆燃事故调查报告。2024年3月13日3时15分许,地铁燕郊站至神威大街站区间盾构施工过程中,造成地埋天然气管道破损泄漏,天 ||| 河北省应急管理厅调查评估和统计处近日发布了关于燕郊地铁施工项目“3·13”较大燃气爆燃事故的调查报告。2024年3月13日3时15分许,在地铁燕郊站至神威大街站区间盾构施工过程中,地埋天然气管道被损坏 ||| 1、燕郊地铁施工项目“313”较大燃气爆燃事故调查报告讲解了2024年3月13日发生在河北廊坊燕郊地铁施工区域的一起重大燃气爆燃事故的全过程与责任认定。该事故发生在地铁燕郊站至神威大街站区间盾构施工期",social_media ||| mainstream_news ||| public_web,https://www.163.com/dy/article/KE1L0NLO0511DJHA.html ||| https://news.china.com/socialgd/10000169/20251110/48979051.html ||| https://m.aqrzj.com/doc/408460.html,,,3,silver_candidate,standard_review,0.300,medium,weak_support_label,uncertain,,,,,,,annotator_B,independent_review,annotator_B
E017,LLM_CANON_E017_002,徐某,徐某被指并经学校调查确认在课堂上发表与教师形象不符的不当言论，违反《新时代中小学教师职业行为十项准则》相关要求。,negative,证据反复表述网传徐某课堂言论与教师形象不符，学校调查后确认其存在不当言论并违反职业行为准则。,SC_E017_002,通用技术教师徐某;该教师;绍兴市第一中学一名通用技术教师;课上发表不当言论的教师,True,,,ev-00403;ev-00404;ev-00405;ev-00407;ev-00408;ev-00409;ev-00411;ev-00412;ev-00423;ev-00424;ev-00425,"5月27日,绍兴市第一中学发布情况通报: 5月26日,网传该校一名通用技术教师徐某在课堂上发表与教师形象不符的言论。经调查,该教师存在在课堂上发表不当言论的现象,违反了《新时代中小学教师职业行为十项准 ||| 5月27日,绍兴市第一中学发布情况通报: 5月26日,网传该校一名通用技术教师徐某在课堂上发表与教师形象不符的言论。经调查,该教师存在在课堂上发表不当言论的现象,违反了《新时代中小学教师职业行为十项准 ||| 5月27日,浙江绍兴市第一中学通报,5月26日,网传该校一名通用技术教师徐某在课堂上发表与教师形象不符的言论。经调查,该教师存在在课堂上发表不当言论的现象,违反了《新时代中小学教师职业行为十项准则》之 ||| 5月27日,浙江绍兴市第一中学通报:5月26日,网传该校一名通用技术教师徐某在课堂上发表与教师形象不符的言论。经调查, 该教师存在在课堂上发表不当言论的现象, 违反了 《新时代中小学教师职业行为十项准 ||| 绍兴市第一中学于5月27日公布了一则情况通报。通报指出,前一天网络上传出该校一名通用技术教师徐某在授课过程中发表了与其教师身份不相称的言论。经过校方调查,确认该教师确实在课堂上有不当言论的行为,这违反 ||| 5月27日,绍兴市第一中学发布情况通报:5月26日,网传我校一名通用技术教师徐某在课堂上发表与教师形象不符的言论。经调查,该教师存在在课堂上发表不当言论的现象,违反了《新时代中小学教师职业行为十项准则 ||| 来源 | 微泰州微信公众号(wtz0523)编校 | 刘婉儿 审核 | 陈宁 马响响5月27日浙江绍兴市第一中学通报5月26日,有消息称该校一名通用技术教师徐某在课堂上发表与教师形象不符的言论。经调查 ||| 5月27日,浙江绍兴市第一中学通报:5月26日,网传该校一名通用技术教师徐某在课堂上发表与教师形象不符的言论。经调查,该教师存在在课堂上发表不当言论的现象,违反了《新时代中小学教师职业行为十项准则》之 ||| 近日,浙江绍兴市第一中学发生了一起教师不当言论事件,引起了社会广泛关注。据通报,该校一名通用技术教师在课堂上发表了与教师形象不符的言论,经调查确认后,学校党委决定立即停止该教师的教学工作,并调离教学岗 ||| 海报新闻首席记者 陈洋洋 报道 近日,绍兴市一名中学教师因在课堂上发表不当言论引发关注。事发后,绍兴市第一中学调查后发布情况通报,对其进行处分,停止教学工作,调离教学岗位,给予警告处分。 5月27日, ||| 近日,绍兴市一名中学教师因在课堂上发表不当言论引发关注。事发后,绍兴市第一中学调查后发布情况通报,对其进行处分,停止教学工作,调离教学岗位,给予警告处分。 5月27日,绍兴市第一中学发布情况通报。",public_web ||| mainstream_news ||| mainstream_news ||| mainstream_news ||| mainstream_news ||| mainstream_news ||| social_media ||| social_media ||| social_media ||| mainstream_news ||| mainstream_news,https://news.bjd.com.cn/2024/05/27/10786174.shtml ||| https://finance.sina.com.cn/jjxw/2024-05-27/doc-inawsinm3772277.shtml ||| https://finance.sina.com.cn/jjxw/2024-05-27/doc-inawsins2436071.shtml ||| https://m.sohu.com/a/781913749_121434698/?pvid=000115_3w_a ||| https://news.china.com/socialgd/10000169/20240527/46600089.html ||| https://edu.sina.com.cn/zxx/2024-05-28/doc-inawustw1861399.shtml ||| https://www.163.com/dy/article/J39UU06S05453LIT.html ||| https://www.163.com/dy/article/J37P9S3J0514DTS9.html ||| https://www.toutiao.com/article/7373666358124413476/ ||| https://new.qq.com/rain/a/20240528A02M9P00 ||| https://m.thepaper.cn/newsDetail_forward_27534592,,,9,silver_candidate,standard_review,0.160,low,short_candidate_text,uncertain,,,,,,,annotator_B,independent_review,annotator_B
E021,LLM_CANON_E021_004,朱成刚,在无锡虹桥医院工作期间发现医院疑似蓄意伪造影像检查结果骗取医保资金，并进行了长达半年的实名举报。,negative,证据明确称放射影像科医生朱成刚长期实名举报，称其发现医院蓄意伪造影像检查结果骗取国家医保资金。,SC_E021_004,朱医生;举报者朱医生;无锡虹桥医院放射影像科医生朱成刚;医生实名举报者,True,,,ev-01720;ev-01721;ev-01722,"每经记者:程雅 许立波 每经编辑:董兴生无锡虹桥医院放射影像科医生朱成刚长达半年的实名举报,终于有了结果。据央视新闻最新消息,目前,无锡市医保局 ||| 朱医生在该院工作期间,发现医院蓄意伪造影像检查结果骗取国家医保资金。根据初步调查结果,该院涉嫌违法违规使用医保基金2228万元,其中以勾结中介或以免费体检为名,拉拢诱导参保人员虚假住院,通过伪造医学文 ||| 近日,一则关于无锡虹桥医院涉嫌欺诈骗保的新闻引起了社会广泛关注。国家医保局对此迅速响应,派出飞行检查组对该院进行专项核查,并指导江苏省医保局对无锡市下辖所有区县的定点医药机构进行全面排查。举报者朱医生",social_media ||| social_media ||| mainstream_news,https://www.toutiao.com/article/7417842122302226984/ ||| https://www.163.com/dy/article/JE6V6JOK0514B50R.html ||| https://www.sohu.com/a/810952583_121956424,,,3,silver_candidate,standard_review,0.160,low,short_candidate_text,uncertain,,,,,,,annotator_B,independent_review,annotator_B
E025,LLM_CANON_E025_003,孙某新,被举报或被指私下传播患者麻醉时裸照、隐私照片、视频及多份手术信息，涉嫌泄露患者隐私。,negative,多条证据均以“被举报”“被指”“涉嫌”等表述描述孙某新传播患者隐私照片和手术信息，支持该争议中的被指控行为。,SC_E025_003,孙某新医生;孙某;孙贵新医生;上海市东方医院创伤外科主任;主任医师孙某新,True,,,ev-00603;ev-00604;ev-00606;ev-00607;ev-00608;ev-00609;ev-00610;ev-00611;ev-01777;ev-01785;ev-01786;ev-01788,"描述:近日,有网友爆料称上海东方医院某医师私下传播病人私密照及手术信息,引发社会广泛关注。然而,院方迅速回应,坚决否认此事,并承诺将彻查此事,维护患者权益。 随着互联网的飞速发展,信息传播速度之快令人 ||| 7月13日,上海东方医院一名医生被人举报存在泄露患者隐私信息的情况,甚 至还拍摄了患者的隐私照片泄露出去。当天晚上,上海市东方医院发布了最新通 报,并表示:立即暂停孙某医疗工作,配合医院和相关部门调查 ||| 近日,一起涉及患者隐私泄露的严重事件在上海市东方医院引发广泛关注。据实名举报者余女士称,上海市东方医院创伤外科主任、主任医师孙某新私下传播了多位女性患者在麻醉状态下的裸照及180份手术信息,这些影像资 ||| 此外还规定,医疗机构及其医务人员应当对患者的隐私和个人信息保密。泄露患者的隐私和个人信息,或者未经患者同意公开其病例资料的,应当承担侵权责任。在该事件中,孙某新私自拍摄患者隐私部位,并将照片和患者个人 ||| 近日,一起涉及上海市东方医院创伤外科主任、主任医师孙某新的举报事件引发了广泛关注。据网友实名举报,孙某新被指私下传播病人麻醉时的裸照及多达180份病人的手术信息,这一行为严重侵犯了患者的隐私权,也挑战 ||| 近日,一网友实名举报称,上海市东方医院创伤外科主任、主任医师孙某新私下传播病人麻醉时裸照及180份病人手术信息,引发关注。据新京报7月4日报道,目前,院方已暂停孙某新医生医疗工作,并配合相关部门调查。 ||| 李长需女性患者就医时最怕什么?7月3日,一网友实名举报称,上海市东方医院创伤外科主任、主任医师孙某新私下传播病人麻醉时裸照及180份病人手术信息,引发关注。当日晚上,新京报记者从上海市东方医院获悉,院 ||| 重塑信任:医患关系的隐私红线 在现代社会,医院不仅是治疗疾病的场所,更是人们对生命与健康寄托的地方。然而,最近上海东方医院孙贵新医生涉嫌泄露患者隐私的事件,引发了广泛关注和深思。医患关系作为社会最为敏 ||| 7月3日,记者联系到举报人余女士,她称,其本人曾是孙某新的患者。余女士提供的相关信息显示,2022年11月至12月,孙某新曾向其发送过一位女性患者被麻醉后接受治疗的照片和视频,2023年6月,孙某新又 ||| 近日,有媒体报道称:上海市东方医院创伤外科主任、主任医师孙某新私下传播病人信息,引发关注。 上海市东方医院今天傍晚回应称,医院采取如下措施: 1.立即暂停孙某新医生医疗工作,配合医院和相关部门调查; ||| 医生泄露患者隐私?医院:暂停工作 近日,关于上海市东方医院创伤外科主任、主任医师孙某涉嫌私下泄露病人信息的事件,引起了公众的广泛关注。对此,东方医院在最近的傍晚时间作出了官方回应,采取了一系列应对措施 ||| 7月3日,上海市东方医院(同济大学附属东方医院)创伤专科主任医师孙某被举报传播多名病人手术信息及隐私图片。 当天晚上,上海市东方医院发布通报称,立即暂停孙某医疗工作,配合医院和相关部门调查。 7月19",social_media ||| social_media ||| public_web ||| social_media ||| mainstream_news ||| mainstream_news ||| social_media ||| social_media ||| mainstream_news ||| public_web ||| mainstream_news ||| mainstream_news,https://www.toutiao.com/article/7387492841917923891 ||| https://www.163.com/dy/article/J7HUEA5K05568O4K.html ||| https://www.bangqike.com/read/1328433.html ||| https://www.163.com/dy/article/J697OT9K0550B6IS.html ||| https://www.sohu.com/a/792265437_121124540 ||| https://review.qianlong.com/2024/0705/8297065.shtml ||| https://www.toutiao.com/article/7387717283294085672/ ||| https://m.toutiao.com/article/7387833372795486759/ ||| https://police.news.sohu.com/a/790695310_121860344 ||| https://news.xinmin.cn/2024/07/04/32685709.html ||| https://news.china.com/socialgd/10000169/20240704/46795199.html ||| https://finance.sina.com.cn/roll/2024-07-20/doc-incetuqk1481226.shtml,,,10,silver_candidate,standard_review,0.160,low,short_candidate_text,uncertain,,,,,,,annotator_B,independent_review,annotator_B
E036,LLM_CANON_E036_007,媒体,报道滁河水质污染和鱼虾死亡现象，推动事件进入调查处置流程。,neutral,官方通报称5月23日有媒体报道滁河水质污染和鱼虾死亡，随后市、县组织现场调查处置。,SC_E036_007,新闻媒体;媒体报道方,True,,,ev-00857;ev-00859,"5月23日,有媒体报道滁河水质出现污染,有鱼虾死亡现象。市、县高度重视,立即组织专业力量前往现场调查处置。 现场发现,滁河全椒县境内荒草圩至襄河口闸段、南京市浦口区段水面有死鱼漂浮,部分河段水体发黑。 ||| 中新网 5月27日电 据“美好滁州”微信公众号消息,安徽滁州市生态环境局5月27日发布关于滁河水质异常情况的通报。通报指出,5月23日,有媒体报道滁河水质出现污染,有鱼虾死亡现象。市、县高度重视,立即",official ||| social_media,https://www.chuzhou.gov.cn/zxzx/gsgg/1112166239.html ||| https://slj.xinyang.gov.cn/news/1_news.php?jm1iq4.html/,,,2,silver_candidate,standard_review,0.160,low,short_candidate_text,uncertain,,,,,,,annotator_B,independent_review,annotator_B
E050,LLM_CANON_E050_003,乘客,关注打车费用上涨、司机端与乘客端价格比例差异过大，以及平台从乘客和司机身上获取高额利益的问题。,negative,证据显示乘客表示打车越来越贵，并提到司机端和乘客端价格比例相差过大、平台从司机和乘客身上攫取高额利益。,SC_E050_003,网约车乘客;用户;打车乘客,True,,,ev-01237;ev-02131;ev-02135,"近期,有声音显示,滴滴抽成超过30%,质疑其抽成过高;此外,司机端和乘客端价格比例相差过大。对于这些质疑声,滴滴公开表示称,确实存在一部分司机收入占比较低的订单,如顺路单;其中,抽成高于30%的订单占 ||| IT之家5月7日消息 近期,新华社揭露网约车平台高额抽成,网约车市场有个怪现象:乘客表示打车越来越贵,司机却感叹挣钱越来越难... 快报 滴滴官方回应抽成高不透明:少数现象,会改进 中新经纬客户端5月 ||| 近日,新华社发文揭露网约车平台利用其相对垄断地位,以提高服务费率等手段,从司机和乘客身上攫取高额利益,一些网约车平台抽成超过20%,定价计算方式也不透明。",public_web ||| public_web ||| social_media,https://www.chinaz.com/2021/0508/1247343.shtml ||| https://www.ashea.com.cn/zhuanlan/t-di-di_80.html ||| https://www.toutiao.com/article/6960212939739496974/,,,3,silver_candidate,standard_review,0.160,low,short_candidate_text,uncertain,,,,,,,annotator_B,independent_review,annotator_B
E050,LLM_CANON_E050_005,公众,质疑滴滴抽成过高、抽成规则不透明，要求平台提升公开透明度。,negative,证据明确称公众对滴滴“抽成过高”“抽成规则不透明”等问题提出质疑，滴滴也表示虚心接受公众批评并将持续推进公开透明。,SC_E050_005,公众;社会舆论;网友;质疑声,True,,,ev-01237;ev-02138,"近期,有声音显示,滴滴抽成超过30%,质疑其抽成过高;此外,司机端和乘客端价格比例相差过大。对于这些质疑声,滴滴公开表示称,确实存在一部分司机收入占比较低的订单,如顺路单;其中,抽成高于30%的订单占 ||| 日前,滴滴在其官微发布声明,回应近期公众对于其“抽成过高”、“抽成规则不透明”等问题的质疑。滴滴表示,虚心接受公众批评,将持续推进公开透明。 滴滴声明称, 滴滴网约车司机收入占乘客应付总额的79.1%",public_web ||| mainstream_news,https://www.chinaz.com/2021/0508/1247343.shtml ||| https://finance.sina.com.cn/chanjing/gsnews/2021-05-08/doc-ikmyaawc4048999.shtml,,,2,silver_candidate,standard_review,0.160,low,short_candidate_text,uncertain,,,,,,,annotator_B,independent_review,annotator_B
E003,LLM_CANON_E003_001,金钻豪园旧改项目原业主,反映金钻豪园旧改项目2022年的过渡安置费长期未获开发商支付。,negative,证据明确提到“金钻豪园开发商拆迁户的22年的过渡安置费，开发商还未支付”，与原业主集中反映拖欠过渡安置费一致。,SC_E003_001,金钻豪园拆迁户;原业主;拆迁户,True,,,ev-00056;ev-00060,"金钻豪园开发商拆迁户的22年的过渡安置费,开发商还未支付; 去年项目已经停工一段时间,见首轮哥公众号文章: 罗湖金钻豪园安居房,现在进度如何了? 对金钻豪园安居房不了解的可以看之前首轮哥公众号的文章: ||| 最近热心粉丝爆料: 金钻豪园开发商拆迁户的22年的过渡安置费,开发商还未支付; 去年项目已经停工一段时间,见首轮哥公众号文章: 罗湖金钻豪园安居房,现在进度如何了? 对金钻豪园安居房不了解的可以看之前",mainstream_news ||| mainstream_news,https://news.sohu.com/a/654223283_121314735 ||| https://m.sohu.com/a/654223283_121314735/?pvid=000115_3w_a,,,2,silver_candidate,standard_review,0.120,low,single_source_type,uncertain,,,,,,,annotator_B,independent_review,annotator_B
E004,LLM_CANON_E004_002,黄埔区人民政府,曾发布横沙旧村改造项目剩余地块改造通告，载明改造范围内房屋权属人同意《横沙“城中村”拆迁安置补偿方案》。,neutral,官方通告文本显示发布主体为广州市黄埔区人民政府，并涉及横沙旧村改造项目剩余地块及拆迁安置补偿方案。,SC_E004_002,黄埔区政府;广州市黄埔区人民政府,True,,,ev-00080;ev-00086;ev-00087,广州市黄埔区人民政府关于 横沙旧村改造项目 剩余地块(除一、二期以外的地块) 改造的通告 横沙旧村改造项目剩余地块(除一、二期以外的地块)改造范围内房屋权属人同意《横沙“城中村”拆迁安置补偿 方案》 ||| 穗埔府规〔2020〕18号 广州市黄埔区人民政府关于横沙旧村改造项目剩余地块(除一、二期以外的地块)改造的通告 横沙旧村改造项目剩余地块(除一、二期以外的地块)改造范围内房屋权属人同意《横沙“城中村” ||| 穗埔府规〔2020〕18号 广州市黄埔区人民政府关于横沙旧村改造项目剩余地块(除一、二期以外的地块)改造的通告 横沙旧村改造项目剩余地块(除一、二期以外的地块)改造范围内房屋权属人同意《横沙“城中村”,official ||| official ||| official,http://www.hp.gov.cn/gzjg/qzfgwhgzbm/qzfbgs/content/post_6835249.html ||| http://www.gz.gov.cn/gfxwj/qjgfxwj/hpq/qf/content/post_6817133.html ||| https://gz.gov.cn/gfxwj/qjgfxwj/hpq/qf/content/post_6817133.html,,,2,silver_candidate,standard_review,0.120,low,single_source_type,uncertain,,,,,,,annotator_B,independent_review,annotator_B
E004,LLM_CANON_E004_003,横沙旧村改造范围内房屋权属人,同意《横沙“城中村”拆迁安置补偿方案》。,positive,黄埔区政府通告明确表述改造范围内房屋权属人同意相关拆迁安置补偿方案。,SC_E004_003,改造范围内房屋权属人;房屋权属人,True,,,ev-00080;ev-00086;ev-00087,广州市黄埔区人民政府关于 横沙旧村改造项目 剩余地块(除一、二期以外的地块) 改造的通告 横沙旧村改造项目剩余地块(除一、二期以外的地块)改造范围内房屋权属人同意《横沙“城中村”拆迁安置补偿 方案》 ||| 穗埔府规〔2020〕18号 广州市黄埔区人民政府关于横沙旧村改造项目剩余地块(除一、二期以外的地块)改造的通告 横沙旧村改造项目剩余地块(除一、二期以外的地块)改造范围内房屋权属人同意《横沙“城中村” ||| 穗埔府规〔2020〕18号 广州市黄埔区人民政府关于横沙旧村改造项目剩余地块(除一、二期以外的地块)改造的通告 横沙旧村改造项目剩余地块(除一、二期以外的地块)改造范围内房屋权属人同意《横沙“城中村”,official ||| official ||| official,http://www.hp.gov.cn/gzjg/qzfgwhgzbm/qzfbgs/content/post_6835249.html ||| http://www.gz.gov.cn/gfxwj/qjgfxwj/hpq/qf/content/post_6817133.html ||| https://gz.gov.cn/gfxwj/qjgfxwj/hpq/qf/content/post_6817133.html,,,2,silver_candidate,standard_review,0.120,low,single_source_type,uncertain,,,,,,,annotator_B,independent_review,annotator_B
E007,LLM_CANON_E007_001,蓝色康园小区业主,业主反映并质疑小区物业存在多项管理问题，包括物业费从每平方米一块多涨到两块多且未见新合同、疑似占用公共空间作宿舍、在公共区域堆放杂物，以及相关水电费未公示并可能被计入公摊向全体业主收费。,negative,证据显示业主向媒体反映物业费上涨且看不到新合同，并质疑物业占用公共空间作宿舍、公共区域堆物及水电费未公示和公摊问题。,SC_E007_001,业主;业主们;广州海珠区蓝色康园小区的业主,True,,,ev-00137;ev-00139,"近日,广州海珠区蓝色康园小区的业主向新快报记者反映,小区物业疑似占用公共空间做宿舍,并在公共区域堆放杂物等,且当中产生的水电费并没有公示,业主们怀疑这些费用被均算,作为公摊费用向所有业主进行收费。记者 ||| 业主反映蓝色康园物业方存在多种问题,市物管协会正在督促该小区物业方尽快整改 原本每平方米一块多的物业费,如今涨到了两块多,又看不到新合同,业主们怀疑物业偷偷涨价。前段时间,广州市海珠区赤岗街道蓝色康园",mainstream_news ||| mainstream_news,http://api.app.anhuinews.com/content/8545252.html ||| https://k.sina.com.cn/article_1652484947_627eeb5302001q30e.html?from=news&subch=onews,,,2,silver_candidate,standard_review,0.120,low,single_source_type,uncertain,,,,,,,annotator_B,independent_review,annotator_B
E009,LLM_CANON_E009_001,绿地新都会小区公租房住户,反映同小区至少上百个停车位被商品房业主圈占，导致公租房住户停车困难。,negative,多条报道均称绿地新都会小区公租房住户向媒体反映车位被商品房业主圈占并造成停车困难。,SC_E009_001,公租房住户;深圳某公租房小区的住户;他们所住小区内的公租房住户,True,,,ev-00205;ev-01536;ev-01538,"据此前报道,近日,深圳市光明区绿地新都会小区的公租房住户反映,该小区至少上百个车位被同小区的商品房业主圈占,导致公租房住户停车困难。 官方资料显示,绿地新都会小区是光明区2022年第一批次公共租赁住房 ||| 央广网北京4月28日消息(记者张胜坡)近日,深圳某公租房小区的住户向央广网反映,他们所住小区内,至少上百个车位被同小区的商品房业主圈占,导致公租房住户停车困难。 该小区是深圳市光明区光明街道光明大街的 ||| 近日,深圳某公租房小区的住户向央广网反映,他们所住小区内, 至少上百个车位被同小区的商品房业主圈占,导致公租房住户停车困难。 该小区是深圳市光明区光明街道光明大街的“绿地新都会”。官方资料显示,“绿地",public_web ||| public_web ||| public_web,https://news.cnr.cn/dj/20240429/t20240429_526687945.shtml ||| https://news.cnr.cn/dj/20240428/t20240428_526685236.shtml ||| https://web.shobserver.com/wx/detail.do?id=743731,,,2,silver_candidate,standard_review,0.120,low,single_source_type,uncertain,,,,,,,annotator_B,independent_review,annotator_B
E011,LLM_CANON_E011_002,江西工业职业技术学院及涉事食堂,事件初期将学生餐食中发现的异物解释或声明为“鸭脖子”。,negative,证据提到食堂当即解释异物是鸭脖子，且后续调查结果与这一说法相反；另有证据称涉事学校此前调查声明已不见。,SC_E011_002,江西工业职业技术学院;江西工业职业学院;江西职院;涉事学校;食堂,True,,,ev-00242;ev-00246,"江西工业职业技术学院icon,学生就餐惊现“鼠头”!!!食堂当即给出解释,是鸭脖子。随后,当地市场监督管理局给出反复检验的结论,也是鸭脖子。不过根据现场的照片,这鸭脖子也太挑战网友们的视觉神经了,长着 ||| 6月17日,广受社会关注的“鼠头鸭脖”事件的官方调查结果盖棺定论,据国内权威动物专家专业辨识,该异物为老鼠类啮齿动物头部。在此之后,网友发现此前涉事学校的调查声明已经不见。有律师发言:学生可以十倍索赔",social_media ||| social_media,https://www.toutiao.com/article/7240978888246018600/ ||| https://www.163.com/dy/article/I7ESNDE2055616LO.html?spss=dy_author,,,2,silver_candidate,standard_review,0.120,low,single_source_type,uncertain,,,,,,,annotator_B,independent_review,annotator_B
E012,LLM_CANON_E012_004,长丰学校,长丰学校方面回应称事件正在调查处理；校长曾回应称如涉事人员犯罪则由法律处理。,neutral,证据中学校工作人员对媒体表示事件正在调查处理，另有报道提到校长关于法律追责的回应。,SC_E012_004,涉事学校;昆明官渡区长丰学校;云子中学长丰学校;长丰中学,True,,,ev-01593;ev-01602,"导读:近日,云南昆明云子中学长丰学校食堂疑提供臭肉给学生食用。校长回应:“如果他犯罪了,有法律来管他。”湖南通程律师事务所刘琳律师解读:学校应承担相应责任,涉事企业可能面临民事、行政、刑事等多重责任。 ||| 10月16日,有家长发视频曝光称,昆明官渡区一学校食堂生肉有臭味,质疑食材不新鲜。 家长称食堂生肉有臭味 (来源:视频截图) 16日下午,涉事学校工作人员对极目新闻记者表示,此事正在调查处理,是否为“",mainstream_news ||| mainstream_news,https://law.rednet.cn/content/646854/69/6421.html ||| https://news.ifeng.com/c/8djfStyLGZl,,,2,silver_candidate,standard_review,0.120,low,single_source_type,uncertain,,,,,,,annotator_B,independent_review,annotator_B
E020,LLM_CANON_E020_004,国家市场监督管理总局,高度关注成都七中实验学校食堂食品原料问题，要求四川省市场监管部门按地方部署配合教育等部门迅速调查，依法严肃查处食品安全违法违规行为，并举一反三。,neutral,证据明确称市场监管总局高度关注该校食堂食品原料问题，并已要求四川省市场监管部门配合教育等部门迅速调查、依法查处违法违规行为。,SC_E020_004,市场监管总局,True,,,ev-01694;ev-01695,"市场监管总局高度关注四川省成都市七中实验学校食堂食品原料存在的问题,已经要求四川省市场监管部门按照地方党委、政府的部署,加强与教育等部门的配合,迅速开展调查,依法严肃查处食品安全违法违规行为,举一反三 ||| 据市场监管总局网站3月13日消息,澎湃新闻(www.thepaper.cn)记者了解到,市场监管总局高度关注四川省成都市七中实验学校食堂食品原料存在的问题,已经要求四川省市场监管部门按照地方党委、政府",mainstream_news ||| mainstream_news,https://www.kankanews.com/detail/M8Q8og0oqyL ||| https://www.thepaper.cn/newsDetail_forward_3129164,,,2,silver_candidate,standard_review,0.120,low,single_source_type,uncertain,,,,,,,annotator_B,independent_review,annotator_B
E031,LLM_CANON_E031_008,相关高校保卫部门,相关高校保卫部门以明尚西苑火灾为警示，要求师生员工和住户汲取教训、消除安全隐患。,positive,证据中高校安全通知均提到南京明尚西苑火灾造成重大伤亡，并要求从事故中汲取教训、消除安全隐患。,SC_E031_007,江苏农牧科技职业学院保卫处;高校保卫处;学校安全管理部门,True,,,ev-00748;ev-01866;ev-01867,"全校师生员工: 近期,南京雨花台区明尚西苑居民楼发生火灾事故,造成重大人员伤亡。经初步分析,火灾为建筑地面架空层停放电动自行车处起火引发,具体原因正在进一步调查。 为从事故中汲取教训,消除安全隐患,现 ||| 全校师生员工: 近期,南京雨花台区明尚西苑居民楼发生火灾事故,造成重大人员伤亡。经初步分析,火灾为建筑地面架空层停放电动自行车处起火引发,具体原因正在进一步调查。 为从事故中汲取教训,消除安全隐患,现 ||| 全校各单位、家属区各住户: 2024 年 2 月 23 日凌晨,南京市雨花台区明尚西苑小区发生火灾,经初步分析,火灾原因为 6 栋建筑地面架空层电动自行车停放处起火引起,火势通过楼道、管道井向上迅速蔓",public_web ||| public_web ||| public_web,http://www.jsahvc.edu.cn/bwc/2024/0225/c1668a148355/page.htm ||| http://www.jsahvc.edu.cn/bwc/2024/0225/c1679a148355/page.htm ||| https://bwc.hist.edu.cn/info/2085/6347.htm,,,2,silver_candidate,standard_review,0.120,low,single_source_type,uncertain,,,,,,,annotator_B,independent_review,annotator_B
E035,LLM_CANON_E035_001,仁和街道及良渚街道部分受影响居民和网友,反映自来水出现发臭或明显异味，并有人怀疑污水进入自来水管网，表达对供水安全的担忧。,negative,证据显示7月16日有市民反映自来水气味发臭并怀疑污水进入管网，社交平台也有不少网友反映良渚街道自来水有臭味且问题持续近15小时。,SC_E035_001,杭州市余杭区市民;仁和街道及良渚街道部分区域居民;不少网友;良渚街道网友,True,,,ev-00835;ev-01930,"7月16日,杭州余杭区有市民反映自来水气味发臭,怀疑有污水进入自来水管网。7月17日,杭州余杭水务控股集团有限公司工作人员称,自来水有异味系水源出现异常,非污水进入管网,除有异味外自来水指标正常,16 ||| 近日,在社交平台不少网友反映杭州良渚街道自来水有臭味据澎湃新闻,记者从采访中了解到,7月16日上午9时起,杭州市余杭区仁和街道及良渚街道部分区域自来水出现明显异味。问题持续近15小时,直至当晚12点左",mainstream_news ||| mainstream_news,https://www.bjnews.com.cn/detail/1752735643129184.html ||| https://news.qq.com/rain/a/20250718A0B5I500,,,2,silver_candidate,standard_review,0.120,low,single_source_type,uncertain,,,,,,,annotator_B,independent_review,annotator_B
E035,LLM_CANON_E035_002,杭州余杭水务控股集团有限公司,回应称自来水异味系水源异常所致，并非污水进入管网；除异味外自来水指标正常，且已切换水源、仁和水厂主管网恢复正常。,neutral,水务公司工作人员明确否认污水进入管网并称指标正常；后续通报称已切换水源、仁和水厂主管网恢复正常。,SC_E035_002,余杭水务控股集团有限公司;杭州余杭水务控股集团有限公司工作人员;该公司,True,,,ev-00835;ev-01928,"7月16日,杭州余杭区有市民反映自来水气味发臭,怀疑有污水进入自来水管网。7月17日,杭州余杭水务控股集团有限公司工作人员称,自来水有异味系水源出现异常,非污水进入管网,除有异味外自来水指标正常,16 ||| 7月16日上午,杭州市余杭区仁和街道及良渚街道部分区域出现自来水气味异常。 继7月16日晚,余杭水务控股集团有限公司回应后,7月17日该公司再次发布情况通报称,7月16日切换水源,仁和水厂主管网恢复正",mainstream_news ||| mainstream_news,https://www.bjnews.com.cn/detail/1752735643129184.html ||| https://k.sina.com.cn/article_1617264814_606580ae02002bhow.html?from=news&subch=onews,,,2,silver_candidate,standard_review,0.120,low,single_source_type,uncertain,,,,,,,annotator_B,independent_review,annotator_B
E036,LLM_CANON_E036_001,滁州市生态环境局,就滁河水质污染、鱼虾死亡情况发布通报，说明现场调查发现死鱼漂浮和部分河段发黑，并称经监测溯源后公安机关已对相关涉案人员立案调查。,neutral,多条新闻和官方转述均称滁州市生态环境局于5月27日发布通报，披露污染现场情况、监测溯源和立案调查信息。,SC_E036_001,安徽省滁州市生态环境局;滁州市环保部门,True,,,ev-00856;ev-00858;ev-00860;ev-00861,"5月27日,安徽滁州市生态环境局通报“滁河水质出现污染”事件,公安机关已对相关涉案人员进行立案调查。经调查,滁河全椒县荒草圩至襄河口闸段、南京浦口段有死鱼漂浮,部分河段水体发黑。经监测溯源,位于全椒经 ||| 5月27日上午,安徽省滁州市生态环境局就媒体报道滁河水质出现污染、有鱼虾死亡现象发布情况通报。 据现场调查发现,滁河全椒县境内荒草圩至襄河口闸段、南京市浦口区段水面有死鱼漂浮,部分河段水体发黑。经监测 ||| 安徽滁河水质异常情况通报: 污染源确定,对涉案人员立案调查 5月27日上午,安徽省滁州市生态环境局就媒体报道滁河水质出现污染、有鱼虾死亡现象发布情况通报。 据现场调查发现,滁河全椒县境内荒草圩至襄河口 ||| 5月27日上午,安徽省滁州市生态环境局就媒体报道滁河水质出现污染、有鱼虾死亡现象发布情况通报。 据现场调查发现,滁河全椒县境内荒草圩至襄河口闸段、南京市浦口区段水面有死鱼漂浮,部分河段水体发黑。经监测",mainstream_news ||| mainstream_news ||| mainstream_news ||| mainstream_news,https://www.bjnews.com.cn/detail/1716779459129399.html ||| https://finance.sina.com.cn/wm/2024-05-27/doc-inawsinm3774351.shtml ||| https://kan.china.com/article/2635402_3.html ||| https://finance.sina.com.cn/jjxw/2024-05-27/doc-inawrsqt3935832.shtml,,,3,silver_candidate,standard_review,0.120,low,single_source_type,uncertain,,,,,,,annotator_B,independent_review,annotator_B
E036,LLM_CANON_E036_003,安徽滁河水体污染联合调查组,发布处置进展通报，认定污染源与全椒经开区滁州富信石油助剂有限公司原料仓库火灾造成部分污染物质外泄有关。,neutral,5月29日通报称污染源于滁州富信石油助剂有限公司原料仓库火灾，部分污染物外泄影响滁河水质。,SC_E036_003,联合调查组;安徽滁河水体污染处置进展通报发布方,True,,,ev-01933;ev-01935,"内容提要: 据“美好滁州”微信公众号消息,安徽滁河水体污染联合调查组29日发布《关于滁河水体污染处置进展情况的通报》称,近日,由于安徽省滁州市全椒经开区的滁州富信石油助剂有限公司原料仓库发生火灾,部分 ||| 2024年5月29日,安徽省滁州市针对近期滁河水体污染事件发布了处置进展通报。此次污染源于全椒经开区内的滁州富信石油助剂有限公司原料仓库的一场火灾。火灾导致部分污染物质外泄,进而影响了滁河水质,造成了",social_media ||| social_media,http://news.enorth.com.cn/system/2024/05/29/056467563.shtml ||| https://www.toutiao.com/article/7374296895780291082/,,,2,silver_candidate,standard_review,0.120,low,single_source_type,uncertain,,,,,,,annotator_B,independent_review,annotator_B
E036,LLM_CANON_E036_005,公安机关,对滁河污染事件相关涉案人员进行立案调查。,neutral,生态环境局通报和央视报道均提到公安机关已对相关涉案人员立案调查。,SC_E036_005,警方;公安部门,True,,,ev-00856;ev-00863,"5月27日,安徽滁州市生态环境局通报“滁河水质出现污染”事件,公安机关已对相关涉案人员进行立案调查。经调查,滁河全椒县荒草圩至襄河口闸段、南京浦口段有死鱼漂浮,部分河段水体发黑。经监测溯源,位于全椒经 ||| 5月11日,全椒县发生约50毫米降雨,尚未清理完毕残留在沟渠和管网内的污水经雨水径流进入襄河、滁河,造成部分河段水体浑浊、黑臭,溶解氧下降,鱼虾死亡。公安机关已对相关涉案人员进行立案调查。",mainstream_news ||| mainstream_news,https://www.bjnews.com.cn/detail/1716779459129399.html ||| https://news.cctv.com/2024/05/27/ARTInGjVY8GRhd5t5aJybw9Y240527.shtml,,,2,silver_candidate,standard_review,0.120,low,single_source_type,uncertain,,,,,,,annotator_B,independent_review,annotator_B
E037,LLM_CANON_E037_002,北京市人民政府新闻办公室及市公安局、市卫健委、市消防救援总队、丰台区政府,举行长峰医院火灾事故情况通报会，通报事故情况并答记者问，现场为遇难人员默哀。,neutral,多条新闻证据提到4月19日北京市召开事故情况通报会，市公安局、市卫健委、市消防救援总队、丰台区政府相关负责人通报并答问，现场全体起立为遇难人员默哀。,SC_E037_002,北京市人民政府新闻办公室;北京市公安局;北京市卫健委;北京市消防救援总队;丰台区政府;相关负责人,True,,,ev-00895;ev-00896;ev-00897,"4月19日,北京举行长峰医院火灾事故情况通报会,北京市公安局、市卫健委、市消防救援总队、丰台区政府相关负责人通报情况并答记者问。 澎湃新闻记者 史含伟 编辑 胡岑 实习生 代傲辰 责任编辑: 顾亚敏 ||| 大象新闻 怀抱梦想,脚踏实地!求助报料热线:0371-6588 8888 4月19日,北京,长峰医院火灾事故情况通报会,现场人员全体起立为遇难人员默哀 ||| 4月18日12时57分,北京市丰台区消防救援支队接警,北京长峰医院住院部东楼发生火情。今天,北京市人民政府新闻办公室举行长峰医院火灾事故情况通报会,市公安局、市卫健委、市消防救援总队、丰台区政府相关负",mainstream_news ||| mainstream_news ||| mainstream_news,https://www.thepaper.cn/newsDetail_forward_22761288 ||| https://news.sohu.com/a/668157670_120347736 ||| https://news.bjd.com.cn/2023/04/19/10404128.shtml,,,3,silver_candidate,standard_review,0.120,low,single_source_type,uncertain,,,,,,,annotator_B,independent_review,annotator_B
E037,LLM_CANON_E037_004,北京长峰医院,被指出在事故前已存在严重消防安全隐患，且在事故中存在未按规定履行消防安全主体责任、应急准备和施工现场安全管理缺失等问题。,negative,证据称主管部门2月消防例行检查已查出火灾报警系统、水泵、喷淋泵、排烟风机等安全问题；另有证据列出未履行消防安全主体责任、施工现场安全管理缺失等主要问题。,SC_E037_004,长峰医院;北京丰台长峰医院;事故单位,True,,,ev-00903;ev-00904,"存在的主要问题: 1未落实施工现场安全管理职责; 2未按规定履行消防安全主体责任; 3未按规定开展应急准备及应急处置; 4施工现场安全管理缺失; 5未吸取火灾事故案例教训。 事故主要教训: 1防范化解 ||| 今年2月份的主管部门消防例行检查中,长峰医院就被查出有严峻的安全隐患。如官方列出的火灾自动报警系统主机无信号反馈,还有水泵未正常启动、喷淋泵不能正常启动,排烟风机运作失灵等安全问题。主管部门还对长峰医",social_media ||| social_media,https://www.toutiao.com/article/7314126275315122698/ ||| https://www.163.com/dy/article/I300M2KI05561JHJ.html,,,2,silver_candidate,standard_review,0.120,low,single_source_type,uncertain,,,,,,,annotator_B,independent_review,annotator_B
E037,LLM_CANON_E037_005,社会公众和网络评论者,对长峰医院火灾造成重大伤亡表示高度关注和担忧，认为医院防火措施本应严密，事件需要高度重视、深入分析和反思。,negative,公共社交和评论类证据称事故引发社会广泛关注，认为作为医院防火措施应严密，火灾造成患者伤亡，需要高度重视、深入分析，并为北京医疗行业敲响安全警钟。,SC_E037_005,社会各界;人们;网络公众;网民,True,,,ev-00898;ev-00900;ev-00906,"然而,昨天(18日)下午开始,在网络上传出,位于北京丰台的长峰医院发生火灾,导致人员伤亡;一时间,引发社会广泛关注。对此,相关部门第一时间介入给予处置。“民声君”今天(19日)午后从“4·18长峰医院 ||| 北京长峰医院火灾是一场引起人们高度关注的重大灾难事件,需要予以高度重视和深入分析。首先,作为一家医院,其防火措施应该是严密的,但由于某些原因,火灾还是发生了,造成了多名患者的伤亡。 ||| 近日,北京长峰医院发生了一起火灾事件,造成了严重的人员伤亡和财产损失。这起事件对医院和患者造成了极大的影响,引起社会各界的广泛关注和深入反思,更为北京医疗行业敲响了安全的警钟。 首先,我们要感叹勇敢的",social_media ||| social_media ||| social_media,https://www.163.com/dy/article/I2MOIBT50525PDMG.html ||| https://www.toutiao.com/article/7223769255425327677/ ||| https://www.163.com/dy/article/I31CSOIV0532JVK3.html,,,2,silver_candidate,standard_review,0.120,low,single_source_type,uncertain,,,,,,,annotator_B,independent_review,annotator_B
E037,LLM_CANON_E037_006,医务工作者和医院管理层,应以长峰医院火灾为警示，吸取教训，加强火灾安全意识、火灾防控、应急预案评估更新和全员消防演练。,negative,培训和总结类材料提出医务工作者必须引以为戒、吸取教训、加强火灾安全意识和防控；另有材料建议医院管理层定期评估更新火灾应急预案并组织全员演练。,SC_E037_006,医务工作者;医院管理层;医疗机构,True,,,ev-00905;ev-00907;ev-00909,"长峰医院火灾警示教育总结 长峰医院这次火灾事故发生后,给我们带来了深刻的教育和警示。作为一名医务工作者,我们必须引以为戒,吸取教训,加强火灾安全意识,做好火灾防控工作。 首先,火灾的预防和防控必须得到 ||| 火灾应急预案和演练&mdash;&mdash;全员参与,全部合格:院内火灾本属于医院常见风险事件,应纳入医院日常应急预案范围,医院管理层应定期评估和更新火灾应急预案,并且定期组织火灾演练,做到全员覆盖 ||| 医疗机构消防安全管理 与应急处置措施 医院消防现状 医院消防法律法规 医院消防体系 目录 医院消防设施 Content 医院消防主要问题 医院火灾应急处置 个人建议 01医院消防现状 Currents",public_web ||| public_web ||| public_web,https://max.book118.com/html/2023/1206/8015072072006013.shtm ||| https://www.thinkdid.com/summaryAbout/46A2XZ4BXY.html ||| https://max.book118.com/html/2024/0816/7004160141006143.shtm,,,2,silver_candidate,standard_review,0.120,low,single_source_type,uncertain,,,,,,,annotator_B,independent_review,annotator_B
E001,LLM_CANON_E001_001,广州市白云区政府及三元里街道相关部门,发布并推进三元里村城中村改造补偿安置方案，明确村民安置房全部回迁在三元里街辖内，对符合条件并选择安置的集体土地村民住宅按“拆一补一”、不超过280平方米核定安置面积，并启动征收推进和签约激励安排。,neutral,多条官方及新闻证据显示，白云区印发补偿安置方案并说明回迁范围、安置面积核定原则；后续报道还提到征收工作组进驻和签约激励政策。,SC_E001_001,广州市白云区;白云区政府;广州市白云区政府;三元里街;三元里街道;区土地开发中心;区征地办,True,,,ev-00001;ev-00002;ev-00004;ev-00007;ev-00008;ev-00009;ev-00010;ev-00015;ev-00022;ev-00029;ev-00030,"1月10日,记者从广州市白云区获悉,根据已批复的三元里村城中村改造方案,村民的安置房全部回迁在改造范围内,即三元里街辖内。对于集体土地上的村民住宅,符合“一户一宅”等安置条件且选择安置的,按照“拆一补 ||| 南都讯1月10日,南都记者获悉,根据已批复的广州市白云区三元里村城中村改造方案,村民的安置房全部回迁在改造范围内,即三元里街辖内。对于集体土地上的村民住宅,符合“一户一宅”等安置条件且选择安置的,按照 ||| 1月10日,记者从广州市白云区获悉,根据已批复的三元里村城中村改造方案,村民的安置房全部回迁在改造范围内,即三元里街辖内。对于集体土地上的村民住宅,符合“一户一宅”等安置条件且选择安置的,按照“拆一补 ||| 记者近日从广州市白云区三元里街了解到,根据已批复的三元里村城中村改造方案,村民的安置房全部回迁在改造范围内,即三元里街辖内。对于集体土地上的村民住宅,符合“一户一宅”等安置条件且选择安置的,按照“拆一 ||| 对于集体土地上的村民住宅,符合“一户一宅”等安置条件且选择安置的,按照“拆一补一”的原则,按房屋实测面积且不超过280平方米进行核定安置面积。日前,白云区政府印发三元里村城中村改造项目土地及房屋征收补 ||| 按照“拆一补一”原则核定安置面积,最高补偿7590元/平方米 三元里村改造效果图。通讯员供图 近日,南都记者获悉,根据已批复的广州市白云区三元里村城中村改造方案,村民的安置房全部回迁在改造范围 ||| 经过长达十年的停滞,广州市白云区三元里村的旧城改造项目迎来了实质性进展。根据最新消息,白云区已成立13个征收工作组进驻三元里村,正式启动征拆工作。居民对这一变化感到振奋,已有多人主动前往工作组咨询征收 ||| 云府办〔2025〕11号 三元里街、景泰街道办事处,区土地开发中心(区征地办)、区规划和自然资源分局、区公安分局、区民政局、区司法局、区财政局、区人力资源社会保障局、市生态环境局白云分局、区住房建设交 ||| 先签约有大礼包派送三元里村城中村改造项目又有新进展啦!近日“三元里村城中村改造项目激励政策”出炉5月10日前签约的村民将可享受三重奖励涵盖奖励金额1万元50年车位使用权、优先选房权另外三元里辖内批发市 ||| 三元里村城中村改造项目补偿安置方案已印发 三元里村城中村改造项目效果图 广州日报全媒体记者庄小龙 通讯员郑少敏 摄 广州日报讯 (全媒体记者汤南 通讯员周亚君、郑少敏)1月10日,记者从广州市白 ||| 根据安置补偿方案,三元里村住宅部分原则上采用“先补偿,后回购公寓式住宅安置房”的形式实施安置。权属人若在监理单位出具正式报告之日起3个月内签约并按约定交房,可额外获得补偿金额15%的搬迁奖励,即最高7",official ||| mainstream_news ||| mainstream_news ||| mainstream_news ||| mainstream_news ||| public_web ||| mainstream_news ||| official ||| mainstream_news ||| mainstream_news ||| mainstream_news,https://www.gz.gov.cn/zwfw/zxfw/zffw/content/post_10072842.html ||| https://new.qq.com/rain/a/20250110A0A91Z00 ||| https://cbgc.scol.com.cn/news/5841550 ||| https://new.qq.com/rain/a/20250112A01OVR00 ||| https://new.qq.com/rain/a/20250112A01PZS00 ||| https://ipaper.oeeee.com/ipaper/G/html/2025-01/15/content_571.htm ||| https://www.sohu.com/a/881537084_121885030 ||| https://www.by.gov.cn/zwgk/zdlyxxgkzl/zdxxgkzl/zdbcazfaggxx/content/post_10077363.html ||| https://new.qq.com/rain/a/20250425A06LSH00 ||| https://gzdaily.dayoo.com/h5/html5/2025-01/11/content_866_877324.htm?curr= ||| https://new.qq.com/rain/a/20250115A01AAY00,,,7,silver_candidate,standard_review,0.000,low,low_risk,uncertain,,,,,,,annotator_B,independent_review,annotator_B
E001,LLM_CANON_E001_002,三元里村村民和居民,对三元里村城中村改造总体表现出支持和期待，居民对征拆启动感到振奋并有人主动前往工作组咨询，相关材料还称居民同意城中村改造比率超过80%。,positive,证据显示居民对征拆启动“感到振奋”并主动咨询，另有材料称改造同意率超过80%，街道负责人也提到老百姓的信任与期待。,SC_E001_002,村民;居民;老百姓;权属人;三元里城中村的居民,True,同一居民群体对改造本身的总体支持与其对补偿方案的支持度属于不同态度对象，因此拆分为独立 tuple。,,ev-00010;ev-00023;ev-00028,"经过长达十年的停滞,广州市白云区三元里村的旧城改造项目迎来了实质性进展。根据最新消息,白云区已成立13个征收工作组进驻三元里村,正式启动征拆工作。居民对这一变化感到振奋,已有多人主动前往工作组咨询征收 ||| 属于白云新城辐射带的三元里村,改造已是大势所趋。截至5月30日,三元里城中村的居民同意城中村改造比率超过了80%,拆迁补偿方案支持比率为33.62%。城中村改造,集体和居民最直接的得益是什么?改造后, ||| 据三元里街有关负责人介绍,在三元里村城中村改造停滞十年的背景下,该街终于迎来三元里村整村的改造更新,凭借强力凝聚的改造意愿和老百姓的信任与期待,街道经过不懈努力和争取,半个月内完成城中村改造意愿征询,",mainstream_news ||| public_web ||| mainstream_news,https://www.sohu.com/a/881537084_121885030 ||| https://m.110ask.com/zhishi/4553253002018355922.html ||| https://new.qq.com/rain/a/20250111A05YZA00,,,3,silver_candidate,standard_review,0.000,low,low_risk,uncertain,,,,,,,annotator_B,independent_review,annotator_B
E004,LLM_CANON_E004_001,横沙社区,通过投票形成决议，向黄埔区政府申请行政处理改造范围内所有留守户房屋拆迁补偿安置争议，以推进旧村改造进度。,neutral,多条报道均称横沙社区近期以投票方式通过决议，内容为向黄埔区政府申请行政处理留守户房屋拆迁补偿安置争议。,SC_E004_001,横沙社区;大沙街横沙社区,True,,,ev-00077;ev-00081;ev-00082;ev-00083;ev-00085;ev-01455;ev-01456;ev-01460,"2025-05-21 14:12:10 来源: 时代财经APP 分享到: 广州城市更新正在提速。 近期,横沙社区以投票的方式通过了一项决议。决议内容是向黄埔区政府申请行政处理“改造范围 ||| 2025-05-21 07:41 横沙城中村改造项目香秀路旁未拆除村民房屋 时代财经摄 广州城市更新正在提速。 近期,横沙社区以投票的方式通过了一项决议。决议内容是向黄埔区政府申请行政处理“改造范 ||| 横沙城中村改造项目香秀路旁未拆除村民房屋 时代财经摄 广州城市更新正在提速。 近期,横沙社区以投票的方式通过了一项决议。决议内容是向黄埔区政府申请行政处理 "" 改造范围内所有留守户房屋拆迁补偿安置争议 ||| 本文来源:时代财经 作者:陈泽旋横沙城中村改造项目香秀路旁未拆除村民房屋 时代财经摄广州城市更新正在提速。近期,横沙社区以投票的方式通过了一项决议。决议内容是向黄埔区政府申请行政处理“改造范围内所有留 ||| 2025-05-21 07:48:08 来源: 时代财经 广东 举报 本文来源:时代财经 作者:陈泽旋 横沙城中村改造项目香秀路旁未拆除村民房屋 时代财经摄 广州城市更新正在提速。 近 ||| 2025-05-21 14:27:16 来源: 金融界 北京 举报 广州城市更新正在提速。 近期,横沙社区以投票的方式通过了一项决议。决议内容是向黄埔区政府申请行政处理“改造范围内所有 ||| (原标题:广州旧改提速!黄埔一村将对未签房屋申请强制执行,三元里最高补偿3.78万/平) 本文来源:时代财经 作者:陈泽旋 横沙城中村改造项目香秀路旁未拆除村民房屋 时代财经摄 广州城市更新正在提速。 ||| 2025-05-21 10:34 广州城市更新正在提速。 近期,横沙社区以投票的方式通过了一项决议。决议内容是向黄埔区政府申请行政处理“改造范围内所有留守户房屋拆迁补偿安置争议”,从而在6月30日",forum ||| forum ||| forum ||| forum ||| social_media ||| social_media ||| public_web ||| forum,https://finance.jrj.com.cn/2025/05/21141250558788.shtml ||| https://www.sohu.com/a/897175733_237556 ||| https://business.china.com/industrial/13004644/20250522/48366033_all.html ||| https://new.qq.com/rain/a/20250521A01OKA00 ||| https://www.163.com/dy/article/K02LU8S40530KP1K.html ||| https://www.163.com/dy/article/K03CP41E0519QIKK.html ||| https://finance.stockstar.com/IG2025052100005616.shtml ||| https://www.sohu.com/a/897245964_114984,,,6,silver_candidate,standard_review,0.000,low,low_risk,uncertain,,,,,,,annotator_B,independent_review,annotator_B
E004,LLM_CANON_E004_004,广州市政府及市住建局,公布并解读《广州市旧村庄旧厂房旧城镇改造实施办法》，明确留守户拒不交回集体土地使用权时，由属地区政府依法处理并可申请法院强制执行。,neutral,证据称《实施办法》在广州市政府网站公布，市住建局同步解读，并明确留守户拒不交回集体土地使用权时的属地区政府处理和法院强制执行路径。,SC_E004_004,广州市政府;市住建局,True,,,ev-01461;ev-01462;ev-01463,"4月16日,《广州市旧村庄旧厂房旧城镇改造实施办法》(以下简称《实施办法》)在广州市政府网站公布,自2024年5月15日起施行。市住建局同步发布具体解读。《实施办法》明确,“留守户”拒不交回集体土地使 ||| 4月16日,《广州市旧村庄旧厂房旧城镇改造实施办法》(以下简称《实施办法》)在广州市政府网站公布,自2024年5月15日起施行。市住建局同步发布具体解读。《实施办法》明确,“留守户”拒不交回集体土地使 ||| 《广州市旧村庄旧厂房旧城镇改造实施办法》在广州市政府网站公布,自2024年5月15日起施行。《实施办法》明确,“留守户”拒不交回集体土地使用权时,属地区政府依法予以处理、申请法院强制执行。 社群 行业",official ||| official ||| public_web,http://tdzx.fuzhou.gov.cn/xxgk/ztzl/dcwz/202405/t20240506_4819301.htm ||| https://tdzx.fuzhou.gov.cn/xxgk/ztzl/dcwz/202405/t20240506_4819301.htm ||| https://www.iyiou.com/briefing/197001211584261,,,2,silver_candidate,standard_review,0.000,low,low_risk,uncertain,,,,,,,annotator_B,independent_review,annotator_B
E007,LLM_CANON_E007_003,广州市瑞丰物业管理有限公司,广州市瑞丰物业管理有限公司作为蓝色康园小区物业服务方，被业主反映存在物业收费、公共空间使用和公共区域管理等问题，并成为行业协会督促整改的对象。,negative,证据说明蓝色康园物业公司为广州市瑞丰物业管理有限公司；相关报道称业主反映物业方存在多种问题，且市物管协会正在督促物业方整改。,SC_E007_003,瑞丰物业管理公司;广州市瑞丰物业管理有限公司;蓝色康园物业方;小区物业方;物业方,True,,,ev-00139;ev-00143;ev-01526,"业主反映蓝色康园物业方存在多种问题,市物管协会正在督促该小区物业方尽快整改 原本每平方米一块多的物业费,如今涨到了两块多,又看不到新合同,业主们怀疑物业偷偷涨价。前段时间,广州市海珠区赤岗街道蓝色康园 ||| 开发商:广州市瑞丰岭南开发有限公司一期开盘时间2003年,物业管理:瑞丰物业管理公司 生活配套 门口就有乐润超市,万宁商场,1公里内有海员医院,省卫生防疫站 轨道交通 小区出来50米有中大北门公交车站 ||| [提要] 蓝色康园小区,别名蓝色康园一期,位于滨江东路562号,2003年建成,开发商是广州瑞丰岭南房地产有限公司,物业公司是广州市瑞丰物业管理有限公司 蓝色康园小区,别名蓝色康园一期,位于滨江东路5",mainstream_news ||| public_web ||| mainstream_news,https://k.sina.com.cn/article_1652484947_627eeb5302001q30e.html?from=news&subch=onews ||| https://m.anjuke.com/gz/community/111473/jiedu-4299320/ ||| https://gz.esf.fang.com/newsecond/news/38060231.htm,,,3,silver_candidate,standard_review,0.000,low,low_risk,uncertain,,,,,,,annotator_B,independent_review,annotator_B
E011,LLM_CANON_E011_001,江西省联合调查组,发布最终调查通报，认定江西工业职业技术学院食堂餐食中的异物为鼠类啮齿动物头部，而非鸭脖。,neutral,多条证据显示6月17日联合调查组公布调查结果，称经调查和专家辨识，异物确为鼠头。,SC_E011_001,官方联合调查组;江西省教育厅、省公安厅、省国资委、省市场监督管理局组成的联合调查组;省教育厅、省公安厅、省国资委联合调查组,True,,,ev-00240;ev-00243;ev-00244;ev-00246;ev-00249,"6月17日人民日报,针对江西工业职业学院。鼠头鸭脖的调查结果出来了,经过省教育厅,省公安厅,省国资委。 ||| 此前引起广泛关注的江西工业职业技术学院“鼠头鸭脖”事件终于有了最终结论。据央视报道,6月17日,江西省教育厅、省公安厅、省国资委、省市场监督管理局组成的联合调查组发布通报,称经勘察现场,调取监控视频发 ||| 此前引起广泛关注的江西工业职业技术学院“鼠头鸭脖”事件终于有了最终结论。据央视报道,6月17日,江西省教育厅、省公安厅、省国资委、省市场监督管理局组成的联合调查组发布通报,称经勘察现场,调取监控视频发 ||| 6月17日,广受社会关注的“鼠头鸭脖”事件的官方调查结果盖棺定论,据国内权威动物专家专业辨识,该异物为老鼠类啮齿动物头部。在此之后,网友发现此前涉事学校的调查声明已经不见。有律师发言:学生可以十倍索赔 ||| 闹得沸沸扬扬的“鼠头鸭脖”事件终于迎来了最新的大反转,经官方联合调查组调查确认:江西职院食堂饭菜中的出现的“异物”就是老鼠头。 依据《中华人民共和国食品安全法》及其实施条例,南昌市市场监督治理局已吊销",social_media ||| mainstream_news ||| mainstream_news ||| social_media ||| social_media,https://www.toutiao.com/article/7246340306445206075/ ||| https://www.infzm.com/contents/251042?source=124&source_1=251313 ||| https://www.infzm.com/contents/251042?source=124&source_1=251561 ||| https://www.163.com/dy/article/I7ESNDE2055616LO.html?spss=dy_author ||| https://www.163.com/dy/article/I7G6S2S005561JHJ.html,,,3,silver_candidate,standard_review,0.000,low,low_risk,uncertain,,,,,,,annotator_B,independent_review,annotator_B
E011,LLM_CANON_E011_004,南昌市市场监督管理部门,在最终调查认定异物为鼠头后，对涉事企业作出吊销许可、顶格处罚等处理。,neutral,证据称当地通报对涉事企业顶格处罚，并依据食品安全法及实施条例吊销相关许可。,SC_E011_003,当地市场监督管理局;南昌市市场监督管理局;南昌市市场监督治理局,True,同一市场监督管理部门在事件不同阶段有不同回应：先作出“鸭脖子”检验结论，后又对涉事企业实施处罚。,,ev-00245;ev-00249,"红星新闻 成都商报红星新闻视频专号,关注我们,认知不一样的世界。 “鼠头鸭脖 ”确系鼠头!当地通报:对涉事企业顶格处罚 ||| 闹得沸沸扬扬的“鼠头鸭脖”事件终于迎来了最新的大反转,经官方联合调查组调查确认:江西职院食堂饭菜中的出现的“异物”就是老鼠头。 依据《中华人民共和国食品安全法》及其实施条例,南昌市市场监督治理局已吊销",mainstream_news ||| social_media,https://www.sohu.com/a/686492424_116237 ||| https://www.163.com/dy/article/I7G6S2S005561JHJ.html,,,2,silver_candidate,standard_review,0.000,low,low_risk,uncertain,,,,,,,annotator_B,independent_review,annotator_B
E011,LLM_CANON_E011_005,网友和社会公众,对“鸭脖子”说法和相关通报不买账并持续质疑，认为事件损害了官方公信力。,negative,证据显示网友认为异物外观挑战视觉神经，大家不买账，通报未解决质疑，并有评论称官方说法严重降低公信力。,SC_E011_004,网友;大家;社会公众;舆论,True,,,ev-00241;ev-00242;ev-00248,"新闻报道, 江西工业职业技术学院 曾发生了一起“6·1” 食品安全事件 。该事件的调查结果公布为鼠头! 「鼠头鸭脖」事件是一个饮食安全事件,涉及到的食品官方竟然说是“鸭脖子”。从而严重降低官方公信力! ||| 江西工业职业技术学院icon,学生就餐惊现“鼠头”!!!食堂当即给出解释,是鸭脖子。随后,当地市场监督管理局给出反复检验的结论,也是鸭脖子。不过根据现场的照片,这鸭脖子也太挑战网友们的视觉神经了,长着 ||| #鼠头鸭脖事件官方通报错在# 本以为事件会就此告一段落,没成想大家根本不买账,演化成了更大的舆情事件。问题出在哪? 首先,通报并没有解决大家的质疑。从视频里可以看到,这个“异物”的所谓“毛发”和“牙齿",forum ||| social_media ||| mainstream_news,https://zhuanlan.zhihu.com/p/637801047 ||| https://www.toutiao.com/article/7240978888246018600/ ||| https://k.sina.com.cn/article_5934541885_161b9ec3d040015tz2.html,,,3,silver_candidate,standard_review,0.000,low,low_risk,uncertain,,,,,,,annotator_B,independent_review,annotator_B
E012,LLM_CANON_E012_001,长丰学校学生家长,家长发现并曝光学校食堂生肉有臭味，质疑食材不新鲜或提供变质肉给学生食用，表达不满、愤怒和担忧，并关注事件真相、处理意见和后续保障措施。,negative,多条证据显示家长进入或反馈食堂肉类异味、发布视频曝光，并对学校食堂食品安全表达不满和担忧。,SC_E012_001,家长;家长们;学生家长,True,,,ev-00261;ev-00262;ev-00264;ev-00265;ev-01591;ev-01601;ev-01602;ev-01603,"嘿,宝子们,今天咱们得聊聊一起让人大跌眼镜的新闻! 云南昆明官渡区的长丰学校,家长们居然在食堂里发现了疑似变质的肉!家长们一进食堂,那肉味直冲脑门,简直是“臭气熏天”! 他们立刻炸了锅,指责学校食堂: ||| 在昆明长丰学校的校门口,一群家长焦急地等待着。他们的脸上写满了担忧和愤怒,因为学校食堂发生了一起令人震惊的“臭肉事件”。事件的起因是家长们发现孩子们在食堂吃的食物出现了异味,经过调查,原来是食堂使用了 ||| 事情是这样的,10月16日,有网友爆料称长丰学校食堂存在食品安全问题。而据了解,这次事件的导火索其实是家长们在前一天就跟学校争论过食堂菜品卫生的问题。 也就是说,长丰学校食堂菜品不合格的情况已经被家长 ||| 10月19日,昆明通报学校臭肉事件,引发广泛关注,家长尤其关心事件真相、处理意见和后续保障措施。通报比较长,咱就浓缩一下。 ||| 10月16日,云南昆明有家长发视频称,官渡区云子中学长丰学校学生食堂的生肉有臭味,“整盆肉都是臭的”。学校被质疑提供变质肉给学生食用,引发家长不满。 17日凌晨,昆明市官渡区市场监督管理局、官渡区教育 ||| 10月16日(回应),云南昆明,家长称学校肉臭了还给孩子吃 多部门到场处置学校食堂生肉发臭事件 教育体育局:初查生肉系当天采购。 来源:极目新闻 ||| 10月16日,有家长发视频曝光称,昆明官渡区一学校食堂生肉有臭味,质疑食材不新鲜。 家长称食堂生肉有臭味 (来源:视频截图) 16日下午,涉事学校工作人员对极目新闻记者表示,此事正在调查处理,是否为“ ||| 事件背景:昆明一家学校食堂被家长曝光提供臭肉 2024年10月16日,昆明一所学校的食堂因家长的一则反馈,曝出了令人发指的“臭肉”事件。这名家长在学校微信群里贴出了一些照片,其中显示孩子们所食用的肉类",social_media ||| social_media ||| mainstream_news ||| social_media ||| public_web ||| mainstream_news ||| mainstream_news ||| mainstream_news,https://www.toutiao.com/article/7427067111723352586/ ||| https://www.163.com/dy/article/JEVCEMBL05569L53.html ||| https://www.sohu.com/a/817438052_120077605/ ||| https://www.toutiao.com/article/7427688582262833699/ ||| https://m.szhgh.com/Article/news/resou/2024-10-17/362136.html ||| http://news.hnr.cn/djn/article/1/1846721812870922241 ||| https://news.ifeng.com/c/8djfStyLGZl ||| https://www.sohu.com/a/817608155_122046825,,,6,silver_candidate,standard_review,0.000,low,low_risk,uncertain,,,,,,,annotator_B,independent_review,annotator_B
E012,LLM_CANON_E012_002,网友和公众舆论,网友和公众对长丰学校食堂“臭肉”事件表示愤怒和声援家长，要求对食品安全问题严查严惩。,negative,证据明确称事件在网上引发关注，网友声援并要求严查严惩。,SC_E012_002,网友们;网上舆论;公众,True,,,ev-00260;ev-01592;ev-01594;ev-01595,"长丰中学“臭肉事件”:黑心学校,何时能止? 云南长丰中学竟然拿变质臭肉给孩子们吃!这事儿一传出来,网上立马就炸了,家长们气不打一处来,网友们也是纷纷声援,要求严查严惩。 揭开食堂的“黑锅盖” 你想象一 ||| 【少年强则国强,少年又倒在了食堂。咦,我为什么要说“又”?】 1 10月16日,云南昆明。 官渡区长丰学校被曝食堂的猪肉有臭味,疑提供变质肉给学生食用。 17日,官渡区通报称,现场待加工猪肉感官气味异 ||| “是良心臭了?还是肉臭了?” 校园本该是一个“书香满园”的地方,没想到在云南昆明长丰中学却变成“臭气熏天”的污垢之地! 学生家长进入校园厨房,闻到了的也不是饭菜的香味,而是赫然充斥着难闻气味的肉类。 ||| 昆明学校给学生吃臭肉这事儿,简直糟糕透顶!学校收着高昂的学费,家长们满心期待孩子能在学校有良好的环境和饮食,结果呢?",social_media ||| public_web ||| social_media ||| social_media,https://www.toutiao.com/article/7428024611385770505/ ||| https://m.szhgh.com/Article/opinion/zatan/2024-10-19/362232.html ||| https://www.163.com/dy/article/JEQLBBPS0553TEY0.html?spss=dy_author ||| https://www.toutiao.com/article/7426980425509208585/,,,3,silver_candidate,standard_review,0.000,low,low_risk,uncertain,,,,,,,annotator_B,independent_review,annotator_B
E012,LLM_CANON_E012_003,官渡区联合调查组及相关监管部门,官渡区相关部门成立联合调查组调查长丰学校食品安全问题，并通报认定涉事鲜猪肉片不合格、变质变臭原因与运输及存储不当有关，同时公布对学校、涉事企业及相关责任人的处理处罚措施。,neutral,官方及转载通报显示，官渡区组织多部门成立联合调查组，发布调查结果，认定猪肉不合格并对学校、企业和相关人员作出处罚或处理。,SC_E012_003,官渡区联合调查组;官渡区市场监督管理局;官渡区教育体育局;市场监管、教体、公安、农业农村、卫健等部门;昆明市官渡区人民政府新闻办公室;官渡区,True,,,ev-00263;ev-00266;ev-00268;ev-01598;ev-01599;ev-01600,"长丰学校食堂被曝“整盆肉都是臭的”后,近日,云南昆明市官渡区联合调查组通报该校食堂肉片异味调查情况。 经调查,长丰学校食堂承包经营企业云南润升物业服务有限公司没有从事餐饮服务的资质,不能作为承包食堂的 ||| 学校被罚10万元、涉事企业被罚578万元,学校校长及法定代表人被免,区教体局、市场监管局相关领导被停职检查,19日晚,云南昆明通报学校食堂肉质变味情况。 ||| 王军荣 昆明市官渡区人民政府新闻办公室10月19日发布通报称,针对网上反映的昆明市官渡区长丰学校食品安全问题,经过联合调查组调查,该批次鲜猪肉片判定为不合格,原因是运输及存储不当导致变质变臭;学校对食 ||| 【#长丰学校食品安全问题调查情况通报#】针对网上反映的昆明市官渡区长丰学校食品安全问题,官渡区组织市场监管、教体、公安、农业农村、卫健等部门成立联合调查组,现将有关情况通报如下。#长丰学校校长和法定代 ||| 情况通报10月16日,针对网上反映的昆明市官渡区长丰学校食品安全问题,官渡区组织市场监管、教体、公安、农业农村、卫健等部门成立联合调查组,本着实事求是的原则开展调查。现将有关情况通报如下。 ||| 10月19日官渡区发布情况通报“昆明官渡发布”微信公众号截图10月16日,针对网上反映的昆明市官渡区长丰学校食品安全问题,官渡区组织市场监管、教体、公安、农业农村、卫健等部门成立联合调查组,本着实事求",mainstream_news ||| social_media ||| mainstream_news ||| social_media ||| social_media ||| social_media,https://news.ifeng.com/c/8drabhH9yFZ ||| https://www.toutiao.com/article/7427755288494686761/ ||| https://opinion.voc.com.cn/mobile/news/202410/20914692.html ||| https://www.sohu.com/a/818224276_122014422 ||| https://www.toutiao.com/article/7427495537744445963/ ||| https://www.toutiao.com/article/7427659339688722982/,,,4,silver_candidate,standard_review,0.000,low,low_risk,uncertain,,,,,,,annotator_B,independent_review,annotator_B
E012,LLM_CANON_E012_005,云南润升物业服务有限公司,涉事食堂承包经营企业被调查认定没有从事餐饮服务资质、不能作为承包食堂主体，并因事件受到高额处罚。,negative,证据显示官方调查认定云南润升物业服务有限公司无餐饮服务资质，另有通报称涉事企业被罚578万元。,SC_E012_005,食堂承包经营企业;涉事企业;承包商,True,,,ev-00263;ev-00266,"长丰学校食堂被曝“整盆肉都是臭的”后,近日,云南昆明市官渡区联合调查组通报该校食堂肉片异味调查情况。 经调查,长丰学校食堂承包经营企业云南润升物业服务有限公司没有从事餐饮服务的资质,不能作为承包食堂的 ||| 学校被罚10万元、涉事企业被罚578万元,学校校长及法定代表人被免,区教体局、市场监管局相关领导被停职检查,19日晚,云南昆明通报学校食堂肉质变味情况。",mainstream_news ||| social_media,https://news.ifeng.com/c/8drabhH9yFZ ||| https://www.toutiao.com/article/7427755288494686761/,,,2,silver_candidate,standard_review,0.000,low,low_risk,uncertain,,,,,,,annotator_B,independent_review,annotator_B
E013,LLM_CANON_E013_001,学生家长,反映北京大学附属小学海口学校食堂存在鼠迹等食品安全问题。,negative,多条通报转载均称监管部门接到学生家长反映学校食堂存在鼠迹等食品安全问题。,SC_E013_001,家长;学生家长,True,,,ev-00280;ev-00281;ev-00282;ev-00284;ev-00286;ev-00287;ev-01611;ev-01612,"【来源:央视网】央视网消息:海口市市场监督管理局12月29日通报,近日,接到学生家长反映北京大学附属小学海口学校食堂存在鼠迹等食品安全问题后,该局立即赶赴现场进行检查并立案调查。 ||| 海南海口市市场监督管理局12月29日通报,近日,接到学生家长反映北京大学附属小学海口学校食堂存在鼠迹等食品安全问题后,该局立即赶赴现场进行检查并立案调查。通报全文如下: 来源:央广网 返回搜狐,查看更 ||| 海口市市场监督管理局12月29日通报,近日,接到学生家长反映北京大学附属小学海口学校食堂存在鼠迹等食品安全问题后,该局立即赶赴现场进行检查并立案调查。通报全文(央视网) 来源:央广网 返回搜狐,查看更 ||| 央视网消息: 海口市市场监督管理局12月29日通报,近日,接到学生家长反映北京大学附属小学海口学校食堂存在鼠迹等食品安全问题后,该局立即赶赴现场进行检查并立案调查。 经调查,涉事学校食堂存在防鼠设施不 ||| 今天,海南省海口市市场监督管理局通报——近日,接到学生家长反映北京大学附属小学海口学校食堂存在鼠迹等食品安全问题后,该局立即赶赴现场进行检查并立案调查。 ||| (视频来源于网络)29日,海南省海口市市场监督管理局通报——近日,接到学生家长反映北京大学附属小学海口学校食堂存在鼠迹等食品安全问题后,该局立即赶赴现场进行检查并立案调查。 ||| 12 月 29 日,海口市市场监督管理局发布情况通报。 近日,接到学生家长反映北京大学附属小学海口学校食堂存在鼠迹等食品安全问题后,我局迅速响应,立即赶赴现场进行检查并立案调查。现将有关情况通报如下: ||| 12月29日,海口市市场监督管理局发布情况通报。 近日,接到学生家长反映北京大学附属小学海口学校食堂存在鼠迹等食品安全问题后,我局迅速响应,立即赶赴现场进行检查并立案调查。现将有关情况通报如下: 一、",social_media ||| mainstream_news ||| mainstream_news ||| mainstream_news ||| social_media ||| social_media ||| public_web ||| mainstream_news,https://www.toutiao.com/article/7453724528624108041/ ||| https://www.sohu.com/a/843127027_211507 ||| https://www.sohu.com/a/843104076_162758 ||| https://news.cctv.com/2024/12/29/ARTIImF2PSGU3Ss0b8pR7CrM241229.shtml ||| https://www.toutiao.com/article/7453786935073473058/ ||| https://www.toutiao.com/article/7454008558133248552/ ||| http://app.myzaker.com/news/article.php?f=zaker_live&pk=6770e1161bc8e08436000000 ||| https://m.sohu.com/a/843087405_393071/?pvid=000115_3w_a,,,5,silver_candidate,standard_review,0.000,low,low_risk,uncertain,,,,,,,annotator_B,independent_review,annotator_B
E013,LLM_CANON_E013_002,海口市市场监督管理局,接到家长反映后迅速赶赴现场检查并立案调查，随后发布情况通报确认涉事学校食堂存在鼠迹等问题。,neutral,证据显示海口市市场监督管理局12月29日通报称，接到家长反映后立即现场检查并立案调查；另有证据称官方确认确实存在鼠迹。,SC_E013_002,海南海口市市场监督管理局;海南省海口市市场监督管理局;海口市市场监督管理局;官方;该局;我局,True,,,ev-00280;ev-00281;ev-00282;ev-00283;ev-00284;ev-00285;ev-00286;ev-00287;ev-01611;ev-01612,"【来源:央视网】央视网消息:海口市市场监督管理局12月29日通报,近日,接到学生家长反映北京大学附属小学海口学校食堂存在鼠迹等食品安全问题后,该局立即赶赴现场进行检查并立案调查。 ||| 海南海口市市场监督管理局12月29日通报,近日,接到学生家长反映北京大学附属小学海口学校食堂存在鼠迹等食品安全问题后,该局立即赶赴现场进行检查并立案调查。通报全文如下: 来源:央广网 返回搜狐,查看更 ||| 海口市市场监督管理局12月29日通报,近日,接到学生家长反映北京大学附属小学海口学校食堂存在鼠迹等食品安全问题后,该局立即赶赴现场进行检查并立案调查。通报全文(央视网) 来源:央广网 返回搜狐,查看更 ||| 近日,网传海南海口市一小学食堂监控视频,称学校食堂发现有老鼠活动,并被监控拍了下来,引发广泛关注。 视频截图 12月29日,海口市市场监督管理局针对此事进行通报—— 近日,接到学生家长反映 北京大学附 ||| 央视网消息: 海口市市场监督管理局12月29日通报,近日,接到学生家长反映北京大学附属小学海口学校食堂存在鼠迹等食品安全问题后,该局立即赶赴现场进行检查并立案调查。 经调查,涉事学校食堂存在防鼠设施不 ||| 12月25日(发布),海南海口。海口通报一小学食堂老鼠乱窜,官方:确实存在鼠迹。已立案调查 学校食堂停止供餐。 ||| 今天,海南省海口市市场监督管理局通报——近日,接到学生家长反映北京大学附属小学海口学校食堂存在鼠迹等食品安全问题后,该局立即赶赴现场进行检查并立案调查。 ||| (视频来源于网络)29日,海南省海口市市场监督管理局通报——近日,接到学生家长反映北京大学附属小学海口学校食堂存在鼠迹等食品安全问题后,该局立即赶赴现场进行检查并立案调查。 ||| 12 月 29 日,海口市市场监督管理局发布情况通报。 近日,接到学生家长反映北京大学附属小学海口学校食堂存在鼠迹等食品安全问题后,我局迅速响应,立即赶赴现场进行检查并立案调查。现将有关情况通报如下: ||| 12月29日,海口市市场监督管理局发布情况通报。 近日,接到学生家长反映北京大学附属小学海口学校食堂存在鼠迹等食品安全问题后,我局迅速响应,立即赶赴现场进行检查并立案调查。现将有关情况通报如下: 一、",social_media ||| mainstream_news ||| mainstream_news ||| mainstream_news ||| mainstream_news ||| mainstream_news ||| social_media ||| social_media ||| public_web ||| mainstream_news,https://www.toutiao.com/article/7453724528624108041/ ||| https://www.sohu.com/a/843127027_211507 ||| https://www.sohu.com/a/843104076_162758 ||| https://finance.sina.com.cn/jjxw/2024-12-30/doc-ineceiip4211070.shtml ||| https://news.cctv.com/2024/12/29/ARTIImF2PSGU3Ss0b8pR7CrM241229.shtml ||| https://isee.weishi.qq.com/ws/app-pages/share/index.html?&id=76SSrEXpk1TqlYAKU&faker=1&resid=70001020 ||| https://www.toutiao.com/article/7453786935073473058/ ||| https://www.toutiao.com/article/7454008558133248552/ ||| http://app.myzaker.com/news/article.php?f=zaker_live&pk=6770e1161bc8e08436000000 ||| https://m.sohu.com/a/843087405_393071/?pvid=000115_3w_a,,,7,silver_candidate,standard_review,0.000,low,low_risk,uncertain,,,,,,,annotator_B,independent_review,annotator_B
E014,LLM_CANON_E014_001,南宁市公安局良庆分局,接到报警后立即开展调查处理，并依法对涉案8人作出行政拘留等处罚，相关工作仍在开展。,neutral,多条通报类证据显示，良庆警方在4月18日事件后介入调查，并对8名涉案人员作出行政拘留等处罚。,SC_E014_001,良庆警方;广西南宁市公安局良庆分局;南宁良庆警方;该分局,True,,,ev-00309;ev-01640;ev-01642;ev-01643;ev-01644;ev-01646;ev-01647,"广西南宁市公安局良庆分局微信公众号“良庆警方”4月29日发布情况通报称,4月18日,一名初中女生在良庆大道某小区旁,被多人欺负殴打。接到报警后,我分局立即开展调查处理,依法对涉案的8人作出行政拘留等处 ||| 一初中女生被多人欺负殴打,广西南宁良庆警方:依法对涉案8人作出行拘等处罚 情况通报 4月18日,一名初中女生在良庆大道某小区旁,被多人欺负殴打。接到报警后,我分局立即开展调查处理, 依法对涉案的8人作 ||| 一初中女生被多人欺负殴打,广西南宁良庆警方:依法对涉案8人作出行拘等处罚 情况通报 4月18日,一名初中女生在良庆大道某小区旁,被多人欺负殴打。接到报警后,我分局立即开展调查处理,依法对涉案的8人作出 ||| 新京报讯 4月29日,良庆警方官微发布情况通报。全文如下: 4月18日,一名初中女生在良庆大道某小区旁,被多人欺负殴打。接到报警后,我分局立即开展调查处理,依法 对涉案的8人作出行政拘留等处罚 ,相关 ||| 新京报讯 4月29日,良庆警方官微发布情况通报。全文如下: 4月18日,一名初中女生在良庆大道某小区旁,被多人欺负殴打。接到报警后,我分局立即开展调查处理,依法 对涉案的8人作出行政拘留等处罚 ,相关 ||| + 关注 记者今天(4月29日)从南宁市公安局良庆分局了解到,4月18日,一名初中女生在良庆大道某小区旁被多人欺负殴打。接到报警后,该分局立即开展调查处理,依法对涉案的8人作出行政拘留等处罚,相关工作 ||| 日前,网上有视频显示,广西南宁发生一起疑似校园欺凌事件。 4月29日,南宁市公安局良庆分局发布情况通报:4月18日,一名初中女生在良庆大道某小区旁,被多人欺负殴打。接到报警后,我分局立即开展调查处理,",social_media ||| mainstream_news ||| mainstream_news ||| mainstream_news ||| mainstream_news ||| mainstream_news ||| mainstream_news,https://m.szhgh.com/Article/news/politics/2024-04-30/351861.html ||| https://m.sohu.com/a/775464778_121123770 ||| https://m.thepaper.cn/newsDetail_forward_27220924 ||| https://news.sina.com.cn/o/2024-04-29/doc-inatpers9551684.shtml ||| https://www.sohu.com/a/775203843_114988 ||| https://new.qq.com/rain/a/20240429A08ZUE00?comment_id=8276428136&media_id=&orig_id=7190710021262463860&suid= ||| https://news.fznews.com.cn/gngj/20240430/jgA2ilKldH.shtml,,,7,silver_candidate,standard_review,0.000,low,low_risk,uncertain,,,,,,,annotator_B,independent_review,annotator_B
E014,LLM_CANON_E014_002,涉案欺凌学生,两名南宁三中初中部五象校区学生以归还手机为由将一名学生带至校外附近地点，并协同多名外校学生对其欺负、殴打、羞辱和录像。,negative,证据反复描述两名本校学生诱导受害学生离校，并与多名外校学生实施欺凌、殴打和录制视频的行为。,SC_E014_002,两名学生;多名外校学生;一群同学;施暴者;涉案8人,True,,,ev-00301;ev-00302;ev-00303;ev-00304;ev-00306;ev-00307;ev-00308;ev-00322;ev-00324;ev-01636;ev-01639,"河北邯郸霸凌事件未过,南宁三中初中部五象校区又发生恶性霸凌事件。据央视新闻报道,4月18日下午放学后,南宁三中初中部五象校区的两名学生以归还手机为由,带另一名学生至附近一公园,协同多名外校学生对该学生 ||| 日前,网上有视频显示,广西南宁发生一起疑似校园欺凌事件。记者多方采访了解并证实,该视频内容为4月18日南宁三中初中部五象校区学生在校外遭遇的一起欺凌事件。 据了解,4月18日下午放学后,南宁三中初中部 ||| 日前,网上有视频显示,广西南宁发生一起疑似校园欺凌事件。记者多方采访了解并证实,该视频内容为4月18日南宁三中初中部五象校区学生在校外遭遇的一起欺凌事件。 据了解,4月18日下午放学后,南宁三中初中部 ||| 据央视新闻,日前,网上有视频显示,广西南宁发生一起疑似校园欺凌事件。记者多方采访了解并证实,该视频内容为4月18日南宁三中初中部五象校区学生在校外遭遇的一起欺凌事件。 据了解,4月18日下午放学后,南 ||| 南宁三中的校园内,阳光透过繁茂的树叶,洒在两个学生的脸上。他们以归还手机为由,诱导一名无辜的学生跟随他们走出校门,走向了附近的一个公园。 ||| 视频加载中... 第二章:校园外的暴行 经过记者的深入采访和核实,确认视频所记录的是4月18日南宁三中初中部五象校区的一名学生在校园外遭受的欺凌情况。那天下午放学后,两名学生以还手机为借口,引导一名同 ||| 2024年4月18日,南宁三中初中部五象校区,一名女生在同学的欺骗下,前往公园,毫无戒备地踏入了陷阱。 2. 霸凌的噩梦 公园里,女生遭到了一群同学的围攻和羞辱,暴行被录制成视频,并在网络上迅速传播, ||| 日前,网上有视频显示,广西南宁发生一起疑似校园欺凌事件。记者多方采访了解并证实,该视频内容为4月18日南宁三中初中部五象校区学生在校外遭遇的一起欺凌事件。 据了解,4月18日下午放学后,南宁三中初中部 ||| 4月29日,央视新闻报道了南宁某中学多名学生对一女生进行了强扒女生衣服、裤子,扯头发拖行,按在地上轮流踩踏,同时还录制视频的校园霸凌事件。 ||| 日前,网上有视频显示,广西南宁发生一起疑似校园欺凌事件。记者多方采访了解并证实,该视频内容为4月18日南宁三中初中部五象校区学生在校外遭遇的一起欺凌事件。 据了解,4月18日下午放学后,南宁三中初中部 ||| 日前,网上有视频显示,广西南宁发生一起疑似校园欺凌事件。记者多方采访了解并证实,该视频内容为4月18日南宁三中初中部五象校区学生在校外遭遇的一起欺凌事件。据了解,4月18日下午放学后,南宁三中初中部五",social_media ||| public_web ||| mainstream_news ||| mainstream_news ||| social_media ||| social_media ||| social_media ||| public_web ||| social_media ||| mainstream_news ||| mainstream_news,https://www.toutiao.com/article/7363503429732074024/ ||| https://www.mnsac.com/uxceavIINM.html ||| https://news.dayoo.com/society/202404/29/140000_54663434.htm ||| https://www.jiemian.com/article/11122766.html ||| https://www.toutiao.com/article/7363511261164503578/ ||| https://www.toutiao.com/article/7363839141966135859/ ||| https://m.toutiao.com/article/7363567308901712395/ ||| http://www.zmzulin.com/article/20240427_199298.html ||| https://www.toutiao.com/article/7363285347809575424/ ||| https://finance.sina.com.cn/jjxw/2024-04-29/doc-inatnyit2869871.shtml ||| https://www.thepaper.cn/newsDetail_forward_27211168,,,8,silver_candidate,standard_review,0.000,low,low_risk,uncertain,,,,,,,annotator_B,independent_review,annotator_B
E014,LLM_CANON_E014_003,被欺凌初中女生,在4月18日放学后被诱导至校外，在良庆大道某小区旁或附近公园遭多人欺负殴打、围攻羞辱，相关暴行被录制并传播。,negative,多条证据均指向同一名受害女生在校外遭多人欺凌、殴打并被录像传播的遭遇。,SC_E014_003,一名初中女生;一名无辜的女生;另一名学生;该学生;初中女孩,True,,,ev-00300;ev-00301;ev-00302;ev-00303;ev-00304;ev-00308;ev-00309;ev-00324;ev-01640;ev-01642;ev-01643;ev-01646,"4月18日,发生在广西南宁三中初中部五象校区的一起校园欺凌事件,如同一场黑色风暴,迅速席卷了网络,触动了社会的敏感神经。事件的主人公是一名无辜的女生,她的遭遇,不仅暴露了校园暴力的残酷,更折射出当前社 ||| 河北邯郸霸凌事件未过,南宁三中初中部五象校区又发生恶性霸凌事件。据央视新闻报道,4月18日下午放学后,南宁三中初中部五象校区的两名学生以归还手机为由,带另一名学生至附近一公园,协同多名外校学生对该学生 ||| 日前,网上有视频显示,广西南宁发生一起疑似校园欺凌事件。记者多方采访了解并证实,该视频内容为4月18日南宁三中初中部五象校区学生在校外遭遇的一起欺凌事件。 据了解,4月18日下午放学后,南宁三中初中部 ||| 日前,网上有视频显示,广西南宁发生一起疑似校园欺凌事件。记者多方采访了解并证实,该视频内容为4月18日南宁三中初中部五象校区学生在校外遭遇的一起欺凌事件。 据了解,4月18日下午放学后,南宁三中初中部 ||| 据央视新闻,日前,网上有视频显示,广西南宁发生一起疑似校园欺凌事件。记者多方采访了解并证实,该视频内容为4月18日南宁三中初中部五象校区学生在校外遭遇的一起欺凌事件。 据了解,4月18日下午放学后,南 ||| 2024年4月18日,南宁三中初中部五象校区,一名女生在同学的欺骗下,前往公园,毫无戒备地踏入了陷阱。 2. 霸凌的噩梦 公园里,女生遭到了一群同学的围攻和羞辱,暴行被录制成视频,并在网络上迅速传播, ||| 广西南宁市公安局良庆分局微信公众号“良庆警方”4月29日发布情况通报称,4月18日,一名初中女生在良庆大道某小区旁,被多人欺负殴打。接到报警后,我分局立即开展调查处理,依法对涉案的8人作出行政拘留等处 ||| 4月29日,央视新闻报道了南宁某中学多名学生对一女生进行了强扒女生衣服、裤子,扯头发拖行,按在地上轮流踩踏,同时还录制视频的校园霸凌事件。 ||| 一初中女生被多人欺负殴打,广西南宁良庆警方:依法对涉案8人作出行拘等处罚 情况通报 4月18日,一名初中女生在良庆大道某小区旁,被多人欺负殴打。接到报警后,我分局立即开展调查处理, 依法对涉案的8人作 ||| 一初中女生被多人欺负殴打,广西南宁良庆警方:依法对涉案8人作出行拘等处罚 情况通报 4月18日,一名初中女生在良庆大道某小区旁,被多人欺负殴打。接到报警后,我分局立即开展调查处理,依法对涉案的8人作出 ||| 新京报讯 4月29日,良庆警方官微发布情况通报。全文如下: 4月18日,一名初中女生在良庆大道某小区旁,被多人欺负殴打。接到报警后,我分局立即开展调查处理,依法 对涉案的8人作出行政拘留等处罚 ,相关 ||| + 关注 记者今天(4月29日)从南宁市公安局良庆分局了解到,4月18日,一名初中女生在良庆大道某小区旁被多人欺负殴打。接到报警后,该分局立即开展调查处理,依法对涉案的8人作出行政拘留等处罚,相关工作",social_media ||| social_media ||| public_web ||| mainstream_news ||| mainstream_news ||| social_media ||| social_media ||| social_media ||| mainstream_news ||| mainstream_news ||| mainstream_news ||| mainstream_news,https://www.toutiao.com/article/7364311323125334580/ ||| https://www.toutiao.com/article/7363503429732074024/ ||| https://www.mnsac.com/uxceavIINM.html ||| https://news.dayoo.com/society/202404/29/140000_54663434.htm ||| https://www.jiemian.com/article/11122766.html ||| https://m.toutiao.com/article/7363567308901712395/ ||| https://m.szhgh.com/Article/news/politics/2024-04-30/351861.html ||| https://www.toutiao.com/article/7363285347809575424/ ||| https://m.sohu.com/a/775464778_121123770 ||| https://m.thepaper.cn/newsDetail_forward_27220924 ||| https://news.sina.com.cn/o/2024-04-29/doc-inatpers9551684.shtml ||| https://new.qq.com/rain/a/20240429A08ZUE00?comment_id=8276428136&media_id=&orig_id=7190710021262463860&suid=,,,10,silver_candidate,standard_review,0.000,low,low_risk,uncertain,,,,,,,annotator_B,independent_review,annotator_B
E014,LLM_CANON_E014_004,网络公众和媒体评论者,将该事件视为恶性校园霸凌或校园暴力，表达震惊、痛心和担忧，认为事件触动社会敏感神经并暴露校园暴力的残酷。,negative,公共社交和论坛类证据使用“黑色风暴”“触动社会的敏感神经”“恶性霸凌”“让人心痛”“轩然大波”等表述，体现对事件的谴责和担忧。,SC_E014_004,网友;社会公众;公共社交平台评论者;媒体评论者,True,,,ev-00300;ev-00301;ev-00320;ev-00323;ev-00325,"4月18日,发生在广西南宁三中初中部五象校区的一起校园欺凌事件,如同一场黑色风暴,迅速席卷了网络,触动了社会的敏感神经。事件的主人公是一名无辜的女生,她的遭遇,不仅暴露了校园暴力的残酷,更折射出当前社 ||| 河北邯郸霸凌事件未过,南宁三中初中部五象校区又发生恶性霸凌事件。据央视新闻报道,4月18日下午放学后,南宁三中初中部五象校区的两名学生以归还手机为由,带另一名学生至附近一公园,协同多名外校学生对该学生 ||| 近日,广西南宁三中初中部五象校区的一则校园霸凌事件在网上引起轩然大波,触动了无数人的神经。这是怎么一回事呢? ||| 信息源:本文陈述所有内容皆有可靠信息来源赘述在文章结尾校园霸凌,这个让人心痛的话题,总是不时地出现在我们的视线中。在广西南宁五象校区三中初中部,一名初中女孩被同学霸凌,施暴者更是展现了与年龄完全不符的 ||| 地狱空荡荡,恶魔在人间。 邯郸事件 刚落下不久,校园霸凌风波又来了。 这一次不是远在天边,而是近在身边。事出的学校“ 南宁三中 ”是本市一所百年名校,想当年为了女儿能跻身名校,差一点就买了南宁三中五象",social_media ||| social_media ||| social_media ||| social_media ||| forum,https://www.toutiao.com/article/7364311323125334580/ ||| https://www.toutiao.com/article/7363503429732074024/ ||| https://www.toutiao.com/article/7363605978396508672/ ||| https://www.toutiao.com/article/7363681928232305186/ ||| https://zhuanlan.zhihu.com/p/695675827,,,2,silver_candidate,standard_review,0.000,low,low_risk,uncertain,,,,,,,annotator_B,independent_review,annotator_B
E015,LLM_CANON_E015_001,邯郸市肥乡区委员会宣传部,通过官方微信公众号发布通报，说明2024年3月10日肥乡区初一学生王某某被杀害，并称案件发生后肥乡区高度重视。,neutral,多条证据均提到肥乡区委员会宣传部官方微信公众号“微观肥乡”于17日晚发布通报，披露案件基本情况并表示肥乡区高度重视。,SC_E015_001,肥乡区委员会宣传部;微观肥乡;肥乡区官方微信公众号“微观肥乡”;肥乡区相关部门,True,,,ev-00326;ev-00329;ev-00330;ev-00333;ev-00347;ev-00348,"邯郸市肥乡区委员会宣传部的官方微信公众号“微观肥乡”17日晚间发布通报:2024年3月10日,邯郸市肥乡区初一学生王某某被杀害。案件发生后,肥乡区高度重视,公安机关立即开展侦破工作。3月11日,涉案犯 ||| 邯郸市肥乡区委员会宣传部的官方微信公众号“微观肥乡”17日晚间发布通报:2024年3月10日,邯郸市肥乡区初一学生王某某被杀害。案件发生后,肥乡区高度重视,公安机关立即开展侦破工作。3月11日,涉案犯 ||| 邯郸市肥乡区委员会宣传部的官方微信公众号“微观肥乡”17日晚间发布通报:2024年3月10日,邯郸市肥乡区初一学生王某某被杀害。案件发生后,肥乡区高度重视,公安机关立即开展侦破工作。3月11日,涉案犯 ||| 新京报讯 据微观肥乡官微消息,2024年3月10日,邯郸市肥乡区初一学生王某某被杀害。案件发生后,肥乡区高度重视,公安机关立即开展侦破工作。3月11日,涉案犯罪嫌疑人被全部抓获,现已依法采取刑事强制措 ||| 近日,邯郸市肥乡区发生了一起令人痛心的案件,一名初中生不幸遇害。肥乡区委员会宣传部通过其官方微信公众号“微观肥乡”于17日晚间发布通报,向公众详细说明了案件的情况及后续处理进展。 通报指出,2024年 ||| 邯郸市肥乡区委员会宣传部的官方微信公众号“微观肥乡”17日晚间发布通报:2024年3月10日,邯郸市肥乡区初一学生王某某被杀害。案件发生后,肥乡区高度重视,公安机关立即开展侦破工作。3月11日,涉案犯",social_media ||| social_media ||| social_media ||| mainstream_news ||| social_media ||| social_media,https://cn.chinadaily.com.cn/a/202403/18/WS65f78960a3109f7860dd5c49.html ||| http://www.nmgcb.com.cn/shehui/r-280693.html ||| http://news.jcrb.com/jsxw/2024/202403/t20240318_6351946.html ||| https://finance.sina.cn/2024-03-17/detail-inanrwwi1956324.d.html ||| https://www.toutiao.com/article/7348283749471158823 ||| https://www.toutiao.com/article/7347351886246281769/,,,5,silver_candidate,standard_review,0.000,low,low_risk,uncertain,,,,,,,annotator_B,independent_review,annotator_B
E015,LLM_CANON_E015_002,肥乡区公安机关,案件发生后立即开展侦破工作，并于3月11日抓获全部涉案犯罪嫌疑人，依法采取刑事强制措施。,neutral,官方通报及转述报道显示，肥乡区公安机关立即侦破，涉案犯罪嫌疑人于3月11日全部被抓获并被依法采取刑事强制措施。,SC_E015_002,公安机关;当地警方;肥乡区警方,True,,,ev-00326;ev-00329;ev-00330;ev-00331;ev-00332;ev-00333;ev-00348,"邯郸市肥乡区委员会宣传部的官方微信公众号“微观肥乡”17日晚间发布通报:2024年3月10日,邯郸市肥乡区初一学生王某某被杀害。案件发生后,肥乡区高度重视,公安机关立即开展侦破工作。3月11日,涉案犯 ||| 邯郸市肥乡区委员会宣传部的官方微信公众号“微观肥乡”17日晚间发布通报:2024年3月10日,邯郸市肥乡区初一学生王某某被杀害。案件发生后,肥乡区高度重视,公安机关立即开展侦破工作。3月11日,涉案犯 ||| 邯郸市肥乡区委员会宣传部的官方微信公众号“微观肥乡”17日晚间发布通报:2024年3月10日,邯郸市肥乡区初一学生王某某被杀害。案件发生后,肥乡区高度重视,公安机关立即开展侦破工作。3月11日,涉案犯 ||| “微观肥乡”17日发布通报:3月10日,邯郸市肥乡区初一学生王某某被杀害。案件发生后,肥乡区公安机关立即开展侦破工作。3月11日,涉案犯罪嫌疑人被全部抓获,现已依法采取刑事强制措施。司法机关将对犯罪行 ||| 在这个平静的小县城,一场骇人听闻的惨剧发生了,一名初一学生王某某竟然被残忍地杀害。这一消息震惊了整个社会,引起了人们的广泛关注。 警方紧急介入,抓获犯罪嫌疑人 面对这一恶性案件,当地警方迅速行动,高度 ||| 新京报讯 据微观肥乡官微消息,2024年3月10日,邯郸市肥乡区初一学生王某某被杀害。案件发生后,肥乡区高度重视,公安机关立即开展侦破工作。3月11日,涉案犯罪嫌疑人被全部抓获,现已依法采取刑事强制措 ||| 邯郸市肥乡区委员会宣传部的官方微信公众号“微观肥乡”17日晚间发布通报:2024年3月10日,邯郸市肥乡区初一学生王某某被杀害。案件发生后,肥乡区高度重视,公安机关立即开展侦破工作。3月11日,涉案犯",social_media ||| social_media ||| social_media ||| official ||| social_media ||| mainstream_news ||| social_media,https://cn.chinadaily.com.cn/a/202403/18/WS65f78960a3109f7860dd5c49.html ||| http://www.nmgcb.com.cn/shehui/r-280693.html ||| http://news.jcrb.com/jsxw/2024/202403/t20240318_6351946.html ||| http://fzsx.gov.cn/sx/fcsh/80475.htm ||| https://www.toutiao.com/article/7347336825310249522 ||| https://finance.sina.cn/2024-03-17/detail-inanrwwi1956324.d.html ||| https://www.toutiao.com/article/7347351886246281769/,,,6,silver_candidate,standard_review,0.000,low,low_risk,uncertain,,,,,,,annotator_B,independent_review,annotator_B
E017,LLM_CANON_E017_001,绍兴市第一中学,学校发布情况通报，称经调查确认通用技术教师徐某在课堂上发表不当言论、违反教师职业行为准则，并对其作出停止教学工作、调离教学岗位、给予警告处分等处理。,negative,多条证据均显示绍兴市第一中学于5月27日发布通报，调查确认徐某课堂不当言论，并公布停止教学、调离岗位、警告处分等处理结果。,SC_E017_001,浙江绍兴市第一中学;绍兴一中;该校;学校党委;校方,True,,,ev-00403;ev-00404;ev-00405;ev-00406;ev-00407;ev-00408;ev-00409;ev-00411;ev-00412;ev-00423;ev-00424;ev-00425,"5月27日,绍兴市第一中学发布情况通报: 5月26日,网传该校一名通用技术教师徐某在课堂上发表与教师形象不符的言论。经调查,该教师存在在课堂上发表不当言论的现象,违反了《新时代中小学教师职业行为十项准 ||| 5月27日,绍兴市第一中学发布情况通报: 5月26日,网传该校一名通用技术教师徐某在课堂上发表与教师形象不符的言论。经调查,该教师存在在课堂上发表不当言论的现象,违反了《新时代中小学教师职业行为十项准 ||| 5月27日,浙江绍兴市第一中学通报,5月26日,网传该校一名通用技术教师徐某在课堂上发表与教师形象不符的言论。经调查,该教师存在在课堂上发表不当言论的现象,违反了《新时代中小学教师职业行为十项准则》之 ||| 00:00 / 00:00 720P 5月27日,绍兴一中通报课上发表不当言论的教师处理结果,调离教学岗位,并给予警告处分 ||| 5月27日,浙江绍兴市第一中学通报:5月26日,网传该校一名通用技术教师徐某在课堂上发表与教师形象不符的言论。经调查, 该教师存在在课堂上发表不当言论的现象, 违反了 《新时代中小学教师职业行为十项准 ||| 绍兴市第一中学于5月27日公布了一则情况通报。通报指出,前一天网络上传出该校一名通用技术教师徐某在授课过程中发表了与其教师身份不相称的言论。经过校方调查,确认该教师确实在课堂上有不当言论的行为,这违反 ||| 5月27日,绍兴市第一中学发布情况通报:5月26日,网传我校一名通用技术教师徐某在课堂上发表与教师形象不符的言论。经调查,该教师存在在课堂上发表不当言论的现象,违反了《新时代中小学教师职业行为十项准则 ||| 来源 | 微泰州微信公众号(wtz0523)编校 | 刘婉儿 审核 | 陈宁 马响响5月27日浙江绍兴市第一中学通报5月26日,有消息称该校一名通用技术教师徐某在课堂上发表与教师形象不符的言论。经调查 ||| 5月27日,浙江绍兴市第一中学通报:5月26日,网传该校一名通用技术教师徐某在课堂上发表与教师形象不符的言论。经调查,该教师存在在课堂上发表不当言论的现象,违反了《新时代中小学教师职业行为十项准则》之 ||| 近日,浙江绍兴市第一中学发生了一起教师不当言论事件,引起了社会广泛关注。据通报,该校一名通用技术教师在课堂上发表了与教师形象不符的言论,经调查确认后,学校党委决定立即停止该教师的教学工作,并调离教学岗 ||| 海报新闻首席记者 陈洋洋 报道 近日,绍兴市一名中学教师因在课堂上发表不当言论引发关注。事发后,绍兴市第一中学调查后发布情况通报,对其进行处分,停止教学工作,调离教学岗位,给予警告处分。 5月27日, ||| 近日,绍兴市一名中学教师因在课堂上发表不当言论引发关注。事发后,绍兴市第一中学调查后发布情况通报,对其进行处分,停止教学工作,调离教学岗位,给予警告处分。 5月27日,绍兴市第一中学发布情况通报。",public_web ||| mainstream_news ||| mainstream_news ||| mainstream_news ||| mainstream_news ||| mainstream_news ||| mainstream_news ||| social_media ||| social_media ||| social_media ||| mainstream_news ||| mainstream_news,https://news.bjd.com.cn/2024/05/27/10786174.shtml ||| https://finance.sina.com.cn/jjxw/2024-05-27/doc-inawsinm3772277.shtml ||| https://finance.sina.com.cn/jjxw/2024-05-27/doc-inawsins2436071.shtml ||| https://new.qq.com/rain/a/20240528V01KP000?media_id=&suid= ||| https://m.sohu.com/a/781913749_121434698/?pvid=000115_3w_a ||| https://news.china.com/socialgd/10000169/20240527/46600089.html ||| https://edu.sina.com.cn/zxx/2024-05-28/doc-inawustw1861399.shtml ||| https://www.163.com/dy/article/J39UU06S05453LIT.html ||| https://www.163.com/dy/article/J37P9S3J0514DTS9.html ||| https://www.toutiao.com/article/7373666358124413476/ ||| https://new.qq.com/rain/a/20240528A02M9P00 ||| https://m.thepaper.cn/newsDetail_forward_27534592,,,9,silver_candidate,standard_review,0.000,low,low_risk,uncertain,,,,,,,annotator_B,independent_review,annotator_B
E019,LLM_CANON_E019_001,受影响的北京美吉姆家长/消费者,家长反映北京多家美吉姆门店关停后，孩子无法正常上课，预付的上万元课时费或高额学费难以退还，并通过投诉等方式要求退款、解除合约或维权。,negative,多条证据显示家长称预付课时费无处可退、剩余课程无法消耗；西直门中心投诉明确称“撤店跑路、高额学费无人处理”，黑猫投诉条目也列出退款、解除合约等要求。,SC_E019_001,家长;孩子家长;消费者;北京美吉姆家长;西直门中心消费者,True,,,ev-00458;ev-00461;ev-01677;ev-01678;ev-01680;ev-01685;ev-01689,"近日,美吉姆北京多家分店被曝关店停业,家长上万元课时费无处可退。2023年12月31日,美吉姆(中国)总部发布声明称,目前美吉姆(中国)仍然积极寻求各种措施支持加盟中心继续经营,并督促闭店、并店的美吉 ||| 标题:北京美吉姆西直门中心撤店跑路,高额学费无人处理 我于2023年12月23号在北京美吉姆西直门中心店(公司主体为:美智美呈教育科技(北京)有限公司)为孩子报名了56节的早教课程,缴费金额为1080 ||| 投诉编号: 17357455739 投诉问题: 退款问题,诱导消费,虚假宣传,霸王条款,费用问题,发票问题 投诉要求: 退款 涉诉金额: 24800元 投诉进度: 已回复 0 0 0 微博 微信 QQ ||| 投诉编号: 17371203660 投诉问题: 退款问题,霸王条款 投诉要求: 退款,解除合约 涉诉金额: 7670元 投诉进度: 投诉已完成 1 1 0 微博 微信 QQ QQ空间 黑猫消费者服务平 ||| 12月26日,早教机构美吉姆北京多家分店被曝关店停业,涉及常营华联中心店、昌平悦荟、清河万象汇、望京等店。不少家长表示,先前曾为孩子报了长期课程,预付费用多在上万元,关停之后,孩子无法正常上课,剩余的 ||| 北京美吉姆西直门中心撤店跑路,高额学费无人处理 我于2023年4月左右在北京美吉姆西直门中心店(公司主体为:美智美呈教育科技(北京)有限公司)为孩子报名了90节(其中主课72节,赠课6节,及8周年内购 ||| 人阅读 2024-01-03发布 来源:DONEWS 相关关键词 2023年12月26日,美吉姆北京多家分店被曝关店停业。有孩子家长反映,北京姚家园万象汇中心美吉姆店,前一天还在热热闹闹举办活动,第二",mainstream_news ||| public_web ||| social_media ||| social_media ||| social_media ||| public_web ||| public_web,https://finance.sina.com.cn/chanjing/wddc/2024-01-04/doc-inaaimzf6347381.shtml ||| https://m.xfb315.com/tousu/96611782 ||| https://tousu.sina.cn/complaint/view/17357455739 ||| https://tousu.sina.cn/complaint/view/17371203660/ ||| https://www.toutiao.com/article/7318272005051236904/ ||| https://m.xfb315.com/tousu/96633923 ||| https://news.fromgeek.com/latest/145412.html,,,5,silver_candidate,standard_review,0.000,low,low_risk,uncertain,,,,,,,annotator_B,independent_review,annotator_B
E019,LLM_CANON_E019_002,美吉姆北京多家门店,北京多家美吉姆门店被曝突然闭店停业或暂停营业，部分家长称此前仍在正常上课或举办活动，闭店缺乏充分沟通。,negative,证据集中描述北京数家门店近日闭店停业、暂停营业，涉及常营、昌平悦荟、清河万象汇、望京、西直门、姚家园万象汇等门店；有爆料称家长突然收到闭店信息，甚至前一天仍有活动或正常上课。,SC_E019_002,北京美吉姆早教机构线下多家门店;美吉姆北京多家分店;常营华联中心店;昌平悦荟店;清河万象汇店;望京店;西直门中心;姚家园万象汇美吉姆,True,,,ev-00457;ev-00458;ev-00460;ev-01680;ev-01681;ev-01682;ev-01689,"来源:【海报新闻】海报新闻记者 田柳 北京报道知名早教机构美吉姆数家北京门店近日闭店停业,有门店负责人已处于失联状态。12月26日,海报新闻记者 ||| 近日,美吉姆北京多家分店被曝关店停业,家长上万元课时费无处可退。2023年12月31日,美吉姆(中国)总部发布声明称,目前美吉姆(中国)仍然积极寻求各种措施支持加盟中心继续经营,并督促闭店、并店的美吉 ||| 近期 有网友爆称 北京美吉姆早教机构要跑路 线下多家门店已关闭 北京西直门 望京凯德 姚家园万象汇 周二一大早收到姚家园万象汇美吉姆闭店消息,准确的说,是看到排课的朋友圈,甚至连一句沟通都没有。有没有 ||| 12月26日,早教机构美吉姆北京多家分店被曝关店停业,涉及常营华联中心店、昌平悦荟、清河万象汇、望京等店。不少家长表示,先前曾为孩子报了长期课程,预付费用多在上万元,关停之后,孩子无法正常上课,剩余的 ||| $万科A(SZ000002)$ 知名早教机构美吉姆数家北京门店近日闭店停业,有门店负责人已处于失联状态。 12月26日,海报新闻记者从一名家长处了解到,美吉姆北京清河万象汇店12月24日仍在正常上课, ||| 各位亲:近日,不少网友爆料:美吉姆早教机构多家线下门店突然关闭,家长们纷纷收到闭店信息。昌平悦荟中心店、龙德广场店:西直门中心:美吉姆田村京粮广场店:清河万象汇店已显示暂停营业:美吉姆姚家园万象汇分店 ||| 人阅读 2024-01-03发布 来源:DONEWS 相关关键词 2023年12月26日,美吉姆北京多家分店被曝关店停业。有孩子家长反映,北京姚家园万象汇中心美吉姆店,前一天还在热热闹闹举办活动,第二",social_media ||| mainstream_news ||| social_media ||| social_media ||| mainstream_news ||| social_media ||| public_web,https://www.toutiao.com/article/7317265310413980198/ ||| https://finance.sina.com.cn/chanjing/wddc/2024-01-04/doc-inaaimzf6347381.shtml ||| https://www.163.com/dy/article/INA95DAD0552233K.html ||| https://www.toutiao.com/article/7318272005051236904/ ||| https://wglh.com/stock/comment/2715115/ ||| https://www.163.com/dy/article/INKRN4VA0552UKTC.html ||| https://news.fromgeek.com/latest/145412.html,,,5,silver_candidate,standard_review,0.000,low,low_risk,uncertain,,,,,,,annotator_B,independent_review,annotator_B
E019,LLM_CANON_E019_006,部分北京美吉姆门店负责人,部分北京美吉姆门店负责人被报道已处于失联状态。,negative,海报新闻相关转载和财经评论均提到知名早教机构美吉姆数家北京门店闭店停业，且有门店负责人已处于失联状态。,SC_E019_006,门店负责人;有门店负责人,True,,,ev-00457;ev-01681,"来源:【海报新闻】海报新闻记者 田柳 北京报道知名早教机构美吉姆数家北京门店近日闭店停业,有门店负责人已处于失联状态。12月26日,海报新闻记者 ||| $万科A(SZ000002)$ 知名早教机构美吉姆数家北京门店近日闭店停业,有门店负责人已处于失联状态。 12月26日,海报新闻记者从一名家长处了解到,美吉姆北京清河万象汇店12月24日仍在正常上课,",social_media ||| mainstream_news,https://www.toutiao.com/article/7317265310413980198/ ||| https://wglh.com/stock/comment/2715115/,,,2,silver_candidate,standard_review,0.000,low,low_risk,uncertain,,,,,,,annotator_B,independent_review,annotator_B
E020,LLM_CANON_E020_001,成都七中实验学校学生家长,反映并曝光成都七中实验学校小学部食堂疑似存在食品发霉变质、过期食材加工和食堂管理问题，质疑食堂管理并担忧孩子健康。,negative,多条证据显示家长于3月12日反映食堂食品质量问题，网上发帖/爆料称食堂疑似使用过期变质食物，提供照片显示疑似霉变，并在事件中质疑食堂管理、担忧孩子健康。,SC_E020_001,部分学生家长;多名家长;家长们;成都七中实验学校小学部学生家长,True,,,ev-00478;ev-00480;ev-01691;ev-01697;ev-01698;ev-01699;ev-01700;ev-01703,"诱因: 2018年3月8日是周五,成都七中实验学校的学生们午饭后陆续回家。这时多位该校学生家长致电红星新闻记者并告诉记者,该校四年级一班的6名同学出现呕吐、肚子疼等症状,在家长的微信群中引起关注。10 ||| 3月12日下午,部分学生家长反映成都七中实验学校小学部食堂食品质量问题,该事件迅速在网上发酵,引起广泛的讨论。 ||| 3月12日,部分学生家长反映成都七中实验学校食堂有关问题。教育厅对此高度重视,立即派出工作组前往成都七中实验学校会同成都市教育局进行核查处置,有关调查核实和相关工作跟进情况,将及时通报。同时,已要求各 ||| 识别二维码进入报名通道 3月12日,有多名学生家长反映成都七中实验学校食堂材料有发霉、变质的情况。网 3月12日,有多名学生家长反映成都七中实验学校食堂材料有发霉、变质的情况。网络中晒出的照片内可见食 ||| 针对成都七中实验学校小学部学生家长近日反映的食堂食品发霉变质问题,成都市温江区人民政府新闻办公室13日在官方微博通报称,温江区相关部门及时赶赴学校进行处理。目前,区市场监管局已对食品原料封存并送检,结 ||| 3月12日晚,多名家长在微博上发帖表示自家孩子就读的成都七中实验学校小学部食堂,疑似使用过期变质的食物进行加工。家长们提供给上游新闻记者的图片显示,部分食物出现了疑似霉变等情况,食堂中也有大量的添加剂 ||| 3月12日,多名家长在网上爆料自家孩子就读的成都七中实验学校小学部食堂,疑似使用过期变质的食物进行加工。从家长提供的照片显示,食堂内部脏乱不堪,很多食物出现发霉的现象。 从曝光看,该学校的校园餐,给孩 ||| 温江区区长马烈红介绍成都七中实验学校食堂管理问题相关情况 各位媒体朋友: 近期,因成都七中实验学校食堂问题引发了学生家长到学校集中反映,质疑食堂的管理,担忧孩子的健康,影响了很多孩子和家长的正常学习生",mainstream_news ||| social_media ||| official ||| public_web ||| social_media ||| social_media ||| forum ||| mainstream_news,http://www.ghdb.cn/index.php/portal/article/index/id/8/cid/landmark.html ||| https://www.toutiao.com/article/6668198751787549191/ ||| https://www.sc.gov.cn/10462/10464/13722/2019/3/13/70340e568b8f48a8ac44b1baab4c4c1f.shtml ||| https://ishare.ifeng.com/c/s/7l0vfAukpHl ||| http://views.ce.cn/view/ent/201903/15/t20190315_31684731.shtml ||| https://news.163.com/19/0313/22/EA6DAI2N0001899N.html ||| https://zhuanlan.zhihu.com/p/59302998 ||| https://news.sina.com.cn/c/2019-03-17/doc-ihsxncvh3218342.shtml,,,8,silver_candidate,standard_review,0.000,low,low_risk,uncertain,,,,,,,annotator_B,independent_review,annotator_B
E020,LLM_CANON_E020_002,广大网民,对网传学校给学生吃腐烂发霉食品感到愤怒，并围绕事件及相关问题进行广泛讨论和关注。,negative,证据称网络媒体上网民情绪起伏，最初因看到网传学校给学生吃腐烂发霉食品而愤怒；另有证据称事件迅速在网上发酵，引起广泛讨论。,SC_E020_002,网民;网友;网络舆论,True,,,ev-00477;ev-00480;ev-01704,"2019 年 3 月 12 日 至 17 日,在这短短六天之内,网络媒体上围绕着成都七中实验学校食堂事件,广大网民的情绪犹如过山车似的奔涌起伏,网民从最初看到网上流传的学校给学生吃腐烂发霉食品的愤怒, ||| 3月12日下午,部分学生家长反映成都七中实验学校小学部食堂食品质量问题,该事件迅速在网上发酵,引起广泛的讨论。 ||| “成都七中实验学校食堂管理问题” 事件经过究竟是怎样的? 网上流传的图片是否真实? 家长卧底、维权跳楼是否真有发生? 食堂食材取样调查结果如何? ...... 这些网友关心的问题 今日召开的 成都七中",public_web ||| social_media ||| mainstream_news,https://ltxc.cqnu.edu.cn/info/1138/6864.htm ||| https://www.toutiao.com/article/6668198751787549191/ ||| https://www.sohu.com/a/301871336_100160824,,,3,silver_candidate,standard_review,0.000,low,low_risk,uncertain,,,,,,,annotator_B,independent_review,annotator_B
E020,LLM_CANON_E020_003,四川省教育厅,对成都七中实验学校食堂问题高度重视，立即派出工作组前往学校，会同成都市教育局进行核查处置，并表示将及时通报调查核实和后续工作情况。,neutral,官方通报显示，3月12日家长反映问题后，教育厅高度重视，立即派工作组到校会同成都市教育局核查处置，并承诺及时通报进展。,SC_E020_003,教育厅;四川教育厅,True,,,ev-00486;ev-01691;ev-01693;ev-01696,"您当前的位置 : 中国宁波网 > 甬上观潮 > 辣评原创 保学校食堂食品安全 不妨引入家长巡查 玫昆仑 3月12日,部分学生家长反映成都七中实验学校食堂有关问题。教育厅对此高度重视,立即派出工作组前 ||| 3月12日,部分学生家长反映成都七中实验学校食堂有关问题。教育厅对此高度重视,立即派出工作组前往成都七中实验学校会同成都市教育局进行核查处置,有关调查核实和相关工作跟进情况,将及时通报。同时,已要求各 ||| 3月12日,部分学生家长反映成都七中实验学校食堂有关问题。教育厅对此高度重视,立即派出工作组前往成都七中实验学校会同成都市教育局进行核查处置,有关调查核实和相关工作跟进情况,将及时通报。同时,已要求各 ||| 摘要: 食堂食材发霉事件敲响校园食品安全警钟 针对成都七中实验学校小学部学生家长反映的食堂食品发霉变质问题,四川省教育厅13日在官方微信发布情况通报 “食堂食材发霉”事件敲响校园食品安全警钟 针对成都",public_web ||| official ||| mainstream_news ||| public_web,http://opinion.cnnb.com.cn/system/2019/03/15/030036062.shtml ||| https://www.sc.gov.cn/10462/10464/13722/2019/3/13/70340e568b8f48a8ac44b1baab4c4c1f.shtml ||| https://cbgc.scol.com.cn/home/124175 ||| http://www.qingjuwang.com.cn/gd/3432.html,,,4,silver_candidate,standard_review,0.000,low,low_risk,uncertain,,,,,,,annotator_B,independent_review,annotator_B
E020,LLM_CANON_E020_005,成都市温江区政府及相关部门,回应称温江区相关部门已及时赶赴学校处理，区市场监管局对食品原料封存并送检，区长介绍事件经过及事后采取的具体措施。,neutral,温江区政府新闻办通报称相关部门及时赶赴学校处理，区市场监管局封存并送检食品原料；新闻发布会中温江区区长介绍事件经过和采取的措施。,SC_E020_005,温江区人民政府新闻办公室;温江区相关部门;区市场监管局;温江区区长马烈红;成都市温江区政府,True,,,ev-01698;ev-01701;ev-01703,"针对成都七中实验学校小学部学生家长近日反映的食堂食品发霉变质问题,成都市温江区人民政府新闻办公室13日在官方微博通报称,温江区相关部门及时赶赴学校进行处理。目前,区市场监管局已对食品原料封存并送检,结 ||| 图片来源:四川日报 发布会上,温江区区长马烈红就近期成都七中实验学校食堂问题,介绍了事情的具体经过,以及事情发生后采取的具体措施。 2019年3月10日下午学生返校时,成都七中实验学校小学部四年级1班 ||| 温江区区长马烈红介绍成都七中实验学校食堂管理问题相关情况 各位媒体朋友: 近期,因成都七中实验学校食堂问题引发了学生家长到学校集中反映,质疑食堂的管理,担忧孩子的健康,影响了很多孩子和家长的正常学习生",social_media ||| mainstream_news ||| mainstream_news,http://views.ce.cn/view/ent/201903/15/t20190315_31684731.shtml ||| https://finance.sina.com.cn/roll/2019-03-17/doc-ihrfqzkc4566691.shtml ||| https://news.sina.com.cn/c/2019-03-17/doc-ihsxncvh3218342.shtml,,,3,silver_candidate,standard_review,0.000,low,low_risk,uncertain,,,,,,,annotator_B,independent_review,annotator_B
E020,LLM_CANON_E020_006,成都市联合调查组,就成都七中实验学校食堂管理问题举行新闻发布会，回应事件经过、网传图片真实性、家长维权传闻、食材取样调查结果等社会关切。,neutral,多条证据显示3月17日上午成都市联合调查组举行新闻发布会，参与单位包括市场监管、卫健、教育、温江区政府、公安等，并回应网友关心的问题。,SC_E020_006,成都七中实验学校食堂管理问题成都市联合调查组;联合调查组;成都市市场监管局、成都市卫健委、成都市教育局、成都市温江区政府、成都市公安局等单位,True,,,ev-00485;ev-01704;ev-01705;ev-01706,"导读 今天(3月17日)上午10点30分,成都七中实验学校食堂管理问题成都市联合调查组举行新闻发布会,由成都市市场监管局、成都市卫健委、成都市教育局、成都市温江区政府、成都市公安局、四川源坤国科质量检 ||| “成都七中实验学校食堂管理问题” 事件经过究竟是怎样的? 网上流传的图片是否真实? 家长卧底、维权跳楼是否真有发生? 食堂食材取样调查结果如何? ...... 这些网友关心的问题 今日召开的 成都七中 ||| 上午10点30分,成都七中实验学校食堂管理问题成都市联合调查组举行新闻发布会,由成都市市场监管局、成都市卫健委、成都市教育局、成都市温江区政府、成都市公安局、四川源坤国科质量检验有限公司等单位负责人, ||| 今天上午10点30分,成都七中实验学校食堂管理问题成都市联合调查组举行新闻发布会,由成都市市场监管局、成都市卫健委、成都市教育局、成都市温江区政府、成都市公安局、...",forum ||| mainstream_news ||| mainstream_news ||| official,https://zhuanlan.zhihu.com/p/59558895 ||| https://www.sohu.com/a/301871336_100160824 ||| https://www.takefoto.cn/viewnews-1730929.html ||| https://edu.sc.gov.cn/scedu/c100556/2019/3/17/1767dcaee3334a39ab02cb748649a755.shtml,,,4,silver_candidate,standard_review,0.000,low,low_risk,uncertain,,,,,,,annotator_B,independent_review,annotator_B
E021,LLM_CANON_E021_001,无锡虹桥医院,被举报并初步查实涉嫌通过伪造病历、影像报告、诱导虚假住院等方式违规使用医保基金、欺诈骗保。,negative,多条证据称无锡虹桥医院涉嫌骗保，检查发现涉嫌违规使用医保基金2228.4万元，其中涉嫌欺诈骗保1179.2万元，并存在伪造医学文书、影像报告等行为。,SC_E021_001,江苏省无锡虹桥医院;无锡市民营医疗机构无锡虹桥医院;该院;该医院,True,,,ev-00497;ev-00498;ev-00499;ev-00500;ev-01712;ev-01715;ev-01721;ev-01725,"骗保,顾名思义,是医院在医疗报销体系里钻空子,虚报、夸大病情以此牟利。无锡虹桥医院,几乎把这一套路发挥到了极致。 ||| 9月21日,央视新闻报道了无锡市民营医疗机构无锡虹桥医院涉嫌骗保。9月22日凌晨,无锡市医保局发布公告回应,已根据举报线索受理调查、初步查实,并于8月30日行政立案; ||| 江苏省无锡虹桥医院近期因涉嫌欺诈骗保行为被曝光,引发社会广泛关注。国家医保局在9月23日派遣检查组进入该医院,配合当地公安机关展开调查,初步揭露了违规使用医保基金总计2228.4万元的情况,其中通过虚 ||| 9月21日,媒体报道无锡市民营医疗机构无锡虹桥医院涉嫌骗保。前期,无锡市医保局已根据举报线索受理调查、初步查实,并于8月30日行政立案。目前,我局正会同公安、卫健等部门进行全面彻查,将依法依规严肃查处 ||| 10月8日,央视新闻报道,国家医保局通报无锡虹桥医院骗保案。检查发现,该院涉嫌违规使用医保基金2228.4万元,其中涉嫌欺诈骗保1179.2万元。案件特点为团伙作案、全链条造假、计件提成等。目前,当地 ||| 10月8日,央视新闻报道,国家医保局通报无锡虹桥医院骗保案。检查发现,该院涉嫌违规使用医保基金2228.4万元,其中涉嫌欺诈骗保1179.2万元。案件特点为团伙作案、全链条造假、计件提成等。目前,当地 ||| 朱医生在该院工作期间,发现医院蓄意伪造影像检查结果骗取国家医保资金。根据初步调查结果,该院涉嫌违法违规使用医保基金2228万元,其中以勾结中介或以免费体检为名,拉拢诱导参保人员虚假住院,通过伪造医学文 ||| 近日,无锡虹桥医院骗取医保基金案震惊全国。一家堂堂二甲医院,院长亲自带头,15人团伙伪造病历、假造影像报告,明目张胆地从医保基金中攫取利益。更令人瞠目的是,这一系列作假行为长达数月,甚至在举报期间还不",social_media ||| social_media ||| mainstream_news ||| mainstream_news ||| social_media ||| social_media ||| social_media ||| social_media,https://www.toutiao.com/article/7419944651635032603/ ||| https://www.toutiao.com/article/7417342849177354779/ ||| https://news.china.com/socialgd/10000169/20241008/47334378.html ||| https://finance.sina.com.cn/wm/2024-09-22/doc-incpytws9383659.shtml ||| https://www.163.com/dy/article/JE0S8I6O0534A4SC.html ||| https://www.toutiao.com/article/7423398712703074855/ ||| https://www.163.com/dy/article/JE6V6JOK0514B50R.html ||| https://www.toutiao.com/article/7418410048982057472/,,,4,silver_candidate,standard_review,0.000,low,low_risk,uncertain,,,,,,,annotator_B,independent_review,annotator_B
E021,LLM_CANON_E021_002,无锡市医保局、公安机关和卫健部门,对无锡虹桥医院涉嫌骗保问题受理调查、行政立案并开展全面彻查，表示将依法依规严肃查处；后续取消该院医保定点资格，公安机关刑事立案。,negative,证据显示无锡市医保局已根据举报线索受理调查、初步查实并于8月30日行政立案，会同公安、卫健部门全面彻查；9月22日取消医保定点资格，公安机关刑事立案。,SC_E021_002,无锡市医保局;当地公安机关;公安;卫健部门;公安、卫健等部门;我局,True,,,ev-00498;ev-00500;ev-00502;ev-00503;ev-00504;ev-00505;ev-00506;ev-01714;ev-01716,"9月21日,央视新闻报道了无锡市民营医疗机构无锡虹桥医院涉嫌骗保。9月22日凌晨,无锡市医保局发布公告回应,已根据举报线索受理调查、初步查实,并于8月30日行政立案; ||| 9月21日,媒体报道无锡市民营医疗机构无锡虹桥医院涉嫌骗保。前期,无锡市医保局已根据举报线索受理调查、初步查实,并于8月30日行政立案。目前,我局正会同公安、卫健等部门进行全面彻查,将依法依规严肃查处 ||| 9月21日,有媒体报道江苏省无锡市民营医疗机构无锡虹桥医院涉嫌骗保。22日,无锡市医保局通报,该局正会同公安、卫健等部门进行全面彻查,将依法依规严肃查处。 据总台中国之声报道,近日,无锡虹桥医院放射影 ||| 9月21日,有媒体报道江苏省无锡市民营医疗机构无锡虹桥医院涉嫌骗保。22日,无锡市医保局通报,该局正会同公安、卫健等部门进行全面彻查,将依法依规严肃查处。据总台中国之声报道,近日,无锡虹桥医院放射影像 ||| 9月22日凌晨,无锡市医保局就近期媒体报道的该市民营医疗机构无锡虹桥医院涉嫌骗保一事做出情况通报,称已根据举报线索受理调查、初步查实,并于8月3 ||| 9月21日,中央广电总台报道了江苏无锡市民营医疗机构无锡虹桥医院涉嫌骗保一事。 无锡市医保局9月22日凌晨发布公告回应,已根据举报线索受理调查、初步查实,并于8月30日行政立案;目前正会同公安、卫健等 ||| 红星资本局9月22日消息,近日引发关注的“医生实名举报医院涉嫌骗保”一事,无锡市医保局凌晨有了最新通报。今日凌晨,无锡市医保局发布情况通报称,9月21日,媒体报道该市民营医疗机构无锡虹桥医院涉嫌骗保。 ||| 无锡市医保局9月24日发布情况通报:近日,我局会同公安、卫健等部门继续对无锡虹桥医院涉嫌骗取医保问题进行全面调查,目前该医院骗保情况基本查实。9月22日,我局取消其医保定点资格,公安机关刑事立案。 ||| 9月21日,总台报道无锡市民营医疗机构无锡虹桥医院涉嫌骗保。无锡市医保局9月22日凌晨发布公告回应称,此前已根据举报线索受理调查、初步查实,并于8月30日行政立案。目前正会同公安、卫健等部门进行全面彻",social_media ||| mainstream_news ||| mainstream_news ||| social_media ||| social_media ||| mainstream_news ||| social_media ||| social_media ||| public_web,https://www.toutiao.com/article/7417342849177354779/ ||| https://finance.sina.com.cn/wm/2024-09-22/doc-incpytws9383659.shtml ||| https://www.sohu.com/a/810695467_161795 ||| https://www.163.com/dy/article/JCMTTGUV0514BICS.html ||| https://www.toutiao.com/article/7417297886276239924/ ||| https://www.thepaper.cn/newsDetail_forward_28819692 ||| https://www.163.com/dy/article/JCMIS33T051492T3.html ||| https://www.toutiao.com/article/7417993582264500771/ ||| https://news.southcn.com/node_179d29f1ce/5360c4c17f.shtml,,,6,silver_candidate,standard_review,0.000,low,low_risk,uncertain,,,,,,,annotator_B,independent_review,annotator_B
E021,LLM_CANON_E021_003,国家医保局,迅速响应无锡虹桥医院涉嫌欺诈骗保事件，派出检查组或飞行检查组进驻医院开展专项核查，通报核查发现，并指导江苏省医保局对相关定点医药机构开展全面排查。,negative,证据称国家医保局9月23日派遣检查组进入医院配合调查，10月8日通报案件情况，并有报道称其派出飞行检查组、指导江苏省医保局全面排查。,SC_E021_003,国家医疗保障局,True,,,ev-00499;ev-00501;ev-01712;ev-01715;ev-01722;ev-01723,"江苏省无锡虹桥医院近期因涉嫌欺诈骗保行为被曝光,引发社会广泛关注。国家医保局在9月23日派遣检查组进入该医院,配合当地公安机关展开调查,初步揭露了违规使用医保基金总计2228.4万元的情况,其中通过虚 ||| 国家医保局通报无锡虹桥医院涉嫌欺诈骗保情况 2024-10-09 11:23:11 看看新闻Knews记者 胡苏青 近日,江苏省无锡虹桥医院涉嫌欺诈骗保相关情况被曝光,引起社会广泛关注。国家医保局8 ||| 10月8日,央视新闻报道,国家医保局通报无锡虹桥医院骗保案。检查发现,该院涉嫌违规使用医保基金2228.4万元,其中涉嫌欺诈骗保1179.2万元。案件特点为团伙作案、全链条造假、计件提成等。目前,当地 ||| 10月8日,央视新闻报道,国家医保局通报无锡虹桥医院骗保案。检查发现,该院涉嫌违规使用医保基金2228.4万元,其中涉嫌欺诈骗保1179.2万元。案件特点为团伙作案、全链条造假、计件提成等。目前,当地 ||| 近日,一则关于无锡虹桥医院涉嫌欺诈骗保的新闻引起了社会广泛关注。国家医保局对此迅速响应,派出飞行检查组对该院进行专项核查,并指导江苏省医保局对无锡市下辖所有区县的定点医药机构进行全面排查。举报者朱医生 ||| 近期,一则涉及无锡虹桥医院的医保欺诈举报在网络上引发轩然大波,国家医保局迅速响应,派出飞行检查组对该院展开专项核查。这一系列动作不仅凸显了我国医保监管体系对欺诈骗保行为的“零容忍”态度,更揭示了医疗领",mainstream_news ||| mainstream_news ||| social_media ||| social_media ||| mainstream_news ||| mainstream_news,https://news.china.com/socialgd/10000169/20241008/47334378.html ||| https://www.kankanews.com/detail/qMyEALWaVy8 ||| https://www.163.com/dy/article/JE0S8I6O0534A4SC.html ||| https://www.toutiao.com/article/7423398712703074855/ ||| https://www.sohu.com/a/810952583_121956424 ||| https://www.sohu.com/a/810961743_121956424,,,5,silver_candidate,standard_review,0.000,low,low_risk,uncertain,,,,,,,annotator_B,independent_review,annotator_B
E021,LLM_CANON_E021_005,中央广电总台和央视新闻,报道并曝光无锡虹桥医院涉嫌骗保事件，推动事件进入公众视野并引发监管回应。,neutral,多条证据称9月21日中央广电总台或央视新闻报道无锡虹桥医院涉嫌骗保，随后无锡市医保局发布通报回应。,SC_E021_005,央视新闻;总台;中央广电总台;媒体,True,,,ev-00498;ev-00505;ev-01712;ev-01715;ev-01716,"9月21日,央视新闻报道了无锡市民营医疗机构无锡虹桥医院涉嫌骗保。9月22日凌晨,无锡市医保局发布公告回应,已根据举报线索受理调查、初步查实,并于8月30日行政立案; ||| 9月21日,中央广电总台报道了江苏无锡市民营医疗机构无锡虹桥医院涉嫌骗保一事。 无锡市医保局9月22日凌晨发布公告回应,已根据举报线索受理调查、初步查实,并于8月30日行政立案;目前正会同公安、卫健等 ||| 10月8日,央视新闻报道,国家医保局通报无锡虹桥医院骗保案。检查发现,该院涉嫌违规使用医保基金2228.4万元,其中涉嫌欺诈骗保1179.2万元。案件特点为团伙作案、全链条造假、计件提成等。目前,当地 ||| 10月8日,央视新闻报道,国家医保局通报无锡虹桥医院骗保案。检查发现,该院涉嫌违规使用医保基金2228.4万元,其中涉嫌欺诈骗保1179.2万元。案件特点为团伙作案、全链条造假、计件提成等。目前,当地 ||| 9月21日,总台报道无锡市民营医疗机构无锡虹桥医院涉嫌骗保。无锡市医保局9月22日凌晨发布公告回应称,此前已根据举报线索受理调查、初步查实,并于8月30日行政立案。目前正会同公安、卫健等部门进行全面彻",social_media ||| mainstream_news ||| social_media ||| social_media ||| public_web,https://www.toutiao.com/article/7417342849177354779/ ||| https://www.thepaper.cn/newsDetail_forward_28819692 ||| https://www.163.com/dy/article/JE0S8I6O0534A4SC.html ||| https://www.toutiao.com/article/7423398712703074855/ ||| https://news.southcn.com/node_179d29f1ce/5360c4c17f.shtml,,,4,silver_candidate,standard_review,0.000,low,low_risk,uncertain,,,,,,,annotator_B,independent_review,annotator_B
E022,LLM_CANON_E022_001,武当山特区卫生健康局、市场监督管理局、公安局,对“药王谷抗癌中心调查”事件表示高度重视，称前期已依法立案并正在开展全面调查，调查和处置结果将及时向社会通报。,neutral,多条证据均引用三部门情况通报，明确称武当山特区高度重视、相关部门已依法立案、正在开展全面调查并将及时通报结果。,SC_E022_001,武当山特区相关部门;武当山特区;官方;武当发布;中共武当山旅游经济特区工作委员会宣传部,True,,,ev-00517;ev-00518;ev-00519;ev-00520;ev-00521;ev-00522;ev-00523;ev-00524;ev-00525;ev-00526,"12月2日晚,武当山特区卫生健康局、武当山特区市场监督管理局、武当山特区公安局发布情况通报:感谢广大网友对“药王谷抗癌中心调查”事件的关注。武当山特区高度重视,特区相关部门对此事前期已依法立案,正在开 ||| 12月2日,湖北武当山特区卫生健康局、武当山特区市场监督管理局、武当山特区公安局发布情况通报: 感谢广大网友对“药王谷抗癌中心调查”事件的关注。武当山特区高度重视,特区相关部门对此事前期已依法立案,正 ||| 感谢广大网友对“药王谷抗癌中心调查”事件的关注。武当山特区高度重视,特区相关部门对此事前期已依法立案,正在开展全面调查,调查和处置结果将及时向社会通报。 武当山特区卫生健康局 武当山特区市场监督管理局 ||| 【大河财立方消息】12月2日晚,武当山特区卫生健康局、武当山特区市场监督管理局、武当山特区公安局发布情况通报:感谢广大网友对“药王谷抗癌中心调查”事件的关注。武当山特区高度重视,特区相关部门对此事前期 ||| 2024年12月2日,武当山特区卫生健康局、武当山特区市场监督管理局、武当山特区公安局发布情况通报:感谢广大网友对“药王谷抗癌中心调查”事件的关注。武当山特区高度重视,特区相关部门对此事前期已依法立案 ||| 12月2日晚间,武当山特区卫生健康局、武当山特区市场监督管理局、武当山特区公安局发布情况通报:感谢广大网友对“药王谷抗癌中心调查”事件的关注。武当山特区高度重视,特区相关部门对此事前期已依法立案,正在 ||| 中新网12月2日电 据“武当发布”微信公众号消息,武当山特区卫生健康局、武当山特区市场监督管理局、武当山特区公安局12月2日发布情况通报称,感谢广大网友对“药王谷抗癌中心调查”事件的关注。武当山特区高 ||| 发布微信公众号消息,12月2日,湖北武当山特区卫生健康局、武当山特区市场监督管理局、武当山特区公安局发布情况通报: 感谢广大网友对“药王谷抗癌中心调查”事件的关注。 武当山特区 高度重视,特区相关部门 ||| 官方通报“药王谷抗癌中心调查”事件:已依法立案 来源:中共武当山旅游经济特区工作委员会宣传部微信 查看余下全文 (责任编辑:单晓冰) 中国经济网版权所有 网络传播视听节目许可证(0107190) (京 ||| 武当发布通报:感谢广大网友对“药王谷抗癌中心调查”事件的关注。武当山特区高度重视,特区相关部门对此事前期已依法立案,正在开展全面调查,调查和处置结果将及时向社会通报。 武当山特区卫生健康局 武当山特区",mainstream_news ||| mainstream_news ||| public_web ||| social_media ||| social_media ||| public_web ||| social_media ||| social_media ||| public_web ||| social_media,https://www.sohu.com/a/832633380_211762 ||| https://cbgc.scol.com.cn/news/5702747 ||| https://www.yangtse.com/zncontent/4179801.html ||| https://www.toutiao.com/article/7443820969992421951/ ||| https://www.163.com/dy/article/JIEALNIJ0534A4SC.html ||| https://news.ycwb.com/2024-12/02/content_53096325.htm ||| https://www.toutiao.com/article/7443801252766433804/ ||| https://www.sohu.com/a/833042906_121979062 ||| http://www.ce.cn/xwzx/gnsz/gdxw/202412/03/t20241203_39222777.shtml ||| https://www.toutiao.com/article/7443827657320219163/,,,7,silver_candidate,standard_review,0.000,low,low_risk,uncertain,,,,,,,annotator_B,independent_review,annotator_B
E022,LLM_CANON_E022_002,广大网友,关注“药王谷抗癌中心调查”事件。,neutral,三部门通报开头称“感谢广大网友对‘药王谷抗癌中心调查’事件的关注”，可支持公众对该事件存在关注。,SC_E022_002,网友;社会公众,True,,,ev-00517;ev-00518;ev-00519;ev-00520;ev-00521;ev-00522;ev-00523;ev-00524;ev-00526,"12月2日晚,武当山特区卫生健康局、武当山特区市场监督管理局、武当山特区公安局发布情况通报:感谢广大网友对“药王谷抗癌中心调查”事件的关注。武当山特区高度重视,特区相关部门对此事前期已依法立案,正在开 ||| 12月2日,湖北武当山特区卫生健康局、武当山特区市场监督管理局、武当山特区公安局发布情况通报: 感谢广大网友对“药王谷抗癌中心调查”事件的关注。武当山特区高度重视,特区相关部门对此事前期已依法立案,正 ||| 感谢广大网友对“药王谷抗癌中心调查”事件的关注。武当山特区高度重视,特区相关部门对此事前期已依法立案,正在开展全面调查,调查和处置结果将及时向社会通报。 武当山特区卫生健康局 武当山特区市场监督管理局 ||| 【大河财立方消息】12月2日晚,武当山特区卫生健康局、武当山特区市场监督管理局、武当山特区公安局发布情况通报:感谢广大网友对“药王谷抗癌中心调查”事件的关注。武当山特区高度重视,特区相关部门对此事前期 ||| 2024年12月2日,武当山特区卫生健康局、武当山特区市场监督管理局、武当山特区公安局发布情况通报:感谢广大网友对“药王谷抗癌中心调查”事件的关注。武当山特区高度重视,特区相关部门对此事前期已依法立案 ||| 12月2日晚间,武当山特区卫生健康局、武当山特区市场监督管理局、武当山特区公安局发布情况通报:感谢广大网友对“药王谷抗癌中心调查”事件的关注。武当山特区高度重视,特区相关部门对此事前期已依法立案,正在 ||| 中新网12月2日电 据“武当发布”微信公众号消息,武当山特区卫生健康局、武当山特区市场监督管理局、武当山特区公安局12月2日发布情况通报称,感谢广大网友对“药王谷抗癌中心调查”事件的关注。武当山特区高 ||| 发布微信公众号消息,12月2日,湖北武当山特区卫生健康局、武当山特区市场监督管理局、武当山特区公安局发布情况通报: 感谢广大网友对“药王谷抗癌中心调查”事件的关注。 武当山特区 高度重视,特区相关部门 ||| 武当发布通报:感谢广大网友对“药王谷抗癌中心调查”事件的关注。武当山特区高度重视,特区相关部门对此事前期已依法立案,正在开展全面调查,调查和处置结果将及时向社会通报。 武当山特区卫生健康局 武当山特区",mainstream_news ||| mainstream_news ||| public_web ||| social_media ||| social_media ||| public_web ||| social_media ||| social_media ||| social_media,https://www.sohu.com/a/832633380_211762 ||| https://cbgc.scol.com.cn/news/5702747 ||| https://www.yangtse.com/zncontent/4179801.html ||| https://www.toutiao.com/article/7443820969992421951/ ||| https://www.163.com/dy/article/JIEALNIJ0534A4SC.html ||| https://news.ycwb.com/2024-12/02/content_53096325.htm ||| https://www.toutiao.com/article/7443801252766433804/ ||| https://www.sohu.com/a/833042906_121979062 ||| https://www.toutiao.com/article/7443827657320219163/,,,6,silver_candidate,standard_review,0.000,low,low_risk,uncertain,,,,,,,annotator_B,independent_review,annotator_B
E023,LLM_CANON_E023_001,投诉患者,患者在东莞市中医院进行心脏彩超检查时，因第三方设备维保公司工程师违规进入检查室而产生不良就医感受，并引发投诉。,negative,多条通报转载均称患者检查期间工程师违规进入检查室，导致患者产生不良就医感受并投诉。,SC_E023_001,某患者;女性患者;心脏彩超检查患者,True,,,ev-00563;ev-00564;ev-00565;ev-00566;ev-00567;ev-00568;ev-00569;ev-00570,"中新网12月9日电 广东东莞市中医院近日在其微信公众号发布通报称,近日,某患者在东莞市中医院进行心脏彩超检查时,第三方设备维保公司一工程师违规进入检查室与医务人员沟通调试检查设备事宜,导致患者产生不良 ||| 中新网12月9日电 广东东莞市中医院近日在其微信公众号发布通报称,近日,某患者在东莞市中医院进行心脏彩超检查时,第三方设备维保公司一工程师违规进入检查室与医务人员沟通调试检查设备事宜,导致患者产生不良 ||| 新京报讯 12月8日,东莞市中医院官微发布情况通报,内容如下:近日,某患者在我院进行心脏彩超检查时,第三方设备维保公司一工程师违规进入检查室与医务人员沟通调试检查设备事宜,导致患者产生不良就医感受并引 ||| 新京报讯 12月8日,东莞市中医院官微发布情况通报,内容如下: 近日,某患者在我院进行心脏彩超检查时,第三方设备维保公司一工程师违规进入检查室与医务人员沟通调试检查设备事宜,导致患者产生不良就医感受并 ||| 央视网消息:据东莞市中医院微信公众号消息,东莞市中医院发布情况通报,近日,某患者在该院进行心脏彩超检查时,第三方设备维保公司一工程师违规进入检查室与医务人员沟通调试检查设备事宜,导致患者产生不良就医感 ||| 12月8日晚,东莞市中医院发布情况说明:近日,某患者在我院进行心脏彩超检查时,第三方设备维保公司一工程师违规进入检查室与医务人员沟通调试检查设备事宜,导致患者产生不良就医感受并引发投诉。事件发生后,我 ||| 据东莞市中医院微信公众号消息,东莞市中医院发布情况通报,近日,某患者在该院进行心脏彩超检查时,第三方设备维保公司一工程师违规进入检查室与医务人员沟通调试检查设备事宜,导致患者产生不良就医感受并引发投诉 ||| 近日,某患者在我院进行心脏彩超检查时,第三方设备维保公司一工程师违规进入检查室与医务人员沟通调试检查设备事宜,导致患者产生不良就医感受并引发投诉。事件发生后,我院高度重视,立即对全过程进行复盘调查,并",social_media ||| social_media ||| social_media ||| mainstream_news ||| social_media ||| social_media ||| social_media ||| social_media,https://www.toutiao.com/article/7446232570959888896/ ||| https://www.chinanews.com.cn/sh/2024/12-09/10333157.shtml ||| https://www.163.com/dy/article/JIV1PS0V0512D3VJ.html ||| https://view.inews.qq.com/a/20241209A01DID00 ||| http://www.ce.cn/cysc/yy/hydt/202412/09/t20241209_39229404.shtml ||| https://www.toutiao.com/article/7446214145877361164/ ||| https://health.ycwb.com/2024-12/09/content_53109229.htm ||| https://www.toutiao.com/article/7446276497393926690/,,,6,silver_candidate,standard_review,0.000,low,low_risk,uncertain,,,,,,,annotator_B,independent_review,annotator_B
E023,LLM_CANON_E023_002,东莞市中医院,东莞市中医院发布情况通报，承认第三方设备维保公司工程师违规进入检查室导致患者不良就医感受和投诉，并表示事件发生后高度重视、立即对全过程进行复盘调查。,mixed,证据显示医院通过微信公众号发布通报/说明，说明违规进入检查室事实及投诉后续，并称高度重视、复盘调查。,SC_E023_002,广东东莞市中医院;该院;我院;东莞市中医院微信公众号,True,,,ev-00563;ev-00564;ev-00565;ev-00566;ev-00567;ev-00568;ev-00569;ev-00570,"中新网12月9日电 广东东莞市中医院近日在其微信公众号发布通报称,近日,某患者在东莞市中医院进行心脏彩超检查时,第三方设备维保公司一工程师违规进入检查室与医务人员沟通调试检查设备事宜,导致患者产生不良 ||| 中新网12月9日电 广东东莞市中医院近日在其微信公众号发布通报称,近日,某患者在东莞市中医院进行心脏彩超检查时,第三方设备维保公司一工程师违规进入检查室与医务人员沟通调试检查设备事宜,导致患者产生不良 ||| 新京报讯 12月8日,东莞市中医院官微发布情况通报,内容如下:近日,某患者在我院进行心脏彩超检查时,第三方设备维保公司一工程师违规进入检查室与医务人员沟通调试检查设备事宜,导致患者产生不良就医感受并引 ||| 新京报讯 12月8日,东莞市中医院官微发布情况通报,内容如下: 近日,某患者在我院进行心脏彩超检查时,第三方设备维保公司一工程师违规进入检查室与医务人员沟通调试检查设备事宜,导致患者产生不良就医感受并 ||| 央视网消息:据东莞市中医院微信公众号消息,东莞市中医院发布情况通报,近日,某患者在该院进行心脏彩超检查时,第三方设备维保公司一工程师违规进入检查室与医务人员沟通调试检查设备事宜,导致患者产生不良就医感 ||| 12月8日晚,东莞市中医院发布情况说明:近日,某患者在我院进行心脏彩超检查时,第三方设备维保公司一工程师违规进入检查室与医务人员沟通调试检查设备事宜,导致患者产生不良就医感受并引发投诉。事件发生后,我 ||| 据东莞市中医院微信公众号消息,东莞市中医院发布情况通报,近日,某患者在该院进行心脏彩超检查时,第三方设备维保公司一工程师违规进入检查室与医务人员沟通调试检查设备事宜,导致患者产生不良就医感受并引发投诉 ||| 近日,某患者在我院进行心脏彩超检查时,第三方设备维保公司一工程师违规进入检查室与医务人员沟通调试检查设备事宜,导致患者产生不良就医感受并引发投诉。事件发生后,我院高度重视,立即对全过程进行复盘调查,并",social_media ||| social_media ||| social_media ||| mainstream_news ||| social_media ||| social_media ||| social_media ||| social_media,https://www.toutiao.com/article/7446232570959888896/ ||| https://www.chinanews.com.cn/sh/2024/12-09/10333157.shtml ||| https://www.163.com/dy/article/JIV1PS0V0512D3VJ.html ||| https://view.inews.qq.com/a/20241209A01DID00 ||| http://www.ce.cn/cysc/yy/hydt/202412/09/t20241209_39229404.shtml ||| https://www.toutiao.com/article/7446214145877361164/ ||| https://health.ycwb.com/2024-12/09/content_53109229.htm ||| https://www.toutiao.com/article/7446276497393926690/,,,6,silver_candidate,standard_review,0.000,low,low_risk,uncertain,,,,,,,annotator_B,independent_review,annotator_B
E023,LLM_CANON_E023_003,第三方设备维保公司工程师,第三方设备维保公司工程师在患者心脏彩超检查期间违规进入检查室，与医务人员沟通调试检查设备事宜。,negative,多条证据直接描述该工程师“违规进入检查室”并与医务人员沟通调试设备。,SC_E023_003,第三方设备维保公司一工程师;工程师;设备维保公司工程师,True,,,ev-00563;ev-00564;ev-00565;ev-00566;ev-00567;ev-00568;ev-00569;ev-00570,"中新网12月9日电 广东东莞市中医院近日在其微信公众号发布通报称,近日,某患者在东莞市中医院进行心脏彩超检查时,第三方设备维保公司一工程师违规进入检查室与医务人员沟通调试检查设备事宜,导致患者产生不良 ||| 中新网12月9日电 广东东莞市中医院近日在其微信公众号发布通报称,近日,某患者在东莞市中医院进行心脏彩超检查时,第三方设备维保公司一工程师违规进入检查室与医务人员沟通调试检查设备事宜,导致患者产生不良 ||| 新京报讯 12月8日,东莞市中医院官微发布情况通报,内容如下:近日,某患者在我院进行心脏彩超检查时,第三方设备维保公司一工程师违规进入检查室与医务人员沟通调试检查设备事宜,导致患者产生不良就医感受并引 ||| 新京报讯 12月8日,东莞市中医院官微发布情况通报,内容如下: 近日,某患者在我院进行心脏彩超检查时,第三方设备维保公司一工程师违规进入检查室与医务人员沟通调试检查设备事宜,导致患者产生不良就医感受并 ||| 央视网消息:据东莞市中医院微信公众号消息,东莞市中医院发布情况通报,近日,某患者在该院进行心脏彩超检查时,第三方设备维保公司一工程师违规进入检查室与医务人员沟通调试检查设备事宜,导致患者产生不良就医感 ||| 12月8日晚,东莞市中医院发布情况说明:近日,某患者在我院进行心脏彩超检查时,第三方设备维保公司一工程师违规进入检查室与医务人员沟通调试检查设备事宜,导致患者产生不良就医感受并引发投诉。事件发生后,我 ||| 据东莞市中医院微信公众号消息,东莞市中医院发布情况通报,近日,某患者在该院进行心脏彩超检查时,第三方设备维保公司一工程师违规进入检查室与医务人员沟通调试检查设备事宜,导致患者产生不良就医感受并引发投诉 ||| 近日,某患者在我院进行心脏彩超检查时,第三方设备维保公司一工程师违规进入检查室与医务人员沟通调试检查设备事宜,导致患者产生不良就医感受并引发投诉。事件发生后,我院高度重视,立即对全过程进行复盘调查,并",social_media ||| social_media ||| social_media ||| mainstream_news ||| social_media ||| social_media ||| social_media ||| social_media,https://www.toutiao.com/article/7446232570959888896/ ||| https://www.chinanews.com.cn/sh/2024/12-09/10333157.shtml ||| https://www.163.com/dy/article/JIV1PS0V0512D3VJ.html ||| https://view.inews.qq.com/a/20241209A01DID00 ||| http://www.ce.cn/cysc/yy/hydt/202412/09/t20241209_39229404.shtml ||| https://www.toutiao.com/article/7446214145877361164/ ||| https://health.ycwb.com/2024-12/09/content_53109229.htm ||| https://www.toutiao.com/article/7446276497393926690/,,,6,silver_candidate,standard_review,0.000,low,low_risk,uncertain,,,,,,,annotator_B,independent_review,annotator_B
E024,LLM_CANON_E024_001,李女士及受害老人家属,李女士及家属反映其六旬父亲在曲沃县乐昌镇一家养老院被捆绑、浑身是伤，疑遭虐待，并称老人因脑出血住院；家属已报案。,negative,多条证据显示李女士通过视频或网络反映父亲在养老院被捆绑、受伤并住院，警方通报亦提到受害人家属已报案。,SC_E024_001,李女士;山西曲沃县女子;受害人家属;网民发布视频中的女子,True,,,ev-00582;ev-00583;ev-00584;ev-00585;ev-00586;ev-01756;ev-01761;ev-01763;ev-01764;ev-01765,"近日,山西曲沃县女子反映六旬父亲在乐昌镇一养老院遭捆绑疑被虐待。25日,警方通报称,涉事护工曾多次对老人捆绑、殴打,曲沃公安对涉事护工处以行拘十五日并处500元罚款。 4月25日,山西曲沃县有网友反映 ||| 老人在养老院被捆绑还遍体鳞伤 曲沃警方通报 2024-04-25 22:20:35 看看新闻Knews综合 4月24日,有网民发布视频称,山西临汾市曲沃县李女士反映其爸爸在曲沃县天慈养老院被捆绑,浑身 ||| 4月24日,有网民发布视频称,山西临汾市曲沃县李女士反映其爸爸在曲沃县天慈养老院被捆绑,浑身是伤,并且目前老人脑出血在住院。4月25日下午,乐昌镇政府回应记者称,目前此事由民政局牵头和辖区派出所正在调 ||| 中国网4月26日讯 山西省曲沃县公安局4月25日发布警情通报称,近日,曲沃县公安局民警工作中在网上发现,曲沃县“某养老院”服务对象李某石被捆绑的视频,受害人家属也已报案,该案已调查完结。经查,曲沃县“ ||| 中新网4月25日电 山西省曲沃县公安局4月25日发布警情通报称,近日,曲沃县公安局民警工作中在网上发现,曲沃县“某养老院”服务对象李某石被捆绑的视频,受害人家属也已报案,该案已调查完结。经查,曲沃县“ ||| 大皖新闻讯 4月24日,有网民发布视频称,山西临汾市曲沃县李女士反映其爸爸在曲沃县天慈养老院被捆绑,浑身是伤,并且目前老人脑出血在住院。4月25日下午,乐昌镇政府回应大皖新闻记者称,目前此事由民政局牵 ||| 4月25日,网上流传的一段视频显示,在山西曲沃县乐昌镇的一家养老院,一名六旬老人被捆绑在户外的铁柱子上。据拍摄视频的女子反映,这是她的父亲,在养老院内疑似遭受虐待。女子愤怒地表示,她的父亲被送到养老院 ||| 日前,一位来自山西临汾的李女士在网上发布称自己六十多岁的老父亲,在山西临汾曲沃县乐昌镇的一家养老院里遭到养老院的捆绑殴打等虐待行为,现在因为脑出血转到医院住院治疗。 在李女士发布的视频里,她说有一天她 ||| 近日 山西临汾的李女士 在网上反映 称 其六旬父亲 在临汾曲沃县乐昌镇 一家养老院遭捆绑 疑被虐待 目前由于脑出血正在住院 李女士父亲被捆绑。网传视频截图 李女士在视频中称,某天她进养老院看到父亲被绑 ||| 近日,临汾市曲沃县一女子反映其六旬父亲在乐昌镇一养老院遭捆绑疑被虐待。25日,警方发布了通报,内容如下: 近日,我局民警工作中在网上发现:曲沃县“某养老院”服务对象李某石被捆绑的视频,受害人家属也已报",mainstream_news ||| mainstream_news ||| public_web ||| public_web ||| public_web ||| mainstream_news ||| social_media ||| social_media ||| mainstream_news ||| mainstream_news,https://www.sohu.com/a/774376028_162758 ||| https://www.kankanews.com/detail/dVwrPG5eDy0 ||| https://www.my399.com/p/333310.html ||| http://www.hxxkw.org/dujia/jj/247901.html ||| https://www.chinanews.com.cn/sh/2024/04-25/10205935.shtml ||| http://m.ahwang.cn/newsflash/20240425/2674044.html ||| https://www.163.com/dy/article/J0L9921505563X80.html ||| https://m.toutiao.com/article/7361973423150531091/ ||| https://new.qq.com/rain/a/20240426A016JE00 ||| https://sd.china.com/shms/20000934/20240426/25869910.html,,,10,silver_candidate,standard_review,0.000,low,low_risk,uncertain,,,,,,,annotator_B,independent_review,annotator_B
E024,LLM_CANON_E024_002,曲沃县公安局,曲沃县公安局通报称已调查完结，确认涉事护工曾多次对老人李某石实施捆绑、殴打，并对涉事护工处以行政拘留十五日、罚款500元。,neutral,证据集中引用警方通报，说明公安机关发现网传视频、受理家属报案、查明护工多次捆绑殴打老人，并作出行政处罚。,SC_E024_002,曲沃公安;警方;山西省曲沃县公安局;曲沃县公安局民警,True,,,ev-00582;ev-00585;ev-00586;ev-00588;ev-00589;ev-00591;ev-01755;ev-01759;ev-01760;ev-01765;ev-01768;ev-01769;ev-01770,"近日,山西曲沃县女子反映六旬父亲在乐昌镇一养老院遭捆绑疑被虐待。25日,警方通报称,涉事护工曾多次对老人捆绑、殴打,曲沃公安对涉事护工处以行拘十五日并处500元罚款。 4月25日,山西曲沃县有网友反映 ||| 中国网4月26日讯 山西省曲沃县公安局4月25日发布警情通报称,近日,曲沃县公安局民警工作中在网上发现,曲沃县“某养老院”服务对象李某石被捆绑的视频,受害人家属也已报案,该案已调查完结。经查,曲沃县“ ||| 中新网4月25日电 山西省曲沃县公安局4月25日发布警情通报称,近日,曲沃县公安局民警工作中在网上发现,曲沃县“某养老院”服务对象李某石被捆绑的视频,受害人家属也已报案,该案已调查完结。经查,曲沃县“ ||| 近日,在某养老院内,一位老人被绑在铁柱上引起了广泛关注。经过警方的调查,我们了解到涉事护工曾多次对老人捆绑、殴打,行拘十五日并处500元罚款。据悉,该护工因情绪激动等原因,多次对老人实施捆绑和殴打等行 ||| 近日,山西曲沃县女子反映六旬父亲在乐昌镇一养老院遭捆绑疑被虐待。25日,警方通报称,涉事护工曾多次对老人捆绑、殴打,曲沃公安对涉事护工处以行拘十 ||| 【老人在養老院被捆綁毆打】山西省曲沃縣公安局4月25日發佈警情通報稱,近日,曲沃縣公安局民警工作中在網上發現,曲沃縣“某養老院”服務對象李某石被捆綁的視頻,受害人家屬也已報案,該案已調查完結。經查,曲 ||| 近日, 有网民发布视频称, 山西曲沃县一女子反映,其 六旬父亲在乐昌镇一养老院遭捆绑疑被虐待 。 4月25日,警方通报称, 涉事护工曾多次对老人捆绑、殴打 ,曲沃公安对涉事护工处以 行拘15日并处50 ||| 近日,曲沃县公安局民警工作中在网上发现曲沃县“某养老院”服务对象李某石被捆绑的视频,受害人家属也已报案,该案已调查完结。 经查,曲沃县“某养老院”护工赵某发在对李某石护理期间,先后多次对李某石捆绑、殴 ||| 近日,山西曲沃县女子反映六旬父亲在乐昌镇一养老院遭捆绑疑被虐待。25日,警方通报称,涉事护工曾多次对老人捆绑、殴打,对涉事护工处以行拘十五日并处500元罚款。 通报全文如下: 近日,我局民警工作中在网 ||| 近日,临汾市曲沃县一女子反映其六旬父亲在乐昌镇一养老院遭捆绑疑被虐待。25日,警方发布了通报,内容如下: 近日,我局民警工作中在网上发现:曲沃县“某养老院”服务对象李某石被捆绑的视频,受害人家属也已报 ||| 山西曲沃县一名女子近日揭露其六旬父亲在乐昌镇某养老院遭受捆绑虐待。警方于25日发布通报,确认涉事护工对老人实施了多次捆绑与殴打行为,依法对该护工处以行政拘留十五日,并处罚款500元。警方通报养老院老人 ||| 热点新闻 近日,有网民发布视频称,山西曲沃县一女子反映,其六旬父亲在乐昌镇一养老院遭捆绑疑被虐待。 4月25日,警方通报称, 涉事护工曾多次对老人捆绑、殴打,曲沃公安对涉事护工处以行拘15日并处500 ||| 近日,山西曲沃县一名女子曝光其六旬父亲在乐昌镇某养老院遭受捆绑虐待。警方迅速回应,证实家属已就此事报案,案件现已调查完毕。 据警方通报,网络上流传的一段视频显示,曲沃县某养老院的服务对象李某石遭到捆绑",mainstream_news ||| public_web ||| public_web ||| social_media ||| social_media ||| mainstream_news ||| mainstream_news ||| mainstream_news ||| mainstream_news ||| mainstream_news ||| mainstream_news ||| mainstream_news ||| mainstream_news,https://www.sohu.com/a/774376028_162758 ||| http://www.hxxkw.org/dujia/jj/247901.html ||| https://www.chinanews.com.cn/sh/2024/04-25/10205935.shtml ||| https://www.toutiao.com/article/7361750138928546341/ ||| https://www.toutiao.com/article/7361954234067223066/ ||| http://big5.china.com.cn/gate/big5/henan.china.com.cn/legal/2024-04/26/content_42771075.htm ||| https://www.sohu.com/a/774296913_120711264 ||| http://news.cnwest.com/tianxia/a/2024/04/25/22553294.html ||| https://m.thepaper.cn/newsDetail_forward_27165056 ||| https://sd.china.com/shms/20000934/20240426/25869910.html ||| https://news.china.com/socialgd/10000169/20240426/46429330.html ||| https://new.qq.com/rain/a/20240425A09EPT00 ||| https://news.china.com/socialgd/10000169/20240425/46424981.html,,,10,silver_candidate,standard_review,0.000,low,low_risk,uncertain,,,,,,,annotator_B,independent_review,annotator_B
E024,LLM_CANON_E024_003,乐昌镇政府,乐昌镇政府回应称，该事件目前由民政局牵头，会同辖区派出所正在调查处理。,neutral,相关报道明确称乐昌镇政府在4月25日下午回应记者，表示事件由民政局牵头并由辖区派出所参与调查。,SC_E024_003,乐昌镇政府;镇政府,True,,,ev-00584;ev-01756;ev-01762,"4月24日,有网民发布视频称,山西临汾市曲沃县李女士反映其爸爸在曲沃县天慈养老院被捆绑,浑身是伤,并且目前老人脑出血在住院。4月25日下午,乐昌镇政府回应记者称,目前此事由民政局牵头和辖区派出所正在调 ||| 大皖新闻讯 4月24日,有网民发布视频称,山西临汾市曲沃县李女士反映其爸爸在曲沃县天慈养老院被捆绑,浑身是伤,并且目前老人脑出血在住院。4月25日下午,乐昌镇政府回应大皖新闻记者称,目前此事由民政局牵 ||| 4月24日,有网民发布视频称,山西临汾市曲沃县李女士反映其爸爸在曲沃县天慈养老院被捆绑,浑身是伤,并且目前老人脑出血在住院。4月25日下午,乐昌镇政府回应记者称,目前此事由民政局牵头和辖区派出所正在调",public_web ||| mainstream_news ||| mainstream_news,https://www.my399.com/p/333310.html ||| http://m.ahwang.cn/newsflash/20240425/2674044.html ||| https://www.thepaper.cn/newsDetail_forward_27160480,,,3,silver_candidate,standard_review,0.000,low,low_risk,uncertain,,,,,,,annotator_B,independent_review,annotator_B
E024,LLM_CANON_E024_004,涉事护工赵某发,涉事护工赵某发在护理老人李某石期间，先后多次对其实施捆绑、殴打行为。,negative,警方通报及多家报道均称，经查涉事护工在护理期间多次捆绑、殴打老人，构成事件中的直接加害行为。,SC_E024_004,涉事护工;护工赵某发;该护工,True,,,ev-00582;ev-00585;ev-00586;ev-00588;ev-00591;ev-01755;ev-01759;ev-01760;ev-01768;ev-01769,"近日,山西曲沃县女子反映六旬父亲在乐昌镇一养老院遭捆绑疑被虐待。25日,警方通报称,涉事护工曾多次对老人捆绑、殴打,曲沃公安对涉事护工处以行拘十五日并处500元罚款。 4月25日,山西曲沃县有网友反映 ||| 中国网4月26日讯 山西省曲沃县公安局4月25日发布警情通报称,近日,曲沃县公安局民警工作中在网上发现,曲沃县“某养老院”服务对象李某石被捆绑的视频,受害人家属也已报案,该案已调查完结。经查,曲沃县“ ||| 中新网4月25日电 山西省曲沃县公安局4月25日发布警情通报称,近日,曲沃县公安局民警工作中在网上发现,曲沃县“某养老院”服务对象李某石被捆绑的视频,受害人家属也已报案,该案已调查完结。经查,曲沃县“ ||| 近日,在某养老院内,一位老人被绑在铁柱上引起了广泛关注。经过警方的调查,我们了解到涉事护工曾多次对老人捆绑、殴打,行拘十五日并处500元罚款。据悉,该护工因情绪激动等原因,多次对老人实施捆绑和殴打等行 ||| 【老人在養老院被捆綁毆打】山西省曲沃縣公安局4月25日發佈警情通報稱,近日,曲沃縣公安局民警工作中在網上發現,曲沃縣“某養老院”服務對象李某石被捆綁的視頻,受害人家屬也已報案,該案已調查完結。經查,曲 ||| 近日, 有网民发布视频称, 山西曲沃县一女子反映,其 六旬父亲在乐昌镇一养老院遭捆绑疑被虐待 。 4月25日,警方通报称, 涉事护工曾多次对老人捆绑、殴打 ,曲沃公安对涉事护工处以 行拘15日并处50 ||| 近日,曲沃县公安局民警工作中在网上发现曲沃县“某养老院”服务对象李某石被捆绑的视频,受害人家属也已报案,该案已调查完结。 经查,曲沃县“某养老院”护工赵某发在对李某石护理期间,先后多次对李某石捆绑、殴 ||| 近日,山西曲沃县女子反映六旬父亲在乐昌镇一养老院遭捆绑疑被虐待。25日,警方通报称,涉事护工曾多次对老人捆绑、殴打,对涉事护工处以行拘十五日并处500元罚款。 通报全文如下: 近日,我局民警工作中在网 ||| 山西曲沃县一名女子近日揭露其六旬父亲在乐昌镇某养老院遭受捆绑虐待。警方于25日发布通报,确认涉事护工对老人实施了多次捆绑与殴打行为,依法对该护工处以行政拘留十五日,并处罚款500元。警方通报养老院老人 ||| 热点新闻 近日,有网民发布视频称,山西曲沃县一女子反映,其六旬父亲在乐昌镇一养老院遭捆绑疑被虐待。 4月25日,警方通报称, 涉事护工曾多次对老人捆绑、殴打,曲沃公安对涉事护工处以行拘15日并处500",mainstream_news ||| public_web ||| public_web ||| social_media ||| mainstream_news ||| mainstream_news ||| mainstream_news ||| mainstream_news ||| mainstream_news ||| mainstream_news,https://www.sohu.com/a/774376028_162758 ||| http://www.hxxkw.org/dujia/jj/247901.html ||| https://www.chinanews.com.cn/sh/2024/04-25/10205935.shtml ||| https://www.toutiao.com/article/7361750138928546341/ ||| http://big5.china.com.cn/gate/big5/henan.china.com.cn/legal/2024-04/26/content_42771075.htm ||| https://www.sohu.com/a/774296913_120711264 ||| http://news.cnwest.com/tianxia/a/2024/04/25/22553294.html ||| https://m.thepaper.cn/newsDetail_forward_27165056 ||| https://news.china.com/socialgd/10000169/20240426/46429330.html ||| https://new.qq.com/rain/a/20240425A09EPT00,,,9,silver_candidate,standard_review,0.000,low,low_risk,uncertain,,,,,,,annotator_B,independent_review,annotator_B
E025,LLM_CANON_E025_001,上海市东方医院,针对网传孙某新医生泄露患者隐私问题，医院发布说明，立即暂停孙某新医疗工作，配合医院和相关部门调查，并表示将严肃认真、客观公正、依法依规处理。,neutral,多条证据显示上海市东方医院在官网或通报中回应舆情，采取暂停涉事医生医疗工作、配合调查和依法依规处理等措施。,SC_E025_001,上海东方医院;东方医院;院方;该院;同济大学附属东方医院,True,,,ev-00602;ev-00604;ev-00605;ev-00609;ev-01772;ev-01773;ev-01779;ev-01782;ev-01783;ev-01785;ev-01787;ev-01788,"有网民举报称,上海市东方医院孙某新医生“泄露患者隐私”,引发关注。 7月3日,上海市东方医院网站发布《关于孙某新医生相关舆情的说明》,其中指出,针对近日网传孙某新医生“泄露患者隐私”的问题,该院采取如 ||| 7月13日,上海东方医院一名医生被人举报存在泄露患者隐私信息的情况,甚 至还拍摄了患者的隐私照片泄露出去。当天晚上,上海市东方医院发布了最新通 报,并表示:立即暂停孙某医疗工作,配合医院和相关部门调查 ||| 针对近日网传孙某新医生“泄露患者隐私”的问题,上海市东方医院在官网上发布公告称,将采取如下措施:1、立即暂停孙某新医生医疗工作,配合医院和相关部门调查;2、医院将本着严肃认真和客观公正的态度,依法依规 ||| 近日,一网友实名举报称,上海市东方医院创伤外科主任、主任医师孙某新私下传播病人麻醉时裸照及180份病人手术信息,引发关注。据新京报7月4日报道,目前,院方已暂停孙某新医生医疗工作,并配合相关部门调查。 ||| 医生泄露患者隐私?上海市东方医院:暂停其医疗工作,配合调查。 据澎湃新闻,上海市东方医院网站7月3日发布关于孙某新医生相关舆情的说明。 针对近日网传孙某新医生“泄露患者隐私”的问题,我院采取如下措施: ||| 九派新闻 提供最有价值的信息。 上海市东方医院通报“医生泄露患者隐私”:暂停涉事医生医疗工作,配合调查 ||| 评论 收藏 7月3日,上海市东方医院发布关于孙某新医生相关舆情的说明: 针对近日网传孙某新医生“泄露患者隐私”的问题,我院采取如下措施:1,立即暂停孙某新医生医疗工作,配合医院和相关部门调查;2,医院 ||| 针对近日网传孙某新医生“泄露患者隐私”的问题,我院采取如下措施:1,立即暂停孙某新医生医疗工作,配合医院和相关部门调查;2,医院将本着严肃认真和客观公正的态度,依法依规严肃处理;3,一切为了患者,这是 ||| 针对近日网传孙某新医生“泄露患者隐私”的问题,我院采取如下措施:1,立即暂停孙某新医生医疗工作,配合医院和相关部门调查;2,医院将本着严肃认真和客观公正的态度,依法依规严肃处理;3,一切为了患者,这是 ||| 近日,有媒体报道称:上海市东方医院创伤外科主任、主任医师孙某新私下传播病人信息,引发关注。 上海市东方医院今天傍晚回应称,医院采取如下措施: 1.立即暂停孙某新医生医疗工作,配合医院和相关部门调查; ||| 针对近日网传孙某新医生“泄露患者隐私”的问题,上海市东方医院在官网上发布公告称,将采取如下措施: 1、立即暂停孙某新医生医疗工作,配合医院和相关部门调查; 2、医院将本着严肃认真和客观公正的态度,依法 ||| 7月3日,上海市东方医院(同济大学附属东方医院)创伤专科主任医师孙某被举报传播多名病人手术信息及隐私图片。 当天晚上,上海市东方医院发布通报称,立即暂停孙某医疗工作,配合医院和相关部门调查。 7月19",public_web ||| social_media ||| social_media ||| mainstream_news ||| mainstream_news ||| mainstream_news ||| social_media ||| public_web ||| public_web ||| public_web ||| mainstream_news ||| mainstream_news,https://news.southcn.com/node_179d29f1ce/3d95bdead1.shtml ||| https://www.163.com/dy/article/J7HUEA5K05568O4K.html ||| https://www.toutiao.com/article/7387609897807987212/ ||| https://review.qianlong.com/2024/0705/8297065.shtml ||| https://www.huxiu.com/moment/1003878.html ||| https://www.sohu.com/a/790497938_121019331 ||| https://www.toutiao.com/article/7387379918356644415/ ||| https://news.bjd.com.cn/2024/07/03/10824292.shtml ||| https://www.easthospital.cn/news/content/id/266/pid/264/fid/4384.shtml ||| https://news.xinmin.cn/2024/07/04/32685709.html ||| https://www.sohu.com/a/790456178_120244154 ||| https://finance.sina.com.cn/roll/2024-07-20/doc-incetuqk1481226.shtml,,,10,silver_candidate,standard_review,0.000,low,low_risk,uncertain,,,,,,,annotator_B,independent_review,annotator_B
E025,LLM_CANON_E025_002,实名举报人余女士,实名举报上海市东方医院医生孙某新私下传播患者隐私照片、视频及手术信息，并称自己曾是孙某新的患者且掌握相关发送记录。,negative,证据称余女士实名举报孙某新传播多位女性患者麻醉状态下裸照、视频及180份手术信息；另有证据称她本人曾是孙某新的患者并提供相关信息。,SC_E025_002,余女士;网友实名举报人;一网友;网民;举报人,True,,,ev-00606;ev-00608;ev-00609;ev-01777,"近日,一起涉及患者隐私泄露的严重事件在上海市东方医院引发广泛关注。据实名举报者余女士称,上海市东方医院创伤外科主任、主任医师孙某新私下传播了多位女性患者在麻醉状态下的裸照及180份手术信息,这些影像资 ||| 近日,一起涉及上海市东方医院创伤外科主任、主任医师孙某新的举报事件引发了广泛关注。据网友实名举报,孙某新被指私下传播病人麻醉时的裸照及多达180份病人的手术信息,这一行为严重侵犯了患者的隐私权,也挑战 ||| 近日,一网友实名举报称,上海市东方医院创伤外科主任、主任医师孙某新私下传播病人麻醉时裸照及180份病人手术信息,引发关注。据新京报7月4日报道,目前,院方已暂停孙某新医生医疗工作,并配合相关部门调查。 ||| 7月3日,记者联系到举报人余女士,她称,其本人曾是孙某新的患者。余女士提供的相关信息显示,2022年11月至12月,孙某新曾向其发送过一位女性患者被麻醉后接受治疗的照片和视频,2023年6月,孙某新又",public_web ||| mainstream_news ||| mainstream_news ||| mainstream_news,https://www.bangqike.com/read/1328433.html ||| https://www.sohu.com/a/792265437_121124540 ||| https://review.qianlong.com/2024/0705/8297065.shtml ||| https://police.news.sohu.com/a/790695310_121860344,,,4,silver_candidate,standard_review,0.000,low,low_risk,uncertain,,,,,,,annotator_B,independent_review,annotator_B
E025,LLM_CANON_E025_004,患者群体,患者隐私权和个人信息安全受到关注；相关报道认为若未经同意公开或传播患者隐私照片、病例资料和手术信息，将侵犯患者隐私和个人信息权益。,negative,证据提到多位女性患者麻醉状态下裸照及手术信息被传播的举报，并引用医疗机构及医务人员应保护患者隐私、泄露需承担侵权责任的规定。,SC_E025_004,患者;病人;女性患者;多名病人;多位女性患者,True,,,ev-00606;ev-00607;ev-00608;ev-01782,"近日,一起涉及患者隐私泄露的严重事件在上海市东方医院引发广泛关注。据实名举报者余女士称,上海市东方医院创伤外科主任、主任医师孙某新私下传播了多位女性患者在麻醉状态下的裸照及180份手术信息,这些影像资 ||| 此外还规定,医疗机构及其医务人员应当对患者的隐私和个人信息保密。泄露患者的隐私和个人信息,或者未经患者同意公开其病例资料的,应当承担侵权责任。在该事件中,孙某新私自拍摄患者隐私部位,并将照片和患者个人 ||| 近日,一起涉及上海市东方医院创伤外科主任、主任医师孙某新的举报事件引发了广泛关注。据网友实名举报,孙某新被指私下传播病人麻醉时的裸照及多达180份病人的手术信息,这一行为严重侵犯了患者的隐私权,也挑战 ||| 针对近日网传孙某新医生“泄露患者隐私”的问题,我院采取如下措施:1,立即暂停孙某新医生医疗工作,配合医院和相关部门调查;2,医院将本着严肃认真和客观公正的态度,依法依规严肃处理;3,一切为了患者,这是",public_web ||| social_media ||| mainstream_news ||| public_web,https://www.bangqike.com/read/1328433.html ||| https://www.163.com/dy/article/J697OT9K0550B6IS.html ||| https://www.sohu.com/a/792265437_121124540 ||| https://news.bjd.com.cn/2024/07/03/10824292.shtml,,,4,silver_candidate,standard_review,0.000,low,low_risk,uncertain,,,,,,,annotator_B,independent_review,annotator_B
E025,LLM_CANON_E025_005,社会公众和舆论,事件引发社会广泛关注和反思，舆论聚焦医疗场景中的患者隐私红线、医患信任和患者权益保护。,negative,多条证据称事件引发关注或社会广泛关注，并有评论将其指向医患关系中的隐私红线和信任问题。,SC_E025_005,公众;社会;网友;舆论,True,,,ev-00603;ev-00608;ev-00611;ev-01786,"描述:近日,有网友爆料称上海东方医院某医师私下传播病人私密照及手术信息,引发社会广泛关注。然而,院方迅速回应,坚决否认此事,并承诺将彻查此事,维护患者权益。 随着互联网的飞速发展,信息传播速度之快令人 ||| 近日,一起涉及上海市东方医院创伤外科主任、主任医师孙某新的举报事件引发了广泛关注。据网友实名举报,孙某新被指私下传播病人麻醉时的裸照及多达180份病人的手术信息,这一行为严重侵犯了患者的隐私权,也挑战 ||| 重塑信任:医患关系的隐私红线 在现代社会,医院不仅是治疗疾病的场所,更是人们对生命与健康寄托的地方。然而,最近上海东方医院孙贵新医生涉嫌泄露患者隐私的事件,引发了广泛关注和深思。医患关系作为社会最为敏 ||| 医生泄露患者隐私?医院:暂停工作 近日,关于上海市东方医院创伤外科主任、主任医师孙某涉嫌私下泄露病人信息的事件,引起了公众的广泛关注。对此,东方医院在最近的傍晚时间作出了官方回应,采取了一系列应对措施",social_media ||| mainstream_news ||| social_media ||| mainstream_news,https://www.toutiao.com/article/7387492841917923891 ||| https://www.sohu.com/a/792265437_121124540 ||| https://m.toutiao.com/article/7387833372795486759/ ||| https://news.china.com/socialgd/10000169/20240704/46795199.html,,,4,silver_candidate,standard_review,0.000,low,low_risk,uncertain,,,,,,,annotator_B,independent_review,annotator_B
E026,LLM_CANON_E026_001,邓州市卫生健康委员会,迅速介入事件，发布情况说明，牵头成立工作专案组调查事故原因，并初步认定该事件系患者未能真实说明病情与医疗人员漏诊误诊共同造成的医疗事故，将依法追究相关人员责任。,neutral,多条证据显示邓州市卫健委在媒体报道后发布情况说明、牵头调查，并对事故性质和责任追究作出初步表述。,SC_E026_001,河南邓州市卫生健康委员会;邓州市卫健委;河南南阳邓州市卫生健康委员会,True,,,ev-00622;ev-00627;ev-01792;ev-01796;ev-01798;ev-01799;ev-01800;ev-01802;ev-01810,"6月1日,河南邓州市卫生健康委员会迅速介入调查,并发布了情况说明,证实这是一起严重的医疗事故,将依法追究相关人员的责任。 ||| 经过事情的发酵后, 邓州市卫健委牵头,成立了工作专案组, 调查事故原因,经过将近4个月的调查取证,初步认为 这是一起患者未能真实说明病情,然后医疗人员漏诊误诊所造成的医疗事故 。 医院通报 目前, 邓 ||| 5月31日,“怀胎7月女大学生被当肾病医治后身亡”一事,引发社会关注。6月1日,记者从河南邓州卫生健康委员会获悉,这是一起既有患者未能真实说明病情,又有医疗人员漏诊误诊造成的医疗事故。目前,邓州市人民 ||| 邓州市卫生健康委员会6月1日发布情况说明:5月31日,媒体报道“怀胎7月女大学生被当肾病医治后身亡”一事,引发社会关注。 初步查明,2024年2月7日,患者庞某某因“水肿三天”入住邓州市人民医院接受治 ||| 新京报讯 据邓州卫健委官微消息, 5月31日,媒体报道“怀胎7月女大学生被当肾病医治后身亡”一事,引发社会关注。初步查明,2024年2月7日,患者庞某某因“水肿三天”入住邓州市人民医院接受治疗,因病情 ||| 据邓州市卫生健康委员会微信公众号消息,河南邓州市卫健委6月1日发布情况通报: 5月31日,媒体报道“怀胎7月女大学生被当肾病医治后身亡”一事,引发社会关注。初步查明,2024年2月7日,患者庞某某因“ ||| 女大学生怀胎7月被当肾病医治身亡 河南邓州通报 2024-06-01 16:54:58 看看新闻Knews综合 6月1日,河南邓州市卫生健康委员会发布情况说明:5月31日,媒体报道“怀胎7月女大学生被 ||| 5月31日,有媒体报道,一名女大学生怀孕七个月被误诊患肾病,于今年2月份不治身亡,此事引发关注。 6月1日,河南南阳邓州市卫生健康委员会发布情况说明: 5月31日,媒体报道“怀胎7月女大学生被当肾病医 ||| 5月31日,媒体报道,一名女大学生怀孕七个月被误诊患肾病,于今年2月份不治身亡,此事引发关注。 6月1日,河南南阳邓州市卫生健康委员会发布情况说明: 5月31日,媒体报道“怀胎7月女大学生被当肾病医治",social_media ||| social_media ||| social_media ||| public_web ||| mainstream_news ||| social_media ||| mainstream_news ||| mainstream_news ||| mainstream_news,https://www.toutiao.com/article/7375569640669381156/ ||| https://www.toutiao.com/article/7375379006025220635/ ||| https://www.163.com/dy/article/J3K9JLKV0514EA02.html ||| http://www.nmgcb.com.cn/jiankang/r-284072.html ||| https://www.bjnews.com.cn/detail/1717219391129772.html ||| https://www.guancha.cn/politics/2024_06_01_736736.shtml ||| https://www.kankanews.com/detail/6ryd8gvWmyK ||| https://new.qq.com/rain/a/20240601A069AO00 ||| https://k.sina.com.cn/article_2011075080_77de920801901drye.html,,,8,silver_candidate,standard_review,0.000,low,low_risk,uncertain,,,,,,,annotator_B,independent_review,annotator_B
E026,LLM_CANON_E026_002,邓州市人民医院及相关医疗人员,在接诊怀孕7个月患者时将其按肾病方向诊疗，存在漏诊误诊情形，并被初步认定为造成患者死亡医疗事故的原因之一。,negative,证据反复提到患者在邓州市人民医院就诊时被误诊为肾病，官方或报道称医疗人员存在漏诊误诊并造成医疗事故。,SC_E026_002,邓州市人民医院;河南南阳邓州人民医院;医疗人员;医生;医院,True,,,ev-00623;ev-00624;ev-00625;ev-00627;ev-01792;ev-01796;ev-01801;ev-01802;ev-01803;ev-01810,"5月31日,河南邓州市人民医院就诊怀胎7月女大学生,误诊为肾病,最终导致不幸身亡!一则令人痛心的消息在河南邓州市引起了广泛关注。一名怀有7个月身孕的女大学生,在邓州市人民医院就诊时,竟被误诊为肾病并接 ||| 5月31日,媒体报道“怀胎7月女大学生被当肾病医治后身亡”一事,引发社会关注。初步查明,2024年2月7日,患者庞某某因“水肿三天”入住邓州市人民医院接受治疗,因病情加重,2月12日先后转至南阳市第一 ||| 初步查明,2024年2月7日,患者庞某某因“水肿三天”入住邓州市人民医院接受治疗,因病情加重,2月12日先后转至南阳市第一人民医院、南阳市中心医院治疗,于2月20日上午死亡。事件发生后,邓州市卫健委牵 ||| 经过事情的发酵后, 邓州市卫健委牵头,成立了工作专案组, 调查事故原因,经过将近4个月的调查取证,初步认为 这是一起患者未能真实说明病情,然后医疗人员漏诊误诊所造成的医疗事故 。 医院通报 目前, 邓 ||| 5月31日,“怀胎7月女大学生被当肾病医治后身亡”一事,引发社会关注。6月1日,记者从河南邓州卫生健康委员会获悉,这是一起既有患者未能真实说明病情,又有医疗人员漏诊误诊造成的医疗事故。目前,邓州市人民 ||| 邓州市卫生健康委员会6月1日发布情况说明:5月31日,媒体报道“怀胎7月女大学生被当肾病医治后身亡”一事,引发社会关注。 初步查明,2024年2月7日,患者庞某某因“水肿三天”入住邓州市人民医院接受治 ||| 医疗乌龙事件再度发生,这次直接让一位孕妇失去生命,令人难以接受!根据报道,丽丽正在上大二,今年二月份回家因身体发胖到河南南阳邓州市人民医院检查,经过检查被医生诊断为肾病综合征。孕妇 住院治疗五天,因病 ||| 5月31日,有媒体报道,一名女大学生怀孕七个月被误诊患肾病,于今年2月份不治身亡,此事引发关注。 6月1日,河南南阳邓州市卫生健康委员会发布情况说明: 5月31日,媒体报道“怀胎7月女大学生被当肾病医 ||| 前言 你敢相信?现在竟然有医院把怀孕当“肾病”治疗,让女孕妇不幸身亡! 最近在河南南阳邓州人民医院,就发生了这样一起离谱的“误诊”恶性医疗事件。 一名怀孕的大学生在医院做检查,竟被误诊为“肾病综合征” ||| 5月31日,媒体报道,一名女大学生怀孕七个月被误诊患肾病,于今年2月份不治身亡,此事引发关注。 6月1日,河南南阳邓州市卫生健康委员会发布情况说明: 5月31日,媒体报道“怀胎7月女大学生被当肾病医治",social_media ||| mainstream_news ||| mainstream_news ||| social_media ||| social_media ||| public_web ||| public_web ||| mainstream_news ||| social_media ||| mainstream_news,https://www.toutiao.com/article/7375312304100868627/ ||| https://moment.rednet.cn/content/646840/83/13961961.html ||| https://www.sohu.com/a/783063667_121106884 ||| https://www.toutiao.com/article/7375379006025220635/ ||| https://www.163.com/dy/article/J3K9JLKV0514EA02.html ||| http://www.nmgcb.com.cn/jiankang/r-284072.html ||| https://finance.gucheng.com/202405/4387823.shtml ||| https://new.qq.com/rain/a/20240601A069AO00 ||| https://www.163.com/dy/article/J3L8I8V4055634L3.html ||| https://k.sina.com.cn/article_2011075080_77de920801901drye.html,,,8,silver_candidate,standard_review,0.000,low,low_risk,uncertain,,,,,,,annotator_B,independent_review,annotator_B
E026,LLM_CANON_E026_003,患者庞某某,因水肿入住邓州市人民医院治疗，后病情加重转至南阳市第一人民医院、南阳市中心医院治疗，并于2月20日上午死亡；官方初步调查还称其存在未能真实说明病情的情况。,negative,证据明确患者庞某某因水肿入院、转院后死亡，并有证据称事故原因包括患者未能真实说明病情。,SC_E026_003,怀胎7月女大学生;女大学生;孕妇;患者;丽丽,True,,,ev-00624;ev-00625;ev-00627;ev-01792;ev-01796;ev-01798;ev-01799;ev-01804;ev-01805,"5月31日,媒体报道“怀胎7月女大学生被当肾病医治后身亡”一事,引发社会关注。初步查明,2024年2月7日,患者庞某某因“水肿三天”入住邓州市人民医院接受治疗,因病情加重,2月12日先后转至南阳市第一 ||| 初步查明,2024年2月7日,患者庞某某因“水肿三天”入住邓州市人民医院接受治疗,因病情加重,2月12日先后转至南阳市第一人民医院、南阳市中心医院治疗,于2月20日上午死亡。事件发生后,邓州市卫健委牵 ||| 经过事情的发酵后, 邓州市卫健委牵头,成立了工作专案组, 调查事故原因,经过将近4个月的调查取证,初步认为 这是一起患者未能真实说明病情,然后医疗人员漏诊误诊所造成的医疗事故 。 医院通报 目前, 邓 ||| 5月31日,“怀胎7月女大学生被当肾病医治后身亡”一事,引发社会关注。6月1日,记者从河南邓州卫生健康委员会获悉,这是一起既有患者未能真实说明病情,又有医疗人员漏诊误诊造成的医疗事故。目前,邓州市人民 ||| 邓州市卫生健康委员会6月1日发布情况说明:5月31日,媒体报道“怀胎7月女大学生被当肾病医治后身亡”一事,引发社会关注。 初步查明,2024年2月7日,患者庞某某因“水肿三天”入住邓州市人民医院接受治 ||| 新京报讯 据邓州卫健委官微消息, 5月31日,媒体报道“怀胎7月女大学生被当肾病医治后身亡”一事,引发社会关注。初步查明,2024年2月7日,患者庞某某因“水肿三天”入住邓州市人民医院接受治疗,因病情 ||| 据邓州市卫生健康委员会微信公众号消息,河南邓州市卫健委6月1日发布情况通报: 5月31日,媒体报道“怀胎7月女大学生被当肾病医治后身亡”一事,引发社会关注。初步查明,2024年2月7日,患者庞某某因“ ||| 5月31日,媒体报道“怀胎7月女大学生被当肾病医治后身亡”一事,引发社会关注。初步查明,2024年2月7日,患者庞某某因“水肿三天”入住邓州市人民医院接受治疗,因病情加重,2月12日先后转至南阳市第一 ||| 情况说明5月31日,媒体报道“怀胎7月女大学生被当肾病医治后身亡”一事,引发社会关注。初步查明,2024年2月7日,患者庞某某因“水肿三天”入住邓州市人民医院接受治疗,因病情加重,2月12日先后转至南",mainstream_news ||| mainstream_news ||| social_media ||| social_media ||| public_web ||| mainstream_news ||| social_media ||| social_media ||| social_media,https://moment.rednet.cn/content/646840/83/13961961.html ||| https://www.sohu.com/a/783063667_121106884 ||| https://www.toutiao.com/article/7375379006025220635/ ||| https://www.163.com/dy/article/J3K9JLKV0514EA02.html ||| http://www.nmgcb.com.cn/jiankang/r-284072.html ||| https://www.bjnews.com.cn/detail/1717219391129772.html ||| https://www.guancha.cn/politics/2024_06_01_736736.shtml ||| https://www.163.com/dy/article/J3JR91C405148M7V.html ||| https://www.163.com/dy/article/J3KC5QGA05329WZS.html,,,7,silver_candidate,standard_review,0.000,low,low_risk,uncertain,,,,,,,annotator_B,independent_review,annotator_B
E026,LLM_CANON_E026_004,社会公众,对“怀胎7月女大学生被当肾病医治后身亡”事件表示关注，事件经媒体报道后引发社会关注。,negative,多条证据称该事件经媒体报道后“引发社会关注”，关注对象为孕妇被误诊后死亡这一负面医疗事件。,SC_E026_004,社会;公众;网友;舆论,True,,,ev-00623;ev-00624;ev-00626;ev-01792;ev-01796;ev-01797;ev-01798;ev-01799;ev-01802;ev-01804;ev-01805;ev-01810,"5月31日,河南邓州市人民医院就诊怀胎7月女大学生,误诊为肾病,最终导致不幸身亡!一则令人痛心的消息在河南邓州市引起了广泛关注。一名怀有7个月身孕的女大学生,在邓州市人民医院就诊时,竟被误诊为肾病并接 ||| 5月31日,媒体报道“怀胎7月女大学生被当肾病医治后身亡”一事,引发社会关注。初步查明,2024年2月7日,患者庞某某因“水肿三天”入住邓州市人民医院接受治疗,因病情加重,2月12日先后转至南阳市第一 ||| 5月31日,有媒体报道,一名女大学生怀孕七个月被误诊患肾病,于今年2月份不治身亡,此事引发关注。6月1日,河南南阳邓州市卫生健康委员会发布情况说明:5月31日,媒体报道“怀胎7月女大学生被当肾病医治后 ||| 5月31日,“怀胎7月女大学生被当肾病医治后身亡”一事,引发社会关注。6月1日,记者从河南邓州卫生健康委员会获悉,这是一起既有患者未能真实说明病情,又有医疗人员漏诊误诊造成的医疗事故。目前,邓州市人民 ||| 邓州市卫生健康委员会6月1日发布情况说明:5月31日,媒体报道“怀胎7月女大学生被当肾病医治后身亡”一事,引发社会关注。 初步查明,2024年2月7日,患者庞某某因“水肿三天”入住邓州市人民医院接受治 ||| 原标题:“怀胎7月女大学生被当肾病医治后身亡”,官方通报 5月31日,有媒体报道“怀胎7月女大学生被当肾病医治后身亡”一事,引发社会关注。6月1日,邓州市卫生健康委员会发布情况说明,全文如下: 情况说 ||| 新京报讯 据邓州卫健委官微消息, 5月31日,媒体报道“怀胎7月女大学生被当肾病医治后身亡”一事,引发社会关注。初步查明,2024年2月7日,患者庞某某因“水肿三天”入住邓州市人民医院接受治疗,因病情 ||| 据邓州市卫生健康委员会微信公众号消息,河南邓州市卫健委6月1日发布情况通报: 5月31日,媒体报道“怀胎7月女大学生被当肾病医治后身亡”一事,引发社会关注。初步查明,2024年2月7日,患者庞某某因“ ||| 5月31日,有媒体报道,一名女大学生怀孕七个月被误诊患肾病,于今年2月份不治身亡,此事引发关注。 6月1日,河南南阳邓州市卫生健康委员会发布情况说明: 5月31日,媒体报道“怀胎7月女大学生被当肾病医 ||| 5月31日,媒体报道“怀胎7月女大学生被当肾病医治后身亡”一事,引发社会关注。初步查明,2024年2月7日,患者庞某某因“水肿三天”入住邓州市人民医院接受治疗,因病情加重,2月12日先后转至南阳市第一 ||| 情况说明5月31日,媒体报道“怀胎7月女大学生被当肾病医治后身亡”一事,引发社会关注。初步查明,2024年2月7日,患者庞某某因“水肿三天”入住邓州市人民医院接受治疗,因病情加重,2月12日先后转至南 ||| 5月31日,媒体报道,一名女大学生怀孕七个月被误诊患肾病,于今年2月份不治身亡,此事引发关注。 6月1日,河南南阳邓州市卫生健康委员会发布情况说明: 5月31日,媒体报道“怀胎7月女大学生被当肾病医治",social_media ||| mainstream_news ||| social_media ||| social_media ||| public_web ||| mainstream_news ||| mainstream_news ||| social_media ||| mainstream_news ||| social_media ||| social_media ||| mainstream_news,https://www.toutiao.com/article/7375312304100868627/ ||| https://moment.rednet.cn/content/646840/83/13961961.html ||| https://www.163.com/dy/article/J3K6TASD0525BI41.html ||| https://www.163.com/dy/article/J3K9JLKV0514EA02.html ||| http://www.nmgcb.com.cn/jiankang/r-284072.html ||| https://mil.news.sina.com.cn/2024-06-01/doc-inaxfenc9766413.shtml ||| https://www.bjnews.com.cn/detail/1717219391129772.html ||| https://www.guancha.cn/politics/2024_06_01_736736.shtml ||| https://new.qq.com/rain/a/20240601A069AO00 ||| https://www.163.com/dy/article/J3JR91C405148M7V.html ||| https://www.163.com/dy/article/J3KC5QGA05329WZS.html ||| https://k.sina.com.cn/article_2011075080_77de920801901drye.html,,,9,silver_candidate,standard_review,0.000,low,low_risk,uncertain,,,,,,,annotator_B,independent_review,annotator_B
E027,LLM_CANON_E027_001,上海市公安局浦东分局,对在知名医院周边实施“医托”诈骗的团伙开展侦查打击并成功捣毁，抓获或拘留涉案人员。,positive,多条证据称上海浦东警方或上海警方捣毁在医院周边实施医托诈骗的团伙，并提到涉案人员被拘留、40余人被抓等执法结果。,SC_E027_001,上海浦东警方;上海警方;当地警方;上海公安浦东分局,True,,,ev-00642;ev-00643;ev-00645;ev-01811;ev-01814;ev-01816;ev-01821,"近期上海浦东警方抓捕捣毁一个涉嫌诈骗的犯罪团伙,在知名医院周围搭讪介绍受害者到所谓的名医那里就诊,殊不知医生药材都是假的,没什么效果。目前涉案人员已被拘留在上海浦东看守所。医托诈骗在近几年是非常常见的 ||| 2024年1月19日,上海浦东警方成功捣毁了一个专门实施医托诈骗的团伙。这个团伙由40名成员组成,他们在短短半年时间内,通过在全市三甲医院的门诊等候区或挂号区搭讪并引诱近千名患者,实施了诈骗,涉案金额 ||| 近日,上海警方捣毁一个在各大医院实施“医托”诈骗的团伙,这一团伙内部分工明确,谎称有从重点医院退休的知名中医看诊,最终将高于市场价数倍的中药卖给被害人,从中牟利。 从监控视频中可以看到,医托分工明确, ||| 近期上海浦东分局抓捕了一批涉嫌诈骗的医托犯罪人员,介绍受害者去所谓知名医院退休专家处就诊,其实都是假冒的,而且开的药本来很便宜的开出天价,也没有什么治疗效果。那么涉嫌诈骗犯罪人员将会面临什么样的处罚? ||| 记者19日从上海市公安局浦东分局获悉,近日,当地警方捣毁一个专门在各个知名医院周边实施“医托”诈骗的团伙。经初步查证,该案涉及被害人近千名,涉案金额达450余万元。 记者:陈杰、兰天鸣 报道员:吴一凡 ||| 记者19日从上海市公安局浦东分局获悉,近日,当地警方捣毁一个专门在各个知名医院周边实施“医托”诈骗的团伙。 近期,上海浦东警方陆续接到报警,多名被害人称在医院等候就诊过程中被搭讪,并被介绍去所谓知名医 ||| 在医院周边,若有“好心人”推荐某中医馆名医,一定要小心!近日,上海浦东警方捣毁了“医托”诈骗团伙,40余人被抓,被害人近千名,涉案金额450余万元。 澎湃新闻记者 邹桥 编辑 何羽茜 视频来源 上海浦",social_media ||| social_media ||| mainstream_news ||| public_web ||| mainstream_news ||| public_web ||| mainstream_news,https://www.163.com/dy/article/IP28RHCQ0529R0CJ.html ||| https://www.toutiao.com/article/7326165855321031168/ ||| https://www.kankanews.com/detail/Gr21mgvZ12e ||| https://www.lawtime.cn/article/lll136172639136177733oo899220 ||| https://www.sohu.com/a/753024734_267106 ||| http://szb.wxrb.com/jnwb/content/202401/20/content_207659.html ||| https://www.thepaper.cn/newsDetail_forward_26067366,,,7,silver_candidate,standard_review,0.000,low,low_risk,uncertain,,,,,,,annotator_B,independent_review,annotator_B
E027,LLM_CANON_E027_002,医院周边“医托”诈骗团伙,在医院门诊等候区、挂号区或周边搭讪患者，谎称可介绍重点医院退休名医或所谓知名专家就诊，诱导患者前往指定医馆或诊所，并以高于市场价数倍的中药牟利。,negative,证据描述该团伙分工明确，通过搭讪、配合诱导患者到所谓名医处就诊，医生或药材被指虚假，药品价格高且疗效差，涉案金额达450余万元、被害人近千名。,SC_E027_002,涉嫌诈骗的犯罪团伙;医托犯罪人员;医托诈骗团伙;40名成员组成的团伙;在各大医院实施“医托”诈骗的团伙,True,,,ev-00642;ev-00643;ev-00645;ev-01811;ev-01814;ev-01816;ev-01821,"近期上海浦东警方抓捕捣毁一个涉嫌诈骗的犯罪团伙,在知名医院周围搭讪介绍受害者到所谓的名医那里就诊,殊不知医生药材都是假的,没什么效果。目前涉案人员已被拘留在上海浦东看守所。医托诈骗在近几年是非常常见的 ||| 2024年1月19日,上海浦东警方成功捣毁了一个专门实施医托诈骗的团伙。这个团伙由40名成员组成,他们在短短半年时间内,通过在全市三甲医院的门诊等候区或挂号区搭讪并引诱近千名患者,实施了诈骗,涉案金额 ||| 近日,上海警方捣毁一个在各大医院实施“医托”诈骗的团伙,这一团伙内部分工明确,谎称有从重点医院退休的知名中医看诊,最终将高于市场价数倍的中药卖给被害人,从中牟利。 从监控视频中可以看到,医托分工明确, ||| 近期上海浦东分局抓捕了一批涉嫌诈骗的医托犯罪人员,介绍受害者去所谓知名医院退休专家处就诊,其实都是假冒的,而且开的药本来很便宜的开出天价,也没有什么治疗效果。那么涉嫌诈骗犯罪人员将会面临什么样的处罚? ||| 记者19日从上海市公安局浦东分局获悉,近日,当地警方捣毁一个专门在各个知名医院周边实施“医托”诈骗的团伙。经初步查证,该案涉及被害人近千名,涉案金额达450余万元。 记者:陈杰、兰天鸣 报道员:吴一凡 ||| 记者19日从上海市公安局浦东分局获悉,近日,当地警方捣毁一个专门在各个知名医院周边实施“医托”诈骗的团伙。 近期,上海浦东警方陆续接到报警,多名被害人称在医院等候就诊过程中被搭讪,并被介绍去所谓知名医 ||| 在医院周边,若有“好心人”推荐某中医馆名医,一定要小心!近日,上海浦东警方捣毁了“医托”诈骗团伙,40余人被抓,被害人近千名,涉案金额450余万元。 澎湃新闻记者 邹桥 编辑 何羽茜 视频来源 上海浦",social_media ||| social_media ||| mainstream_news ||| public_web ||| mainstream_news ||| public_web ||| mainstream_news,https://www.163.com/dy/article/IP28RHCQ0529R0CJ.html ||| https://www.toutiao.com/article/7326165855321031168/ ||| https://www.kankanews.com/detail/Gr21mgvZ12e ||| https://www.lawtime.cn/article/lll136172639136177733oo899220 ||| https://www.sohu.com/a/753024734_267106 ||| http://szb.wxrb.com/jnwb/content/202401/20/content_207659.html ||| https://www.thepaper.cn/newsDetail_forward_26067366,,,7,silver_candidate,standard_review,0.000,low,low_risk,uncertain,,,,,,,annotator_B,independent_review,annotator_B
E027,LLM_CANON_E027_003,被害患者,多名患者在医院等候就诊过程中被搭讪并被介绍去所谓知名医院退休专家处就诊，随后遭遇医托诈骗并向警方报警。,negative,证据称上海浦东警方陆续接到报警，多名被害人表示在医院等候就诊过程中被搭讪、引导至所谓名医或退休专家处，从而受骗。,SC_E027_003,被害人;受害者;患者;多名被害人,True,,,ev-00642;ev-01811;ev-01816,"近期上海浦东警方抓捕捣毁一个涉嫌诈骗的犯罪团伙,在知名医院周围搭讪介绍受害者到所谓的名医那里就诊,殊不知医生药材都是假的,没什么效果。目前涉案人员已被拘留在上海浦东看守所。医托诈骗在近几年是非常常见的 ||| 近期上海浦东分局抓捕了一批涉嫌诈骗的医托犯罪人员,介绍受害者去所谓知名医院退休专家处就诊,其实都是假冒的,而且开的药本来很便宜的开出天价,也没有什么治疗效果。那么涉嫌诈骗犯罪人员将会面临什么样的处罚? ||| 记者19日从上海市公安局浦东分局获悉,近日,当地警方捣毁一个专门在各个知名医院周边实施“医托”诈骗的团伙。 近期,上海浦东警方陆续接到报警,多名被害人称在医院等候就诊过程中被搭讪,并被介绍去所谓知名医",social_media ||| public_web ||| public_web,https://www.163.com/dy/article/IP28RHCQ0529R0CJ.html ||| https://www.lawtime.cn/article/lll136172639136177733oo899220 ||| http://szb.wxrb.com/jnwb/content/202401/20/content_207659.html,,,3,silver_candidate,standard_review,0.000,low,low_risk,uncertain,,,,,,,annotator_B,independent_review,annotator_B
E029,LLM_CANON_E029_002,广西医科大学第一附属医院,医院发布“4·19门诊大楼男子坠楼事件”后续情况通报，以回应社会关切并说明事件后续情况和调查进展。,neutral,多条报道和医院通报均显示，医院于4月20日下午发布后续情况通报，目的包括回应社会关切、进一步通报事件后续情况。,SC_E029_001,医院;我院;医院方面;广西医科大学第一附属医院方面,True,同一医院主体的对外信息发布行动，与另一个元组中的现场抢救、报警和配合调查属于不同响应。,,ev-00691;ev-00692;ev-00693;ev-00694;ev-00695;ev-00697;ev-00699;ev-00700;ev-01832;ev-01833;ev-01837,"广西医科大学第一附属医院4月20日下午发布“4·19门诊大楼男子坠楼事件”后续情况通报。 1、坠楼经过 2024年4月19日15时许,广西医科大学第一附属医院门诊大楼五楼一名男子跨过防护栏,意欲跳楼。 ||| 广西医科大学第一附属医院4月20日下午发布“4·19门诊大楼男子坠楼事件”后续情况通报。 坠楼 经过 2024年4月19日15时许, 广西医科大学第一附属医院 门诊大楼五楼一名男子跨过防护栏,意欲跳楼 ||| 广西医科大学第一附属医院4月20日下午发布“4·19门诊大楼男子坠楼事件”后续情况通报。 一、坠楼经过 2024年4月19日15时许,广西医科大学第一附属医院门诊大楼五楼一名男子跨过防护栏,意欲跳楼。 ||| 广西医科大学第一附属医院4月20日下午发布“4·19门诊大楼男子坠楼事件”后续情况通报。 1、坠楼经过 2024年4月19日15时许,广西医科大学第一附属医院门诊大楼五楼一名男子跨过防护栏,意欲跳楼。 ||| 广西医科大学第一附属医院通报“4•19门诊大楼男子坠楼事件”,再次引起了社会的广泛关注。为回应社会关切,医院方面向社会通报了事件的后续情况和调查进展。 #坠楼经过# 2024年4月19日15时许,广西 ||| 为回应社会关切,进一步通报事件后续情况。 一、坠楼经过 2024年4月19日15时许,我院门诊大楼五楼一名男子跨过防护栏,意欲跳楼。我院一名职工冲出科室,伸手试图拉住该男子,但未成功。不幸事件发生后, ||| 20日下午,广西医科大学第一附属医院发布“4·19门诊大楼男子坠楼事件”后续情况通报: 一、坠楼经过 2024年4月19日15时许,我院门诊大楼五楼一名男子跨过防护栏,意欲跳楼。我院一名职工冲出科室, ||| 20日下午,广西医科大学第一附属医院发布“4·19门诊大楼男子坠楼事件”后续情况通报: 4·19门诊大楼男子坠楼事件后续情况通报 一、坠楼经过2024年4月19日15时许,我院门诊大楼五楼一名男子跨过 ||| 广西医科大学第一附属医院通报“4•19门诊大楼男子坠楼事件”,再次引起了社会的广泛关注。为回应社会关切,医院方面向社会通报了事件的后续情况和调查进展。 #坠楼经过# 2024年4月19日15时许,广西 ||| 为回应社会关切,进一步通报事件后续情况。 一、坠楼经过 2024年4月19日15时许,我院门诊大楼五楼一名男子跨过防护栏,意欲跳楼。我院一名职工冲出科室,伸手试图拉住该男子,但未成功。不幸事件发生后, ||| 20日下午,广西医科大学第一附属医院发布“4·19门诊大楼男子坠楼事件”后续情况通报:一、坠楼经过2024年4月19日15时许,我院门诊大楼五楼一名男子跨过防护栏,意欲跳楼。我院一名职工冲出科室,伸手",mainstream_news ||| mainstream_news ||| mainstream_news ||| mainstream_news ||| mainstream_news ||| public_web ||| public_web ||| mainstream_news ||| mainstream_news ||| mainstream_news ||| public_web,https://www.thepaper.cn/newsDetail_forward_27091536 ||| https://m.163.com/news/article/J08GM00N0530X1P1.html ||| https://m.163.com/dy/article/J08A10K00530JPVV.html ||| https://m.thepaper.cn/newsDetail_forward_27091536 ||| https://m.sohu.com/a/773203349_121908701/?pvid=000115_3w_a ||| https://www.gxmuyfy.cn/notice/noticetzgg/27123.html ||| http://m.shaoxing.com.cn/p/3187898.html ||| https://www.thepaper.cn/newsDetail_forward_27107815 ||| http://m.sohu.com/a/773203349_121908701/?pvid=000115_3w_a ||| https://finance.sina.com.cn/jjxw/2024-04-20/doc-inasnqhq8405724.shtml ||| https://news.medlive.cn/all/info-news/show-210250_97.html,,,8,silver_candidate,standard_review,0.000,low,low_risk,uncertain,,,,,,,annotator_B,independent_review,annotator_B
E029,LLM_CANON_E029_003,坠楼男子,该男子在门诊大楼五楼跨过防护栏，意欲跳楼，随后发生坠楼事件。,negative,多条证据一致描述男子跨过防护栏、意欲跳楼，是事件的直接触发行为。,SC_E029_002,一名男子;门诊大楼五楼一名男子;男子,True,,,ev-00691;ev-00692;ev-00693;ev-00694;ev-00697;ev-00699;ev-00700;ev-01833;ev-01837,"广西医科大学第一附属医院4月20日下午发布“4·19门诊大楼男子坠楼事件”后续情况通报。 1、坠楼经过 2024年4月19日15时许,广西医科大学第一附属医院门诊大楼五楼一名男子跨过防护栏,意欲跳楼。 ||| 广西医科大学第一附属医院4月20日下午发布“4·19门诊大楼男子坠楼事件”后续情况通报。 坠楼 经过 2024年4月19日15时许, 广西医科大学第一附属医院 门诊大楼五楼一名男子跨过防护栏,意欲跳楼 ||| 广西医科大学第一附属医院4月20日下午发布“4·19门诊大楼男子坠楼事件”后续情况通报。 一、坠楼经过 2024年4月19日15时许,广西医科大学第一附属医院门诊大楼五楼一名男子跨过防护栏,意欲跳楼。 ||| 广西医科大学第一附属医院4月20日下午发布“4·19门诊大楼男子坠楼事件”后续情况通报。 1、坠楼经过 2024年4月19日15时许,广西医科大学第一附属医院门诊大楼五楼一名男子跨过防护栏,意欲跳楼。 ||| 为回应社会关切,进一步通报事件后续情况。 一、坠楼经过 2024年4月19日15时许,我院门诊大楼五楼一名男子跨过防护栏,意欲跳楼。我院一名职工冲出科室,伸手试图拉住该男子,但未成功。不幸事件发生后, ||| 20日下午,广西医科大学第一附属医院发布“4·19门诊大楼男子坠楼事件”后续情况通报: 一、坠楼经过 2024年4月19日15时许,我院门诊大楼五楼一名男子跨过防护栏,意欲跳楼。我院一名职工冲出科室, ||| 20日下午,广西医科大学第一附属医院发布“4·19门诊大楼男子坠楼事件”后续情况通报: 4·19门诊大楼男子坠楼事件后续情况通报 一、坠楼经过2024年4月19日15时许,我院门诊大楼五楼一名男子跨过 ||| 为回应社会关切,进一步通报事件后续情况。 一、坠楼经过 2024年4月19日15时许,我院门诊大楼五楼一名男子跨过防护栏,意欲跳楼。我院一名职工冲出科室,伸手试图拉住该男子,但未成功。不幸事件发生后, ||| 20日下午,广西医科大学第一附属医院发布“4·19门诊大楼男子坠楼事件”后续情况通报:一、坠楼经过2024年4月19日15时许,我院门诊大楼五楼一名男子跨过防护栏,意欲跳楼。我院一名职工冲出科室,伸手",mainstream_news ||| mainstream_news ||| mainstream_news ||| mainstream_news ||| public_web ||| public_web ||| mainstream_news ||| mainstream_news ||| public_web,https://www.thepaper.cn/newsDetail_forward_27091536 ||| https://m.163.com/news/article/J08GM00N0530X1P1.html ||| https://m.163.com/dy/article/J08A10K00530JPVV.html ||| https://m.thepaper.cn/newsDetail_forward_27091536 ||| https://www.gxmuyfy.cn/notice/noticetzgg/27123.html ||| http://m.shaoxing.com.cn/p/3187898.html ||| https://www.thepaper.cn/newsDetail_forward_27107815 ||| https://finance.sina.com.cn/jjxw/2024-04-20/doc-inasnqhq8405724.shtml ||| https://news.medlive.cn/all/info-news/show-210250_97.html,,,7,silver_candidate,standard_review,0.000,low,low_risk,uncertain,,,,,,,annotator_B,independent_review,annotator_B
E029,LLM_CANON_E029_004,广西医科大学第一附属医院职工,一名医院职工冲出科室，伸手试图拉住意欲跳楼的男子，但未成功。,positive,医院后续通报及转载报道均提到该职工试图阻止男子坠楼，属于救助尝试。,SC_E029_003,我院一名职工;医院一名职工,True,,,ev-00697;ev-00699;ev-01833;ev-01837,"为回应社会关切,进一步通报事件后续情况。 一、坠楼经过 2024年4月19日15时许,我院门诊大楼五楼一名男子跨过防护栏,意欲跳楼。我院一名职工冲出科室,伸手试图拉住该男子,但未成功。不幸事件发生后, ||| 20日下午,广西医科大学第一附属医院发布“4·19门诊大楼男子坠楼事件”后续情况通报: 一、坠楼经过 2024年4月19日15时许,我院门诊大楼五楼一名男子跨过防护栏,意欲跳楼。我院一名职工冲出科室, ||| 为回应社会关切,进一步通报事件后续情况。 一、坠楼经过 2024年4月19日15时许,我院门诊大楼五楼一名男子跨过防护栏,意欲跳楼。我院一名职工冲出科室,伸手试图拉住该男子,但未成功。不幸事件发生后, ||| 20日下午,广西医科大学第一附属医院发布“4·19门诊大楼男子坠楼事件”后续情况通报:一、坠楼经过2024年4月19日15时许,我院门诊大楼五楼一名男子跨过防护栏,意欲跳楼。我院一名职工冲出科室,伸手",public_web ||| public_web ||| mainstream_news ||| public_web,https://www.gxmuyfy.cn/notice/noticetzgg/27123.html ||| http://m.shaoxing.com.cn/p/3187898.html ||| https://finance.sina.com.cn/jjxw/2024-04-20/doc-inasnqhq8405724.shtml ||| https://news.medlive.cn/all/info-news/show-210250_97.html,,,4,silver_candidate,standard_review,0.000,low,low_risk,uncertain,,,,,,,annotator_B,independent_review,annotator_B
E029,LLM_CANON_E029_005,社会公众,该坠楼事件引发社会广泛关注和关切，促使医院对外通报后续情况和调查进展。,mixed,证据称事件再次引起社会广泛关注，医院为回应社会关切而通报后续情况。,SC_E029_004,社会;社会关切;社会广泛关注,True,,,ev-00695;ev-00697;ev-01832;ev-01833,"广西医科大学第一附属医院通报“4•19门诊大楼男子坠楼事件”,再次引起了社会的广泛关注。为回应社会关切,医院方面向社会通报了事件的后续情况和调查进展。 #坠楼经过# 2024年4月19日15时许,广西 ||| 为回应社会关切,进一步通报事件后续情况。 一、坠楼经过 2024年4月19日15时许,我院门诊大楼五楼一名男子跨过防护栏,意欲跳楼。我院一名职工冲出科室,伸手试图拉住该男子,但未成功。不幸事件发生后, ||| 广西医科大学第一附属医院通报“4•19门诊大楼男子坠楼事件”,再次引起了社会的广泛关注。为回应社会关切,医院方面向社会通报了事件的后续情况和调查进展。 #坠楼经过# 2024年4月19日15时许,广西 ||| 为回应社会关切,进一步通报事件后续情况。 一、坠楼经过 2024年4月19日15时许,我院门诊大楼五楼一名男子跨过防护栏,意欲跳楼。我院一名职工冲出科室,伸手试图拉住该男子,但未成功。不幸事件发生后,",mainstream_news ||| public_web ||| mainstream_news ||| mainstream_news,https://m.sohu.com/a/773203349_121908701/?pvid=000115_3w_a ||| https://www.gxmuyfy.cn/notice/noticetzgg/27123.html ||| http://m.sohu.com/a/773203349_121908701/?pvid=000115_3w_a ||| https://finance.sina.com.cn/jjxw/2024-04-20/doc-inasnqhq8405724.shtml,,,3,silver_candidate,standard_review,0.000,low,low_risk,uncertain,,,,,,,annotator_B,independent_review,annotator_B
E030,LLM_CANON_E030_001,老年人与残疾人等特殊就医群体,因部分医疗机构缺少电话预约挂号方式、挂号平台和自助挂号机未实现无障碍功能，老年人、残疾人等群体面临线上预约挂号和便捷就医障碍。,negative,多条证据直接指出医疗机构未提供电话预约、挂号平台及自助机未实现无障碍功能，并追问不会上网或有视力障碍的老年人与残疾人如何便捷就医；另有证据称线上预约对残障人士、老年人等特殊群体并不容易。,SC_E030_001,不会上网、不会使用智能手机和存在视力障碍的老年人与残疾人;残障人士、老年人等特殊群体;残疾人、老年人等特定群体,True,,,ev-00711;ev-00712;ev-00713;ev-00714;ev-00715;ev-01286;ev-01287;ev-01289;ev-01290,"医疗机构不提供电话预约的挂号方式,挂号平台及自助挂号机也没有实现无障碍功能,那些不会上网、不会使用智能手机和存在视力障碍的老年人与残疾人该如何便捷就医呢? 2024年5月,广东省深圳市人民检察院收到志 ||| 医疗机构不提供电话预约的挂号方式,挂号平台及自助挂号机也没有实现无障碍功能,那些不会上网、不会使用智能手机和存在视力障碍的老年人与残疾人该如何便捷就医呢? 2024年5月,广东省深圳市人民检察院收到志 ||| 线上预约挂号就医,对于熟练使用电子设备的年轻人来说易如反掌,但对于残障人士、老年人等特殊群体而言,却不是一件容易的事。今年4月,深圳市检察院收到一条无障碍挂号就医的公益诉讼线索,反映我市部分医院线上及 ||| 线上预约挂号就医,对于熟练使用电子设备的年轻人来说易如反掌,但对于残障人士、老年人等特殊群体而言,却不是一件容易的事。今年4月,深圳市检察院收到一条无障碍挂号就医的公益诉讼线索,反映我市部分医院线上及 ||| 医疗机构不提供电话预约的挂号方式,挂号平台及自助挂号机也没有实现无障碍功能,那些不会上网、不会使用智能手机和存在视力障碍的老年人与残疾人该如何便捷就医呢?2024年5月,广东省深圳市人民检察院收到志愿 ||| 出行、就医挂号......残疾人、老年人等特定群体在日常生活中遇到“障碍”怎么办?9月17日,最高人民检察院与民政部、中国残疾人联合会共同发布一批无障碍和适老化检察公益诉讼典型案例,从中可见多地检察机 ||| 出行、就医挂号......残疾人、老年人等特定群体在日常生活中遇到“障碍”怎么办?9月17日,最高人民检察院与民政部、中国残疾人联合会共同发布一批无障碍和适老化检察公益诉讼典型案例,从中可见多地检察机 ||| 出行、就医挂号......残疾人、老年人等特定群体在日常生活中遇到“障碍”怎么办?9月17日,最高人民检察院与民政部、中国残疾人联合会共同发布一批无障碍和适老化检察公益诉讼典型案例,从中可见多地检察机 ||| 出行、就医挂号......残疾人、老年人等特定群体在日常生活中遇到“障碍”怎么办?9月17日,最高人民检察院与民政部、中国残疾人联合会共同发布一批无障碍和适老化检察公益诉讼典型案例,从中可见多地检察机",mainstream_news ||| public_web ||| mainstream_news ||| official ||| mainstream_news ||| public_web ||| public_web ||| public_web ||| public_web,https://news.qq.com/rain/a/20251112A067EI00 ||| https://www.yicai.com/news/102909029.html ||| https://m.sohu.com/a/789009588_161795/?pvid=000115_3w_a ||| https://www.shenzhen.jcy.gov.cn/Dynamic/Media/8465.html ||| https://c.m.163.com/news/a/KE6NRBQE0519DDQ2.html ||| https://difang.gmw.cn/cq/2025-09/19/content_38296348.htm ||| https://elderly.qianlong.com/2025/0918/8555832.shtml ||| https://gongyi.gmw.cn/2025-09/18/content_38294614.htm ||| https://legal.gmw.cn/2025-09/18/content_38294585.htm,,,9,silver_candidate,standard_review,0.000,low,low_risk,uncertain,,,,,,,annotator_B,independent_review,annotator_B
E030,LLM_CANON_E030_002,深圳市人民检察院,收到无障碍挂号就医公益诉讼线索后，督促相关方面实施就医挂号无障碍、适老化改造。,positive,证据显示深圳市检察院于2024年4月或5月收到无障碍挂号就医公益诉讼线索；最高检发布的典型案例名称明确为“广东省深圳市人民检察院督促实施就医挂号无障碍、适老化改造”。,SC_E030_002,广东省深圳市人民检察院;深圳市检察院,True,,,ev-00711;ev-00712;ev-00713;ev-00714;ev-00715;ev-00716;ev-00718,"医疗机构不提供电话预约的挂号方式,挂号平台及自助挂号机也没有实现无障碍功能,那些不会上网、不会使用智能手机和存在视力障碍的老年人与残疾人该如何便捷就医呢? 2024年5月,广东省深圳市人民检察院收到志 ||| 医疗机构不提供电话预约的挂号方式,挂号平台及自助挂号机也没有实现无障碍功能,那些不会上网、不会使用智能手机和存在视力障碍的老年人与残疾人该如何便捷就医呢? 2024年5月,广东省深圳市人民检察院收到志 ||| 线上预约挂号就医,对于熟练使用电子设备的年轻人来说易如反掌,但对于残障人士、老年人等特殊群体而言,却不是一件容易的事。今年4月,深圳市检察院收到一条无障碍挂号就医的公益诉讼线索,反映我市部分医院线上及 ||| 线上预约挂号就医,对于熟练使用电子设备的年轻人来说易如反掌,但对于残障人士、老年人等特殊群体而言,却不是一件容易的事。今年4月,深圳市检察院收到一条无障碍挂号就医的公益诉讼线索,反映我市部分医院线上及 ||| 医疗机构不提供电话预约的挂号方式,挂号平台及自助挂号机也没有实现无障碍功能,那些不会上网、不会使用智能手机和存在视力障碍的老年人与残疾人该如何便捷就医呢?2024年5月,广东省深圳市人民检察院收到志愿 ||| 中国青年报客户端讯(中青报·中青网记者 韩飏)今天,最高人民检察院与民政部、中国残疾人联合会联合发布一批无障碍和适老化检察公益诉讼典型案例,""广东省深圳市人民检察院督促实施就医挂号无障碍、适老化改造行 ||| 中国青年报客户端讯(中青报·中青网记者 韩飏)今天,最高人民检察院与民政部、中国残疾人联合会联合发布一批无障碍和适老化检察公益诉讼典型案例,""广东省深圳市人民检察院督促实施就医挂号无障碍、适老化改造行",mainstream_news ||| public_web ||| mainstream_news ||| official ||| mainstream_news ||| mainstream_news ||| mainstream_news,https://news.qq.com/rain/a/20251112A067EI00 ||| https://www.yicai.com/news/102909029.html ||| https://m.sohu.com/a/789009588_161795/?pvid=000115_3w_a ||| https://www.shenzhen.jcy.gov.cn/Dynamic/Media/8465.html ||| https://c.m.163.com/news/a/KE6NRBQE0519DDQ2.html ||| https://www.sohu.com/a/935904190_119038?scm=10001.8085_13-8085_13.0.0.0 ||| https://news.qq.com/rain/a/20250917A07C8Q00,,,6,silver_candidate,standard_review,0.000,low,low_risk,uncertain,,,,,,,annotator_B,independent_review,annotator_B
E030,LLM_CANON_E030_003,部分深圳医疗机构,未提供电话预约挂号方式，且挂号平台、自助挂号机未实现无障碍功能，导致适老化和无障碍服务不到位。,negative,多条证据称医疗机构不提供电话预约挂号，挂号平台及自助挂号机没有实现无障碍功能；另有证据称线索反映深圳部分医院线上及相关挂号服务存在无障碍问题。,SC_E030_003,医疗机构;部分医院;我市部分医院,True,,,ev-00711;ev-00712;ev-00713;ev-00714;ev-00715,"医疗机构不提供电话预约的挂号方式,挂号平台及自助挂号机也没有实现无障碍功能,那些不会上网、不会使用智能手机和存在视力障碍的老年人与残疾人该如何便捷就医呢? 2024年5月,广东省深圳市人民检察院收到志 ||| 医疗机构不提供电话预约的挂号方式,挂号平台及自助挂号机也没有实现无障碍功能,那些不会上网、不会使用智能手机和存在视力障碍的老年人与残疾人该如何便捷就医呢? 2024年5月,广东省深圳市人民检察院收到志 ||| 线上预约挂号就医,对于熟练使用电子设备的年轻人来说易如反掌,但对于残障人士、老年人等特殊群体而言,却不是一件容易的事。今年4月,深圳市检察院收到一条无障碍挂号就医的公益诉讼线索,反映我市部分医院线上及 ||| 线上预约挂号就医,对于熟练使用电子设备的年轻人来说易如反掌,但对于残障人士、老年人等特殊群体而言,却不是一件容易的事。今年4月,深圳市检察院收到一条无障碍挂号就医的公益诉讼线索,反映我市部分医院线上及 ||| 医疗机构不提供电话预约的挂号方式,挂号平台及自助挂号机也没有实现无障碍功能,那些不会上网、不会使用智能手机和存在视力障碍的老年人与残疾人该如何便捷就医呢?2024年5月,广东省深圳市人民检察院收到志愿",mainstream_news ||| public_web ||| mainstream_news ||| official ||| mainstream_news,https://news.qq.com/rain/a/20251112A067EI00 ||| https://www.yicai.com/news/102909029.html ||| https://m.sohu.com/a/789009588_161795/?pvid=000115_3w_a ||| https://www.shenzhen.jcy.gov.cn/Dynamic/Media/8465.html ||| https://c.m.163.com/news/a/KE6NRBQE0519DDQ2.html,,,5,silver_candidate,standard_review,0.000,low,low_risk,uncertain,,,,,,,annotator_B,independent_review,annotator_B
E030,LLM_CANON_E030_004,最高人民检察院、民政部、中国残疾人联合会,联合发布无障碍和适老化检察公益诉讼典型案例，将深圳市人民检察院督促实施就医挂号无障碍、适老化改造行动纳入典型案例。,positive,证据显示最高人民检察院与民政部、中国残疾人联合会联合发布一批无障碍和适老化检察公益诉讼典型案例，其中包括深圳市人民检察院督促实施就医挂号无障碍、适老化改造案例。,SC_E030_004,最高检与民政部、中国残联;最高人民检察院与民政部、中国残疾人联合会,True,,,ev-00716;ev-00718;ev-01286;ev-01287;ev-01289;ev-01290,"中国青年报客户端讯(中青报·中青网记者 韩飏)今天,最高人民检察院与民政部、中国残疾人联合会联合发布一批无障碍和适老化检察公益诉讼典型案例,""广东省深圳市人民检察院督促实施就医挂号无障碍、适老化改造行 ||| 中国青年报客户端讯(中青报·中青网记者 韩飏)今天,最高人民检察院与民政部、中国残疾人联合会联合发布一批无障碍和适老化检察公益诉讼典型案例,""广东省深圳市人民检察院督促实施就医挂号无障碍、适老化改造行 ||| 出行、就医挂号......残疾人、老年人等特定群体在日常生活中遇到“障碍”怎么办?9月17日,最高人民检察院与民政部、中国残疾人联合会共同发布一批无障碍和适老化检察公益诉讼典型案例,从中可见多地检察机 ||| 出行、就医挂号......残疾人、老年人等特定群体在日常生活中遇到“障碍”怎么办?9月17日,最高人民检察院与民政部、中国残疾人联合会共同发布一批无障碍和适老化检察公益诉讼典型案例,从中可见多地检察机 ||| 出行、就医挂号......残疾人、老年人等特定群体在日常生活中遇到“障碍”怎么办?9月17日,最高人民检察院与民政部、中国残疾人联合会共同发布一批无障碍和适老化检察公益诉讼典型案例,从中可见多地检察机 ||| 出行、就医挂号......残疾人、老年人等特定群体在日常生活中遇到“障碍”怎么办?9月17日,最高人民检察院与民政部、中国残疾人联合会共同发布一批无障碍和适老化检察公益诉讼典型案例,从中可见多地检察机",mainstream_news ||| mainstream_news ||| public_web ||| public_web ||| public_web ||| public_web,https://www.sohu.com/a/935904190_119038?scm=10001.8085_13-8085_13.0.0.0 ||| https://news.qq.com/rain/a/20250917A07C8Q00 ||| https://difang.gmw.cn/cq/2025-09/19/content_38296348.htm ||| https://elderly.qianlong.com/2025/0918/8555832.shtml ||| https://gongyi.gmw.cn/2025-09/18/content_38294614.htm ||| https://legal.gmw.cn/2025-09/18/content_38294585.htm,,,6,silver_candidate,standard_review,0.000,low,low_risk,uncertain,,,,,,,annotator_B,independent_review,annotator_B
E031,LLM_CANON_E031_001,明尚西苑居民,居民曾围绕小区安全隐患发出连续七次投诉，预警电动自行车停放等问题可能导致火灾风险。,negative,证据称明尚西苑居民在火灾前连续七次投诉并预见悲剧可能，另有报道提到该小区业主投诉及网友关注。,SC_E031_001,明尚西苑的居民;小区业主;逃生居民;住户,True,,,ev-00741;ev-00750,"四年前,明尚西苑的居民预见到了悲剧的可能性,他们发出了连续七次的投诉,但这些预警在物业的忽视下逐渐消失。火灾爆发: 2月23日凌晨,明尚西苑6栋突然爆发了一场大火,火势迅速蔓延 ||| 【#火灾小区居民7次投诉均获回应#】2月23日,南京雨花台区明尚西苑小区发生火灾,导致15人遇难、44人受伤。初步调查确认,火灾为6栋建筑地面架空层电动自行车存放处起火引发。有网友发现,该小区一位业主",social_media ||| mainstream_news,https://www.toutiao.com/article/7340100794777125427/ ||| https://finance.sina.com.cn/jjxw/2024-02-24/doc-inakehsa6533123.shtml,,,2,silver_candidate,standard_review,0.000,low,low_risk,uncertain,,,,,,,annotator_B,independent_review,annotator_B
E031,LLM_CANON_E031_003,南京市消防救援支队,南京市消防救援支队接警后迅速调派消防力量到场处置，并于约6时扑灭明火。,neutral,多条证据显示支队4时39分接警后调派消防车、消防救援站和指战员到场处置，明火于6时左右被扑灭。,SC_E031_003,南京消防;南京市消防救援支队指挥中心;支队,True,,,ev-01851;ev-01853;ev-01854;ev-01861,"2024年2月23日4时39分,南京市消防救援支队指挥中心接到报警:南京市雨花台区明尚西苑6栋发生火灾。接警后,支队迅速调集8个消防救援站、25辆消防车、130名指战员到场处置,6时01分明火被扑灭, ||| 据央视新闻消息,2024年2月23日4时39分,南京市消防救援支队指挥中心接到报警:南京市雨花台区明尚西苑6栋发生火灾。支队立即调派20多台消防车赶赴现场处置。约6时许明火被扑灭。目前,搜救工作已基本 ||| 23日,“南京消防”微信公众号发布《 火情快报 》 ,全文如下: 2024年2月23日4时39分,南京市消防救援支队指挥中心接到报警: 南京市雨花台区明尚西苑6栋发生火灾。 支队立即调派20多台消防车 ||| 2.23南京市明尚西苑火灾事故(1) 2024年2月23日4时39分, 南京市消防救援支队 指挥中心接到报警:南京市 雨花台区 明尚西苑6栋发生火灾 。接警后,支队迅速调集8个消防救援站、25辆消防车",public_web ||| mainstream_news ||| social_media ||| public_web,http://baike.sogou.com/v216992359.htm?fromTitle=%E5%8D%97%E4%BA%AC%E5%B0%8F%E5%8C%BA%E7%81%AB%E7%81%BE ||| http://zjnews.china.com.cn/yuanchuan/2024-02-23/413528.html ||| https://www.163.com/dy/article/IRKGD9T30530NLC9.html ||| https://baike.sogou.com/v216992359.htm,,,3,silver_candidate,standard_review,0.000,low,low_risk,uncertain,,,,,,,annotator_B,independent_review,annotator_B
E031,LLM_CANON_E031_004,南京市政府,南京市政府召开新闻发布会通报雨花台区“2·23”火灾事故情况，市长陈之常表示对重大人员伤亡深感痛心。,mixed,证据显示南京市举行新闻发布会通报事故情况，陈之常通报伤亡并称对此次事故造成重大人员伤亡深感痛心。,SC_E031_004,南京市;南京市市长陈之常;南京市新闻发布会,True,同一政府主体另有事故后消防安全排查行动；本条聚焦事故信息通报与情绪表态。,,ev-00742;ev-01863,"在2024年2月24日凌晨,南京市举行了一场沉痛的新闻发布会,详细通报了雨花台区“2·23”火灾事故的情况。本次火灾事故发生在2024年2月23日凌晨,雨花台区明尚西苑的一栋建筑突发火灾,造成了重大的 ||| 其中,1人危重,1人重症,42人伤情较轻 南京市市长陈之常通报, 2月23日凌晨4时39分,南京市消防救援支队指挥中心接到报警, 雨花台区明尚西苑6栋发生火灾 。此次事故造成重大人员伤亡,我们深感痛心",social_media ||| mainstream_news,https://www.toutiao.com/article/7339057134136672808/ ||| https://www.sohu.com/a/759880514_121123754,,,2,silver_candidate,standard_review,0.000,low,low_risk,uncertain,,,,,,,annotator_B,independent_review,annotator_B
E032,LLM_CANON_E032_002,应急管理部,接报后部署指导帮助地方加快搜救、科学安全救援、全力救治伤员，最大程度减少人员伤亡，并要求查清原因、汲取教训。,neutral,多条证据称应急管理部或部长王祥喜接报后立即部署，要求加快搜救、科学救援、救治伤员、减少伤亡，并查清原因、汲取教训。,SC_E032_002,应急管理部;应急管理部部长王祥喜,True,,,ev-00758;ev-01881;ev-01883;ev-01884;ev-01886;ev-01887,"记者从应急管理部获悉,5月1日2时10分许,梅大高速茶阳路段发生塌方灾害,导致车辆被困、人员伤亡。接报后,应急管理部部长王祥喜立即作出部署,要求指导帮助地方加快搜救,科学安全救援,全力救治伤员,最大程 ||| 5月1日2时10分许,广东省梅大高速大埔路段发生塌陷,导致车辆被困、人员伤亡。接报后,应急管理部部长王祥喜立即作出部署,要求指导帮助地方加快搜救,科学安全救援,全力救治伤员,最大程度减少人员伤亡,查清 ||| 5月1日2时10分许,广东省梅大高速大埔路段发生塌陷,导致车辆被困、人员伤亡。 接报后,应急管理部立即作出部署,要求指导帮助地方加快搜救,科学安全救援,全力救治伤员,最大程度减少人员伤亡,查清原因,汲 ||| 5月1日2时10分许,广东省梅大高速大埔路段发生塌陷,导致车辆被困、人员伤亡。 接报后,应急管理部要求指导帮助地方加快搜救,科学安全救援,全力救治伤员,最大程度减少人员伤亡,查清原因,汲取教训。国家消 ||| 5月1日2时10分许,广东省梅大高速大埔路段发生塌陷,导致车辆被困、人员伤亡。 接报后,应急管理部要求指导帮助地方加快搜救,科学安全救援,全力救治伤员,最大程度减少人员伤亡,查清原因,汲取教训。国家消 ||| 5月1日2时10分许,广东省梅大高速大埔路段发生塌陷,导致车辆被困、人员伤亡。 接报后,应急管理部要求指导帮助地方加快搜救,科学安全救援,全力救治伤员,最大程度减少人员伤亡,查清原因,汲取教训。国家消",mainstream_news ||| official ||| public_web ||| mainstream_news ||| public_web ||| public_web,https://www.sohu.com/a/775663104_100116740 ||| https://yjj.benxi.gov.cn/gzdt1/gzdt/content_625032 ||| https://news.gmw.cn/2024-05/02/content_37301217.htm ||| https://www.sohu.com/a/775657000_539687 ||| http://www.stgjjgxx.com/plus/view-35120-1.html ||| https://tt.m.jxnews.com.cn/news/2458542,,,5,silver_candidate,standard_review,0.000,low,low_risk,uncertain,,,,,,,annotator_B,independent_review,annotator_B
E032,LLM_CANON_E032_003,广东省政府调查评估组,发布调查评估报告，查明灾害原因，并认定该事件为长时间持续性降水与多种因素叠加耦合作用导致的特别重大人员伤亡塌方灾害。,neutral,证据显示调查评估报告发布，工作组查明原因；报道还概述认定结论为持续降水与多因素叠加导致的特别重大人员伤亡塌方灾害。,SC_E032_003,梅大高速茶阳路段“5·1”塌方灾害广东省政府调查评估组;调查评估工作组;梅大高速茶阳路段“5·1”塌方灾害调查评估报告,True,,,ev-00752;ev-00753;ev-00754;ev-00755;ev-01872;ev-01873;ev-01876;ev-01882;ev-01888,"2025-01-22 17:03 原作者:郑澍 陈惠婷 据央视新闻消息,梅大高速茶阳路段“5·1”塌方灾害调查评估报告今日发布。 2024年5月1日凌晨1时57分许,梅州至大埔高速公路(简称“ ||| 1月22日,梅大高速茶阳路段“5·1”塌方灾害调查评估报告公布发布。 2024年5月1日凌晨1时57分许,梅州至大埔高速公路(简称“梅大高速”)东延线K11+900~K11+950(营运桩号)路段发生 ||| 梅大高速茶阳路段“5·1”塌方灾害调查评估报告1月22日发布。2024年5月1日凌晨1时57分许,梅州至大埔高速公路(简称“梅大高速”)东延线K11+900~K11+950(营运桩号)路段发生塌方灾害 ||| 央视新闻1月22日消息,梅大高速茶阳路段“5·1”塌方灾害调查评估报告公布今日发布。事故现场。视觉中国 资料图2024年5月1日凌晨1时57分许,梅州至大埔高速公路(简称“梅大高速”)东延线K11+9 ||| 关注 确定不再关注此人吗 确定 取消 郑澍、陈惠婷/央视新闻 央视新闻1月22日消息,梅大 高速茶阳路段“5·1”塌方灾害调查评估报告公布今日发布。 塌方现场 视觉中国 资料图 2024年5月1日凌 ||| 央视新闻1月22日消息,梅大高速茶阳路段“5·1”塌方灾害调查评估报告公布今日发布。2024年5月1日凌晨1时57分许,梅州至大埔高速公路(简称“梅大高速”)东延线K11+900~K11+950(营运 ||| 梅大高速茶阳路段“5·1”塌方灾害 调查评估报告 梅大高速茶阳路段“5·1”塌方灾害广东省政府调查评估组 目录概述.1 一、灾害相关情况.3 (一)基本情况.3 (二)灾害发生经过.4 (三)灾后现场 ||| 摘要 : 新华社广州1月22日电 广东省应急管理厅日前公布《梅大高速茶阳路段“5·1”塌方灾害调查评估报告》,调查评估工作组查明灾害原因,认定为特别重大人员伤亡的塌方灾害。2024年5月1日凌晨1时5 ||| 1月22日,造成52死30伤的梅大高速塌方事故主要原因公布。经调查认定,这是一起长时间持续性降水与多种因素叠加耦合作用,导致的特别重大人员伤亡的塌方灾害。塌方灾害发生于5月1日凌晨,有零星小雨,行车视",mainstream_news ||| mainstream_news ||| mainstream_news ||| mainstream_news ||| mainstream_news ||| mainstream_news ||| official ||| public_web ||| mainstream_news,https://www.bjnews.com.cn/detail/1737536547129042.html ||| https://m.sohu.com/a/852284361_120808812/?pvid=000115_3w_a ||| https://new.qq.com/rain/a/20250122V0A2DD00 ||| https://news.hsw.cn/system/2025/0122/1818034.shtml ||| https://k.sina.cn/article_5044281310_12ca99fde01902apv4.html?cre=tianyi&loc=15&mod=wlocal&r=0&rfunc=9&tj=cxvertical_wlocal&tr=1047 ||| https://new.qq.com/rain/a/20250122A07PU400 ||| http://yjgl.gd.gov.cn/attachment/0/571/571164/4658975.pdf ||| http://www.cwyan.com/portal.php?aid=85404&mod=view ||| https://www.sohu.com/a/852299893_114984,,,8,silver_candidate,standard_review,0.000,low,low_risk,uncertain,,,,,,,annotator_B,independent_review,annotator_B
E033,LLM_CANON_E033_001,国务院事故调查组,公布江西新余佳乐苑临街店铺“1·24”特别重大火灾事故调查报告，对事故有关情况、经过和人员伤亡等进行调查说明。,neutral,多条官方和新闻证据显示国务院调查组发布事故调查报告，报告目录包含事故有关情况、发生经过和人员等内容。,SC_E033_001,国务院调查组,True,,,ev-00779;ev-00795;ev-00797;ev-00798;ev-00799,来源 : 央视网 2024-11-08 14:43 内容简介 评论 11 +1 [正点财经]江西新余“1·24”特别重大火灾事故 国务院调查组公布事故调查报告 简介 来源:央视网 更新时间:2024 ||| 标题: 江西新余佳乐苑临街店铺“1·24”特别重大火灾事故调查报告 2024年08月30日 发布日期: 2024年09月21日 江西新余佳乐苑临街店铺“1·24” 特别重大火灾事故调查报告 【下载】 ||| 江西新余佳乐苑临街店铺“1·24” 特别重大火灾事故调查报告 国务院调查组 2024 年8月目录一、事故有关情况 3 (一)涉事建筑情况 3 (二)有关单位情况 4 (三)事故发生经过 5 (四)人员 ||| 标题: 江西新余佳乐苑临街店铺“1·24”特别重大火灾事故调查报告 2024年08月30日 发布日期: 2024年09月21日 江西新余佳乐苑临街店铺“1·24” 特别重大火灾事故调查报告 【下载】 ||| 标题: 江西新余佳乐苑临街店铺“1·24”特别重大火灾事故调查报告 2024年08月30日 发布日期: 2024年09月21日 江西新余佳乐苑临街店铺“1·24” 特别重大火灾事故调查报告 【下载】,mainstream_news ||| official ||| official ||| official ||| official,https://tv.cctv.cn/2024/11/08/VIDEYLOjptTQnnLXvpcqy0U0241108.shtml ||| https://www.mem.gov.cn/gk/zfxxgkpt/fdzdgknr/202409/t20240921_501979.shtml ||| https://www.mem.gov.cn/gk/zfxxgkpt/fdzdgknr/202409/P020240921579004545441.pdf ||| http://www.mem.gov.cn/gk/zfxxgkpt/fdzdgknr/202409/t20240921_501979.shtml ||| https://mem.gov.cn/gk/zfxxgkpt/fdzdgknr/202409/t20240921_501979.shtml,,,2,silver_candidate,standard_review,0.000,low,low_risk,uncertain,,,,,,,annotator_B,independent_review,annotator_B
E033,LLM_CANON_E033_003,江西省教育系统及高校,召开警示教育并落实事故整改任务，全面排查整治消防、冷库、建筑、燃气、食品卫生安全、特种设备等校园安全隐患。,neutral,证据显示全省教育系统召开事故警示教育会，且要求围绕涉及高校的整改任务全面排查整治多类安全隐患。,SC_E033_003,全省教育系统;高校,True,,,ev-00800;ev-00802,"省政府关于安全生产工作和新余“1·24”特别重大火灾事故问题整改等有关部署要求,落实2024年11月13日下午召开的全省教育系统新余“1·24”特别重大火灾事故警示教育暨... ||| 患。 要全力以赴抓好新余 “1 • 24”特别重大火灾事故整改落实,围绕涉及高校的整改任务,全面排查整治消防、冷库、建筑、燃气、食品卫生安全、特种设备等安全隐患,加强对影响校园安全稳定的风险隐患排查,",public_web ||| mainstream_news,https://www.jxtcms.net/bwc/info/1003/1174.htm ||| http://bwc.xyc.edu.cn/news-show-491.html,,,2,silver_candidate,standard_review,0.000,low,low_risk,uncertain,,,,,,,annotator_B,independent_review,annotator_B
E034,LLM_CANON_E034_001,成都市居民和燃气用户,集中投诉和质疑燃气费异常上涨、多计多收，以及气表计量、燃气收费和企业服务等问题。,negative,多条证据显示成都居民通过热线、网络和论坛反映燃气费暴涨或多收，并质疑气表计量、收费和企业服务；12345热线截至4月19日接到1996件燃气问题投诉。,SC_E034_001,成都市民;成都大量用户;多地居民;小区业主;网友;投诉人,True,,,ev-00815;ev-00816;ev-00817;ev-00818;ev-00819;ev-00821;ev-00823;ev-00824;ev-01892;ev-01898;ev-01899;ev-01901;ev-01902;ev-01904;ev-01905,"阅读: 3073 | 评论: 2 成都大量用户反映燃气费异常,你如何看待此事? 成都大量用户反映燃气费异常,你如何看待此事? [复制链接] 继重庆后,成都燃气收费乱象的盖子,也被揭开了。小区多位业主表 ||| 阅读: 3021 | 评论: 2 成都大量用户反映燃气费异常,你如何看待此事? 成都大量用户反映燃气费异常,你如何看待此事? [复制链接] 继重庆后,成都燃气收费乱象的盖子,也被揭开了。小区多位业主表 ||| 【其他投诉】投诉成都燃气公司,乱收费 成都燃气公司从2023年开始就未对我住宅燃气进行抄表工作,今年11月交费时发现燃气公司的气用量大于实表数,我在11月7日联系过燃气公司的工作人员,他表示会安排工作 ||| 我是家住成都市成华区洪山南路99号的市民,本人自2023年1月8日再次街道成都燃气发出的缴费通知后,根据对应的用气量缴清了通知的费用,但截止投诉当日发现,本人的是真实用气根本没有达到其通知的数量,甚至 ||| 近日,成都多地居民反映燃气费暴涨。 今天,成都市场监管就燃气问题发布通告: 4月以来,我市12345热线截至19日 共接到1996件燃气问题投诉 ,并有网友发帖质疑气表计量、燃气收费、企业服务等问题。 ||| 4月20日,成都市市场监督管理局发布关于市民反映燃气相关问题调查核实情况的通报。全文如下: 4月以来,我市12345热线截至19日共接到1996件燃气问题投诉,并有网友发帖质疑气表计量、燃气收费、企业 ||| 4月20日,成都市市场监督管理局发布关于市民反映燃气相关问题调查核实情况的通报。全文如下: 4月以来,我市12345热线截至19日共接到1996件 燃气 问题投诉,并有网友发帖质疑气表计量、 燃气 收 ||| 央视网消息:据成都市场监管官微消息,4月20日,成都市市场监督管理局发布关于市民反映燃气相关问题调查核实情况的通报。全文如下: 4月以来,成都市12345热线截至19日共接到1996件燃气问题投诉,并 ||| 重庆燃气费用“跑得快”曝光后,引起许多成都用户对自家燃气费用的关注。界面新闻近日接到10多位用户反映,自家的燃气费用在2023年或2024年出现异常上升,多数发生在燃气表更换后或气表移动后,异常费用通 ||| 4月20日,成都市市场监督管理局发布关于市民反映燃气相关问题调查核实情况的通报。全文如下: 4月以来,我市12345热线截至19日共接到1996件燃气问题投诉,并有网友发帖质疑气表计量、燃气收费、企业 ||| 央视网消息: 据成都市场监管官微消息,4月20日,成都市市场监督管理局发布关于市民反映燃气相关问题调查核实情况的通报。全文如下: 4月以来,成都市12345热线截至19日共接到1996件燃气问题投诉, ||| 刚刚,“成都市场监管”微信公众号发布通报:4月以来,我市12345热线截至19日共接到1996件燃气问题投诉,并有网友发帖质疑气表计量、燃气收费、企业服务等问题。在投诉问题受理过程中,我们发现燃气企业 ||| 据“成都市场监管”公众号20日消息, 4月以来,我市12345热线截至19日共接到1996件燃气问题投诉,并有网友发帖质疑气表计量、燃气收费、企业服务等问题。 在投诉问题受理过程中,我们发现燃气企业存 ||| 4月20日,成都市市场监督管理局发布关于市民反映燃气相关问题调查核实情况的通报。全文如下: 成都通报市民反映燃气相关问题调查核实情况,图为成都燃气logo 4月以来,我市12345热线截至19日共接到 ||| 4月20日,成都市市场监督管理局发布关于市民反映燃气相关问题调查核实情况的通报。全文如下: 成都通报市民反映燃气相关问题调查核实情况,图为成都燃气logo 4月以来,我市12345热线截至19日共接到",forum ||| forum ||| public_interaction ||| public_interaction ||| public_interaction ||| public_interaction ||| public_interaction ||| public_interaction ||| mainstream_news ||| public_interaction ||| public_interaction ||| public_interaction ||| public_interaction ||| public_interaction ||| public_interaction,"https://bz.mala.cn/thread-16598150-1-1.html ||| https://nc.mala.cn/thread-16598150-1-1.html ||| https://ly.scol.com.cn/thread?tid=3145409&display=1&page=99 ||| https://ly.scol.com.cn/thread?tid=3171104&fid=4701 ||| https://new.qq.com/rain/a/20240420A06JPU00 ||| http://gubapost.eastmoney.com/news,cjpl,1419656548.html ||| http://finance.eastmoney.com/a/202404203053076625.html ||| https://news.xmnn.cn/gnxw/202404/t20240420_138612.html ||| https://finance.sina.com.cn/jjxw/2024-04-19/doc-inasiqea6701677.shtml ||| http://gubapost.eastmoney.com/news,cjpl,1419656563.html ||| https://news.cctv.com/2024/04/20/ARTInqvQgpaFoHyNN8MqpsKZ240420.shtml ||| https://c.m.163.com/news/a/J084H73C0530JPVV.html ||| https://finance.sina.com.cn/jjxw/2024-04-20/doc-inasnqhq8405879.shtml ||| https://m.163.com/dy/article_cambrian/J082A8DH0001899O.html ||| https://www.163.com/news/article_v3/J082A8DH0001899O.html",,,12,silver_candidate,standard_review,0.000,low,low_risk,uncertain,,,,,,,annotator_B,independent_review,annotator_B
E034,LLM_CANON_E034_002,成都市市场监督管理局,发布燃气相关问题调查核实情况通报，受理全部投诉并办理部分投诉，查明燃气企业存在估抄、计费系统漏洞、计费周期随意变化和服务意识差等问题，并表示将开展燃气问题专项整治。,neutral,证据显示成都市市场监督管理局于4月20日发布通报，称投诉全部受理、已办理1189件，查明燃气企业多项问题，并将开展专项整治行动。,SC_E034_002,成都市场监管;成都市场监管官微;“成都市场监管”微信公众号,True,,,ev-00819;ev-00821;ev-00822;ev-00823;ev-00824;ev-01898;ev-01899;ev-01901;ev-01902;ev-01903;ev-01904;ev-01905;ev-01909,"近日,成都多地居民反映燃气费暴涨。 今天,成都市场监管就燃气问题发布通告: 4月以来,我市12345热线截至19日 共接到1996件燃气问题投诉 ,并有网友发帖质疑气表计量、燃气收费、企业服务等问题。 ||| 4月20日,成都市市场监督管理局发布关于市民反映燃气相关问题调查核实情况的通报。全文如下: 4月以来,我市12345热线截至19日共接到1996件燃气问题投诉,并有网友发帖质疑气表计量、燃气收费、企业 ||| 成都市市场监督管理局发布通报,调查核实燃气问题投诉1996件,已办理1189件。发现燃气企业存在以估代抄、违规估抄、计费采集系统漏洞、计费周期随意变化、服务意识差等问题。将开展燃气问题专项整治行动,强 ||| 4月20日,成都市市场监督管理局发布关于市民反映燃气相关问题调查核实情况的通报。全文如下: 4月以来,我市12345热线截至19日共接到1996件 燃气 问题投诉,并有网友发帖质疑气表计量、 燃气 收 ||| 央视网消息:据成都市场监管官微消息,4月20日,成都市市场监督管理局发布关于市民反映燃气相关问题调查核实情况的通报。全文如下: 4月以来,成都市12345热线截至19日共接到1996件燃气问题投诉,并 ||| 4月20日,成都市市场监督管理局发布关于市民反映燃气相关问题调查核实情况的通报。全文如下: 4月以来,我市12345热线截至19日共接到1996件燃气问题投诉,并有网友发帖质疑气表计量、燃气收费、企业 ||| 央视网消息: 据成都市场监管官微消息,4月20日,成都市市场监督管理局发布关于市民反映燃气相关问题调查核实情况的通报。全文如下: 4月以来,成都市12345热线截至19日共接到1996件燃气问题投诉, ||| 刚刚,“成都市场监管”微信公众号发布通报:4月以来,我市12345热线截至19日共接到1996件燃气问题投诉,并有网友发帖质疑气表计量、燃气收费、企业服务等问题。在投诉问题受理过程中,我们发现燃气企业 ||| 据“成都市场监管”公众号20日消息, 4月以来,我市12345热线截至19日共接到1996件燃气问题投诉,并有网友发帖质疑气表计量、燃气收费、企业服务等问题。 在投诉问题受理过程中,我们发现燃气企业存 ||| 20日下午,针对成都市民反映的燃气相关问题,“成都市场监管”微信公众号发布调查核实情况通报。 通报指出,根据目前调查核实情况,查明燃气企业存在以下问题:一是存在以估代抄、违规估抄问题。二是计费采集系统 ||| 4月20日,成都市市场监督管理局发布关于市民反映燃气相关问题调查核实情况的通报。全文如下: 成都通报市民反映燃气相关问题调查核实情况,图为成都燃气logo 4月以来,我市12345热线截至19日共接到 ||| 4月20日,成都市市场监督管理局发布关于市民反映燃气相关问题调查核实情况的通报。全文如下: 成都通报市民反映燃气相关问题调查核实情况,图为成都燃气logo 4月以来,我市12345热线截至19日共接到 ||| 证券时报e公司讯,成都市市场监督管理局发布市民反映燃气相关问题调查核实情况通报:当前,所有投诉问题全部受理,已办理1189件,其余807件正加紧办理中。根据目前调查核实情况,查明燃气企业存在以下问题:",public_interaction ||| public_interaction ||| public_web ||| public_interaction ||| public_interaction ||| public_interaction ||| public_interaction ||| public_interaction ||| public_interaction ||| social_media ||| public_interaction ||| public_interaction ||| mainstream_news,"https://new.qq.com/rain/a/20240420A06JPU00 ||| http://gubapost.eastmoney.com/news,cjpl,1419656548.html ||| https://finance.sina.cn/2024-04-20/detail-inasnqhq8405133.d.html ||| http://finance.eastmoney.com/a/202404203053076625.html ||| https://news.xmnn.cn/gnxw/202404/t20240420_138612.html ||| http://gubapost.eastmoney.com/news,cjpl,1419656563.html ||| https://news.cctv.com/2024/04/20/ARTInqvQgpaFoHyNN8MqpsKZ240420.shtml ||| https://c.m.163.com/news/a/J084H73C0530JPVV.html ||| https://finance.sina.com.cn/jjxw/2024-04-20/doc-inasnqhq8405879.shtml ||| https://finance.sina.com.cn/wm/2024-04-20/doc-inasnqhq8409521.shtml ||| https://m.163.com/dy/article_cambrian/J082A8DH0001899O.html ||| https://www.163.com/news/article_v3/J082A8DH0001899O.html ||| https://finance.sina.com.cn/jjxw/2024-04-20/doc-inasnqhs5182529.shtml",,,10,silver_candidate,standard_review,0.000,low,low_risk,uncertain,,,,,,,annotator_B,independent_review,annotator_B
E034,LLM_CANON_E034_003,成都燃气企业,在居民燃气计量和收费中被查明或被投诉存在以估代抄、违规估抄、计费采集系统漏洞、计费周期随意变化、服务意识差以及疑似多收燃气费等问题。,negative,官方通报和媒体转载均称燃气企业存在估抄、系统漏洞、计费周期变化和服务问题；个别投诉还指向成都燃气公司未抄表、用量大于实表数和多收费用。,SC_E034_003,燃气企业;成都燃气公司;成都燃气集团股份有限公司;成都燃气,True,,,ev-00817;ev-00818;ev-00820;ev-00822;ev-01901;ev-01902;ev-01903;ev-01909,"【其他投诉】投诉成都燃气公司,乱收费 成都燃气公司从2023年开始就未对我住宅燃气进行抄表工作,今年11月交费时发现燃气公司的气用量大于实表数,我在11月7日联系过燃气公司的工作人员,他表示会安排工作 ||| 我是家住成都市成华区洪山南路99号的市民,本人自2023年1月8日再次街道成都燃气发出的缴费通知后,根据对应的用气量缴清了通知的费用,但截止投诉当日发现,本人的是真实用气根本没有达到其通知的数量,甚至 ||| 已回复 之前从来没咋注意过燃气,今年自己抄了下燃气表,结果发现每个月都在多给我预估,多收燃气费,付图 官方回复 回复单位:成都市成华区 官方回复 回复单位:成都燃气集团股份有限公司 同领域留言更多>> ||| 成都市市场监督管理局发布通报,调查核实燃气问题投诉1996件,已办理1189件。发现燃气企业存在以估代抄、违规估抄、计费采集系统漏洞、计费周期随意变化、服务意识差等问题。将开展燃气问题专项整治行动,强 ||| 刚刚,“成都市场监管”微信公众号发布通报:4月以来,我市12345热线截至19日共接到1996件燃气问题投诉,并有网友发帖质疑气表计量、燃气收费、企业服务等问题。在投诉问题受理过程中,我们发现燃气企业 ||| 据“成都市场监管”公众号20日消息, 4月以来,我市12345热线截至19日共接到1996件燃气问题投诉,并有网友发帖质疑气表计量、燃气收费、企业服务等问题。 在投诉问题受理过程中,我们发现燃气企业存 ||| 20日下午,针对成都市民反映的燃气相关问题,“成都市场监管”微信公众号发布调查核实情况通报。 通报指出,根据目前调查核实情况,查明燃气企业存在以下问题:一是存在以估代抄、违规估抄问题。二是计费采集系统 ||| 证券时报e公司讯,成都市市场监督管理局发布市民反映燃气相关问题调查核实情况通报:当前,所有投诉问题全部受理,已办理1189件,其余807件正加紧办理中。根据目前调查核实情况,查明燃气企业存在以下问题:",public_interaction ||| public_interaction ||| public_interaction ||| public_web ||| public_interaction ||| public_interaction ||| social_media ||| mainstream_news,https://ly.scol.com.cn/thread?tid=3145409&display=1&page=99 ||| https://ly.scol.com.cn/thread?tid=3171104&fid=4701 ||| https://ly.scol.com.cn/thread/details/3524134 ||| https://finance.sina.cn/2024-04-20/detail-inasnqhq8405133.d.html ||| https://c.m.163.com/news/a/J084H73C0530JPVV.html ||| https://finance.sina.com.cn/jjxw/2024-04-20/doc-inasnqhq8405879.shtml ||| https://finance.sina.com.cn/wm/2024-04-20/doc-inasnqhq8409521.shtml ||| https://finance.sina.com.cn/jjxw/2024-04-20/doc-inasnqhs5182529.shtml,,,4,silver_candidate,standard_review,0.000,low,low_risk,uncertain,,,,,,,annotator_B,independent_review,annotator_B
E035,LLM_CANON_E035_003,余杭区人民政府,发布情况通报称仁和水厂发现水质嗅味指标异常后启动供水突发事件应急预案、切换水源，出厂水质安全；同时启动调查并成立由国家、省级专家等组成的调查组，初步认为异味由特定自然气候条件下藻类厌氧降解产生的硫醚类物质所致，具体原因仍在进一步溯源调查中。,neutral,多条新闻转载政府通报，内容包括异常发现、应急处置、供水安全表述、调查组成立及初步原因说明。,SC_E035_003,杭州余杭区政府;杭州市余杭区人民政府;浙江杭州余杭区人民政府;官方,True,,,ev-00836;ev-00837;ev-00838;ev-00839;ev-00840;ev-00841;ev-00842;ev-00843;ev-00844;ev-01911;ev-01916;ev-01917;ev-01918;ev-01921;ev-01922;ev-01923;ev-01924;ev-01925;ev-01929,"官方通报余杭自来水异味 7月16日8时,仁和水厂发现水质嗅味指标异常,经采样分析确认后随即启动供水突发事件应急预案,切换水源,供水水质得到有效控制,出厂水质安全。情况发生后,立即启动调查程序,并成立由 ||| 7月16日上午,杭州市余杭区仁和街道及良渚街道部分区域出现自来水异味。对此,余杭区人民政府今天发布情况通报,通报全文如下: 7月16日8时,仁和水厂发现水质嗅味指标异常,经采样分析确认后随即启动供水突 ||| 据央视新闻,7月16日上午,杭州市余杭区仁和街道及良渚街道部分区域出现自来水气味异常。对此,余杭区人民政府今天发布情况通报:7月16日8时,仁和水厂发现水质嗅味指标异常,经采样分析确认后随即启动供水突 ||| 7月16日上午,杭州市余杭区仁和街道及良渚街道部分区域出现自来水气味异常。对此,余杭区人民政府今天发布情况通报:7月16日8时,仁和水厂发现水质嗅味指标异常,经采样分析确认后随即启动供水突发事件应急预 ||| 7月16日上午,杭州市余杭区仁和街道及良渚街道部分区域出现自来水气味异常。对此,余杭区人民政府今天(19日)发布情况通报:7月16日8时,仁和水厂发现水质嗅味指标异常,经采样分析确认后随即启动供水突发 ||| 杭州余杭区政府今天(7月19日)就仁和街道及良渚街道部分区域出现自来水气味异常发布情况通报: 7月16日8时,仁和水厂发现水质嗅味指标异常,经采样分析确认后随即启动供水突发事件应急预案,切换水源,供水 ||| 7月16日上午,杭州市余杭区仁和街道及良渚街道部分区域出现自来水气味异常。 对此,余杭区人民政府今天发布情况通报:7月16日8时,仁和水厂发现水质嗅味指标异常,经采样分析确认后随即启动供水突发事件应急 ||| 7月16日上午,杭州市余杭区仁和街道及良渚街道部分区域出现自来水气味异常。对此,余杭区人民政府今天发布情况通报:7月16日8时,仁和水厂发现水质嗅味指标异常,经采样分析确认后随即启动供水突发事件应急预 ||| 7月16日上午,杭州市余杭区仁和街道及良渚街道部分区域出现自来水气味异常。 对此,余杭区人民政府今天发布情况通报:7月16日8时,仁和水厂发现水质嗅味指标异常,经采样分析确认后随即启动供水突发事件应急 ||| 经济观察网 7月19日,杭州余杭区人民政府针对近期区内自来水异味事件发布情况通报。通报指出,经初步调查,异味是由特定自然气候条件下藻类厌氧降解产生的硫醚类物质所致,具体原因仍在进一步溯源调查中。余杭区 ||| 7月16日上午,杭州市余杭区仁和街道及良渚街道部分区域出现自来水气味异常。 对此,余杭区人民政府今天发布情况通报:7月16日8时,仁和水厂发现水质嗅味指标异常,经采样分析确认后随即启动供水突发事件应急 ||| 据人民日报客户端消息,7月16日上午,杭州市余杭区仁和街道及良渚街道部分区域出现自来水气味异常。 对此,余杭区人民政府今天发布情况通报:7月16日8时,仁和水厂发现水质嗅味指标异常,经采样分析确认后随 ||| 据央视新闻消息,7月16日上午,杭州市余杭区仁和街道及良渚街道部分区域出现自来水气味异常。 对此,余杭区人民政府今天发布情况通报:7月16日8时,仁和水厂发现水质嗅味指标异常,经采样分析确认后随即启动 ||| 浙江杭州余杭区人民政府通报:7月16日8时,仁和水厂发现水质嗅味指标异常。情况发生后,立即启动调查程序,并成立由国家、省级专家等组成的调查组,已初步查明导致异味的为特定自然气候条件下藻类厌氧降解产生的 ||| 7月16日上午,杭州市余杭区仁和街道及良渚街道部分区域出现自来水气味异常。 对此,余杭区人民政府今天发布情况通报:7月16日8时,仁和水厂发现水质嗅味指标异常,经采样分析确认后随即启动供水突发事件应急 ||| 来源:@央视新闻 7月16日8时,仁和水厂发现水质嗅味指标异常,经采样分析确认后随即启动供水突发事件应急预案,切换水源,供水水质得到有效控制,出厂水质安全。情况发生后,立即启动调查程序,并成立由国家、 ||| 7月16日8时,仁和水厂发现水质嗅味指标异常,经采样分析确认后随即启动供水突发事件应急预案,切换水源,供水水质得到有效控制,出厂水质安全。情况发生后,立即启动调查程序,并成立由国家、省级专家等组成的调 ||| 潮新闻客户端 记者 7月16日8时,仁和水厂发现水质嗅味指标异常,经采样分析确认后随即启动供水突发事件应急预案,切换水源,供水水质得到有效控制,出厂水质安全。情况发生后,立即启动调查程序,并成立由国家 ||| 杭州余杭区政府今天就仁和街道及良渚街道部分区域出现自来水气味异常发布情况通报: 7月16日8时,仁和水厂发现水质嗅味指标异常,经采样分析确认后随即启动供水突发事件应急预案,切换水源,供水水质得到有效控",mainstream_news ||| mainstream_news ||| mainstream_news ||| social_media ||| mainstream_news ||| mainstream_news ||| mainstream_news ||| mainstream_news ||| mainstream_news ||| mainstream_news ||| mainstream_news ||| mainstream_news ||| mainstream_news ||| public_web ||| mainstream_news ||| mainstream_news ||| mainstream_news ||| mainstream_news ||| mainstream_news,https://k.sina.com.cn/article_1617264814_606580ae02002bkki.html?from=news&subch=onews ||| https://k.sina.com.cn/article_2810373291_a782e4ab01902qcei.html?from=news&subch=onews ||| https://news.ycwb.com/ikinvkltjb/content_53546664.htm ||| https://www.toutiao.com/article/7528691667407225383/ ||| https://news.china.com/social/1007/20250719/48628951.html ||| https://k.sina.com.cn/article_1652484947_627eeb5302001qnuc.html?from=news&subch=onews ||| https://news.voc.com.cn/news/202507/29990832.html ||| https://www.sohu.com/a/915508502_120094090?edtsign=E348B9653A861AEC1A04075B3B845F240FBAAE2B&edtcode=i8%2FsYUCbzZnHdceuO53lHAa2oN2%2BAMpMDyHU9tYktFw%3D&scm=10001.280_14-200000.0.0. ||| https://m.gmw.cn/2025-07/19/content_1304087339.htm ||| http://www.eeo.com.cn/2025/0719/739694.shtml ||| https://finance.eastmoney.com/a/202507193461833152.html ||| https://k.sina.com.cn/article_1644114654_61ff32de0190201uq.html?from=news&subch=onews ||| https://k.sina.com.cn/article_1644114654_61ff32de0200201uo.html?from=news&subch=onews ||| https://www.infzm.com/contents/298479?source=133&source_1=995 ||| https://k.sina.com.cn/article_1680430844_642956fc01901jad8.html?from=news&subch=onews ||| https://k.sina.com.cn/article_5044281310_12ca99fde02002edc6.html?from=news&subch=onews ||| https://news.qq.com/rain/a/20250719A06VCC00 ||| https://news.qq.com/rain/a/20250719A06VGN00 ||| https://k.sina.com.cn/article_1617264814_606580ae02002bkio.html?from=news&subch=onews,,,11,silver_candidate,standard_review,0.000,low,low_risk,uncertain,,,,,,,annotator_B,independent_review,annotator_B
E036,LLM_CANON_E036_002,滁州市、全椒县相关政府部门,在媒体报道滁河污染后表示高度重视，组织专业力量现场调查处置，并采取筑坝截污、抽排、集中收集存放处理污染物、封堵污染水体和监测水质等措施。,neutral,官方通报称市、县立即组织调查处置；后续材料称全椒县通过筑坝截污抽排等措施收集处理污染物，省、市也采取封堵和水质监测措施。,SC_E036_002,市、县;省、市;全椒县,True,,,ev-00857;ev-00859;ev-01942;ev-01943;ev-01946,"5月23日,有媒体报道滁河水质出现污染,有鱼虾死亡现象。市、县高度重视,立即组织专业力量前往现场调查处置。 现场发现,滁河全椒县境内荒草圩至襄河口闸段、南京市浦口区段水面有死鱼漂浮,部分河段水体发黑。 ||| 中新网 5月27日电 据“美好滁州”微信公众号消息,安徽滁州市生态环境局5月27日发布关于滁河水质异常情况的通报。通报指出,5月23日,有媒体报道滁河水质出现污染,有鱼虾死亡现象。市、县高度重视,立即 ||| 全椒县通过筑坝截污抽排等措施,将部分外泄污染物集中收集存放处理。5月11日,全椒县发生约50毫米降雨,致使尚未清理的残留在沟渠和管网中的污水经花园水库进入襄河。...5月29日,滁州市人民政府发布公告 ||| 全椒县通过筑坝截污抽排等措施,将部分外泄污染物集中收集存放处理。5月11日,全椒县发生约50毫米降雨,致使尚未清理的残留在沟渠和管网中的污水经花园水库进入襄河。...5月29日,滁州市人民政府发布公告 ||| 近日,由于全椒经开区的滁州富信石油助剂有限公司原料仓库发生火灾,部分污染水体外泄,导致滁河部分鱼虾死亡,引起社会广泛关注。...事发后,省、市迅速采取措施进行处置,封堵相关污染水体,密切监测水质变化,",official ||| social_media ||| public_web ||| public_web ||| public_web,https://www.chuzhou.gov.cn/zxzx/gsgg/1112166239.html ||| https://slj.xinyang.gov.cn/news/1_news.php?jm1iq4.html/ ||| https://mhuanbao.bjx.com.cn/search/?kw=%E6%B1%A1%E6%9F%93%E7%89%A9%E9%9B%86%E4%B8%AD%E6%94%B6%E9%9B%86 ||| https://mhuanbao.bjx.com.cn/topics/wrwjzsj/ ||| https://mhuanbao.bjx.com.cn/search/?kw=%E6%B1%A1%E6%9F%93%E6%B0%B4%E4%BD%93%E5%A4%96%E6%B3%84,,,3,silver_candidate,standard_review,0.000,low,low_risk,uncertain,,,,,,,annotator_B,independent_review,annotator_B
E036,LLM_CANON_E036_004,滁州富信石油助剂有限公司,其原料仓库火灾导致甘油、糖蜜、危化品粗甲醇等混合物或污染物外泄进入沟渠、管网并最终影响滁河水质，造成部分鱼虾死亡。,negative,多条证据将污染源指向该公司原料仓库火灾及污染物外泄，并描述其导致滁河水体异常和鱼虾死亡。,SC_E036_004,安徽滁州富信石油助剂有限公司;富信石油助剂有限公司,True,,,ev-00863;ev-01933;ev-01935;ev-01938;ev-01945;ev-01946;ev-01947,"5月11日,全椒县发生约50毫米降雨,尚未清理完毕残留在沟渠和管网内的污水经雨水径流进入襄河、滁河,造成部分河段水体浑浊、黑臭,溶解氧下降,鱼虾死亡。公安机关已对相关涉案人员进行立案调查。 ||| 内容提要: 据“美好滁州”微信公众号消息,安徽滁河水体污染联合调查组29日发布《关于滁河水体污染处置进展情况的通报》称,近日,由于安徽省滁州市全椒经开区的滁州富信石油助剂有限公司原料仓库发生火灾,部分 ||| 2024年5月29日,安徽省滁州市针对近期滁河水体污染事件发布了处置进展通报。此次污染源于全椒经开区内的滁州富信石油助剂有限公司原料仓库的一场火灾。火灾导致部分污染物质外泄,进而影响了滁河水质,造成了 ||| 5月23日 长江支流滁河南京浦口段 出现大量死鱼 引发社会广泛关注 央视新闻26日报道,造成滁河出现大面积死鱼的原因,与安徽滁州富信石油助剂有限公司仓库的危化品粗甲醇失火,致使污染物 ||| 近日,安徽省全椒县发生了一起环境污染事件,引发了公众的广泛关注。据报道,事件的源头可以追溯到富信石油助剂有限公司原料仓库的一场火灾,导致甘油、糖蜜和危化品粗甲醇等混合物流入附近沟渠和管网。 ||| 近日,由于全椒经开区的滁州富信石油助剂有限公司原料仓库发生火灾,部分污染水体外泄,导致滁河部分鱼虾死亡,引起社会广泛关注。...事发后,省、市迅速采取措施进行处置,封堵相关污染水体,密切监测水质变化, ||| #安徽滁州水污染# 滁河水污染事件发生在2024年5月,起因是安徽滁州富信石油助剂有限公司原料仓库发生火灾,导致甘油、糖蜜和危化品粗甲醇等混合物经地表径流进入附近的沟渠和管网。这些污染物随后通过雨水",mainstream_news ||| social_media ||| social_media ||| mainstream_news ||| social_media ||| public_web ||| social_media,https://news.cctv.com/2024/05/27/ARTInGjVY8GRhd5t5aJybw9Y240527.shtml ||| http://news.enorth.com.cn/system/2024/05/29/056467563.shtml ||| https://www.toutiao.com/article/7374296895780291082/ ||| https://m.gmw.cn/2024-05/27/content_1303747763.htm ||| https://www.toutiao.com/article/7374705691129070132/ ||| https://mhuanbao.bjx.com.cn/search/?kw=%E6%B1%A1%E6%9F%93%E6%B0%B4%E4%BD%93%E5%A4%96%E6%B3%84 ||| https://m.toutiao.com/w/1800378293702857/,,,6,silver_candidate,standard_review,0.000,low,low_risk,uncertain,,,,,,,annotator_B,independent_review,annotator_B
E036,LLM_CANON_E036_008,社会公众,对滁河水体污染和大面积死鱼事件表示广泛关注。,negative,多条材料称滁河死鱼和污染物外泄导致水污染，引发社会或公众广泛关注。,SC_E036_008,公众;社会,True,,,ev-01938;ev-01945;ev-01946,"5月23日 长江支流滁河南京浦口段 出现大量死鱼 引发社会广泛关注 央视新闻26日报道,造成滁河出现大面积死鱼的原因,与安徽滁州富信石油助剂有限公司仓库的危化品粗甲醇失火,致使污染物 ||| 近日,安徽省全椒县发生了一起环境污染事件,引发了公众的广泛关注。据报道,事件的源头可以追溯到富信石油助剂有限公司原料仓库的一场火灾,导致甘油、糖蜜和危化品粗甲醇等混合物流入附近沟渠和管网。 ||| 近日,由于全椒经开区的滁州富信石油助剂有限公司原料仓库发生火灾,部分污染水体外泄,导致滁河部分鱼虾死亡,引起社会广泛关注。...事发后,省、市迅速采取措施进行处置,封堵相关污染水体,密切监测水质变化,",mainstream_news ||| social_media ||| public_web,https://m.gmw.cn/2024-05/27/content_1303747763.htm ||| https://www.toutiao.com/article/7374705691129070132/ ||| https://mhuanbao.bjx.com.cn/search/?kw=%E6%B1%A1%E6%9F%93%E6%B0%B4%E4%BD%93%E5%A4%96%E6%B3%84,,,3,silver_candidate,standard_review,0.000,low,low_risk,uncertain,,,,,,,annotator_B,independent_review,annotator_B
E037,LLM_CANON_E037_001,北京市丰台区消防救援支队及消防、公安、卫健、应急等现场处置部门,在北京长峰医院住院部东楼发生火情后接警并赴现场处置，组织搜救和灭火，现场明火于13时33分许被扑灭。,neutral,证据显示丰台区消防救援支队12时57分接警，消防、公安、卫健、应急等部门赴现场处置；北京消防组织力量开展搜救和控制火势，明火被扑灭。,SC_E037_001,北京市丰台区消防救援支队;消防、公安、卫健、应急等部门;北京消防;北京市消防救援总队,True,,,ev-00876;ev-00877;ev-00897,"2023年4月18日12时57分,北京市丰台区消防救援支队接警:北京长峰医院住院部东楼发生火情。接警后,消防、公安、卫健、应急等部门即赴现场处置。13时33分许,现场明火被扑灭。15时30分,现场救援 ||| 在北京市今天(19日)中午举行的长峰医院火灾事故通报会上,北京市消防救援总队副队长赵洋通报,在开展人员搜救行动的过程中,北京消防同时在第一时间组织力量对着火的楼层、部位以及可能发生火情蔓延的路径等,组 ||| 4月18日12时57分,北京市丰台区消防救援支队接警,北京长峰医院住院部东楼发生火情。今天,北京市人民政府新闻办公室举行长峰医院火灾事故情况通报会,市公安局、市卫健委、市消防救援总队、丰台区政府相关负",public_web ||| mainstream_news ||| mainstream_news,http://baike.sogou.com/v215252125.htm?fromTitle=%E5%8C%97%E4%BA%AC%E9%95%BF%E5%B3%B0%E5%8C%BB%E9%99%A2%E7%81%AB%E6%83%85 ||| https://news.sina.com.cn/o/2023-04-19/doc-imyqwywk8278522.shtml ||| https://news.bjd.com.cn/2023/04/19/10404128.shtml,,,3,silver_candidate,standard_review,0.000,low,low_risk,uncertain,,,,,,,annotator_B,independent_review,annotator_B
E037,LLM_CANON_E037_003,国务院事故调查组,形成并公布北京丰台长峰医院“4·18”重大火灾事故调查报告，报告记录事故造成29人死亡、42人受伤、直接经济损失，并指出施工现场安全管理、消防安全主体责任、应急准备和处置等方面存在问题。,negative,证据中出现事故调查报告及“国务院事故调查组”署名，报告摘要列出伤亡和直接经济损失；另有证据概括主要问题包括未落实施工现场安全管理职责、未履行消防安全主体责任、未开展应急准备及应急处置等。,SC_E037_003,事故调查组;北京丰台长峰医院“4·18”重大火灾事故调查报告,True,,,ev-00882;ev-00884;ev-00903;ev-01959,"北京丰台长峰医院“4·18”重大火灾事故调查报告.pdf 下载 2023年4月18日12时50分,北京市丰台区靛厂新村291号北京长峰医院发生重大火灾事故,造成29人死亡、42人受伤,直接经济损失38 ||| [共同关注]北京长峰医院重大火灾事故调查报告公布 栏目 提交完成 提交并进行下一题 ... ||| 存在的主要问题: 1未落实施工现场安全管理职责; 2未按规定履行消防安全主体责任; 3未按规定开展应急准备及应急处置; 4施工现场安全管理缺失; 5未吸取火灾事故案例教训。 事故主要教训: 1防范化解 ||| 1、北京丰台长峰医院“4 1 8”重大火灾事故调查报告国 务院事故调查组2 0 2 3 年10月1目 录一、事故基本情况.2(一)事故单位情况.2(二)相关单位情况.6(三)事发医院ICU改造工程情况",public_web ||| public_web ||| social_media ||| public_web,https://www.fire114.cn/islibd/122812 ||| http://m.app.cctv.com/vsetv/detail/C10318/f22f9ae9d5844143aeb10c63dbb923ff/index.shtml ||| https://www.toutiao.com/article/7314126275315122698/ ||| https://www.safewk.com/d-507727.html,,,4,silver_candidate,standard_review,0.000,low,low_risk,uncertain,,,,,,,annotator_B,independent_review,annotator_B
E038,LLM_CANON_E038_001,国务院安委办/应急管理部事故调查发布方,发布宁夏银川富洋烧烤店“6·21”特别重大燃气爆炸事故调查报告，并认定事故与相关企业违法违规检验、经营、配送不符合标准的液化石油气瓶及烧烤店违规操作有关。,negative,官方页面显示事故调查报告发布；相关报道称调查认定事故由企业违法违规和烧烤店违规操作导致。,SC_E038_001,国务院安委办;中华人民共和国应急管理部;事故调查报告发布方,True,,,ev-00933;ev-00935;ev-01976,"标题: 宁夏银川富洋烧烤店“6•21”特别重大燃气爆炸事故调查报告 2023年12月31日 发布日期: 2024年01月27日 宁夏银川富洋烧烤店 “ 6 •2 1 ” 特别重大燃气爆炸事故调查报告 ||| 宁夏银川富洋烧烤店“6·21”特别重大燃气爆炸事故调查报告发布,可以用三个非常概括。调查认定,这是一起因相关企业违法违规检验、经营,并配送不符合标准的液化石油气瓶,烧烤店在使用中违规操作发生泄漏爆炸, ||| 2023年6月21日,宁夏银川市兴庆区富洋烧烤民族街店发生燃气爆炸事故,造成31人死亡、7人受伤。事故原因是相关企业违法违规检验、经营,并配送不符合标准的液化石油气瓶,烧烤店在使用中违规操作发生泄漏爆",official ||| social_media ||| official,http://mem.gov.cn/gk/zfxxgkpt/fdzdgknr/202401/t20240127_476487.shtml ||| https://www.toutiao.com/article/7329340855360160319/ ||| https://yjgl.anqing.gov.cn/xxfb/ztzl/xjpx/2004195016.html,,,3,silver_candidate,standard_review,0.000,low,low_risk,uncertain,,,,,,,annotator_B,independent_review,annotator_B
E038,LLM_CANON_E038_003,救援人员,在现场明火扑灭后开展多轮搜救，并将搜救出的人员及时送往医院紧急救治。,neutral,多条证据称现场明火扑灭后，救援人员进行多轮搜救，并将发现和搜救出的38人及时送医。,SC_E038_003,消防人员;现场救援人员;救援现场人员,True,,,ev-00918;ev-00919;ev-00920,"6月21日20时40分许,宁夏银川市兴庆区一烧烤店发生燃气爆炸。经过紧急扑救,21时20分许现场明火扑灭,救援人员在现场进行多轮搜救,截至22日凌晨2时,救援现场发现和搜救出38人,均及时送往医院紧急 ||| 6月21日20时40分许,宁夏银川市兴庆区一烧烤店发生燃气爆炸。经过紧急扑救,21时20分许现场明火扑灭,救援人员在现场进行多轮搜救,截至22日凌晨2时,救援现场发现和搜救出38人,均及时送往医院紧急 ||| 6月21日20时40分许,宁夏银川市兴庆区一烧烤店发生燃气爆炸。经过紧急扑救,21时20分许现场明火扑灭,救援人员在现场进行多轮搜救,截至22日凌晨2时,救援现场发现和搜救出38人,均及时送往医院紧急",social_media ||| mainstream_news ||| mainstream_news,https://www.163.com/dy/article/I7RME3G105503FCU.html ||| https://cnews.chinadaily.com.cn/a/202306/22/WS64938b3ca310ba94c561301f.html ||| http://cnews.chinadaily.com.cn/a/202306/22/WS64938b3ca310ba94c561301f.html,,,2,silver_candidate,standard_review,0.000,low,low_risk,uncertain,,,,,,,annotator_B,independent_review,annotator_B
E038,LLM_CANON_E038_004,富洋烧烤店,在液化石油气使用过程中存在违规操作，导致泄漏并引发爆炸。,negative,事故调查相关表述称烧烤店在使用中违规操作发生泄漏爆炸。,SC_E038_004,富洋烧烤民族街店;烧烤店;宁夏银川富洋烧烤店,True,,,ev-00935;ev-01976,"宁夏银川富洋烧烤店“6·21”特别重大燃气爆炸事故调查报告发布,可以用三个非常概括。调查认定,这是一起因相关企业违法违规检验、经营,并配送不符合标准的液化石油气瓶,烧烤店在使用中违规操作发生泄漏爆炸, ||| 2023年6月21日,宁夏银川市兴庆区富洋烧烤民族街店发生燃气爆炸事故,造成31人死亡、7人受伤。事故原因是相关企业违法违规检验、经营,并配送不符合标准的液化石油气瓶,烧烤店在使用中违规操作发生泄漏爆",social_media ||| official,https://www.toutiao.com/article/7329340855360160319/ ||| https://yjgl.anqing.gov.cn/xxfb/ztzl/xjpx/2004195016.html,,,2,silver_candidate,standard_review,0.000,low,low_risk,uncertain,,,,,,,annotator_B,independent_review,annotator_B
E038,LLM_CANON_E038_005,相关液化石油气企业,被认定存在违法违规检验、经营并配送不符合标准液化石油气瓶的行为，是事故原因之一。,negative,证据明确称事故原因包括相关企业违法违规检验、经营，并配送不符合标准的液化石油气瓶。,SC_E038_005,相关企业;液化石油气瓶检验经营企业;配送液化石油气瓶的企业,True,,,ev-00935;ev-01976,"宁夏银川富洋烧烤店“6·21”特别重大燃气爆炸事故调查报告发布,可以用三个非常概括。调查认定,这是一起因相关企业违法违规检验、经营,并配送不符合标准的液化石油气瓶,烧烤店在使用中违规操作发生泄漏爆炸, ||| 2023年6月21日,宁夏银川市兴庆区富洋烧烤民族街店发生燃气爆炸事故,造成31人死亡、7人受伤。事故原因是相关企业违法违规检验、经营,并配送不符合标准的液化石油气瓶,烧烤店在使用中违规操作发生泄漏爆",social_media ||| official,https://www.toutiao.com/article/7329340855360160319/ ||| https://yjgl.anqing.gov.cn/xxfb/ztzl/xjpx/2004195016.html,,,2,silver_candidate,standard_review,0.000,low,low_risk,uncertain,,,,,,,annotator_B,independent_review,annotator_B
E038,LLM_CANON_E038_007,公众评论者和自媒体博主,认为事故令人震惊并凸显燃气安全的重要性，呼吁餐饮店重视燃气安全、加强员工培训并配备突发危险应对措施。,negative,社会平台和评论性内容称事故令人震惊、引发对燃气安全重要性的反思，并提出餐饮店应重视燃气安全、培训员工和完善应急措施。,SC_E038_007,公众;人们;博主;网友评论者,True,,,ev-00934;ev-00941;ev-00942;ev-01979,"在宁夏银川,一场富洋烧烤店“6·21”特别重大燃气爆炸事故的调查报告终于见诸天日。这起事故不仅令人震惊,更让人们深思燃气安全问题的重要性。作为国际新闻和军事动态的博主,我将从多个角度为大家解读这起事件 ||| 我看新闻说可能是液化气罐的问题,也许是操作不当导致泄漏爆炸。这告诉我们开这种餐饮类的店,一定要对燃气安全有足够的重视,员工也得培训,而且店里得有一些应对突发危险的措施 据我了解是和燃气相关的问题才爆炸 ||| 银川烧烤店爆炸事故是一起非常严重的安全事故,我们应该以深刻的认识来看待这起事故。 首先,我们应该关注事故背后的本质原因,要认真分析这起事故发生的原因。据报道,烧烤店燃气管道泄露是导致事故发生的直接原因 ||| 2023年6月21日晚上8时40分,在我国宁夏银川市兴庆区民族南街富洋烧烤店发生了一起惨痛的燃气爆炸事故,造成38人伤亡,其中31人死亡,7人受伤。这是一起令人震惊和悲哀的悲剧,也是一起暴露了我国安全",social_media ||| mainstream_news ||| mainstream_news ||| social_media,https://www.toutiao.com/article/7329774244462838310/ ||| https://wap.zol.com.cn/ask/x_28546811.html ||| https://www.sohu.com/a/690260783_121686545 ||| https://m.toutiao.com/w/1769383181733966/,,,4,silver_candidate,standard_review,0.000,low,low_risk,uncertain,,,,,,,annotator_B,independent_review,annotator_B
E039,LLM_CANON_E039_001,三河市应急管理局,发布情况通报称燕郊镇一商户发生疑似燃气泄漏引发的燃爆事故，公布伤亡、现场清理和伤者救治情况，并表示救援基本结束、后续安全隐患排查措施正在制定和实施。,neutral,多条证据显示三河市应急管理局对事故进行官方通报，说明疑似燃气泄漏、伤亡人数、现场清理、伤者救治及后续隐患排查安排。,SC_E039_001,河北省三河市应急管理局;三河市应急管理局局长纪宏图;官方,True,,,ev-00950;ev-00951;ev-00952;ev-00954,"目前河北三河市燕郊镇的燃爆事故救援工作已基本结束,同时后续的安全隐患排查措施正在制定和实施中。关于这起严重的燃爆事故,河北省三河市应急管理局通报了最新的救援进展。事故发生在13日早晨7时54分,疑似因 ||| 新华社石家庄3月14日电(记者王民)河北省三河市应急管理局14日凌晨1时许发布情况通报称,13日7时54分,燕郊镇一商户发生因疑似燃气泄漏引发的燃爆事故,事故造成7人死亡、27人受伤。截至目前,现场清 ||| 新华社石家庄3月14日电(记者王民)河北省三河市应急管理局14日凌晨1时许发布情况通报称,13日7时54分,燕郊镇一商户发生因疑似燃气泄漏引发的燃爆事故,事故造成7人死亡、27人受伤。截至目前,现场清 ||| 河北省三河市应急管理局14日凌晨1时许发布情况通报称,13日7时54分,燕郊镇一商户发生因疑似燃气泄漏引发的燃爆事故,事故造成7人死亡、27人受伤。截至目前,现场清理已基本完成,伤者全部送往医院救治,",social_media ||| mainstream_news ||| social_media ||| official,https://www.toutiao.com/article/7346062685123805732/ ||| http://www.news.cn/local/20240314/298ee88e91e74952a698bfcb91da8a96/c.html ||| https://www.toutiao.com/article/7345919064688099876/ ||| https://www.eco.gov.cn/news_info/68805.html,,,3,silver_candidate,standard_review,0.000,low,low_risk,uncertain,,,,,,,annotator_B,independent_review,annotator_B
E039,LLM_CANON_E039_002,河北省应急管理厅调查评估和统计处,发布燕郊地铁施工项目“3·13”较大燃气爆燃事故调查报告，认定事故与地铁区间盾构施工过程中地埋天然气管道被破损、泄漏有关。,neutral,证据称河北省应急管理厅调查评估和统计处发布调查报告，并说明盾构施工造成地埋天然气管道破损泄漏。,SC_E039_002,河北省应急管理厅;调查评估和统计处,True,,,ev-00948;ev-00949;ev-01992,"河北省应急管理厅调查评估和统计处近日发布燕郊地铁施工项目“3·13”较大燃气爆燃事故调查报告。2024年3月13日3时15分许,地铁燕郊站至神威大街站区间盾构施工过程中,造成地埋天然气管道破损泄漏,天 ||| 河北省应急管理厅调查评估和统计处近日发布了关于燕郊地铁施工项目“3·13”较大燃气爆燃事故的调查报告。2024年3月13日3时15分许,在地铁燕郊站至神威大街站区间盾构施工过程中,地埋天然气管道被损坏 ||| 1、燕郊地铁施工项目“313”较大燃气爆燃事故调查报告讲解了2024年3月13日发生在河北廊坊燕郊地铁施工区域的一起重大燃气爆燃事故的全过程与责任认定。该事故发生在地铁燕郊站至神威大街站区间盾构施工期",social_media ||| mainstream_news ||| public_web,https://www.163.com/dy/article/KE1L0NLO0511DJHA.html ||| https://news.china.com/socialgd/10000169/20251110/48979051.html ||| https://m.aqrzj.com/doc/408460.html,,,3,silver_candidate,standard_review,0.000,low,low_risk,uncertain,,,,,,,annotator_B,independent_review,annotator_B
E039,LLM_CANON_E039_003,事故调查专家组,披露事故原因初步判断为燃气管道泄漏，并说明并非用户燃气，而是输送中的管道泄漏导致。,neutral,证据显示专家组组长刘福来介绍初步原因是燃气管道泄漏，后续报道进一步称是输送中的管道泄漏、不是用户燃气。,SC_E039_003,事故调查专家组组长刘福来;刘福来;事故调查组专家,True,,,ev-00947;ev-00969;ev-00970;ev-00971;ev-00977,"3月14日16时30分许,该事故调查专家组组长刘福来介绍,爆燃事故原因初步判断为燃气管道泄漏。 中文名 3·13燕郊爆燃事故 事发时间 2024年3月13日7时54分 事发地点 河北省廊坊三河市燕郊小 ||| 3月13日7时54分, 廊坊三河市燕郊镇发生一起爆燃事故 。 截至13日23时,现场救援工作基本结束。(此前报道:突发!燕郊发生爆炸!伤亡不明 、官方通报:已致1死22伤) 14日下午, 事故调查组专 ||| 燕郊爆炸原因披露!不是用户燃气,是输送中的管道泄漏导致。 【责任编辑:钟培培】 福州新闻网违法和不良信息举报电话: 0591-83762156 举报邮箱: fzxww@qq.com 福建省新闻道德委举 ||| 据3月13日7时54分的报告,燕郊镇发生的爆燃事故造成了7人死亡,27人受伤。这一突发事件让社会各界为之震惊,也引发了对于事故原因的广泛猜测。而在今天下午,事故调查组专家刘福来和三河市应急管理局局长纪 ||| 3月13日7时54分,廊坊三河市燕郊镇发生一起爆燃事故。截至13日23时,现场救援工作基本结束。 14日下午,事故调查组专家组组长披露燕郊爆炸事故原因, 称事故系输送中的管道泄漏导致。 目前具体事故原",public_web ||| mainstream_news ||| mainstream_news ||| social_media ||| mainstream_news,http://baike.sogou.com/v217046531.htm?fromTitle=%E7%87%95%E9%83%8A%E7%88%86%E7%82%B8 ||| https://www.sohu.com/a/764191899_121384220 ||| https://news.fznews.com.cn/fzxw/20240314/h5e109Tnkq.shtml ||| https://www.toutiao.com/article/7346197337393611302/ ||| https://www.sohu.com/a/764177395_211507,,,4,silver_candidate,standard_review,0.000,low,low_risk,uncertain,,,,,,,annotator_B,independent_review,annotator_B
E039,LLM_CANON_E039_004,燕郊事发地周边居民和旅客,事发前后向媒体或平台反映现场情况，包括有旅客和居民称爆炸前曾闻到浓烈或类似燃气味道，多位市民报料称学院路与迎宾路路口发生爆炸。,negative,证据记录了旅客和居民对事发前燃气味的目击陈述，以及市民对爆炸发生的报料，体现事故相关风险和现场异常的公众反馈。,SC_E039_004,一位旅客;早起送孩子的居民;居民;多位市民,True,,,ev-00965;ev-00980,"一位旅客居住在爆炸点所在的招待所,其告诉新京报记者,自己于昨晚入住,今早6点30分外出体检,下楼时便已经闻到浓烈的燃气味道。另有一位早起送孩子的居民则表示,早上路过事发地时,也曾经闻到过类似燃气味道。 ||| 官方回应燕郊突发爆炸:已接报,正调查 【#官方回应燕郊突发爆炸#:已接报,正调查】3月13日,河北三河市,多位市民报料称燕郊镇学院路与迎宾路路口发生爆炸。现场视频显示,建筑和多辆轿车在爆炸后受损。三河",forum ||| mainstream_news,https://www.bjnews.com.cn/detail/1710320895169375.html ||| https://k.sina.com.cn/article_1496814565_m593793e503301gjsn.html,,,2,silver_candidate,standard_review,0.000,low,low_risk,uncertain,,,,,,,annotator_B,independent_review,annotator_B
E039,LLM_CANON_E039_005,消防救援人员,事故发生后在现场持续开展救援，官方和媒体称救援工作正在紧张进行。,neutral,证据显示事故现场消防救援人员持续救援，相关报道也称救援工作正在紧张进行。,SC_E039_005,消防;救援人员;消防救援人员,True,,,ev-00953;ev-00975,"新京报讯(记者裴剑飞)今天(3月13日)上午,燕郊发生一起爆燃事故,截至目前,事故已造成1人死亡,22人受伤。11点左右,记者在事发地周边看到,事故现场又冒起了阵阵白烟,消防救援人员正持续进行救援。维 ||| 今日7时54分,河北三河市燕郊一炸鸡店发生疑似燃气泄漏引发的爆燃事故。目前,救援工作正在紧张进行。 直击燕郊爆燃救援现场↓↓ 来源:@应急管理部 @中国应急管理报 流程编辑:u028 如遇作品内容、版",mainstream_news ||| public_web,https://www.bjnews.com.cn/detail/1710300164129516.html ||| https://news.bjd.com.cn/2024/03/13/10719689.shtml,,,2,silver_candidate,standard_review,0.000,low,low_risk,uncertain,,,,,,,annotator_B,independent_review,annotator_B
E040,LLM_CANON_E040_001,山西省政府事故调查组,公布事故调查报告，认定事故直接原因是办公楼二层井口浴室大更衣区吊篮上方电机主供电线绝缘层破损短路引燃可燃物。,neutral,多条证据显示调查报告于2024年4月23日向社会公布，并说明了火灾直接原因。,SC_E040_001,山西省调查组;事故调查组;山西吕梁永聚煤业有限公司办公楼“11·16”重大火灾事故调查组,True,,,ev-00984;ev-00992;ev-01332,"2024年4月23日,山西吕梁永聚煤业“11·16”重大火灾事故调查报告向社会公布,事故直接原因是建筑办公楼二层井口浴室大更衣区0625号吊篮上方电机主供电线绝缘层与金属线卡接触部分破损短路引燃可燃物 ||| 山西吕梁永聚煤业有限公司办公楼 “11·16”重大火灾事故调查报告 山西省政府事故调查组 2024 年4月-1-目录一、事故基本情况.3 (一)事故单位情况.3 1.永聚煤业.3 2.上级单位.4 ( ||| 新华社快讯:山西吕梁永聚煤业“11·16”重大火灾事故调查报告4月23日向社会公布。报告显示,山西省公安机关已对永聚煤业实际负责人等涉嫌违法犯罪的18名企业人员采取刑事强制措施。山西省纪检监察机关依规",public_web ||| official ||| mainstream_news,http://baike.sogou.com/v216235967.htm?fromTitle=%E5%90%95%E6%A2%81%E6%B0%B8%E8%81%9A%E7%85%A4%E4%B8%9A%E7%81%AB%E7%81%BE%E4%BA%8B%E6%95%85 ||| http://yjt.shanxi.gov.cn/zwgk_0/zfxxgk_78327/fdzdgknr_78331/gszl/sgdc_78341/202404/P020250113584361088447.pdf ||| http://www.news.cn/politics/20240423/588d3c48a23a4702b5cac089736bf71a/c.html,,,3,silver_candidate,standard_review,0.000,low,low_risk,uncertain,,,,,,,annotator_B,independent_review,annotator_B
E040,LLM_CANON_E040_003,吕梁市政府,表示将全力配合事故调查，在山西省调查组领导下尽快查明原因，给社会和遇难者家属一个交代。,neutral,事故通报会中，吕梁市委副书记、市长公开表态将配合调查、查明原因并回应社会和遇难者家属关切。,SC_E040_003,吕梁市委副书记、市长;吕梁市,True,,,ev-01329;ev-01330,"山西吕梁市离石区永聚煤业办公楼“11·16”重大火灾事故情况通报会现场,吕梁市委副书记、市长表示,将全力配合事故调查,在山西省调查组领导下重拳出击,尽快查明原因,给社会一个明白,给遇难者家属一个交代。 ||| 山西吕梁市离石区永聚煤业办公楼“11·16”重大火灾事故情况通报会现场,吕梁市委副书记、市长表示,将全力配合事故调查,在山西省调查组领导下重拳出击,尽快查明原因,给社会一个明白,给遇难者家属一个交代。",mainstream_news ||| public_web,https://www.zhengguannews.cn/news/337697.html ||| https://www.cnr.cn/newscenter/rebang/20231117/t20231117_526490009.shtml,,,2,silver_candidate,standard_review,0.000,low,low_risk,uncertain,,,,,,,annotator_B,independent_review,annotator_B
E040,LLM_CANON_E040_004,山西省公安机关,对永聚煤业实际负责人等涉嫌违法犯罪的18名企业人员采取刑事强制措施。,neutral,多条报道引用调查报告称，山西省公安机关已对18名涉嫌违法犯罪的企业人员采取刑事强制措施。,SC_E040_004,公安机关,True,,,ev-01327;ev-01328;ev-01331;ev-01332;ev-01333,"山西吕梁永聚煤业“11·16”重大火灾事故调查报告4月23日向社会公布。报告显示,山西省公安机关已对永聚煤业实际负责人等涉嫌违法犯罪的18名企业人员采取刑事强制措施。山西省纪检监察机关依规依纪依法对吕 ||| 山西吕梁永聚煤业“11·16”重大火灾事故调查报告4月23日向社会公布。 报告显示,山西省公安机关已对永聚煤业实际负责人等涉嫌违法犯罪的18名企业人员采取刑事强制措施。山西省纪检监察机关依规依纪依法对 ||| 新华社快讯:山西吕梁永聚煤业“11·16”重大火灾事故调查报告4月23日向社会公布。报告显示,山西省公安机关已对永聚煤业实际负责人等涉嫌违法犯罪的18名企业人员采取刑事强制措施。山西省纪检监察机关依规 ||| 新华社快讯:山西吕梁永聚煤业“11·16”重大火灾事故调查报告4月23日向社会公布。报告显示,山西省公安机关已对永聚煤业实际负责人等涉嫌违法犯罪的18名企业人员采取刑事强制措施。山西省纪检监察机关依规 ||| 4月23日,山西吕梁永聚煤业“11·16”重大火灾事故调查报告公开发布。据报告披露,山西省公安机关已对包括永聚煤业实际负责人在内的18名涉嫌违法犯罪的企业人员实施刑事强制措施。与此同时,山西省纪检监察",public_web ||| public_web ||| public_web ||| mainstream_news ||| mainstream_news,http://www.stdaily.com/index/kejixinwen/202404/2f5bc3586941420a909c90f61d12a11e.shtml ||| https://coal.in-en.com/html/coal-2645867.shtml ||| http://www.nmgcb.com.cn/guonei/r-282289.html ||| http://www.news.cn/politics/20240423/588d3c48a23a4702b5cac089736bf71a/c.html ||| https://news.china.com/socialgd/10000169/20240423/46412300.html,,,5,silver_candidate,standard_review,0.000,low,low_risk,uncertain,,,,,,,annotator_B,independent_review,annotator_B
E040,LLM_CANON_E040_005,山西省纪检监察机关,依规依纪依法对相关公职人员进行问责，事故调查报告披露有42名公职人员被问责。,neutral,证据显示事故调查报告公布后，42名公职人员被问责，并提到山西省纪检监察机关依规依纪依法处理相关人员。,SC_E040_005,纪检监察机关,True,,,ev-01326;ev-01327;ev-01328;ev-01331;ev-01332,"新华社快讯:山西吕梁永聚煤业“11·16”重大火灾事故调查报告公布,42名公职人员被问责免责声明:本作品来源:新华社 ,转载目的在于传递更多信息,不构成投资建议、不代表本网赞同其观点和对其真实性负责。 ||| 山西吕梁永聚煤业“11·16”重大火灾事故调查报告4月23日向社会公布。报告显示,山西省公安机关已对永聚煤业实际负责人等涉嫌违法犯罪的18名企业人员采取刑事强制措施。山西省纪检监察机关依规依纪依法对吕 ||| 山西吕梁永聚煤业“11·16”重大火灾事故调查报告4月23日向社会公布。 报告显示,山西省公安机关已对永聚煤业实际负责人等涉嫌违法犯罪的18名企业人员采取刑事强制措施。山西省纪检监察机关依规依纪依法对 ||| 新华社快讯:山西吕梁永聚煤业“11·16”重大火灾事故调查报告4月23日向社会公布。报告显示,山西省公安机关已对永聚煤业实际负责人等涉嫌违法犯罪的18名企业人员采取刑事强制措施。山西省纪检监察机关依规 ||| 新华社快讯:山西吕梁永聚煤业“11·16”重大火灾事故调查报告4月23日向社会公布。报告显示,山西省公安机关已对永聚煤业实际负责人等涉嫌违法犯罪的18名企业人员采取刑事强制措施。山西省纪检监察机关依规",public_web ||| public_web ||| public_web ||| public_web ||| mainstream_news,https://www.cnstock.com/commonDetail/5201 ||| http://www.stdaily.com/index/kejixinwen/202404/2f5bc3586941420a909c90f61d12a11e.shtml ||| https://coal.in-en.com/html/coal-2645867.shtml ||| http://www.nmgcb.com.cn/guonei/r-282289.html ||| http://www.news.cn/politics/20240423/588d3c48a23a4702b5cac089736bf71a/c.html,,,5,silver_candidate,standard_review,0.000,low,low_risk,uncertain,,,,,,,annotator_B,independent_review,annotator_B
E042,LLM_CANON_E042_002,广州市市场监督管理局,督促即时配送平台企业落实安全责任，开展电动自行车安全隐患整治，并对一周内三次以上违法的骑手实施全行业停单一天以上限制；同时组织相关部门开展研究办理和平台配送服务安全检查。,neutral,证据明确提到市市场监管局督促平台落实安全责任、推进整治行动、对频繁违法骑手停单，并会同多部门办理代表建议及检查平台配送服务。,SC_E042_002,广州市市场监管局;市市场监管局;广州市市场监督管理局;市外卖行业电动自行车联合管理工作专班,True,,,ev-01034;ev-01041;ev-01042,"7月8日,广州市市场监管局披露,督促即时配送平台企业落实安全责任,深入开展电动自行车安全隐患全链条整治行动,对一周内有三次以上违法行为的骑手实施全行业停单一天以上限制。一边是外卖员的“生死时速”,一边 ||| 杨旭代表: 您提出的《关于加强外卖配送电动自行车管理的建议》(第20233035号)收悉。我局高度重视,组织市公安局、市商务局、市交通运输局等单位进行认真研究办理,并于7月11日会同相关单位与您座谈交 ||| 为贯彻落实《广州市电动自行车管理规定》(下称《规定》)有关要求,结合节前企业安全生产检查工作,近日,广州市市场监督管理局市管一级调研员易兆会带领市外卖行业电动自行车联合管理工作专班成员单位对平台配送服",mainstream_news ||| official ||| official,https://finance.sina.com.cn/jjxw/2024-07-10/doc-inccrmwf2796884.shtml ||| https://scjgj.gz.gov.cn/ztzl/rdjyzxtablqk/rdjy/content/post_9411653.html ||| https://scjgj.gz.gov.cn/zwdt/gzdt/content/post_10090557.html,,,2,silver_candidate,standard_review,0.000,low,low_risk,uncertain,,,,,,,annotator_B,independent_review,annotator_B
E042,LLM_CANON_E042_003,广州交警,走进外卖站点和骑手驿站，通过问答、派发宣传单等形式向外卖骑手普及《广州市电动自行车管理规定》和骑行安全要求。,positive,多条证据显示广州交警在越秀区外卖站点或骑手驿站面向骑手开展新规宣传和交通安全问答。,SC_E042_003,广州交警;广州市交警工作人员;交警工作人员,True,,,ev-01032;ev-01043;ev-01044,"“如果骑行的路线没有非机动车道,应该怎么行驶?”“靠车行道的右侧行驶。”......12月31日,在广州市越秀区一外卖站点内,广州交警工作人员正在向外卖骑手开展《广州市电动自行车管理规定》(以下简称“ ||| 外卖小哥:这段时间一直在熟悉新规内容 “大家骑行时可不可以用手机联系客户,或者边骑边吃早餐?”......近日,广州交警走进越秀区一骑手驿站,以“问答+派发宣传单”的形式,面对面普及《广州市电动自行车 ||| “大家骑行时可不可以用手机联系客户,或者边骑边吃早餐?”......近日,广州交警走进越秀区一骑手驿站,以“问答+派发宣传单”的形式,面对面普及《广州市电动自行车管理规定》的内容,为网约配送人员“划重",social_media ||| official ||| official,https://www.toutiao.com/article/7454517663738429986/ ||| https://www.gz.gov.cn/zt/fxbxaqdx/aqxd/content/post_10061533.html ||| https://www.gz.gov.cn/zwfw/zxfw/jtfw/content/post_10061534.html,,,2,silver_candidate,standard_review,0.000,low,low_risk,uncertain,,,,,,,annotator_B,independent_review,annotator_B
E042,LLM_CANON_E042_004,广州外卖骑手,部分骑手正在熟悉新规内容并接受交通安全宣传，但也反映在限速要求内行驶对配送工作存在挑战。,mixed,证据中外卖小哥表示一直在熟悉新规内容，阿坤则称虽然较少闯红灯，但保持在限速内行驶有挑战。,SC_E042_004,外卖骑手;外卖小哥;网约配送人员;外卖骑手阿坤;骑手,True,,,ev-01033;ev-01043;ev-01044,"外卖骑手阿坤在红灯前停下电动自行车,而周围的其他骑手则无视信号灯,径直穿过马路。这一情景发生在广州市天河北路与体育东路的交叉口。阿坤分享道,尽管过去很少闯红灯,但保持在限速内行驶对他而言是个挑战。新出 ||| 外卖小哥:这段时间一直在熟悉新规内容 “大家骑行时可不可以用手机联系客户,或者边骑边吃早餐?”......近日,广州交警走进越秀区一骑手驿站,以“问答+派发宣传单”的形式,面对面普及《广州市电动自行车 ||| “大家骑行时可不可以用手机联系客户,或者边骑边吃早餐?”......近日,广州交警走进越秀区一骑手驿站,以“问答+派发宣传单”的形式,面对面普及《广州市电动自行车管理规定》的内容,为网约配送人员“划重",mainstream_news ||| official ||| official,https://news.china.com/socialgd/10000169/20240731/46945889.html ||| https://www.gz.gov.cn/zt/fxbxaqdx/aqxd/content/post_10061533.html ||| https://www.gz.gov.cn/zwfw/zxfw/jtfw/content/post_10061534.html,,,2,silver_candidate,standard_review,0.000,low,low_risk,uncertain,,,,,,,annotator_B,independent_review,annotator_B
E043,LLM_CANON_E043_001,武汉市城管执法委员会及相关交通管理部门,针对共享单车超量投放和乱停乱放问题开展协同治理，召开专题调度会并督促哈啰、美团、青桔等企业回收违规超量投放车辆。,neutral,证据显示武汉市城管执法委员会联合交通运输、公安交管部门召开共享单车专题调度会，并通报近一个月督促三家企业回收违规超量投放车辆10万余辆；相关文本还说明共享单车超量投放和乱停乱放对交通秩序、市容市貌造成不良影响。,SC_E043_001,武汉市城管执法委员会;武汉市城管执法委;市交通运输局;市公安局交通管理局;武汉市相关职能部门,True,,,ev-01069;ev-01072;ev-01091;ev-01090,"共享单车作为一种绿色出行方式,为市民出行提供了便利。然而,部分企业因运维管理不到位导致的超量投放及车辆乱停乱放问题,对城市交通秩序和市容市貌造成了不良影响。8月11日,武汉市城管执法委员会联合市交通运 ||| 共享单车作为一种绿色出行方式,为市民出行提供了便利。然而,部分企业因运维管理不到位导致的超量投放及车辆乱停乱放问题,对城市交通秩序和市容市貌造成了不良影响。 8月11日,武汉市城管执法委员会联合市交通 ||| 观点网讯:8月11日,武汉市城管执法委员会联合市交通运输局、市公安局交通管理局召开共享单车专题调度会。会议通报,近一个月以来,累计督促哈啰、美团、青桔三家共享单车经营企业回收违规超量投放车辆10万余辆 ||| 伴随城市化进程推进,共享单车虽为市民短途出行带来便利,但因超量投放、管理无序等问题,出现挤占道路资源、扰乱公共秩序、埋下安全隐患等情况。对此,武汉市积极整合多方力量,通过协同治理破解共享单车管理难题。",official ||| mainstream_news ||| mainstream_news ||| official,https://cgw.wuhan.gov.cn/cgdt/cgtp/202508/t20250813_2632788.shtml ||| https://news.qq.com/rain/a/20250812A05NWH00 ||| https://news.qq.com/rain/a/20250813A02BY200 ||| https://cgj.ezhou.gov.cn/dtcg/xyxx/202511/t20251126_735333.html,,,3,silver_candidate,standard_review,0.000,low,low_risk,uncertain,,,,,,,annotator_B,independent_review,annotator_B
E043,LLM_CANON_E043_002,共享单车经营企业,部分共享单车企业因运维管理不到位被指造成超量投放和车辆乱停乱放，并在监管督促或街道联系下参与回收、清理违规车辆。,mixed,多条证据指出部分企业运维管理不到位导致超量投放、乱停乱放，影响交通秩序和市容；另有证据显示监管部门督促哈啰、美团、青桔回收违规超量投放车辆，街道也联系单车公司进行清理。,SC_E043_002,共享单车平台;共享单车企业;部分企业;哈啰;美团;青桔;单车公司,True,,,ev-01068;ev-01069;ev-01072;ev-01091;ev-01089;ev-01096,"长江云新闻 2025-08-12 20:16:29 共享单车作为一种绿色出行方式,为市民出行提供了便利。然而,部分企业因运维管理不到位导致的超量投放及车辆乱停乱放问题,对城市交通秩序和市容市貌造成了不 ||| 共享单车作为一种绿色出行方式,为市民出行提供了便利。然而,部分企业因运维管理不到位导致的超量投放及车辆乱停乱放问题,对城市交通秩序和市容市貌造成了不良影响。8月11日,武汉市城管执法委员会联合市交通运 ||| 共享单车作为一种绿色出行方式,为市民出行提供了便利。然而,部分企业因运维管理不到位导致的超量投放及车辆乱停乱放问题,对城市交通秩序和市容市貌造成了不良影响。 8月11日,武汉市城管执法委员会联合市交通 ||| 观点网讯:8月11日,武汉市城管执法委员会联合市交通运输局、市公安局交通管理局召开共享单车专题调度会。会议通报,近一个月以来,累计督促哈啰、美团、青桔三家共享单车经营企业回收违规超量投放车辆10万余辆 ||| 9月26日,澎湃新闻记者从12345市民热线获悉,针对前述情况,武汉江岸区相关街道针对辖区路段的小广告进行处理,联系单车公司进行清理;黄浦路段另一侧劳动街道也安排人员(对小广告)进行初步清理,并联系共 ||| 尊敬的市民:您好!您反映的诉求已收到,现将办理情况回复如下:接到您反映的问题后,唐家墩街工作人员立即到现场核查。经了解,该处是穗丰花园东区附近,有共享单车乱停乱放。现综合巡查员已联系单车公司,并已将乱",mainstream_news ||| official ||| mainstream_news ||| mainstream_news ||| public_interaction ||| official,https://news.hbtv.com.cn/p/4542385.html ||| https://cgw.wuhan.gov.cn/cgdt/cgtp/202508/t20250813_2632788.shtml ||| https://news.qq.com/rain/a/20250812A05NWH00 ||| https://news.qq.com/rain/a/20250813A02BY200 ||| https://finance.sina.com.cn/jjxw/2024-09-26/doc-incqnrnu8678746.shtml ||| https://www.wuhan.gov.cn/hdjl/lxgs/202602/t20260205_2725362.shtml,,,5,silver_candidate,standard_review,0.000,low,low_risk,uncertain,,,,,,,annotator_B,independent_review,annotator_B
E043,LLM_CANON_E043_003,武汉市民和居民,认可共享单车作为绿色出行方式，为市民短途出行和日常通勤提供便利。,positive,证据称共享单车作为绿色出行方式为市民出行提供便利，也有报道提到共享单车给市民出行带来极大便利、受到市民喜爱。,SC_E043_003,市民;居民;周边居民;武汉市民;网友;诉求人;打工人,True,同一公众群体同时存在对共享单车便利性的正面评价和对超量投放、乱停放治理问题的负面诉求，语义不同，需拆分。,,ev-01068;ev-01069;ev-01072;ev-01092;ev-01093,"长江云新闻 2025-08-12 20:16:29 共享单车作为一种绿色出行方式,为市民出行提供了便利。然而,部分企业因运维管理不到位导致的超量投放及车辆乱停乱放问题,对城市交通秩序和市容市貌造成了不 ||| 共享单车作为一种绿色出行方式,为市民出行提供了便利。然而,部分企业因运维管理不到位导致的超量投放及车辆乱停乱放问题,对城市交通秩序和市容市貌造成了不良影响。8月11日,武汉市城管执法委员会联合市交通运 ||| 共享单车作为一种绿色出行方式,为市民出行提供了便利。然而,部分企业因运维管理不到位导致的超量投放及车辆乱停乱放问题,对城市交通秩序和市容市貌造成了不良影响。 8月11日,武汉市城管执法委员会联合市交通 ||| 人民网武汉12月8日电 扫码骑车、随取随放,经济便捷的特性,让共享单车一进入武汉就深受市民喜爱,瞬间成为街头巷尾一道亮丽的风景线。但几十万辆共享单车“野蛮生长”,乱停乱放已成为管理中的重要问题。侵占盲 ||| 共享单车自去年12月登陆武汉以来,给市民的出行带来了极大的便利。 据近日发布的《2017年武汉市共享单车出行报告》估算,武汉各类共享单车总量突破60万,已经接近饱和。共享单车已经超越出租车、网约车成为",mainstream_news ||| official ||| mainstream_news ||| mainstream_news ||| mainstream_news,https://news.hbtv.com.cn/p/4542385.html ||| https://cgw.wuhan.gov.cn/cgdt/cgtp/202508/t20250813_2632788.shtml ||| https://news.qq.com/rain/a/20250812A05NWH00 ||| http://news.iqilu.com/china/gedi/2017/1208/3773162.shtml ||| https://www.sohu.com/a/167008339_355692,,,5,silver_candidate,standard_review,0.000,low,low_risk,uncertain,,,,,,,annotator_B,independent_review,annotator_B
E043,LLM_CANON_E043_004,武汉市民和居民,反映或担忧共享单车超量投放、乱停乱放、集中堆放影响交通出行、生活环境和城市秩序，并追问职能部门是否开展需求测评、使用率评估及分区域投放管理。,negative,证据显示市民反映共享单车乱停乱放、堆放密集、影响正常出行或周边居民生活；另有留言质疑武汉共享单车投放量过多，询问是否做过需求调查、实际使用率评估以及是否应分区域投放。,SC_E043_003,市民;居民;周边居民;武汉市民;网友;诉求人;打工人,True,同一公众群体同时存在对共享单车便利性的正面评价和对超量投放、乱停放治理问题的负面诉求，语义不同，需拆分。,,ev-01074;ev-01088;ev-01096;ev-01100;ev-01101;ev-01102,"新华社武汉4月11日电(记者冯国栋)有网友爆料称,武汉有大批共享单车被集中存放,原本的空地被堆成了山,周边居民生活受到一定影响。武汉市城管委相关负责人告诉记者,集中存放的共享单车涉嫌违规停放、挤占人行 ||| 1.作为常年各地出差的打工人,观察了不少城市的共享单车投放情况,武汉市投放量最多的一个城市。请问职能部门对武汉市共享单车的需求是否做过调查和测评?单车的实际使用率是如何?2.假如是分区域投放,那是否应 ||| 尊敬的市民:您好!您反映的诉求已收到,现将办理情况回复如下:接到您反映的问题后,唐家墩街工作人员立即到现场核查。经了解,该处是穗丰花园东区附近,有共享单车乱停乱放。现综合巡查员已联系单车公司,并已将乱 ||| 近日,有武汉市民反映,汉阳一处露天空地上堆放了密密麻麻上千辆各品牌的共享单车。令人不解的是,这些共享单车并没有损坏,都能够正常使用,那为什么堆放在这呢? 以下视频来源于 湖北经视 已关注 关注 重播 ||| 网络配图武汉晚报讯(记者 谢冰林)原本停放整齐的共享单车,一夜之后竟被人恶意堆积在楼道前。近日,有市民反映:在汉口澳门路湖边坊社区内,有人连续多日将共享单车推倒并堆放在一起,影响了居民的正常使用。昨天 ||| 有网友爆料称,武汉有大批共享单车被集中存放,原本的空地被堆成了山,周边居民生活受到一定影响。武汉市城管委相关负责人告诉记者,集中存放的共享单车涉嫌违规停放、挤占人行道,执法人员暂扣后将其存放在空地上,",mainstream_news ||| official ||| official ||| mainstream_news ||| forum ||| public_web,https://finance.sina.com.cn/roll/2018-04-11/doc-ifyuwqez9020500.shtml ||| https://jtj.wuhan.gov.cn/hdjl/lxxd/202411/t20241114_2484813.shtml ||| https://www.wuhan.gov.cn/hdjl/lxgs/202602/t20260205_2725362.shtml ||| https://www.sohu.com/a/742780954_121123713 ||| http://news.iwuye.com/XiaoQu/201708/115766.shtml ||| https://36kr.com/newsflashes/3278671069185,,,6,silver_candidate,standard_review,0.000,low,low_risk,uncertain,,,,,,,annotator_B,independent_review,annotator_B
E043,LLM_CANON_E043_005,武汉市基层街道和区级城管执法部门,对辖区内共享单车相关问题开展现场处置，包括联系单车公司清理、规范市民有序停放，并对违规停放影响交通的行为进行处罚或整治。,neutral,证据显示江岸区相关街道联系单车公司清理，唐家墩街接诉后到现场核查并联系单车公司处理乱停乱放；江岸城管执法部门曾启动规范市民有序停放共享单车的宣传整治活动，并处罚未按规定停放、影响交通的市民。,SC_E043_004,武汉江岸区相关街道;劳动街道;唐家墩街工作人员;江岸城管执法部门;江岸区城管执法部门,True,,,ev-01075;ev-01077;ev-01089;ev-01096;ev-01097,"共享单车乱停乱放没人管?错。12日,武汉江岸城管执法部门启动规范市民有序停放共享单车的宣传整治活动,首日对10名未按规定停放共享单车、影响交通的违章市民进行了处罚。 上午9时40分左右,四唯路口公交站 ||| 长江网12月12日讯(长江日报记者黄师师 通讯员宋宏雷 任骞)共享单车乱停乱放没人管?错。12日,武汉市江岸区城管执法部门启动规范市民有序停放共享单车的宣传整治活动,首日对10位未按规定停放共享单车、 ||| 9月26日,澎湃新闻记者从12345市民热线获悉,针对前述情况,武汉江岸区相关街道针对辖区路段的小广告进行处理,联系单车公司进行清理;黄浦路段另一侧劳动街道也安排人员(对小广告)进行初步清理,并联系共 ||| 尊敬的市民:您好!您反映的诉求已收到,现将办理情况回复如下:接到您反映的问题后,唐家墩街工作人员立即到现场核查。经了解,该处是穗丰花园东区附近,有共享单车乱停乱放。现综合巡查员已联系单车公司,并已将乱 ||| 首张罚单开出时的执法场景 江岸区城管委供图 长江网12月13日讯(记者黄师师 通讯员宋宏雷 任骞)共享单车乱停乱放没人管?错。12月12日,江岸城管执法部门启动规范市民有序停放共享单车的宣传整治活",public_web ||| mainstream_news ||| public_interaction ||| official ||| public_web,http://www.nbd.com.cn/articles/2017-12-13/1170993.html ||| http://news.cjn.cn/sywh/201712/t3118758.htm ||| https://finance.sina.com.cn/jjxw/2024-09-26/doc-incqnrnu8678746.shtml ||| https://www.wuhan.gov.cn/hdjl/lxgs/202602/t20260205_2725362.shtml ||| http://news.cjn.cn/wsqzgzb/zf/zdlm/201712/t3119050.htm,,,4,silver_candidate,standard_review,0.000,low,low_risk,uncertain,,,,,,,annotator_B,independent_review,annotator_B
E044,LLM_CANON_E044_001,牡丹江市城市管理综合执法局,针对共享单车乱停放、维管不到位和无法智慧化定点精准停车等问题，开展专项整治，约谈相关企业负责人，督促运营企业落实主体责任，并要求城区执法人员加大巡查管理力度，以规范停放秩序、改善交通秩序和市容环境。,neutral,多条证据显示牡丹江市城管部门将乱停放视为影响交通秩序和市容环境的问题，并采取约谈、制定专项整治方案、督促企业和加强巡查等治理措施。,SC_E044_001,市城市管理综合执法局;市城管局;牡丹江市城管局;市综合执法管理局;城管部门,True,,,ev-01117;ev-01118;ev-02036;ev-02037,"但因车辆乱停放问题,影响了我市交通秩序和市容环境,市综合执法管理局将加强对共享单车停放秩序的管理:一是督促运营企业,落实主体责任。二是加强巡查管理,开展专项整治。要求各城区执法人员持续加大巡查管理力度 ||| 近日,针对市民反映哈啰单车乱停放,严重影响交通安全和市容市貌问题,市城市管理综合执法局约谈了哈啰单车牡丹江负责人,进一步规范共享单车停放秩序,提升城市市容环境。 据了解,按照全市创城工作要求,市城管局 ||| 近日,牡丹江市城管局针对共享单车经营中争夺客源、维管不到位且无法实现智慧化定点精准停车导致停车秩序混乱等问题。7月5日,牡丹江市城管局制定并下发了《牡丹江市共享单车停放秩序专项整治工作实施方案》,组织 ||| 近日,牡丹江市城管局针对共享单车经营中争夺客源、维管不到位且无法实现智慧化定点精准停车导致停车秩序混乱等问题。7月5日,牡丹江市城管局制定并下发了《牡丹江市共享单车停放秩序专项整治工作实施方案》,组织",official ||| mainstream_news ||| official ||| official,https://www.hlj.gov.cn/hlj/c115707/202407/c00_31757355.shtml ||| https://www.thepaper.cn/newsDetail_forward_22611409 ||| http://www.mdj.gov.cn/mdjsrmzf/c100010/202407/c03_964560.shtml ||| https://www.mdj.gov.cn/mdjsrmzf/c100010/202407/c03_964560.shtml,,,3,silver_candidate,standard_review,0.000,low,low_risk,uncertain,,,,,,,annotator_B,independent_review,annotator_B
E044,LLM_CANON_E044_003,牡丹江市共享单车运营企业,运营企业被指出存在争夺客源、维护管理不到位、无法实现智慧化定点精准停车等问题，并被要求落实主体责任、进一步规范共享单车停放秩序。,negative,证据显示牡丹江市内有哈啰、美团、青桔等运营企业；相关报道和官方信息指出企业维管不到位等导致停车秩序混乱，哈啰负责人被约谈，运营企业被督促落实主体责任。,SC_E044_003,共享单车运营企业;哈啰单车;哈啰;美团;青桔;哈啰单车牡丹江负责人,True,,,ev-01117;ev-01118;ev-01124;ev-02036;ev-02037,"但因车辆乱停放问题,影响了我市交通秩序和市容环境,市综合执法管理局将加强对共享单车停放秩序的管理:一是督促运营企业,落实主体责任。二是加强巡查管理,开展专项整治。要求各城区执法人员持续加大巡查管理力度 ||| 近日,针对市民反映哈啰单车乱停放,严重影响交通安全和市容市貌问题,市城市管理综合执法局约谈了哈啰单车牡丹江负责人,进一步规范共享单车停放秩序,提升城市市容环境。 据了解,按照全市创城工作要求,市城管局 ||| #城市观察员#牡丹江市政府办公室消息: 目前,牡丹江市城区内运营的共享单车企业共有3家,分别是哈啰、美团和青桔。三家共享单车运营企业是2020年6月至今陆续经过市政府及相关部门招商进驻我市。依据《黑龙 ||| 近日,牡丹江市城管局针对共享单车经营中争夺客源、维管不到位且无法实现智慧化定点精准停车导致停车秩序混乱等问题。7月5日,牡丹江市城管局制定并下发了《牡丹江市共享单车停放秩序专项整治工作实施方案》,组织 ||| 近日,牡丹江市城管局针对共享单车经营中争夺客源、维管不到位且无法实现智慧化定点精准停车导致停车秩序混乱等问题。7月5日,牡丹江市城管局制定并下发了《牡丹江市共享单车停放秩序专项整治工作实施方案》,组织",official ||| mainstream_news ||| social_media ||| official ||| official,https://www.hlj.gov.cn/hlj/c115707/202407/c00_31757355.shtml ||| https://www.thepaper.cn/newsDetail_forward_22611409 ||| https://m.toutiao.com/w/1767908523531331/ ||| http://www.mdj.gov.cn/mdjsrmzf/c100010/202407/c03_964560.shtml ||| https://www.mdj.gov.cn/mdjsrmzf/c100010/202407/c03_964560.shtml,,,4,silver_candidate,standard_review,0.000,low,low_risk,uncertain,,,,,,,annotator_B,independent_review,annotator_B
E045,LLM_CANON_E045_001,武汉东湖风景区城管执法局,通过智能平台和电子围栏等方式强化共享单车停放秩序监管，并对因忽视预警、未及时清理车辆导致通行受阻的共享单车运营企业作出处罚。,neutral,证据显示东湖风景区城管执法局因运营企业多次忽视潮汐点位预警、未及时清理车辆造成通行受阻而处罚企业；另有证据显示东湖风景区城管部门试点电子围栏、规范停车。,SC_E045_001,东湖风景区城管执法局;东湖风景区城管部门;武汉市东湖风景区城管部门;市城管部门,True,,,ev-01139;ev-01138;ev-01140,"东湖风景区通过智能平台强化共享单车停放秩序监管 来源: 武汉广播电视台 发布时间: 2025.09.18 因多次忽视潮汐点位预警、未及时清理车辆造成通行受阻,近日,东湖风景区城管执法局对某共享单车运营 ||| “共享单车一族”注意了 如果任性随意停放共享单车 将有可能锁不上车 还要多付费用 11月23日,记者 从市城管部门获悉 在东湖风景区推出的20处“电子围栏” 已在规范停车方面收到效果 下一步将在全市铺 ||| 9月8日,武汉市东湖风景区城管部门在东湖绿道试点启用 共享单车“电子围栏” 技术,今后用户需将共享单车停放在规定的10处电子围栏内,如果随意停放,就会无法锁车且持续计费。 电子围栏是指利用卫星定位技术",official ||| mainstream_news ||| mainstream_news,https://cgw.wuhan.gov.cn/zzzq/zzzq_cgxw/202509/t20250918_2649348.shtml ||| https://www.thepaper.cn/newsDetail_forward_15529396 ||| https://www.sohu.com/a/488890076_121106908,,,3,silver_candidate,standard_review,0.000,low,low_risk,uncertain,,,,,,,annotator_B,independent_review,annotator_B
E045,LLM_CANON_E045_002,共享单车运营企业,因多次忽视潮汐点位预警、未及时清理淤积车辆并造成通行受阻，被东湖风景区城管执法局处罚；相关车企也曾被城管部门督促自行囤积车辆、配合集中整治。,negative,官方证据直接说明某共享单车运营企业未及时清理车辆造成通行受阻并受到处罚；另有证据显示城管局曾督促多家车企开展车辆囤积和集中整治以遏制乱象。,SC_E045_002,某共享单车运营企业;共享单车运营企业;车企;3家车企,True,,,ev-01139;ev-01143,"东湖风景区通过智能平台强化共享单车停放秩序监管 来源: 武汉广播电视台 发布时间: 2025.09.18 因多次忽视潮汐点位预警、未及时清理车辆造成通行受阻,近日,东湖风景区城管执法局对某共享单车运营 ||| 武汉东湖高新区城管局督促3家车企,自行囤积车辆3万余辆,并开展集中整治百余次,共享单车乱象得到有效遏制。",official ||| social_media,https://cgw.wuhan.gov.cn/zzzq/zzzq_cgxw/202509/t20250918_2649348.shtml ||| https://www.toutiao.com/article/6902200404415611400/,,,2,silver_candidate,standard_review,0.000,low,low_risk,uncertain,,,,,,,annotator_B,independent_review,annotator_B
E045,LLM_CANON_E045_003,共享单车用户,在东湖风景区内需要按规定将共享单车停放在划定区域或电子围栏内，否则可能无法锁车、持续计费，甚至被列入禁骑名单。,neutral,多条证据提到东湖风景区划定共享单车停放处、推出电子围栏，并规定随意停放会导致锁不上车、持续计费或可能被列入禁骑名单。,SC_E045_003,共享单车一族;用户;骑行用户,True,,,ev-01137;ev-01138;ev-01140,"楚天都市报讯楚天都市报讯(记者卢成汉通讯员徐凤娇宋华华)昨日,武汉市东湖风景区划出469个共享单车停放处,可停放3万辆共享单车。今后,在该景区范围内,随意停放共享单车可能被列入禁骑名单。 东湖风景区环 ||| “共享单车一族”注意了 如果任性随意停放共享单车 将有可能锁不上车 还要多付费用 11月23日,记者 从市城管部门获悉 在东湖风景区推出的20处“电子围栏” 已在规范停车方面收到效果 下一步将在全市铺 ||| 9月8日,武汉市东湖风景区城管部门在东湖绿道试点启用 共享单车“电子围栏” 技术,今后用户需将共享单车停放在规定的10处电子围栏内,如果随意停放,就会无法锁车且持续计费。 电子围栏是指利用卫星定位技术",social_media ||| mainstream_news ||| mainstream_news,https://www.toutiao.com/article/6454646292940931342/ ||| https://www.thepaper.cn/newsDetail_forward_15529396 ||| https://www.sohu.com/a/488890076_121106908,,,3,silver_candidate,standard_review,0.000,low,low_risk,uncertain,,,,,,,annotator_B,independent_review,annotator_B
E047,LLM_CANON_E047_001,中央网信办等四部门,依据个人信息保护相关法律法规和2025年专项行动安排，对App、SDK收集使用个人信息行为进行检测，通报15款App和16款SDK存在个人信息收集使用问题，并要求相关运营者限期整改、上报整改情况，否则将依法依规处置处罚。,neutral,多条证据显示中央网信办及相关部门发布专项行动公告，中央网信办组织检测并通报相关App和SDK问题；官方转载还明确要求运营者限期整改并上报，否则依法处置处罚。,SC_E047_001,中央网信办;国家互联网信息办公室;中央网信办秘书局;工业和信息化部;公安部;市场监管总局;网信办;网信中国,True,,,ev-01177;ev-01178;ev-01179;ev-01180;ev-01181;ev-01183;ev-02091;ev-02092;ev-02093;ev-02095;ev-02101;ev-02102;ev-02103;ev-02104;ev-02105,"中央网信办发布关于15款App和16款SDK个人信息收集使用问题的通报。中央网信办组织对App、SDK收集使用个人信息行为进行检测,现对有关问题予以通报:一、墨迹天气tv版、医家等15款App存在未逐 ||| 网信办通报了15款App和16款SDK存在的问题。根据中央网信办、工业和信息化部、公安部、市场监管总局联合发布的公告,依据相关法律法规,中央网信办组织对App、SDK收集使用个人信息行为进行了检测。墨 ||| 网信办通报了15款App和16款SDK存在的问题。根据中央网信办、工业和信息化部、公安部、市场监管总局联合发布的公告,依据相关法律法规,中央网信办组织对App、SDK收集使用个人信息行为进行了检测。墨 ||| 网信办通报15款App和16款SDK个人信息收集使用问题 据“网信中国”公众号消息,中央网信办秘书局发布关于15款App和16款SDK个人信息收集使用问题的通报。其中提到,墨迹天气tv版、医家等15款 ||| 每经AI快讯,据“网信中国”公众号消息,中央网信办发布关于15款App和16款SDK个人信息收集使用问题的通报。其中提到,墨迹天气tv版、医家等15款App存在未逐一列出收集使用个人信息的SDK,未准 ||| 关于15款App和16款SDK个人信息收集使用问题的通报,内容包括存在问题的具体应用和软件开发工具包(SDK),要求相关运营者在规定时间内完成整改并上报整改情况,否则将依法依规进行处置处罚。 ||| 中国网5月6日讯 据“网信中国”微信公众号消息,根据中央网信办、工业和信息化部、公安部、市场监管总局联合发布的《关于开展2025年个人信息保护系列专项行动的公告》,依据《中华人民共和国网络安全法》《中 ||| 月6日消息,根据中央网信办、工业和信息化部、公安部、市场监管总局联合发布的《关于开展 2025 年个人信息保护系列专项行动的公告》,依据《中华人民共和国网络安全法》《中华人民共和国个人信息保护法》《网 ||| IT之家 5 月 6 日消息,根据中央网信办、工业和信息化部、公安部、市场监管总局联合发布的《关于开展 2025 年个人信息保护系列专项行动的公告》,依据《中华人民共和国网络安全法》《中华人民共和国个 ||| 中国网5月6日讯 据“网信中国”微信公众号消息,根据中央网信办、工业和信息化部、公安部、市场监管总局联合发布的《关于开展2025年个人信息保护系列专项行动的公告》,依据《中华人民共和国网络安全法》《中 ||| 标 题: 中央网信办、工业和信息化部、公安部、市场监管总局关于开展2025年个人信息保护系列专项行动的公告 发文机关: 中央网信办 工业和信息化部 公安部 市场监管总局 发文字号: 来 源: 国家网信 ||| 中央网信办、工业和信息化部、公安部、市场监管总局发布关于开展2025年个人信息保护系列专项行动的公告。2025年,中央网信办将会同工业和信息化部、公安部、市场监管总局等部门,进一步深入治理常用服务产品 ||| 中央网信办、工业和信息化部、公安部、市场监管总局发布关于开展2025年个人信息保护系列专项行动的公告。2025年,中央网信办将会同工业和信息化部、公安部、市场监管总局等部门,进一步深入治理常用服务产品 ||| 中央网信办、工业和信息化部、公安部、市场监管总局发布关于开展2025年个人信息保护系列专项行动的公告。2025年,中央网信办将会同工业和信息化部、公安部、市场监管总局等部门,进一步深入治理常用服务产品 ||| 【四部门:开展2025年个人信息保护系列专项行动】财联社3月28日电,2025年,中央网信办将会同工业和信息化部、公安部、市场监管总局等部门,进一步深入治理常用服务产品和常见生活场景中存在的违法违规收",social_media ||| mainstream_news ||| mainstream_news ||| public_web ||| mainstream_news ||| official ||| social_media ||| mainstream_news ||| mainstream_news ||| social_media ||| official ||| mainstream_news ||| mainstream_news ||| mainstream_news ||| mainstream_news,https://www.toutiao.com/article/7501315768747852303/ ||| https://3g.china.com/act/news/10000169/20250507/48296893.html ||| https://news.china.com/socialgd/10000169/20250507/48296893.html ||| https://www.yicai.com/news/102601630.html ||| https://new.qq.com/rain/a/20250506A08MUD00 ||| https://www.henan.gov.cn/2025/05-07/3155501.html ||| http://news.china.com.cn/2025-05/06/content_117860580.shtml ||| http://www.sohu.com/a/892557415_114760 ||| https://news.qq.com/rain/a/20250506A08M0Q00 ||| https://www.toutiao.com/article/7501335535718351411/ ||| https://www.gov.cn/zhengce/zhengceku/202503/content_7016226.htm ||| http://c.m.163.com/news/a/JROK3V450514R9P4.html ||| https://m.163.com/dy/article/JROK3V450514R9P4.html?spss=dy_author ||| https://m.thepaper.cn/newsDetail_forward_30513511 ||| https://www.sohu.com/a/876884400_222256,,,13,silver_candidate,standard_review,0.000,low,low_risk,uncertain,,,,,,,annotator_B,independent_review,annotator_B
E047,LLM_CANON_E047_002,被通报的15款App和16款SDK相关运营者,其App或SDK被通报存在违法违规收集使用个人信息问题，包括未逐一列出收集使用个人信息的SDK、未准确说明个人信息收集使用情况等，并被要求在规定时间内完成整改和上报整改情况。,negative,证据直接提到墨迹天气tv版、医家等15款App及16款SDK存在个人信息收集使用问题，且官方信息要求相关运营者限期整改并上报。,SC_E047_002,相关运营者;15款App;16款SDK;墨迹天气tv版、医家等15款App;存在问题的具体应用和软件开发工具包,True,,,ev-01177;ev-01180;ev-01181;ev-01183,"中央网信办发布关于15款App和16款SDK个人信息收集使用问题的通报。中央网信办组织对App、SDK收集使用个人信息行为进行检测,现对有关问题予以通报:一、墨迹天气tv版、医家等15款App存在未逐 ||| 网信办通报15款App和16款SDK个人信息收集使用问题 据“网信中国”公众号消息,中央网信办秘书局发布关于15款App和16款SDK个人信息收集使用问题的通报。其中提到,墨迹天气tv版、医家等15款 ||| 每经AI快讯,据“网信中国”公众号消息,中央网信办发布关于15款App和16款SDK个人信息收集使用问题的通报。其中提到,墨迹天气tv版、医家等15款App存在未逐一列出收集使用个人信息的SDK,未准 ||| 关于15款App和16款SDK个人信息收集使用问题的通报,内容包括存在问题的具体应用和软件开发工具包(SDK),要求相关运营者在规定时间内完成整改并上报整改情况,否则将依法依规进行处置处罚。",social_media ||| public_web ||| mainstream_news ||| official,https://www.toutiao.com/article/7501315768747852303/ ||| https://www.yicai.com/news/102601630.html ||| https://new.qq.com/rain/a/20250506A08MUD00 ||| https://www.henan.gov.cn/2025/05-07/3155501.html,,,4,silver_candidate,standard_review,0.000,low,low_risk,uncertain,,,,,,,annotator_B,independent_review,annotator_B
E048,LLM_CANON_E048_001,江苏省通信管理局,通报2025年第1批侵害用户权益行为App，并表示高度重视用户权益保护、依据相关法律法规持续整治App侵害用户权益违规行为。,negative,多条证据显示，记者从江苏省通信管理局官网获悉该局通报2025年第1批侵害用户权益行为App，并称其高度重视用户权益保护、依据《个人信息保护法》《网络安全法》等开展整治。,SC_E048_001,江苏省通管局;江苏省通信管理局官网,True,,,ev-01198;ev-01199;ev-01200;ev-01201,"2月20日,记者从江苏省通信管理局官网获悉,江苏省通信管理局通报2025年第1批侵害用户权益行为APP。 图源 江苏省通信管理局官网 江苏省通信管理局高度重视用户权益保护工作,依据 ||| 2月20日,记者从江苏省通信管理局官网获悉,江苏省通信管理局通报2025年第1批侵害用户权益行为APP。 图源 江苏省通信管理局官网 江苏省通信管理局高度重视用户权益保护工作,依据《个人信息保护法》《 ||| 2月20日,记者从江苏省通信管理局官网获悉,江苏省通信管理局通报2025年第1批侵害用户权益行为APP。 江苏省通信管理局高度重视用户权益保护工作,依据《个人信息保护法》《网络安全法》《电信条例》《电 ||| 2月20日,记者从江苏省通信管理局官网获悉,江苏省通信管理局通报2025年第1批侵害用户权益行为APP。图源 江苏省通信管理局官网江苏省通信管理局高度重视用户权益保护工作,依据《个人信息保护法》《网络",mainstream_news ||| social_media ||| public_web ||| mainstream_news,https://new.qq.com/rain/a/20250220A09IOA00 ||| https://www.toutiao.com/article/7473506739116048908/ ||| https://partners.sina.cn/html/uc/toutiao/article?docUrl=https%3A%2F%2Fk.sina.cn%2Farticle_1653603955_628ffe7302001q8ak.html&en_dataid=810b9a7384f4d288a7a3af8983e043441bbc80544315c29fa301e58f10624157&wm=6079 ||| https://view.inews.qq.com/a/20250220A09IOA00?scene=qqsearch,,,4,silver_candidate,standard_review,0.000,low,low_risk,uncertain,,,,,,,annotator_B,independent_review,annotator_B
E049,LLM_CANON_E049_001,网约车司机（含阳光出行司机陈晨）,网约车司机投诉和吐槽平台存在“阴阳账单”和高抽成问题，称乘客实付金额高于司机端显示金额，抽成比例超过30%甚至接近一半，导致司机收入受损。,negative,多条证据显示司机陈晨在投诉平台称乘客支付155.06元而平台显示102.89元；其他报道也提到司机长期饱受高抽成之苦、在热线和社交平台吐槽“阴阳账单”，并因层层抽成收入缩水。,SC_E049_001,网约车司机;司机;阳光出行司机陈晨;陈晨（化名）,True,,,ev-01217;ev-01218;ev-01221;ev-01225;ev-01366;ev-01371;ev-01375;ev-01377,"“乘客支付155.06元,而平台却显示乘客支付了102.89元。”1月15日,某网约车平台(阳光出行)司机陈晨(化名)在某投诉平台上称。 1月14日,陈晨接到由北京朝阳站到北京西站的外派订单。据他表示 ||| “乘客支付155.06元,而平台却显示乘客支付了102.89元。”1月15日,某网约车平台(阳光出行)司机陈晨(化名)在某投诉平台上称。 “乘客支付155.06元,而平台却显示乘客支付了102.89元 ||| 【#你打车费的三分之一不翼而飞了# 抽成超30%,阴阳账单涉嫌违法?】#网约车司机为什么选择聚合平台# ? 长久以来,网约车司机饱受平台抽成过高之苦,部分平台抽成比例一度超过乘客支付金额的30%,引起 ||| 在上海12345市民服务热线和各大社交平台上,也有不少网约车司机吐槽此类“阴阳账单”现象。 东南大学交通法治与发展研究中心执行主任、中国城市公共交通协会网约车分会会长顾大松晒出的账单截图显示,一位乘客 ||| 已认证账号 “乘客支付155.06元,而平台却显示乘客支付了102.89元。”1月15日,某网约车平台(阳光出行)司机陈晨(化名)在某投诉平台上称。 1月14日,... 显示全部 关注者 8 被浏览 ||| 阴阳账单涉嫌违法?抽成超30%,谁来监管聚合平台? “乘客支付155.06元,而平台却显示乘客支付了102.89元。”1月15日,某网约车平台(阳光出行)司机陈晨(化名)在某投诉平台上称。 1月14日 ||| “现在每天跑15个小时,也就赚几千块钱。”2024年初,黄欣(化名)和同事们发现,乘坐网约车时,司机常常抱怨收入越来越低,主动跟乘客核对实付金额的现象明显增多,而且每次乘客实付金额都比司机端显示的“乘 ||| 近年来,聚合平台迅速发展,为不少网约车司机增添了订单。然而,有聚合平台将订单层层转卖,各平台层层抽成,导致佣金一路攀升,司机收入不断缩水。据《工人日报》报道,有乘客实际支付98.11元,而司机端显示乘",mainstream_news ||| public_web ||| mainstream_news ||| public_interaction ||| forum ||| public_web ||| mainstream_news ||| mainstream_news,https://tech.ifeng.com/c/8WOAmlKXkWQ ||| https://news.iresearch.cn/content/202401/490460.shtml ||| https://finance.sina.com.cn/jjxw/2024-01-16/doc-inacsxvc7608256.shtml ||| https://toutiao.china.com/shsy/gundong4/13000238/20240115/46082495_1.html ||| https://www.zhihu.com/question/639899768/answer/3366973597 ||| https://www.36kr.com/p/2606936234205312 ||| https://finance.sina.com.cn/tech/roll/2024-02-05/doc-inafyhce3288179.shtml ||| https://m.thepaper.cn/newsDetail_forward_28358887?commTag=true,,,7,silver_candidate,standard_review,0.000,low,low_risk,uncertain,,,,,,,annotator_B,independent_review,annotator_B
E049,LLM_CANON_E049_002,乘客和消费者,乘客和消费者被认为因平台“阴阳账单”和高抽成受到权益损害，乘客支付金额与司机端显示金额不一致，最终损害消费者权益与行业发展。,negative,证据明确称司机端、乘客端存在两套订单价格，严重侵害司机和消费者合法权益；另有评论指出平台抽成过高最终受损的是消费者权益与行业发展。,SC_E049_002,乘客;消费者;消费者权益,True,,,ev-01220;ev-01223,"摘要:交通运输部明确要求网约车主要平台抽成在18%-30%区间内,但随着网约车聚合模式兴起,聚合平台上出现“阴阳账单”,即司机端、乘客端存在两套订单价格,严重侵害了司机和消费者合法权益,埋下聚合平台网 ||| 平台抽成过高,只能让司机更受伤,最终受损的则是消费者权益与行业发展。 近几年,为了保障网约车司机权益,在有关部门协同下,网约车行业内部形成了一个不超过30%的抽佣上限。但如今,这一隐形红线正在被突破。",official ||| mainstream_news,http://www.dyzx.gov.cn/contents/40/11128.html ||| https://finance.eastmoney.com/a/202401152962178331.html,,,2,silver_candidate,standard_review,0.000,low,low_risk,uncertain,,,,,,,annotator_B,independent_review,annotator_B
E049,LLM_CANON_E049_003,网约车聚合平台,网约车聚合平台被报道存在订单层层转卖、层层抽成以及司机端和乘客端两套价格的“阴阳账单”现象，导致实际抽成比例大幅增加。,negative,证据称聚合模式兴起后出现“阴阳账单”，订单被层层转卖导致抽成比例增加；还有报道指出聚合平台将订单层层转卖、各平台层层抽成，使司机收入不断缩水。,SC_E049_003,聚合平台;网约车平台;平台;各平台,True,,,ev-01220;ev-01222;ev-01226;ev-01377,"摘要:交通运输部明确要求网约车主要平台抽成在18%-30%区间内,但随着网约车聚合模式兴起,聚合平台上出现“阴阳账单”,即司机端、乘客端存在两套订单价格,严重侵害了司机和消费者合法权益,埋下聚合平台网 ||| 据报道,当前不少网约车订单收取总费用远超订单金额的30%,有的甚至被抽取近一半。而其根源,则是因为聚合平台的兴起,订单被“层层转卖”,导致实际抽成比例大幅增加。新业态产生了新问题,需要有关部门及时关注 ||| 2022年,交通运输部开展“交通运输新业态平台企业抽成‘阳光行动’”,当时各大公司公布的抽成比例上限多在18%至30%之间。此后,30%也成为业内抽佣的隐形红线。 近些年,聚合平台大量涌现,又让抽佣出 ||| 近年来,聚合平台迅速发展,为不少网约车司机增添了订单。然而,有聚合平台将订单层层转卖,各平台层层抽成,导致佣金一路攀升,司机收入不断缩水。据《工人日报》报道,有乘客实际支付98.11元,而司机端显示乘",official ||| mainstream_news ||| mainstream_news ||| mainstream_news,http://www.dyzx.gov.cn/contents/40/11128.html ||| https://finance.eastmoney.com/a/202401162962283572.html ||| https://news.ifeng.com/c/8WMvjiIpN63 ||| https://m.thepaper.cn/newsDetail_forward_28358887?commTag=true,,,4,silver_candidate,standard_review,0.000,low,low_risk,uncertain,,,,,,,annotator_B,independent_review,annotator_B
E049,LLM_CANON_E049_004,交通运输部,交通运输部此前明确要求网约车主要平台抽成保持在18%至30%区间内，并开展过平台企业抽成“阳光行动”。,neutral,官方和报道证据提到交通运输部明确要求主要平台抽成在18%-30%区间内，并在2022年开展交通运输新业态平台企业抽成“阳光行动”。,SC_E049_004,交通运输部;有关部门;监管部门,True,,,ev-01220;ev-01226,"摘要:交通运输部明确要求网约车主要平台抽成在18%-30%区间内,但随着网约车聚合模式兴起,聚合平台上出现“阴阳账单”,即司机端、乘客端存在两套订单价格,严重侵害了司机和消费者合法权益,埋下聚合平台网 ||| 2022年,交通运输部开展“交通运输新业态平台企业抽成‘阳光行动’”,当时各大公司公布的抽成比例上限多在18%至30%之间。此后,30%也成为业内抽佣的隐形红线。 近些年,聚合平台大量涌现,又让抽佣出",official ||| mainstream_news,http://www.dyzx.gov.cn/contents/40/11128.html ||| https://news.ifeng.com/c/8WMvjiIpN63,,,2,silver_candidate,standard_review,0.000,low,low_risk,uncertain,,,,,,,annotator_B,independent_review,annotator_B
E049,LLM_CANON_E049_005,媒体和行业评论者,媒体和评论者质疑聚合平台“阴阳账单”和超过30%的抽成涉嫌违法，并呼吁有关部门及时关注和加强监管。,negative,报道标题和评论提出“阴阳账单涉嫌违法”“谁来监管聚合平台”，并指出新业态产生新问题，需要有关部门及时关注；记者调查也披露抽佣超过30%甚至近半。,SC_E049_005,媒体;评论者;记者;报道者,True,,,ev-01219;ev-01222;ev-01371;ev-01379,"凤凰网科技《新视界》出品,作者:陈枫,编辑:任清,原文标题:《阴阳账单涉嫌违法?抽成超30%,谁来监管聚合平台?|新视界》,头图来自:视觉中国 “乘客支付155.06元,而平台却显示乘客支付了102. ||| 据报道,当前不少网约车订单收取总费用远超订单金额的30%,有的甚至被抽取近一半。而其根源,则是因为聚合平台的兴起,订单被“层层转卖”,导致实际抽成比例大幅增加。新业态产生了新问题,需要有关部门及时关注 ||| 阴阳账单涉嫌违法?抽成超30%,谁来监管聚合平台? “乘客支付155.06元,而平台却显示乘客支付了102.89元。”1月15日,某网约车平台(阳光出行)司机陈晨(化名)在某投诉平台上称。 1月14日 ||| 作者:熊志 单程共计11.77公里,用时35分钟,共支付车费40.2元,司机实收金额仅23元。近日,记者调查网约车行业抽佣现象发现,不少网约车订单收取总费用远超订单金额的30%,有的甚至被抽取近一半。",public_web ||| mainstream_news ||| public_web ||| public_web,https://m.huxiu.com/article/2556827.html ||| https://finance.eastmoney.com/a/202401162962283572.html ||| https://www.36kr.com/p/2606936234205312 ||| https://guancha.gmw.cn/2024-01/16/content_37092279.htm,,,4,silver_candidate,standard_review,0.000,low,low_risk,uncertain,,,,,,,annotator_B,independent_review,annotator_B
E050,LLM_CANON_E050_001,滴滴出行,回应抽成质疑称高抽成并非普遍现象，承认存在部分司机收入占比较低、抽成高于30%的订单占总订单2.7%，并表示虚心接受批评、持续推进公开透明和排查原因。,mixed,多条证据显示滴滴发布说明回应“抽成过高”“规则不透明”质疑，给出司机收入占比、30%以上订单占比等数据，同时承认部分订单给司机造成困扰并承诺改进透明度和排查原因。,SC_E050_001,滴滴;滴滴官方;滴滴网约车;滴滴出行官方,True,,,ev-01237;ev-01239;ev-01240;ev-01241;ev-01242;ev-01243;ev-01244;ev-02137;ev-02138;ev-02139;ev-02140;ev-02141,"近期,有声音显示,滴滴抽成超过30%,质疑其抽成过高;此外,司机端和乘客端价格比例相差过大。对于这些质疑声,滴滴公开表示称,确实存在一部分司机收入占比较低的订单,如顺路单;其中,抽成高于30%的订单占 ||| 滴滴回应“抽成”问题:虚心接受批评,持续推进公开透明5月7日。滴滴回应“抽成”问题:确实存在部分司机收入占比较低,抽成高于30%的订单占总订单的2.7%。虽占比不高,但确给司机师傅造成困扰,公司正陆续 ||| 滴滴昨天通过微信公众号发布声明,对网约车「抽成」问题进行回应:2020年滴滴网约车司机收入占乘客应付总额的79.1%;剩下20.9% 中,10.9% 为乘客补贴优惠,6.9% 为企业经营成 近期,有声 ||| 近期,司机师傅、媒体、自媒体通过个别账单对比、司机采访等方式关注报道滴滴“抽成”等问题。滴滴表示,确实存在一部分司机收入占比较低的订单,如顺路单;其中,抽成高于30%的订单占总订单的2.7%,类似极端 ||| 5月7日,滴滴发布《滴滴网约车关于“抽成”的说明》,回应近期对于抽成高说法的质疑。 滴滴表示,抽成高于30%的订单占总订单的2.7%,其中包括乘客补贴优惠、企业经营成本、纳税和支付手续费等 ,仅3.1 ||| 滴滴表示抽成高不是普遍现象,确实存在一部分司机收入占比较低的订单,如顺路单。 近日,部分网约车平台隐瞒高额抽成的新闻被曝出,网约车平台利用其相对垄断地位,以提高服务费率等手段,从司机和乘客身上攫取高额 ||| 图片来源:新华社 中评社北京5月9日电/据北京青年报报道,5月7日,滴滴发布《滴滴网约车关于“抽成”的说明》,回应近期对于抽成高说法的质疑。滴滴表示,抽成高于30%的订单占总订单的2.7%,其中包 ||| 5月6日,CNMO曾报道,新华社记者调查发现,部分网约车平台收费不透明,存在抽成比例太高的问题。5月7日晚间,滴滴出行在其官方微信公众号上回应称,确实存在一部分司机收入占比 5月6日,CNMO曾报道, ||| 日前,滴滴在其官微发布声明,回应近期公众对于其“抽成过高”、“抽成规则不透明”等问题的质疑。滴滴表示,虚心接受公众批评,将持续推进公开透明。 滴滴声明称, 滴滴网约车司机收入占乘客应付总额的79.1% ||| 5月7日。滴滴回应“抽成”问题:确实存在部分司机收入占比较低,抽成高于30%的订单占总订单的2.7%。虽占比不高,但确给司机师傅造成困扰,公司正陆续排查原因。 澎湃新闻记者:王佳珺 编辑:王福艳 素材 ||| 《车市后观察》是车市物语旗下自媒体,提供及时全面的汽车销售、维修与服务资讯。 5月7日晚,滴滴官方回应了近期被指“抽成过高”问题,称确实存在一部分司机收入占比较低的订单,如顺路单;其中,抽成高于30% ||| 这次,滴滴想开诚布公地和用户谈谈 (以下内容是36氪音频节目《观察+》的文字版,收听更多精彩解读,请在36氪app订阅《观察+》) 采访 | 万阳 文稿整理 | 李胜楠 滴滴首次公布了平台的网约车抽成",public_web ||| mainstream_news ||| social_media ||| mainstream_news ||| public_web ||| mainstream_news ||| public_web ||| social_media ||| mainstream_news ||| mainstream_news ||| forum ||| public_web,https://www.chinaz.com/2021/0508/1247343.shtml ||| https://www.thepaper.cn/newsDetail_forward_12564944?commTag=true ||| http://www.cppcns.com/news/roll/390860.html ||| http://opinion.gxnews.com.cn/staticpages/20210508/newgx60965d84-20252256.shtml ||| https://www.ping-jia.net/aa/gaadwxdsgcdscgdxsdj.html ||| https://www.taibo.cn/p/70857 ||| https://www.crntt.com/doc/7_0_106080355_1.html ||| http://m.jixuanw.com/tuijian/16939.html ||| https://finance.sina.com.cn/chanjing/gsnews/2021-05-08/doc-ikmyaawc4048999.shtml ||| https://www.thepaper.cn/newsDetail_forward_12564944 ||| https://zhuanlan.zhihu.com/p/370729516 ||| https://m.36kr.com/p/1723570159617,,,11,silver_candidate,standard_review,0.000,low,low_risk,uncertain,,,,,,,annotator_B,independent_review,annotator_B
E050,LLM_CANON_E050_002,网约车司机,质疑和抱怨平台抽成过高、计算方式不透明，认为高抽成影响收入并希望降低抽成比例。,negative,证据中多次提到司机对平台抽成提出质疑，认为抽成比例过高且对每单抽成比例和计算方式不知情，也有司机抱怨抽成太高、不划算并希望降低抽成。,SC_E050_002,滴滴司机;司机师傅;有双证的司机;网约车平台司机,True,,,ev-01238;ev-01241;ev-01246;ev-02131;ev-02136,"这篇文章,滴滴司机的反应根本和文章不同。 请问大家觉得滴滴公布的抽成和实际相符么? 有双证的司机单子变少,没有双证的新司机疯狂来单、而且滴滴司机反映 ... 显示全部 关注者 1,405 被浏览 1 ||| 近期,司机师傅、媒体、自媒体通过个别账单对比、司机采访等方式关注报道滴滴“抽成”等问题。滴滴表示,确实存在一部分司机收入占比较低的订单,如顺路单;其中,抽成高于30%的订单占总订单的2.7%,类似极端 ||| 网约车佣金比例(也就是平常所说的抽成)的高低,直接影响到网约车司机的收入和各大平台的效益,因此一直是平台和司机博弈的焦点。 我们经常听到网约车司机抱怨抽成太高不划算,希望能够降低抽成的比例,但具体的抽 ||| IT之家5月7日消息 近期,新华社揭露网约车平台高额抽成,网约车市场有个怪现象:乘客表示打车越来越贵,司机却感叹挣钱越来越难... 快报 滴滴官方回应抽成高不透明:少数现象,会改进 中新经纬客户端5月 ||| 近期,有网约车司机和媒体对网约车平台抽成提出质疑,认为一些平台抽成比例过高,且司机和乘客对每一单的抽成比例、计算方式不知情。5月7号,滴滴出行发布说明显示,2020年滴滴网约车司机收入占乘客应付总额的",forum ||| mainstream_news ||| public_web ||| public_web ||| public_web,https://www.zhihu.com/question/458266748/answer/1881580852 ||| http://opinion.gxnews.com.cn/staticpages/20210508/newgx60965d84-20252256.shtml ||| http://www.67848.cn/32537.html ||| https://www.ashea.com.cn/zhuanlan/t-di-di_80.html ||| https://www.hebtv.com/0/0rmhlm/mt/992kp/hbxwmzl992kp/10269575.shtml,,,5,silver_candidate,standard_review,0.000,low,low_risk,uncertain,,,,,,,annotator_B,independent_review,annotator_B
E050,LLM_CANON_E050_004,新华社等媒体,调查和报道网约车平台高额抽成、收费不透明及定价计算方式不透明等问题，推动舆论关注平台抽成治理。,negative,证据显示新华社调查发现部分网约车平台抽成超过20%、甚至高达50%，收费和定价计算方式不透明；也有媒体和自媒体通过账单对比、司机采访等方式关注报道滴滴抽成问题。,SC_E050_004,新华社;媒体;记者;自媒体,True,,,ev-01241;ev-02131;ev-02134;ev-02135;ev-02136;ev-02137,"近期,司机师傅、媒体、自媒体通过个别账单对比、司机采访等方式关注报道滴滴“抽成”等问题。滴滴表示,确实存在一部分司机收入占比较低的订单,如顺路单;其中,抽成高于30%的订单占总订单的2.7%,类似极端 ||| IT之家5月7日消息 近期,新华社揭露网约车平台高额抽成,网约车市场有个怪现象:乘客表示打车越来越贵,司机却感叹挣钱越来越难... 快报 滴滴官方回应抽成高不透明:少数现象,会改进 中新经纬客户端5月 ||| 近日,网约车平台“高抽成”争议愈演愈烈。此前,新华社调查发现,一些网约车平台抽成超过20%,有时甚至高达50%。 ||| 近日,新华社发文揭露网约车平台利用其相对垄断地位,以提高服务费率等手段,从司机和乘客身上攫取高额利益,一些网约车平台抽成超过20%,定价计算方式也不透明。 ||| 近期,有网约车司机和媒体对网约车平台抽成提出质疑,认为一些平台抽成比例过高,且司机和乘客对每一单的抽成比例、计算方式不知情。5月7号,滴滴出行发布说明显示,2020年滴滴网约车司机收入占乘客应付总额的 ||| 5月6日,CNMO曾报道,新华社记者调查发现,部分网约车平台收费不透明,存在抽成比例太高的问题。5月7日晚间,滴滴出行在其官方微信公众号上回应称,确实存在一部分司机收入占比 5月6日,CNMO曾报道,",mainstream_news ||| public_web ||| social_media ||| social_media ||| public_web ||| social_media,http://opinion.gxnews.com.cn/staticpages/20210508/newgx60965d84-20252256.shtml ||| https://www.ashea.com.cn/zhuanlan/t-di-di_80.html ||| https://www.toutiao.com/article/6959763355733066248/ ||| https://www.toutiao.com/article/6960212939739496974/ ||| https://www.hebtv.com/0/0rmhlm/mt/992kp/hbxwmzl992kp/10269575.shtml ||| http://m.jixuanw.com/tuijian/16939.html,,,5,silver_candidate,standard_review,0.000,low,low_risk,uncertain,,,,,,,annotator_B,independent_review,annotator_B
