event_id,tuple_id,stakeholder,opinion,sentiment,rationale,stakeholder_cluster_id,stakeholder_aliases,canonical_tuple,opinion_split_reason,evidence_ids,evidence_texts,evidence_source_types,evidence_urls,independent_source_count,confidence_route,required_action,adjudication_priority_score,priority_bucket,priority_reason,review_decision,revised_stakeholder,revised_opinion,revised_sentiment,revised_rationale,revised_evidence_ids,reviewer_note,reviewer_id,adjudication_status,annotator_id
E006,LLM_CANON_E006_002,广州市创佳物业管理有限公司,发起并推进小区物业费上调表决程序，但在公示后遭遇业主对表决结果及服务质量的强烈质疑。,neutral,证据表明该公司为小区实际物业管理方并主导了此次涨价表决，但文本未提供其针对业主质疑的直接回应或辩护声明。,SC_E006_002,创佳物业;小区物业管理方,True,,ev-00116,两个星期过去，围绕着小区物业费涨价的争论在广州市番禺区大龙街道美心翡翠明庭小区还是日益激烈，大家都在追问：公示的投票结果与实际调查为什么相差那么大？是谁在作假？ 翡翠明庭已是一个20多年的小区 对服务不满却同意涨价？ 17日中午，记者来到该小区，注意到虽然刚搞了卫生，但仍掩不住这个2004年就建成的有近千户业主的小区老旧之态：有些出口的门卫室闲置无人，地下车库里电动车混杂在过道及角落里，一些楼门禁损坏随意出入。业主李小姐告诉记者，她居住在此已有10多年了，感觉物业服务态度恶劣，对业主诉求置若罔闻，大家都一直在忍，却因物业费要涨价而爆发了。 门卫室里没人 李小姐介绍，长久以来，该小区物业费收取标准较为稳定，楼梯楼为0.9元/平方米，电梯楼为1.2 元/平方米。负责小区物业的广州市创佳物业管理有限公司，是番禺本地颇具规模的物业公司，管理着多个小区。就在翡翠明庭小区对面，有个同样是2004年建成的老小区，也由创佳物业负责管理，其物业费仅0.8元/平方米。 2024年8月23日，美心翡翠明庭小区物业管理委员会骤然提出一系列重要议题，其中最为引人关注的便是物业费涨价方案：楼梯楼物业费计划提升至1.26元/平方米，涨幅高达40%；电梯楼涨至 1.68元/平方米，涨幅同样为40%；商铺物业费更是飙升至3.5元/平方米。物业给出的调价依据是，2023年度美心翡翠明庭物业管理费财务收支净额为-140,mainstream_news,https://www.sohu.com/a/885914198_100116740,1,low_confidence,human_review_required,0.970,high,weak_support_label;low_confidence_cross_source;few_evidence;single_source_type,accept,,,,,,证据ev-00116充分支持创佳物业作为管理方推进调价程序及业主对表决结果与服务质量的质疑；文本未提供物业直接回应，情感标注中性合理。关键主张与证据覆盖一致，符合金标准。,annotator_A,adjudicated_final,annotator_A
E001,LLM_CANON_E001_003,三元里村党委及村集体,明确支持旧改项目，认为改造将推动产业升级并提升集体收益，同时牵头成立投资公司专项管理资金以防范项目烂尾风险。,positive,村党委书记公开表态支持改造并阐述经济收益，同时披露成立专项公司监管资金运作的具体安排。,SC_E001_003,三元里村党委;村集体;三元里建设投资有限公司,True,,ev-00023,100%回答 最快3分钟有回复 本地专业对口律师 3重资质审核 Word版本可编辑 5万+标准合同模板 快速取保 刑事案件3阶段方案 企业专区 工伤赔偿计算 法师姐-律所SaaS系统 属于白云新城辐射带的三元里村，改造已是大势所趋。截至5月30日，三元里城中村的居民同意城中村改造比率超过了80%，拆迁补偿方案支持比率为33.62%。城中村改造，集体和居民最直接的得益是什么?改造后，这里的区域优势将会凸显，我们可以将集体物业由过去的简单租赁提升到以商贸、文化、饮食、旅业、服务为主体的产业，从中获得更大的收益。三元里村党委书记韦联建如是说。 成立公司防止烂尾 改造过程中，上级下拨的资金将如何运作?会否出现改造烂尾的现象?为此，三元里村成立了三元里建设投资有限公司，服务于整个城中村改造的过程。 这个公司承担的职能很多，将来与村民签订拆迁补偿安置协议以及运作市政府下拨的3.58亿元启动资金。韦联建说，公司的资金运作要接受市、区、街和银行的严格监管，建立一套完善的资金运作流程，保证改造过程中不会出现烂尾现象。 拆迁方案有待完善 目前《三元里旧村改造房屋拆迁补偿和安置办法》和《三元里旧村改造集体经济组织驻村单位房屋和物业拆迁补偿和安置办法》正式稿已经出台，但村民对方案的支持率不高，这说明拆迁方案仍有待完善。 下一步，村里将对照拆迁补偿安置办法中存在的不足，逐步将村民的意见融入其中，使补偿方案更,public_web,https://m.110ask.com/zhishi/4553253002018355922.html,1,low_confidence,human_review_required,0.890,high,low_confidence_cross_source;few_evidence;single_source_type;no_chain_evidence_overlap,accept,,,,,,候选元组的核心主张（支持旧改、产业升级提升收益、成立投资公司防烂尾）均在证据文本中有明确对应，情感与理由准确，证据覆盖充分，符合金标准。,annotator_A,adjudicated_final,annotator_A
E032,LLM_CANON_E032_004,国务院安委办,针对“五一”假期发布安全提示，要求生产经营单位深入排查风险隐患，强化重大危险源管理与值班值守，完善应急处置预案以防范事故发生。,neutral,证据明确记载国务院安委办联合应急管理部发布假期安全防范要求，强调隐患排查与应急准备。,SC_E032_004,国务院安全生产委员会办公室,True,,ev-00764,国务院安委办、应急管理部：“五一”假期，生产经营单位要深入排查风险隐患，强化重大危险源管理，加强值班值守，完善应急处置预案，防范事故发生。 国务院安委办、应急管理部：“五一”假期，交通运输、旅游景点、人员密集场所安全风险较高，注意加强安全防范。 国务院安委办、应急管理部：“五一”假期，公众出行出游集中，进入旅游景区、宾馆饭店、商场市场等场所时，注意查看逃生通道及消防设施位置，熟悉安全出口位置及自救方法。 国务院安委办、应急管理部：“五一”假期，出行旅游增多，要做好缆车、索道、大型游乐设施等设备安全检查，强化对水上浮桥、玻璃栈道等高风险项目的监管措施，落实网红打卡点等安全警示和管理措施。 国务院安委办、应急管理部：“五一”假期，出行旅游增多，离家前谨记“三清三关”：清走道、清阳台、清厨房，关火源、关气源、关电源。 国务院安委办、应急管理部：“五一”假期，餐饮行业迎来消费高峰，要加强餐饮场所燃气安全检查，严禁违规使用“问题瓶”“问题软管”“问题灶具”，一旦发现燃气泄漏要迅速切断气源，前往室外拨打燃气抢修报警电话。 国务院安委办、应急管理部：电气焊动火作业要严格落实动火审批、持证上岗、现场看护等要求。 国务院安委办、应急管理部：随着气温回升，有限空间作业安全风险增加，在污水池、发酵池、腌菜池、窨井、地沟等有限空间场所作业易发生硫化氢中毒，注意采取防护措施，要严格遵守“先通风、再检测、后作,official,https://www.gov.cn/lianbo/bumen/202504/content_7022025.htm,1,low_confidence,human_review_required,0.890,high,low_confidence_cross_source;few_evidence;single_source_type;no_chain_evidence_overlap,accept,,,,,,候选元组意见与证据原文首条高度一致，关键主张（排查隐患、重大危险源管理、值班值守、完善预案）均有明确证据支撑，情感判定准确，符合接受标准。,annotator_A,adjudicated_final,annotator_A
E014,LLM_CANON_E014_005,公众与网友,对欺凌视频在网络传播表示震惊与痛心，强烈关注未成年人校园安全问题。,negative,多篇文章指出事件视频在网上引发轩然大波，触动社会敏感神经，公众对校园暴力频发表示心痛与担忧。,SC_E014_005,社会;网络舆论;无数人,True,,ev-00300;ev-00320;ev-00323;ev-01649,"4月18日,发生在广西南宁三中初中部五象校区的一起校园欺凌事件,如同一场黑色风暴,迅速席卷了网络,触动了社会的敏感神经。事件的主人公是一名无辜的女生,她的遭遇,不仅暴露了校园暴力的残酷,更折射出当前社 ||| 近日,广西南宁三中初中部五象校区的一则校园霸凌事件在网上引起轩然大波,触动了无数人的神经。这是怎么一回事呢? ||| 信息源:本文陈述所有内容皆有可靠信息来源赘述在文章结尾校园霸凌,这个让人心痛的话题,总是不时地出现在我们的视线中。在广西南宁五象校区三中初中部,一名初中女孩被同学霸凌,施暴者更是展现了与年龄完全不符的 ||| 近日,在我国广西省南宁市发生了一起疑似校园暴力的事件。有人录制了一段现场的视频,并发布到了网络上,这段视频立刻在网络世界掀起了巨浪。",social_media ||| social_media ||| social_media ||| social_media,https://www.toutiao.com/article/7364311323125334580/ ||| https://www.toutiao.com/article/7363605978396508672/ ||| https://www.toutiao.com/article/7363681928232305186/ ||| https://www.toutiao.com/article/7363571804927836707/,1,low_confidence,human_review_required,0.690,high,low_confidence_cross_source;single_source_type;no_chain_evidence_overlap,accept,,,,,,证据充分覆盖核心主张：多篇来源均指出视频网络传播引发轩然大波并触动公众神经，明确表达对校园暴力/霸凌的心痛与担忧，stakeholder、情感倾向与事实依据均准确匹配，符合接受标准。,annotator_A,adjudicated_final,annotator_A
E003,LLM_CANON_E003_004,行业专家/研究员,分析指出旧改项目停滞的实质是房价下行导致预期销售收入无法覆盖旧改成本，叠加民营房企融资困难所致。,neutral,专家基于市场数据与房企融资环境，客观剖析了深圳旧改项目普遍放缓及资金链紧张的根本经济原因。,SC_E003_004,广东省住房政策研究中心研究员;李宇嘉,True,,ev-01449,楼市下行、城市更新受阻，深圳一批村民陷入无法按时获得过渡安置费的困局。 过渡安置费指的是拆迁人（开发商/项目合作方）在拆迁过渡期对原业主可能发生费用的补偿。在深圳，不少城市更新项目的过渡费按照被拆迁房屋的面积计算，例如，深圳市龙岗区有项目过渡费按照“20元/月/平方米”支付。 第一财经梳理人民网留言板上的信息发现，近一年来，深圳有超过10个城市更新项目的居民称，旧改项目的开发商拖欠过渡安置费数月，另外，还有城市更新项目存在停工的问题。 广东省住房政策研究中心研究员李宇嘉对记者表示，近年来深圳不少城市更新项目进度放缓，表面上看，是因为资金紧张，而实质是，按照目前商品房销售情况来看，旧改后的商品房入市，销售收入可能不足以覆盖旧改项目的成本，开发商从而放慢了城市更新的步伐。“这些项目大多是在房价快速上涨时期签约或者批复的，补偿原业主的价格相对较高，现在房价下行，销售去化放缓，尤其对民营房企来说融资难度加大，房企的销售预期也减弱。”李宇嘉表示说。（第一财经）,mainstream_news,https://finance.sina.com.cn/7x24/2024-09-10/doc-incnspwf7727033.shtml,1,low_confidence,human_review_required,0.670,high,low_confidence_cross_source;few_evidence;single_source_type,accept,,,,,,证据ev-01449完整支撑利益相关者身份、核心观点及情感倾向，表述与原文高度一致，无事实或语义偏差，符合收录标准。,annotator_A,adjudicated_final,annotator_A
E006,LLM_CANON_E006_001,美心翡翠明庭小区业主,质疑物业费涨价表决结果的真实性与程序合法性，认为现有物业服务态度恶劣且设施维护不到位，反对在服务质量未改善的情况下提高物业费。,negative,证据明确指出业主追问公示投票结果与实际调查差异巨大并怀疑作假，同时列举门卫闲置、门禁损坏、服务态度恶劣等现状，认为不应涨价。,SC_E006_001,业主;居民;业主李小姐,True,,ev-00116,两个星期过去，围绕着小区物业费涨价的争论在广州市番禺区大龙街道美心翡翠明庭小区还是日益激烈，大家都在追问：公示的投票结果与实际调查为什么相差那么大？是谁在作假？ 翡翠明庭已是一个20多年的小区 对服务不满却同意涨价？ 17日中午，记者来到该小区，注意到虽然刚搞了卫生，但仍掩不住这个2004年就建成的有近千户业主的小区老旧之态：有些出口的门卫室闲置无人，地下车库里电动车混杂在过道及角落里，一些楼门禁损坏随意出入。业主李小姐告诉记者，她居住在此已有10多年了，感觉物业服务态度恶劣，对业主诉求置若罔闻，大家都一直在忍，却因物业费要涨价而爆发了。 门卫室里没人 李小姐介绍，长久以来，该小区物业费收取标准较为稳定，楼梯楼为0.9元/平方米，电梯楼为1.2 元/平方米。负责小区物业的广州市创佳物业管理有限公司，是番禺本地颇具规模的物业公司，管理着多个小区。就在翡翠明庭小区对面，有个同样是2004年建成的老小区，也由创佳物业负责管理，其物业费仅0.8元/平方米。 2024年8月23日，美心翡翠明庭小区物业管理委员会骤然提出一系列重要议题，其中最为引人关注的便是物业费涨价方案：楼梯楼物业费计划提升至1.26元/平方米，涨幅高达40%；电梯楼涨至 1.68元/平方米，涨幅同样为40%；商铺物业费更是飙升至3.5元/平方米。物业给出的调价依据是，2023年度美心翡翠明庭物业管理费财务收支净额为-140,mainstream_news,https://www.sohu.com/a/885914198_100116740,1,low_confidence,human_review_required,0.670,high,low_confidence_cross_source;few_evidence;single_source_type,accept,,,,,,候选元组的关键主张（质疑投票结果真实性、指出物业服务态度恶劣及设施维护不到位、反对涨价）均被证据ev-00116原文充分支撑，利益相关者身份与情感倾向判定准确，符合接受标准。,annotator_A,adjudicated_final,annotator_A
E007,LLM_CANON_E007_002,广州市瑞丰物业管理有限公司,回应称收取的“违约金”系针对2、3月份历史欠费而非当月费用，并声明员工宿舍虽位于公共用地，但产生的水电费未纳入业主公摊范围。,neutral,物业公司在记者询问后作出针对性回应，解释违约金性质及宿舍水电费分摊情况，否认将宿舍水电费转嫁给业主。,SC_E007_002,瑞丰物业;小区物业方;物业公司,True,,ev-00139,业主反映蓝色康园物业方存在多种问题，市物管协会正在督促该小区物业方尽快整改 原本每平方米一块多的物业费，如今涨到了两块多，又看不到新合同，业主们怀疑物业偷偷涨价。前段时间，广州市海珠区赤岗街道蓝色康园小区的业主就碰上这种事情。据业主们反映，该小区的物业公司——广州市瑞丰物业管理有限公司（下称“瑞丰物业”）还存在用公共区域改造成员工宿舍和安全疏忽等多项问题。 近日，记者对该小区展开走访，也向物业公司进行了询问。物业公司回复向新快报记者称，发给部分业主的“违约金”不针对当个月，而是属于上一阶段2、3月份没有及时缴纳所产生的违约金；员工宿舍属于公共用地，水电未纳入业主公摊中。广州市物业管理协会引用相关条例指出，物业不得直接收取违约金，并且不能私自调整收费标准。 业主反映 物业提前收取物业费 还收取业主水费违约金 5月23日，记者来到位于海珠区滨江东路的蓝色康园小区。业主黄先生（化姓）告诉新快报记者，他每月都有按时缴费，此前不存在欠费行为。他提供的收费单显示，瑞丰物业在2025年5月3日发交款通知书时，要求黄先生缴纳2025年5月的物业服务费违约金，同时还要预收5-6月的物业服务费。 业主小敏（化名）也收到了缴费通知，但她打电话向供水公司确认过，并不存在欠缴水费的情况，却被物业要求交水费违约金以及预收5-6月的物业服务费。小敏质疑：“物业是否有权利直接在缴费单上收违约金？而且还是收的水费违,mainstream_news,https://k.sina.com.cn/article_1652484947_627eeb5302001q30e.html?from=news&subch=onews,1,low_confidence,human_review_required,0.670,high,low_confidence_cross_source;few_evidence;single_source_type,accept,,,,,,关键主张与证据原文高度一致，违约金指向及宿舍水电公摊说明均有明确出处，情感与理由判断准确，符合接受标准。,annotator_A,adjudicated_final,annotator_A
E007,LLM_CANON_E007_003,广州市物业管理行业协会,引用相关条例指出物业公司不得直接收取违约金且不能私自调整收费标准，并督促涉事物业尽快整改。,negative,协会明确表态物业收费和违约金收取行为违规，并行使行业监督职能督促整改。,SC_E007_003,市物管协会;广州市物业管理协会,True,,ev-00139,业主反映蓝色康园物业方存在多种问题，市物管协会正在督促该小区物业方尽快整改 原本每平方米一块多的物业费，如今涨到了两块多，又看不到新合同，业主们怀疑物业偷偷涨价。前段时间，广州市海珠区赤岗街道蓝色康园小区的业主就碰上这种事情。据业主们反映，该小区的物业公司——广州市瑞丰物业管理有限公司（下称“瑞丰物业”）还存在用公共区域改造成员工宿舍和安全疏忽等多项问题。 近日，记者对该小区展开走访，也向物业公司进行了询问。物业公司回复向新快报记者称，发给部分业主的“违约金”不针对当个月，而是属于上一阶段2、3月份没有及时缴纳所产生的违约金；员工宿舍属于公共用地，水电未纳入业主公摊中。广州市物业管理协会引用相关条例指出，物业不得直接收取违约金，并且不能私自调整收费标准。 业主反映 物业提前收取物业费 还收取业主水费违约金 5月23日，记者来到位于海珠区滨江东路的蓝色康园小区。业主黄先生（化姓）告诉新快报记者，他每月都有按时缴费，此前不存在欠费行为。他提供的收费单显示，瑞丰物业在2025年5月3日发交款通知书时，要求黄先生缴纳2025年5月的物业服务费违约金，同时还要预收5-6月的物业服务费。 业主小敏（化名）也收到了缴费通知，但她打电话向供水公司确认过，并不存在欠缴水费的情况，却被物业要求交水费违约金以及预收5-6月的物业服务费。小敏质疑：“物业是否有权利直接在缴费单上收违约金？而且还是收的水费违,mainstream_news,https://k.sina.com.cn/article_1652484947_627eeb5302001q30e.html?from=news&subch=onews,1,low_confidence,human_review_required,0.670,high,low_confidence_cross_source;few_evidence;single_source_type,accept,,,,,,证据文本明确记载协会引用条例指出物业不得直接收取违约金及私自调价，并督促整改，关键主张、情感倾向与依据均获充分支持，符合接受标准。,annotator_A,adjudicated_final,annotator_A
E009,LLM_CANON_E009_004,小区物业公司,执行移除地下车库内圈占车位的石墩，后续将配合主管部门加强小区停车秩序引导与管理。,neutral,证据显示物业于29日已对地下车库石墩进行移除，并将按住建局要求优化停车秩序管理。,SC_E009_004,物业公司;物业主管,True,,ev-00207,央广网北京4月29日消息（记者张胜坡）4月28日，央广网发布独家报道《私自用水泥墩圈占小区停车位？商品房业主与公租房住户停车位之争背后》，引发关注。 据此前报道，近日，深圳市光明区绿地新都会小区的公租房住户反映，该小区至少上百个车位被同小区的商品房业主圈占，导致公租房住户停车困难。 官方资料显示，绿地新都会小区是光明区2022年第一批次公共租赁住房，供应房源共计408套，已全部租赁完毕。 4月29日，深圳市光明区住房和建设局回应央广网称，小区物业公司29日已对地下车库内的石墩进行移除。接下来，住建局将督促物业公司加强引导，进一步优化小区停车秩序管理。 深圳市光明区住建局相关负责人介绍，绿地新都会小区共1052套住房。小区于2022年7月起陆续入住，现已入住757户，入住率约72%。因小区停车位紧张，商品房住户用石墩将小区地下车库负一楼和负二楼停车区域隔断起来，因而与公租房住户产生纠纷。 对于地面停车场的路障，光明区住建局副局长钟炽东解释，因为此前开发商承诺划拨给商品房业主部分临时车位使用，商品房业主为了保障使用这部分车位，自行设置了路障，“就是一条分界线的意思”。 4月29日，绿地新都会小区商品房业主钟女士证实了该说法。钟女士提供的一份“绿地新都会公馆业主代表座谈会会议备忘”显示，2022年6月30日下午，光明区副区长彭颖组织召开了绿地新都会公馆业主代表座谈会，区住建局、区信访局、,mainstream_news,https://m.sohu.com/a/777771356_121687421/?pvid=000115_3w_a,1,low_confidence,human_review_required,0.670,high,low_confidence_cross_source;few_evidence;single_source_type,accept,,,,,,证据明确记载物业已于29日移除石墩，并将按住建局要求优化停车秩序，候选元组的事实、情感与理由均准确对应，无需修改。,annotator_A,adjudicated_final,annotator_A
E027,LLM_CANON_E027_004,涉事中医诊所/场地出租方,违规将诊室出租给诈骗团伙使用，为“医托”骗局提供场地便利，沦为医疗诈骗帮凶并损害行业公信力。,negative,媒体评论明确指出诈骗团伙连续租用多家诊所诊室实施诈骗，正规诊所的出租行为被批评为助长犯罪、透支医疗信任。,SC_E027_004,指定医馆;正规诊所;出租诊室方,True,,ev-01818,分享到微信X 打开微信，点击底部的“发现”，使用 “扫一扫” 即可将网页分享到我的朋友圈。 中国经济网版权所有 中国经济网新媒体矩阵 网络传播视听节目许可证(0107190) (京ICP040090) 近期，上海公安机关破获了一起“医托”团伙诈骗案，涉及被害人1800余人，涉案金额达700余万元。（7月17日《中国青年报》） 根据媒体披露的相关信息，这个医托团伙队伍庞大、分工明确，游走于多个沪上知名三甲医院。他们先伪装成病友搭讪患者，再将其推荐到特定的中医诊所就诊、开药，借此收取高额提成。但患者可能怎么都没想到，整个过程不仅病友是假扮的、医师是串通好的、药是动过手脚的，甚至连诊室都可能是租的！招牌高挂的正规诊所本是治病救人的地方，岂能将诊室租给医疗骗子，任凭医托骗局压榨患者“钱包”、耽误患者病情。这些诊所沦为医疗诈骗的帮凶，也有损医疗行业的公信力。 据判决，两名主犯均被判处十年以上有期徒刑，结果大快人心，但根治医托犯罪不能只靠秋后算账。正规诊所何以出租诊室？医托连续租用多家诊所的诊室并非短期行为，为何监管机构一直没有察觉？诸多有待追问的细节，暴露出一些医疗机构管理失序、缺乏职业操守，同时也说明监管仍存漏洞。 个别正规诊所、医院成了医托骗局生长的温床，让老百姓如何防范？可见，要想打到医托骗局的“七寸”，必须找到“巢穴”、严加监管，让医托无所“依托”。 （责任编辑：邓浩）,public_web,http://views.ce.cn/view/ent/202407/19/t20240719_39075110.shtml,1,low_confidence,human_review_required,0.670,high,low_confidence_cross_source;few_evidence;single_source_type,accept,,,,,,证据ev-01818明确提及正规诊所出租诊室给医托团伙，媒体评论直接批评该行为使其沦为诈骗帮凶并损害行业公信力。候选元组的主张、情感倾向与理由均获证据充分支持，表述与原文高度一致，无需修订。,annotator_A,adjudicated_final,annotator_A
E029,LLM_CANON_E029_002,公众/网友/社会各界,对事件高度关注并引发广泛议论，对坠楼详细经过和原因存在疑点，同时部分声音响应院方呼吁，要求尊重逝者及家属隐私。,mixed,媒体报道指出事件引发社会广泛关注与讨论，公众对细节存疑，舆论场中同时存在关切与要求保护隐私的声音。,SC_E029_002,社会各界;网友;市民;舆论,True,,ev-01846,"最近,广西某医院门诊大楼发生了一起令人震惊的坠楼事件,引发了社会广泛关注。据报道,一名病人在门诊大楼内坠楼身亡,事件发生后医院迅速发布通报,但事件的详细经过和原因仍然存在许多疑点,引发了社会各界的议论",social_media,https://www.toutiao.com/article/7362239544118329892/,1,low_confidence,human_review_required,0.670,high,low_confidence_cross_source;few_evidence;single_source_type,revise,公众/网友/社会各界,对事件高度关注并引发广泛议论，对坠楼详细经过和原因存在疑点。,mixed,媒体报道指出事件引发社会广泛关注与讨论，公众对坠楼细节及原因存疑。,ev-01846,人工最终仲裁：ev-01846仅支持公众关注、议论及对坠楼细节和原因存疑，删除未获证据支持的尊重隐私相关表述。,annotator_A,adjudicated_final,annotator_A
E035,LLM_CANON_E035_005,杭州市生态环境局余杭分局,参与协助调查自来水异味产生的具体原因。,neutral,证据明确提及该局工作人员已参与协助调查异味原因。,SC_E035_005,生态环境部门,True,,ev-00835,7月16日，杭州余杭区有市民反映自来水气味发臭，怀疑有污水进入自来水管网。7月17日，杭州余杭水务控股集团有限公司工作人员称，自来水有异味系水源出现异常，非污水进入管网，除有异味外自来水指标正常，16日已通过主管网将有异味的水排空，针对用户排放支管中“存水”产生的水费，公司将拟定减免方案。杭州市生态环境局余杭分局工作人员称，已参与协助调查异味原因。 想要发表评论，阅读更多精彩内容，快来下 载新京报客户端吧 新浪网 | 网易 | 搜狐 | UC头条 | 新华网 | 中新网 | 慧科讯业 | 今日头条 | 一点资讯 | 千龙网 | 贝壳财经| 腾讯网| 百度 经营许可证编号：京ICP证090533号 |京ICP备18053894号| 国新办网备字[2006]7号 | 广播电视节目制作经营许可证：(京)字第02592号 京公网安备11010102004542号|互联网新闻信息服务许可证11120180005号 关于我们版权声明联系我们工作机会友情链接服务协议 Copy Right © 2004-2020 www.bjnews.com.cn All Rights Reserved,mainstream_news,https://www.bjnews.com.cn/detail/1752735643129184.html,1,low_confidence,human_review_required,0.670,high,low_confidence_cross_source;few_evidence;single_source_type,accept,,,,,,证据原文明确记载该局工作人员已参与协助调查异味原因，利益相关方身份、观点表述、情感倾向及理由均与证据完全吻合，符合金标准，无需修改。,annotator_A,adjudicated_final,annotator_A
E005,LLM_CANON_E005_001,虹凉馨苑小区居民/业主,反对物业费“三年三连涨”方案，要求物业公开涨价依据与账目，质疑服务质量未提升却涨价，并提议若续聘需涨价则应公开招投标更换物业。,negative,证据显示居民在协调会上激烈反对每年递增0.2元/平方米的涨价方案，表决表多为反对，要求物业给出心服口服的依据，并因口碑差质疑续聘合理性。,SC_E005_001,居民;业主;老百姓,True,,ev-00096;ev-00097,扫描二维码下载APP ⁺ 历史 ⁺ 收藏 ⁺ 订阅 在12345市民热线系统中，关于物业服务的投诉总量排名前列，堪称基层治理的“硬骨头”。比如，虹凉馨苑小区就因为物业要涨物业费，引发了居民与物业之间的一场激烈争吵。 “不需要你提醒，我说话不要插嘴。你说什么呀！” 上周二，为了物业费涨价问题，虹凉馨苑小区特意召开了一次协调会，结果刚开场就炸了锅。居民们拍案而起：“你要涨价要有依据，讲出来让老百姓心服口服！”有人指着表决表质问：“同步每年递增2角钱，你看这里基本上都是反对的！” 虹凉馨苑小区从2016年至今，多层住宅的物业费为每月0.68元/平方米，高层是每月1.45元/平方米。6月初，居民们突然收到了续聘物业服务企业以及物业费涨价的表决通知，告知大家，物业费将从明年1月1日起，“三年三连涨”，每年涨0.2元/平方米/月。这让不少居民很不买账，认为物业服务质量并不见涨，收费凭什么涨价？既然正逢续聘，如果要涨价，那不如干脆换一家。“口碑这么差，什么都不好，为什么还要续聘？”业主们愤然要求公开招标，“同等价格同等服务，大家要有选择权”。 物业则觉得委屈，收费多年没涨，但人工成本却不断上涨，现在的收费标准，连维持安保、保洁等日常开支都已捉襟见肘了。虹凉馨苑物业负责人方林清倍感委屈：“每平方六角钱，在这片区已不多见，售后公房都要八角了……我们一年亏损十几万。” 也有居民表示体谅。“我第一次交物 ||| 扫描二维码下载APP ⁺ 历史 ⁺ 收藏 ⁺ 订阅 在12345市民热线系统中，关于物业服务的投诉总量排名前列，堪称“基层治理的硬骨头”，比如，虹凉馨苑小区就因为物业费即将“三年三涨”，引发了居民与物业之间一场激烈的争吵。物业费该不该涨，怎么涨？物业和居民间的症结究竟在哪里？这都是当下难解的议题。 暂无评论，快来发表你的评论吧 举报电话：021-62870000 举报邮箱：service@kankanews.com 剑网行动举报电话：12318（市文化执法总队）、021-64334547（市版权局） Copyright © 2016 Kankanews.com Inc. All Rights Reserved. 看东方（上海）传媒有限公司 版权所有,public_interaction ||| public_interaction,https://www.kankanews.com/detail/DgwMVGOYZ2W ||| https://www.kankanews.com/detail/RZ2n6xM072j,1,low_confidence,human_review_required,0.470,medium,low_confidence_cross_source;single_source_type,accept,,,,,,证据充分支持居民反对涨价、要求公开依据及提议公开招标的核心主张，情感与事实准确。,annotator_A,adjudicated_final,annotator_A
E005,LLM_CANON_E005_002,虹凉馨苑小区物业公司,提出自2026年1月1日起连续三年上调物业费，每年每平方米每月递增0.2元，并同步推进续聘表决。,neutral,证据明确指出物业发出续聘及涨价表决通知，计划实施“三年三连涨”方案，引发居民争议。,SC_E005_002,物业;物业服务企业,True,,ev-00096;ev-00097,扫描二维码下载APP ⁺ 历史 ⁺ 收藏 ⁺ 订阅 在12345市民热线系统中，关于物业服务的投诉总量排名前列，堪称基层治理的“硬骨头”。比如，虹凉馨苑小区就因为物业要涨物业费，引发了居民与物业之间的一场激烈争吵。 “不需要你提醒，我说话不要插嘴。你说什么呀！” 上周二，为了物业费涨价问题，虹凉馨苑小区特意召开了一次协调会，结果刚开场就炸了锅。居民们拍案而起：“你要涨价要有依据，讲出来让老百姓心服口服！”有人指着表决表质问：“同步每年递增2角钱，你看这里基本上都是反对的！” 虹凉馨苑小区从2016年至今，多层住宅的物业费为每月0.68元/平方米，高层是每月1.45元/平方米。6月初，居民们突然收到了续聘物业服务企业以及物业费涨价的表决通知，告知大家，物业费将从明年1月1日起，“三年三连涨”，每年涨0.2元/平方米/月。这让不少居民很不买账，认为物业服务质量并不见涨，收费凭什么涨价？既然正逢续聘，如果要涨价，那不如干脆换一家。“口碑这么差，什么都不好，为什么还要续聘？”业主们愤然要求公开招标，“同等价格同等服务，大家要有选择权”。 物业则觉得委屈，收费多年没涨，但人工成本却不断上涨，现在的收费标准，连维持安保、保洁等日常开支都已捉襟见肘了。虹凉馨苑物业负责人方林清倍感委屈：“每平方六角钱，在这片区已不多见，售后公房都要八角了……我们一年亏损十几万。” 也有居民表示体谅。“我第一次交物 ||| 扫描二维码下载APP ⁺ 历史 ⁺ 收藏 ⁺ 订阅 在12345市民热线系统中，关于物业服务的投诉总量排名前列，堪称“基层治理的硬骨头”，比如，虹凉馨苑小区就因为物业费即将“三年三涨”，引发了居民与物业之间一场激烈的争吵。物业费该不该涨，怎么涨？物业和居民间的症结究竟在哪里？这都是当下难解的议题。 暂无评论，快来发表你的评论吧 举报电话：021-62870000 举报邮箱：service@kankanews.com 剑网行动举报电话：12318（市文化执法总队）、021-64334547（市版权局） Copyright © 2016 Kankanews.com Inc. All Rights Reserved. 看东方（上海）传媒有限公司 版权所有,public_interaction ||| public_interaction,https://www.kankanews.com/detail/DgwMVGOYZ2W ||| https://www.kankanews.com/detail/RZ2n6xM072j,1,low_confidence,human_review_required,0.470,medium,low_confidence_cross_source;single_source_type,revise,虹凉馨苑小区物业公司,提出自明年1月1日起连续三年上调物业费，每年每平方米每月递增0.2元，并同步推进续聘表决。,neutral,证据明确指出物业发出续聘及涨价表决通知，计划自明年1月1日起实施“三年三连涨”方案，每年每平方米每月递增0.2元，引发居民争议。,ev-00096;ev-00097,人工最终仲裁：证据原文为“明年1月1日”，不写死为2026年；其余核心事实、情绪和证据采纳。,annotator_A,adjudicated_final,annotator_A
E010,LLM_CANON_E010_001,衢州市柯城区双港街道办事处,发布安置房选房公告，组织补选工作以保障被征收人权益，并明确选房时间、地点及注意事项以推进流程。,neutral,官方通告明确指出为保障被征收人权益将再次组织补选，并详细公布选房细则与时间安排，体现行政回应与流程管理。,SC_E010_001,街道办;实施单位;房屋征收指挥部,True,,ev-00224;ev-01556,发布时间：2025-08-02 17:02 访问次数： 信息来源：党建统领模块 各被征收人： 2025年7月7日至7月31日，实施单位组织柯城区百家塘片区集体土地上房屋征收安置房选房工作，在规定的选房截止日期后，还有部分被征收人未按时完成选房。为保障被征收人权益，将再次组织柯城区百家塘片区集体土地上房屋征收选择产权调换的未选房的被征收人，按2025年6月30日公布的《柯城区百家塘片区集体土地上房屋征收安置房选房细则》规定进行补选安置房。 一、选房时间及地点 选房时间：2025年8月7日8:30至18:00 选房地点：百家坊小区商业街 二、选房注意事项 （一）被征收人选房时须携带身份证原件；委托他人代为选定安置房、完善协议的，须同时提交产权人委托书原件、委托人身份证复印件及受托人身份证原件。 （二）安置房一经选定，不得更改、调换。 （三）原则上每户限2人进入选房现场，选房时间限10分钟。 （四）按照原选房顺序号叫号，经叫号3次仍未到场的视为迟到，选房跳过迟到户继续进行，迟到的选房人到达后，经公证员核实身份后就近插入选房序列选房。 此次补选为本项目最后一次选房工作，若被征收人未在规定选房时间内到场完成选房，将由实施单位根据2021年签订的《百家塘片区集体土地上房屋征收补偿安置协议书》第六条约定，在百家坊未来社区安置小区现有房源中，按《柯城区百家塘片区集体土地上房屋征收安置房选房细则》规 ||| 发布时间：2025-06-30 13:25 访问次数： 信息来源：党建统领模块 为积极稳妥推进柯城区百家塘片区国有土地上房屋征收选房工作，根据《柯城区百家塘片区国有土地上房屋征收补偿方案》《柯城区百家塘片区国有土地上房屋征收安置房源及选房办法的公告》等相关规定，现将本项目安置房选房相关事宜予以公告。 一、根据选房办法有序组织柯城区百家塘片区国有土地上房屋征收安置房选房工作，国有土地上房屋选房细则详见附件1。 二、本项目安置房房源清单，详见附件2。 三、本项目安置房选房人员名单，详见附件3。 对柯城区百家塘片区国有土地上房屋征收安置房选房事宜有疑问的，可前往本项目房屋征收指挥部咨询，咨询地点：百家坊选房现场指挥部（百家坊幼儿园）。 特此公告。 附件：附件1 柯城区百家塘片区国有土地上房屋征收安置房选房细则.docx 附件2 安置房源清单（百家坊安置房）.xlsx 附件3 选房人员名单（国有）.xlsx 衢州市柯城区双港街道办事处 2025年6月30日,official ||| official,https://www.kecheng.gov.cn/art/2025/8/2/art_1229068908_5558612.html ||| https://www.kecheng.gov.cn/art/2025/6/30/art_1229068908_5538114.html,1,low_confidence,human_review_required,0.470,medium,low_confidence_cross_source;single_source_type,accept,,,,,,官方公告原文直接支撑补选安排、时间地点及注意事项，表述准确。,annotator_A,adjudicated_final,annotator_A
E015,LLM_CANON_E015_002,公众与网友,对初中生被害事件表示震惊与广泛关注，对部分自媒体博主的误导行为感到愤怒，并强烈呼吁公正处理案件、依法制裁未成年犯罪嫌疑人。,negative,社交媒体及新闻评论证据显示，该事件引发广泛社会关注，公众对自媒体误导行为表达不满，并明确提出公正处理与严惩嫌疑人的诉求。,SC_E015_002,社会;全国网友;人们,True,,ev-00332;ev-00334;ev-00346,"在这个平静的小县城,一场骇人听闻的惨剧发生了,一名初一学生王某某竟然被残忍地杀害。这一消息震惊了整个社会,引起了人们的广泛关注。 警方紧急介入,抓获犯罪嫌疑人 面对这一恶性案件,当地警方迅速行动,高度 ||| 河北邯郸肥乡区发生了一起令人震惊的悲剧,一名初一学生王某某惨遭杀害。今天我们将带您揭秘这起案件的真相,为逝去的生命讨回公道。 ||| 在河北邯郸市肥乡区,一起令人震惊的初中生被害案引发了全国网友的广泛关注。自媒体博主的误导行为引起了网友的愤怒,同时,他们呼吁公正处理并制裁未成年嫌疑人。",social_media ||| social_media ||| social_media,https://www.toutiao.com/article/7347336825310249522 ||| https://www.toutiao.com/article/7348089775359836706/ ||| https://www.toutiao.com/article/7347732695205888527/,1,low_confidence,human_review_required,0.470,medium,low_confidence_cross_source;single_source_type,accept,,,,,,社交媒体证据清晰反映公众震惊、对自媒体误导的愤怒及严惩诉求，覆盖完整。,annotator_A,adjudicated_final,annotator_A
E033,LLM_CANON_E033_001,公众与网民,对火灾造成重大人员伤亡表示震惊与痛心，高度关注事故调查报告发布，呼吁深刻反思消防安全教训。,negative,社交媒体文本直接表达了公众对火灾伤亡的悲痛情绪，并对调查报告的公布表示关注与反思诉求。,SC_E033_001,公众;网民;社会舆论,True,,ev-00771;ev-00792,"在江西省新余市佳乐苑临街店铺那场震惊人心的“1·24”特别重大火灾事故中,熊熊烈火不仅吞噬了无辜的生命,更在无数人心中留下了难以磨灭的伤痕。那是一段令人扼腕叹息的日子,每一个细节都沉重得让人难以呼吸。 ||| 今天,一则令人痛心的消息传来,江西新余佳乐苑小区发生特别重大火灾事故,调查报告正式公布。这场火灾犹如一记重锤,狠狠地砸在了每一个人的心坎上。火灾,这个可怕的恶魔,总是在不经意间降临,给人们带来无法承受",social_media ||| social_media,https://www.toutiao.com/article/7426212937557115411/ ||| https://www.toutiao.com/article/7417051027507118630/,1,low_confidence,human_review_required,0.470,medium,low_confidence_cross_source;single_source_type,accept,,,,,,证据文本直接体现公众对火灾伤亡的痛心及对调查报告发布的关注反思，支持充分。,annotator_A,adjudicated_final,annotator_A
E046,LLM_CANON_E046_004,应用商店及分发平台,因审核把关不严、管理主体责任缺位被监管部门点名，需立即组织下架违规应用，否则将面临依法严厉处置。,negative,证据指出部分应用商店及分发平台未严格落实管理规定，对上架App审核不严，被要求承担管理责任并下架问题应用。,SC_E046_004,移动应用分发平台;应用商店;部分移动应用分发平台,True,,ev-02082;ev-02086,工业和信息化部信息通信管理局 8 月 31 日发布《关于侵害用户权益行为的 App 通报（2020 年第四批）》，这里面有很多APP可能你都安装过。 工信部称，在近期的检测中，应用宝、豌豆荚等部分移动应用分发平台管理主体责任缺位，对上架 App 审核把关不严，检测发现问题较多，未严格落实工业和信息化部《移动智能终端应用软件预置和分发管理暂行规定》（工信部信管〔2016〕407 号）要求，后续工业和信息化部将对问题突出、有令不行、整改不彻底的企业依法严厉处置。 到底有哪些APP涉嫌违规收集个人信息呢？赶快来看看吧！ 工信部于2020年8月底前上线运行全国APP技术检测平台管理系统，12月10日前完成覆盖40万款主流APP检测工作，及时整改消除违规收集、使用用户个人信息和骚扰用户、欺骗误导用户、应用分发平台管理责任落实不到位等突出问题，净化APP应用空间。 如果你发现APP违规收集用户信息，也可以进行举报。App违法违规收集使用个人信息治理工作组利用微信公众号（“App个人信息举报”）、网站（pip.tc260.org.cn）两种专门渠道，受理广大网民关于违法违规收集使用个人信息的线索举报和问题反映。 另外，对于用户自身而言，做好对APP的权限控制才能有效保护自己的信息安全。如果你不用，不下载肯定是最好的。 （编辑：dankeer） 分享快讯到朋友圈 扫码关注腾讯云开发者 领取腾讯云代 ||| 据悉，10月26日，工信部向社会通报了131家存在侵害用户权益行为APP企业的名单。截至目前，经第三方检测机构核查复检，尚有60款APP未按照工业和信息化部要求完成整改。 工信部表示，相关应用商店应在本通报发布后，立即组织对名单中应用软件进行下架处理。后续，工信部还将对未严格落实管理主体责任的部分应用商店及移动应用分发平台，存在违规收集用户个人信息行为的SDK企业，依法严厉处置。 分享快讯到朋友圈 扫码关注腾讯云开发者 领取腾讯云代金券 Copyright © 2013 - 2026 Tencent Cloud. All Rights Reserved. 腾讯云 版权所有 深圳市腾讯计算机系统有限公司 ICP备案/许可证号：粤B2-20090059 粤公网安备44030502008569号 腾讯云计算（北京）有限责任公司 京ICP证150476号 | 京ICP备11018762号,forum ||| forum,https://cloud.tencent.com/developer/news/685051 ||| https://cloud.tencent.com/developer/news/722324,1,low_confidence,human_review_required,0.470,medium,low_confidence_cross_source;single_source_type,accept,,,,,,工信部通报原文准确对应平台审核不严、需下架及面临处置的表述，事实无误。,annotator_A,adjudicated_final,annotator_A
E019,LLM_CANON_E019_003,美吉姆（中国）总部/品牌方,发布声明称正积极寻求措施支持加盟中心继续经营，督促妥善处理退费与员工安置，并成立专项小组配合政府沟通；但加盟商指控其拒绝提供资金周转支持。,mixed,总部公开声明强调积极介入与协调，但加盟商证据指出其以无法扶持为由拒绝借款，双方说法存在明显分歧。,SC_E019_003,美吉姆（中国）总部;品牌方;上市公司美吉姆,True,,ev-00458;ev-01676,安装新浪财经客户端第一时间接收最全面的市场资讯→【下载地址】 近日，美吉姆北京多家分店被曝关店停业，家长上万元课时费无处可退。2023年12月31日，美吉姆（中国）总部发布声明称，目前美吉姆（中国）仍然积极寻求各种措施支持加盟中心继续经营，并督促闭店、并店的美吉姆加盟中心妥善处理会员未消课时及员工安置补偿事宜，避免发生连锁效应。同时，已经成立了专项工作小组，配合各政府部门，共同协助加盟中心做好员工、会员家长的沟通与疏导。 据了解，北京美吉姆西直门、常营、昌平悦荟、清河万象汇、望京等多家门店暂停营业，为此，家长纷纷抱团维权。2023年12月26日，孩子家长反映，北京姚家园万象汇中心美吉姆店，前一天还在热热闹闹举办活动，第二天也就是26号就闭店了。不仅闭店毫无征兆，他们买的上万元课时费更是无处可退。 有消费者表示，美吉姆北京西直门凯德茂店也于12月26号突然关店，且数月未发员工工资社保，现在至少200个孩子无法上课，家长预付款至少200万，要求退款各种推诿扯皮。 还有家长曝光称，晚上六点还是“宝宝家长元旦愉快”，到了十点就变成“快来一起要钱”。 2023年12月31日，美吉姆（中国）总部发布声明称，美吉姆（中国）对北京地区部分美吉姆加盟中心近日闭店、并店事宜表示高度关注和重视。美吉姆（中国）与北京地区美吉姆加盟中心系授权合作关系，各加盟中心为独立经营主体，美吉姆（中国）为其提供品牌授权 ||| 用微信扫码二维码 分享至好友和朋友圈 美吉姆常营华联中心称，鉴于现阶段公司经营中遇到的诸多问题，他们向上市公司美吉姆提出借钱周转进行救助的需求，但多次沟通无果，被上市公司以无法扶持为由拒绝。由于实在无以为继，无法支付房租和员工工资、社保，故门店停止授课服务。经多方沟通，美吉姆常营华联门店投资人将于12月28日(本周四)，同市场监管局、派出所等各方进行协商并制定后续会员的处理方案。12月29日(本周五)，会安排相应工作人员逐一联系会员办理后续的转课事宜。 “我们联系不上美吉姆的官方人员，也不清楚接下来会怎么处理”，刘昆提供的一份由北京海融兴达商业管理有限公司发布的公告显示，美吉姆常营华联中心自2023年4月1日起拖欠其承租保证金、固定租金等费用73万余元，因此提醒顾客避免预付费消费等。 记者尝试联系美吉姆常营华联门店的工作人员，但多个电话均无人接听。有家长提到，实际上，门店的老师们也处于被欠薪、欠社保的状态。有老师曾去美吉姆总部讨要说法，但并没有结果。 值得关注的是，近日以来，北京美吉姆西直门、常营、昌平悦荟、清河万象汇、望京等多家门店也暂停歇业，为此，家长纷纷抱团维权。 得知消息后家长开始维权。图/网络 各地门店多有倒闭 公开资料显示，美吉姆（MyGym）早教品牌诞生于美国。2008年，曾在IBM、HP等公司工作的刘俊君及其他几人成立公司取得了美吉姆品牌在中国的授权，成为美吉姆在中,mainstream_news ||| mainstream_news,https://finance.sina.com.cn/chanjing/wddc/2024-01-04/doc-inaaimzf6347381.shtml ||| https://sd.china.com/shangye/20000940/20231231/25830498_1.html,2,silver_candidate,standard_review,0.420,medium,weak_support_label;single_source_type,accept,,,,,,证据同时涵盖总部声明的积极表态与加盟商指控的资金拒绝，混合情感判定合理。,annotator_A,adjudicated_final,annotator_A
E020,LLM_CANON_E020_004,社会舆论与媒体评论,对校园食品安全事件表示震惊与担忧，批评监管政策不完善与执行不到位，呼吁引入家长巡查机制并落实校长责任制。,negative,多篇评论文章指出事件暴露监管防线不牢固，呼吁全社会共同努力保障食品安全，建议加强抽查力度和引入家长监督。,SC_E020_004,公众;网友;媒体评论员;专家学者,True,,ev-00483;ev-00486;ev-01696,"班级：2018级思想政治教育一班 学号：20185011160姓名：王涵 近日，成都七中实验学校小学部食堂被家长举报使用过期变质食材制作食品，危害学生身体健康。校园食品安全问题再次成为人们关注的焦点。校园食品安全事件，是群体性事件中广受关注、影响恶劣的事件。保障食品安全，需要全社会的共同努力。 完善监管政策，保障食品安全。食品安全事件频繁被曝光，显示出相关食品安全政策仍旧不完善、监管不到位的现实。成都七中实验学校食品安全事件发生后，相关部门负责人在出席全国校园食品安全工作电视电话会议时，对成都七中的事件表示出高度的重视。事件相关的责任人也受到了严肃处理。但是，在事故发生后的处理依然不能掩盖政策规定的无力和虚置。面对事实，不得不承认我国“校园食品安全”的防线不牢固、不完整。学校食品安全校长、院长责任制应当落实到位，对校园食品安全的“双随机”抽查力度也要加大。在监管学校教育质量的同时，应当重视起学校食品安全问题，对学校食堂以及学校周边的“三无”产品、假冒伪劣食品进行彻底排查。 承担监管责任，公开食堂后厨。校长作为学校第一责任人，在校园食品安全问题上负有重要责任。但事实是，部分校长缺乏基本食品安全意识，对食堂员工的食品安全培训工作不到位，学生食堂也基本见不到学校责任人和教职工的身影。在近日公布的《学校食品安全与营养健康管理规定》中明确要求，中小学、幼儿园应建立集中用餐陪餐制度，每餐均应有 ||| 您当前的位置 : 中国宁波网 > 甬上观潮 > 辣评原创 保学校食堂食品安全 不妨引入家长巡查 玫昆仑 3月12日,部分学生家长反映成都七中实验学校食堂有关问题。教育厅对此高度重视,立即派出工作组前 ||| “食堂食材发霉”事件敲响校园食品安全警钟 针对成都七中实验学校小学部学生家长反映的食堂食品发霉变质问题，四川省教育厅13日在官方微信发布情况通报称，3月12日，部分学生家长反映成都七中实验学校食堂有关问题。教育厅对此高度重视，立即派出工作组前往成都七中实验学校会同成都市教育局进行核查处置，有关调查核实和相关工作跟进情况，将及时通报。(3月13日中新网) 在一所重点小学“省级示范食堂”里竟然发生如此严重的危害儿童身体健康的食品安全事件，怎能不让人震惊!如果不是参加植树节家长的一时好奇查看了装食材的货车，这所学校的孩子们以及他们背后的无数家庭又将付出什么惨重的代价? 食品是我们赖以生存和发展的最基本物质条件，食品安全是人民群众的基本要求，食品安全没有保障，人民群众的身体健康就没有保障。学生们是国家的未来，保证校园食品安全守护孩子们的健康更是全社会的重中之重。 近年来质量不达标食品危害群众身体健康和生命安全的群发性事件时有发生，相关部门对食品行业的监管渐呈高压之势。此次重点小学食堂长期使用发霉食材的恶性事件再一次让我们看到，对于校园食品安全的监管仍然存在许多漏洞，落实完善的食品安全制度任重而道远。 在事件曝光之前学生们不是没有反应过青菜发臭，也不是没有反应过吃过食堂的饭后头晕、肚子疼等不适，如果学校拿出与所收取的高价学费等同的高度责任心关心对待学生又怎么会让无良食堂在眼皮子底下毒害孩子?",public_web ||| public_web ||| public_web,http://nanhu.xynu.edu.cn/info/1006/1331.htm ||| http://opinion.cnnb.com.cn/system/2019/03/15/030036062.shtml ||| http://www.qingjuwang.com.cn/gd/3432.html,3,silver_candidate,standard_review,0.340,medium,single_source_type;no_chain_evidence_overlap,accept,,,,,,多篇评论文章明确指向监管漏洞批评、家长巡查及校长责任制呼吁，证据覆盖全面。,annotator_A,adjudicated_final,annotator_A
E037,LLM_CANON_E037_005,医疗行业从业者与管理专家,呼吁医疗机构深刻吸取教训，将火灾防控纳入日常应急管理，完善应急预案与疏散演练，强化全员消防安全意识与危重症患者转移能力。,neutral,行业分析与管理总结文章强调医院作为人员密集场所必须建立常态化消防培训、预案更新及实战演练机制。,SC_E037_005,医务工作者;医疗同道;医院管理咨询机构,True,,ev-00905;ev-01960;ev-00907,长峰医院火灾警示教育总结 长峰医院这次火灾事故发生后，给我们带来了深刻的教育和警示。作为一名医务工作者，我们必须引以为戒，吸取教训，加强火灾安全意识，做好火灾防控工作。 首先，火灾的预防和防控必须得到高度重视。医院作为人员密集的场所，火灾防控措施必须做到位。管理部门要加强对消防设施的检查和维护，确保消防通道和消防器材畅通和完好。同时，要加强宣传教育，提高医务人员的火灾防控意识，指导大家做好灭火器的使用和逃生自救的方法。此外，还要定期组织火灾演练，提高医务人员面对火灾时的应急处置能力和反应速度。 其次，建立完善的火灾应急救援机制。在火灾发生时，能够迅速组织人员撤离和救援是至关重要的。因此，医院要建立健全火灾应急预案和应急逃生路线图，明确各部门的职责和任务。同时，要组织医务人员参加火灾应急救援培训，提高他们的急救技能和安全防护意识。在火灾现场，要依靠紧急广播、警报和人员引导等手段，迅速组织人员有序撤离，确保员工和患者的安全。 再次，加强检查和监督，确保火灾安全措施的落实。医院要定期进行火灾隐患排查和检查，及时发现和消除安全隐患。同时，要加强对医务人员的培训和考核，确保他们掌握正确的火灾防控知识和技能。管理部门要加强对消防设施的巡查和维护，确保其正常运行和有效使用。此外，要加强对医疗用火和电气设备的监督，确保其安全可靠。 最后，加强与相关部门的合作，形成合力。医院要与消防部门建立 ||| 行迪医管聚焦医疗行业，专注“医院学科打造与等级评审辅导”，帮助医院提升现代化管理水平，近10年深耕浙江省医院，成为“浙江省服务医院最多的管理咨询公司”。 培训 咨询类 软件类 软件加咨询 培训 咨询类 名院名科评估和规划咨询 行迪学院 医院文化战略视觉设计 北京长峰医院发生重大火灾事故，截至昨日（19日）9时，事故共造成29人不幸丧生，其中26人为住院患者、一名护士、一名护工和一名家属，令人深感痛心。院内火灾作为医院常见风险事件之一，应当作为医院应急管理的重点工作，此次长峰医院火灾引发的严重后果给我们带来深刻教训，值得每一个医疗同道深思： 1.安全意识不到位：经初步调查，长峰医院火灾事故系医院住院部内部改造施工作 尝试看看下列相关的交流摘要推荐 2026-02-11 22:08:27 2024-07-11 16:25:16 2024-07-08 16:52:55 2024-07-01 11:17:11 2024-05-17 16:26:26 2024-05-15 14:37:53 2024-05-09 18:08:16 2024-04-29 16:29:55 2024-04-24 15:58:15 2024-04-22 17:27:24 服务热线 400-160-6008 15372607513 关注行迪 ||| 行迪医管聚焦医疗行业，专注“医院学科打造与等级评审辅导”，帮助医院提升现代化管理水平，近10年深耕浙江省医院，成为“浙江省服务医院最多的管理咨询公司”。 培训 咨询类 软件类 软件加咨询 培训 咨询类 名院名科评估和规划咨询 行迪学院 医院文化战略视觉设计 火灾应急预案和演练&mdash;&mdash;全员参与，全部合格：院内火灾本属于医院常见风险事件，应纳入医院日常应急预案范围，医院管理层应定期评估和更新火灾应急预案，并且定期组织火灾演练，做到全员覆盖，确保所有医务人员包括保安、保洁、护工人员知道如何在火灾发生时采取正确的行动。3.危重症患者的疏散作为演练的重要部分：据了解，此次发生火灾的位置为长峰医院住院部东 尝试看看下列相关的交流摘要推荐 2026-02-11 22:08:27 2024-07-11 16:25:16 2024-07-08 16:52:55 2024-07-01 11:17:11 2024-05-17 16:26:26 2024-05-15 14:37:53 2024-05-09 18:08:16 2024-04-29 16:29:55 2024-04-24 15:58:15 2024-04-22 17:27:24 服务热线 400-160-6008 15372607513 关注行迪,public_web ||| public_web ||| public_web,https://max.book118.com/html/2023/1206/8015072072006013.shtm ||| https://www.thinkdid.com/summaryAbout/5GK37ZNTWDSYZO7JTGRA.html ||| https://www.thinkdid.com/summaryAbout/46A2XZ4BXY.html,2,silver_candidate,standard_review,0.340,medium,single_source_type;no_chain_evidence_overlap,accept,,,,,,行业分析文本直接支撑将消防纳入日常管理、完善预案演练及危重症疏散的呼吁。,annotator_A,adjudicated_final,annotator_A
E038,LLM_CANON_E038_006,公众与媒体评论者,呼吁加强燃气安全预防与公众安全意识教育，要求有关部门及时公开透明处理事故并依法追责，建议消费者避免在不合规场所消费。,negative,"Social media posts and news commentaries emphasize the need for transparency, stricter regulation, and improved public safety awareness following the tragedy.",SC_E038_006,网友;消费者;媒体博主;公众,True,,ev-00934;ev-00942;ev-01979,"在宁夏银川,一场富洋烧烤店“6·21”特别重大燃气爆炸事故的调查报告终于见诸天日。这起事故不仅令人震惊,更让人们深思燃气安全问题的重要性。作为国际新闻和军事动态的博主,我将从多个角度为大家解读这起事件 ||| 银川烧烤店爆炸事故是一起非常严重的安全事故，我们应该以深刻的认识来看待这起事故。 首先，我们应该关注事故背后的本质原因，要认真分析这起事故发生的原因。据报道，烧烤店燃气管道泄露是导致事故发生的直接原因，但是根本原因还需要等待官方通报。事故的发生也暴露出在相关行业领域，安全问题仍然是需要加强的。 其次，我们应该重视在安全问题上的预防措施和安全意识教育。虽然我们不能完全避免类似事故的发生，但是可以通过加强预防措施、提高安全意识，来尽可能减少事故的发生和对人们的造成伤害。对于商家来说，应该加强安全管理，定期维护和检修燃气设施，提前发现并排除安全隐患。对于消费者来说，应该提高安全意识，不要在不合规的场所消费。 最后，我们应该指出，处理安全事故的方式应该是及时、公开透明的。有关部门应该在对事故原因做好调查的同时及时向社会公开情况，并依法依规处理相关责任人。 综上所述，银川烧烤店爆炸事故中一定程度上反映出了行业安全问题的存在。作为消费者，我们应加强自我保护意识，不要轻信不合规的商家。作为有关部门，应该强化对有关行业的监管和检查力度。只有这样才能让人们在生活中得到更好的保障。返回搜狐，查看更多 ||| 2023年6月21日晚上8时40分,在我国宁夏银川市兴庆区民族南街富洋烧烤店发生了一起惨痛的燃气爆炸事故,造成38人伤亡,其中31人死亡,7人受伤。这是一起令人震惊和悲哀的悲剧,也是一起暴露了我国安全",social_media ||| mainstream_news ||| social_media,https://www.toutiao.com/article/7329774244462838310/ ||| https://www.sohu.com/a/690260783_121686545 ||| https://m.toutiao.com/w/1769383181733966/,3,silver_candidate,standard_review,0.220,low,no_chain_evidence_overlap,accept,,,,,,证据充分支持加强安全教育、公开透明追责及消费者避坑建议，核心主张匹配。,annotator_A,adjudicated_final,annotator_A
E047,LLM_CANON_E047_004,第三方检测机构,受监管部门组织委托，对App和SDK收集使用个人信息行为进行抽查检测，提供技术支撑。,neutral,证据提及监管部门组织第三方检测机构进行抽查，发现并上报违规问题。,SC_E047_004,检测机构,True,,ev-01185;ev-01186,关于侵害用户权益行为的APP（SDK）通报 （2025年第1批，总第46批） 根据中央网信办、工业和信息化部、公安部、市场监管总局等四部门联合发布的《关于开展2025年个人信息保护系列专项行动的公告》，依据《个人信息保护法》《网络安全法》《电信条例》《电信和互联网用户个人信息保护规定》等法律法规，我部对APP、SDK违法违规收集使用个人信息等问题开展治理。近期，经组织第三方检测机构进行抽查，共发现52款APP及SDK存在侵害用户权益行为（详见附件），现予以通报。 上述APP及SDK应按有关规定进行整改，整改落实不到位的，我部将依法依规组织开展相关处置工作。 附件：工业和信息化部通报存在问题的APP（SDK）名单 工业和信息化部信息通信管理局 2025年4月21日 ||| 关于侵害用户权益行为的APP（SDK）通报 （2025年第2批，总第47批） 根据中央网信办、工业和信息化部、公安部、市场监管总局等四部门联合发布的《关于开展2025年个人信息保护系列专项行动的公告》，依据《个人信息保护法》《网络安全法》《电信条例》《电信和互联网用户个人信息保护规定》等法律法规，我部对APP、SDK违法违规收集使用个人信息等问题开展治理。近期，经组织第三方检测机构进行抽查，共发现49款APP及SDK存在侵害用户权益行为（详见附件），现予以通报。 上述APP及SDK应按有关规定进行整改，整改落实不到位的，我部将依法依规组织开展相关处置工作。 附件：工业和信息化部通报存在问题的APP（SDK）名单 工业和信息化部信息通信管理局 2025年5月29日 最新要闻 ZUIXIN YAOWEN,public_web ||| official,https://www.cqn.com.cn/ms/content/2025-04/22/content_9102236.htm ||| https://www.zjwx.gov.cn/art/2025/5/30/art_1673576_58876847.html,2,silver_candidate,standard_review,0.220,low,no_chain_evidence_overlap,accept,,,,,,官方通报明确提及组织第三方检测机构抽查APP/SDK，事实与情感判定准确。,annotator_A,adjudicated_final,annotator_A
E012,LLM_CANON_E012_001,家长,发现食堂猪肉有异味后强烈愤怒，担忧学生健康，要求彻查真相并严肃追责，对校方及教体局初期回应表示不满。,negative,多份证据显示家长突击检查发现臭肉后聚集抗议，质疑食材安全，并对初期处理态度不满，持续要求官方给出明确处理结果。,SC_E012_001,家长们;学生家长,True,,ev-00260;ev-00261;ev-00264;ev-00265;ev-00269;ev-01591;ev-01592;ev-01595;ev-01603;ev-01605;ev-01606;ev-01607;ev-01608,"长丰中学“臭肉事件”:黑心学校,何时能止? 云南长丰中学竟然拿变质臭肉给孩子们吃!这事儿一传出来,网上立马就炸了,家长们气不打一处来,网友们也是纷纷声援,要求严查严惩。 揭开食堂的“黑锅盖” 你想象一 ||| 嘿,宝子们,今天咱们得聊聊一起让人大跌眼镜的新闻! 云南昆明官渡区的长丰学校,家长们居然在食堂里发现了疑似变质的肉!家长们一进食堂,那肉味直冲脑门,简直是“臭气熏天”! 他们立刻炸了锅,指责学校食堂: ||| 太过分！云南某中学给学生吃臭肉，教育局强行狡辩，官方通报打脸 学校食堂竟用臭肉做食材？这背后到底藏着什么猫腻？ 都说“民以食为天”，食物是咱们老百姓赖以生存的根本。可在这个追求利益最大化的社会里，有些人为了赚钱，竟然连良心都不要了！ 他们不仅售卖过期食材，甚至还将黑手伸向了学校食堂，给孩子们吃预制菜、过期肉，甚至是腐败变质的臭肉！ 这听起来简直让人难以置信，可这样的事情却真实地发生了。10月16日，有网友举报云南省昆明市官渡区长丰学校食堂竟然给孩子做菜的肉是一整盆的臭肉！ 这消息一出，立刻引发了社会的广泛关注。大家不禁要问：为什么校园食堂屡次出现问题？每次曝光后为什么还有人敢这么做？到底是谁在为他们撑腰？ 家长突击检查，竟发现一整盆臭肉！ 事情是这样的，10月16日，有网友爆料称长丰学校食堂存在食品安全问题。而据了解，这次事件的导火索其实是家长们在前一天就跟学校争论过食堂菜品卫生的问题。 也就是说，长丰学校食堂菜品不合格的情况已经被家长们发现了！ 可让人没想到的是，第二天家长们竟然冲过学校门卫，直接来到食堂进行突击检查。这一查，可不得了，他们竟然在食堂里发现了一整盆的臭肉！ 据说，一进食堂就能闻到那股浓烈的异味，而这些臭肉还整整装了几大盆！ 家长们看到这一幕，气愤得不得了。他们当场就质问食堂工作人员和食材供应商：“你们良心何在？这些菜做出来给你的孩子吃你还会做吗？” 有的家长甚至大 ||| 10月19日,昆明通报学校臭肉事件,引发广泛关注,家长尤其关心事件真相、处理意见和后续保障措施。通报比较长,咱就浓缩一下。 ||| 扫描二维码下载APP ⁺ 历史 ⁺ 收藏 ⁺ 订阅 “整盆肉都是臭的”！最近引发关注的云南昆明官渡区长丰学校“臭肉事件”，终于有了一个结果。 10月19日晚，当地联合调查组发布情况通报，确认该批次鲜猪肉因运输及存储不当导致变质变臭，食堂承包存在问题，并对涉事学校、企业、相关政府部门和官员都开出了“罚单”。 事实上，早在今年6月，就有家长向老师反映学校食堂的食品安全问题，校方不仅不理不睬，还打算“捂盖子”。直到有家长冲进学校食堂，找到了整盆整盆的臭肉，拍了视频，引发舆论关注，这才有了后续的调查和处理。家长都能闻出来的臭味，其他人难道闻不出来吗，居然就这样端上了学生的餐桌？可见，臭得不仅是肉，还有一些人的良心。 东窗事发后，在学校组织的沟通会上，面对家长期待的对话，该校董事长竟然无视最后提问插兜离席。有媒体梳理涉事董事长的“生意版图”，发现其名下有27家实控企业，其中19家处于存续状态，多为培训机构、学校和幼儿园。如此庞大的生意版图和狂傲的态度，也给公众留下疑问，他们真能保障好校园食品安全吗？ 昆明方面迅速响应，回应了公众部分关切，但仍留下不少“问号”。比如，学校的食品安全问题是否长期存在？还有没有一些其他的“食堂腐败”问题？学校经营管理者的狂傲底气从何而来？明文规定的陪餐制为什么沦为一纸空文？这些问号，都有待后续调查来拉直。 说到底，保障校园食品安全，不能光指望学校和企业的自觉。发现 ||| 10月16日，云南昆明有家长发视频称，官渡区云子中学长丰学校学生食堂的生肉有臭味，“整盆肉都是臭的”。学校被质疑提供变质肉给学生食用，引发家长不满。 17日凌晨，昆明市官渡区市场监督管理局、官渡区教育体育局联合发布情况通报称，经初步调查，现场待加工猪肉感官气味异常，执法人员对食堂食材进行查封，并组织开展检测、溯源工作。目前，已对涉事学校、企业立案调查，学校食堂已停止供餐。 ▲情况通报 17日下午，红星新闻记者来到涉事学校，记者注意到门口仍然聚集着许多担心食品安全问题的家长，来自教体局等部门的工作人员陆陆续续出入学校。在校门口的家长对红星新闻记者表示，有一部分家长已经进入学校“解决问题”，有的家长则在校外等候，“等调查结果，也说不清具体在等什么，我们也不知道还能做什么，干着急，但是事情到现在肯定不算解决完。” ▲长丰学校门口 多位家长向记者介绍，长丰学校的餐饮管理模式为，高中部学生到食堂堂食，初中部学生等待食堂炒好饭菜后配送到教室。几位一直在学校等待和校方沟通、等待调查结果的家长表示，当天来不及做晚饭了，所以在校门口点外卖，等到傍晚6点送给孩子。 据多家媒体报道，事发后，涉事学校已由另一家本土供餐企业供餐。一位家长告诉红星新闻记者，自己的孩子肠胃不好，过去一个月一直在送餐。还有几位家长表示自己也想给孩子送餐，但是孩子们反映吃饭时间紧张，“（时间）不够出来取饭、吃饭”，只好接受新的供餐 ||| 【少年强则国强，少年又倒在了食堂。咦，我为什么要说“又”？】 1 10月16日，云南昆明。 官渡区长丰学校被曝食堂的猪肉有臭味，疑提供变质肉给学生食用。 17日，官渡区通报称，现场待加工猪肉感官气味异常，有关部门已对涉事学校、企业立案调查。 那么，这个事情是怎么爆出来的呢？ 此前，孩子回家常说食堂的饭菜不好吃，口味麻辣，还出现了肠胃不适、拉肚子的情况，家长就疑心，怀疑食堂食材是不是不干净。 然后，一些家长就违反校园规定直接冲进了学校食堂，结果闻到了一股子臭味，一大盆切好的碎肉，全是发臭的。 甚至找到了臭肉盒子的标签上面，标注的是“2014年，产地巴西”。 这就是臭名昭著的“僵尸肉”。 长丰学校，是一所民办学校，每年学费是2万多，每一餐的餐费标准，是14元。 就云南当地的收入水平和消费水平而言，这个学费和餐费，都不算便宜了。 干净可口的基本要求都满足不了，直接上臭肉... 2 臭肉事件发生后，学校和当地教育局，干了四件事。 第一件事，学校把食堂厨师拉出来背锅了，厨师先道歉，“对不起”。 这是在糊弄傻子。 第二件事，家长们歇斯底里地咆哮“你们良心何在”时，一个身穿红衣服（后被扒出是初三年级组长）的女老师，站在那里跟看戏似的，乐呵地笑着。 “人类的悲欢并不相通，你在这厢哭得死去活来，她在那边笑得若无其事”。 第三件事，校方和家长们坐下来商讨后续处理方法时，校领导再次语出惊人： “有人不想 ||| 昆明学校给学生吃臭肉这事儿,简直糟糕透顶!学校收着高昂的学费,家长们满心期待孩子能在学校有良好的环境和饮食,结果呢? ||| 引言：学校食堂对学生食品安全的重要性 孩子们的健康与学习直接受制于学校食堂的食品质量。然而，最近昆明某校食堂提供臭肉的消息，引发了家长们的极大愤慨，不少人质疑食堂使用的是早在2015年的冻肉。 事件背景：昆明一家学校食堂被家长曝光提供臭肉 2024年10月16日，昆明一所学校的食堂因家长的一则反馈，曝出了令人发指的“臭肉”事件。这名家长在学校微信群里贴出了一些照片，其中显示孩子们所食用的肉类竟散发出刺鼻的异味，严重影响了其他孩子的用餐体验。随着这一消息的迅速传播，网络舆论急剧升温，许多家长纷纷加入讨论，表达对食品安全的担忧。这不仅是对该校食堂的质疑，更是对整个教育系统及其监管机制的深刻反思。 公众反应：家长与网友的争论对教体局的回应表达不满 随着事件的扩散，家长们在各种社交平台上发声，要求有关部门严肃调查。同时，当地教育体育局的回应也引发了轩然大波。教体局在第一时间做出的公开表态未能平息家长的愤怒。尽管他们表示将对事件进行彻查，然而不少家长对此并不满意，认为这只是一个掩耳盗铃的举动，根本无法消除他们内心的恐慌。 在这个问题上，网友们的观点也呈现出明显的分歧。有人认为，即使肉类是在当天采购，也可能因为存放不当而出现变质，这让人感到无比不安。而另一些人则认为，问题的核心在于如何更有效地监管学校食堂是否遵循严格的食品安全标准。 后续动作：市场监督局和教育体育局确认肉品气味异常，查封食堂  ||| 视频加载中... 近日在云南昆明官渡区云子中学长丰学校发生的一幕,却让家长们愤怒不已。 家长们在没有提前通知的情况下,突然进入学校食堂进行检查。 他们现场闻了肉的味道,发现确实有臭味。 家长们立刻感到 ||| 作者：金新（沃德研究院研究员） 2024年10月16日，有家长发现昆明长丰学校食堂提供的猪肉有异味，怀疑是变质肉。关于此事件，可以从以下几方面进行了解。 家长反应：家长对于学校提供变质肉的行为表示了强烈的愤怒和不满。有家长在家长会上激动地质问学校领导，质疑他们的良心和责任感。此外，还有家长在学校门口聚集，要求学校给出解释，并表达了对学生健康的担忧。 事件影响：此事件不仅引起了家长和公众的关注，也引发了社会对学校食品安全管理和监管的深刻反思。有评论指出，这一事件再次刷新了社会对校园食品安全的认知，强调了学校在食品安全方面的责任和管理的重要性。 官方调查：官渡区市场监督管理局和官渡区教育体育局对此事件进行了立案调查，并对学校食堂进行了查封，以开展检测和溯源工作。调查发现，学校食堂的鲜猪肉片因运输及存储不当导致变质，挥发性盐基氮指标超标，判定为不合格。同时，对家长反映的过期进口冻牛肉问题进行了调查，确认其生产日期为2024年5月，并非2015年。 责任追究：学校方面未能有效履行食品安全管理责任，对承包经营企业的管理不到位，存在管理制度形式化等问题。因此，对校长和学校法定代表人作出了免职处理；对学校经营不合格食品的行为处以10万元处罚；对食堂承包经营企业经营项目发生变化，未按照规定申请变更的行为，责令停止经营，没收违法所得46万元，并处以568万元处罚。 社会呼吁：有评论员提出，为解决食品 ||| 分享到 原创2024-10-24南周快评 陈斌 责任编辑：辛省志 昆明长丰学校食堂给学生吃臭肉事件，从家长突击检查食堂，到官方介入调查并很快出调查结果，可以说基本尘埃落定。此事的公共价值是毋庸置疑的，值得复盘与剖析。 事情的缘起是：一些家长表示，2024年9月开始后，自己的孩子多次说食堂饭菜难吃，甚至出现腹泻的情况。10月16日，多名家长冲入学校食堂，发现肉品散发着令人作呕的异味，并录下了视频上传到网络。在家长举报之后，官渡区市监局与教育体育局当即赶到现场，于次日发布情况通报，承认“经初步调查，现场待加工猪肉感官气味异常”。 10月19日，官渡区联合调查组公布调查结果：经两个检测机构同步检验，确认10月16日食堂鲜猪肉片，挥发性盐基氮超标，“不合格”。原因是该批次鲜猪肉为当日宰杀，在进行机器切片加工后，未做散热处理并用双层塑料袋分装，在塑料袋中存放近4个小时，又在食堂室温中摆放5个半小时，没有冷链运输和冷藏保存，因运输及存储不当导致变质变臭。 因为 校对：吴依兰 登录获取更多阅读权限 {{ isview_popup.firstLine }}{{ isview_popup.highlight }} {{ isview_popup.secondLine }} 广东南方数媒工场科技有限责任公司 | 新闻信息服务许可证号：44120190002 ICP经营许可证号：粤B2-20050252 ||| 分享到 原创2024-10-24南周快评 陈斌 责任编辑：辛省志 昆明长丰学校食堂给学生吃臭肉事件，从家长突击检查食堂，到官方介入调查并很快出调查结果，可以说基本尘埃落定。此事的公共价值是毋庸置疑的，值得复盘与剖析。 事情的缘起是：一些家长表示，2024年9月开始后，自己的孩子多次说食堂饭菜难吃，甚至出现腹泻的情况。10月16日，多名家长冲入学校食堂，发现肉品散发着令人作呕的异味，并录下了视频上传到网络。在家长举报之后，官渡区市监局与教育体育局当即赶到现场，于次日发布情况通报，承认“经初步调查，现场待加工猪肉感官气味异常”。 10月19日，官渡区联合调查组公布调查结果：经两个检测机构同步检验，确认10月16日食堂鲜猪肉片，挥发性盐基氮超标，“不合格”。原因是该批次鲜猪肉为当日宰杀，在进行机器切片加工后，未做散热处理并用双层塑料袋分装，在塑料袋中存放近4个小时，又在食堂室温中摆放5个半小时，没有冷链运输和冷藏保存，因运输及存储不当导致变质变臭。 因为 校对：吴依兰 登录获取更多阅读权限 {{ isview_popup.firstLine }}{{ isview_popup.highlight }} {{ isview_popup.secondLine }} 广东南方数媒工场科技有限责任公司 | 新闻信息服务许可证号：44120190002 ICP经营许可证号：粤B2-20050252",social_media ||| social_media ||| mainstream_news ||| social_media ||| mainstream_news ||| public_web ||| public_web ||| social_media ||| mainstream_news ||| social_media ||| mainstream_news ||| public_web ||| public_web,https://www.toutiao.com/article/7428024611385770505/ ||| https://www.toutiao.com/article/7427067111723352586/ ||| https://www.sohu.com/a/817438052_120077605/ ||| https://www.toutiao.com/article/7427688582262833699/ ||| https://www.kankanews.com/detail/lm2Xqd8nqyr ||| https://m.szhgh.com/Article/news/resou/2024-10-17/362136.html ||| https://m.szhgh.com/Article/opinion/zatan/2024-10-19/362232.html ||| https://www.toutiao.com/article/7426980425509208585/ ||| https://www.sohu.com/a/817608155_122046825 ||| https://www.toutiao.com/article/7426556792622858767/ ||| https://m.163.com/dy/article/JEVC7EJC0525O28K.html?f=post2020_dy_recommends ||| https://www.infzm.com/contents/281211?source=124&source_1=294345 ||| https://www.infzm.com/contents/281211?source=131,6,silver_candidate,standard_review,0.160,low,short_candidate_text,accept,,,,,,大量媒体报道与社交反馈一致印证家长发现臭肉后的愤怒、健康担忧及对初期回应的不满。,annotator_A,adjudicated_final,annotator_A
E017,LLM_CANON_E017_002,徐某,对网传不当言论指控予以否认，并表示将“有则加改之无则加勉”。,neutral,媒体报道引述涉事教师本人回应，其否认相关指控并表态愿意反思改进。,SC_E017_002,涉事教师;通用技术教师徐某;徐姓教师,True,,ev-00407;ev-00409;ev-00411;ev-00412;ev-00425,"5月27日，浙江绍兴市第一中学通报：5月26日，网传该校一名通用技术教师徐某在课堂上发表与教师形象不符的言论。经调查，该教师存在在课堂上发表不当言论的现象，违反了《新时代中小学教师职业行为十项准则》之第三条有关规定，根据《中小学教师违反职业道德行为处理办法》，经学校党委研究决定，即日起停止该教师教学工作，调离教学岗位，并给予警告处分。 【此前报道】5月26日，有网友发文举报浙江省绍兴市绍兴一中徐姓教师，在课堂上向女生开黄腔、课间做猥琐动作。其本人予以否认，并表示将“有则加改之无则加勉”。5月27日，绍兴一中一名值班人员表示，有专门人员正在调查。绍兴市教育局工作人员称，已在着手处理，目前已有初步的处理意见了，正在积极处理需要个过程。 ——————————————— 来源：绍兴市第一中学、@百姓关注 编辑：苗亚祥 审核：华丽娟 ||| 5月27日，绍兴市第一中学发布情况通报：5月26日，网传我校一名通用技术教师徐某在课堂上发表与教师形象不符的言论。经调查，该教师存在在课堂上发表不当言论的现象，违反了《新时代中小学教师职业行为十项准则》之第三条有关规定，根据《中小学教师违反职业道德行为处理办法》，经学校党委研究决定，即日起停止该教师教学工作，调离教学岗位，并给予警告处分。 据北京青年报此前报道，5月26日，有网友发文举报浙江省绍兴市绍兴一中徐姓教师，在课堂上向女生开黄腔、课间做猥琐动作。聊天截图显示，该教师被指在课堂上发表“买车送车模” 、“强奸要好好享受” 等言论，其本人均予以否认，并表示将“有则加改之无则加勉”。 来源：绍兴市第一中学微信公众号 @@=value.title$$ @@=value.author$$ @@=value.title$$ 新浪教育意见反馈留言板 新浪简介|广告服务|About Sina 联系我们|招聘信息|通行证注册 产品答疑|网站律师|SINA English Copyright © 1996-2024 SINA Corporation All Rights Reserved 新浪公司 版权所有 ||| 用微信扫码二维码 分享至好友和朋友圈 来源 | 微泰州微信公众号（wtz0523） 编校 | 刘婉儿 审核 | 陈宁 马响响 5月27日 浙江绍兴市第一中学通报 5月26日，有消息称该校一名通用技术教师徐某在课堂上发表与教师形象不符的言论。经调查，该教师存在在课堂上发表不当言论的现象，违反了《新时代中小学教师职业行为十项准则》之第三条有关规定，根据《中小学教师违反职业道德行为处理办法》，经学校党委研究决定，即日起停止该教师教学工作，调离教学岗位，并给予警告处分。 据报道，5月26日，有网友发文举报浙江省绍兴市绍兴一中徐姓教师，在课堂上向女生开黄腔、做猥琐动作。 5月27日，绍兴一中一名值班人员表示，有专门人员正在调查。绍兴市教育局工作人员称，已在着手处理，目前已有初步的处理意见了，正在积极处理需要个过程。 特别声明：以上内容(如有图片或视频亦包括在内)为自媒体平台“网易号”用户上传并发布，本平台仅提供信息存储服务。 Notice: The content above (including the pictures and videos if any) is uploaded and posted by a user of NetEase Hao, which is a social media platform and only provides information stora ||| 用微信扫码二维码 分享至好友和朋友圈 5月27日，浙江绍兴市第一中学通报：5月26日，网传该校一名通用技术教师徐某在课堂上发表与教师形象不符的言论。经调查，该教师存在在课堂上发表不当言论的现象，违反了《新时代中小学教师职业行为十项准则》之第三条有关规定，根据《中小学教师违反职业道德行为处理办法》，经学校党委研究决定，即日起停止该教师教学工作，调离教学岗位，并给予警告处分。 据报道，5月26日，有网友发文举报浙江省绍兴市绍兴一中徐姓教师，在课堂上向女生开黄腔、做猥琐动作。 5月27日，绍兴一中一名值班人员表示，有专门人员正在调查。绍兴市教育局工作人员称，已在着手处理，目前已有初步的处理意见了，正在积极处理需要个过程。 来源： 绍兴市第一中学、@百姓关注、大皖新闻 本文中图片、文字、音视频等版权归原作者所有 如有违规侵权请联系我们，我们会第一时间处理 特别声明：以上内容(如有图片或视频亦包括在内)为自媒体平台“网易号”用户上传并发布，本平台仅提供信息存储服务。 Notice: The content above (including the pictures and videos if any) is uploaded and posted by a user of NetEase Hao, which is a social media platform and only provi ||| 近日，绍兴市一名中学教师因在课堂上发表不当言论引发关注。事发后，绍兴市第一中学调查后发布情况通报，对其进行处分，停止教学工作，调离教学岗位，给予警告处分。 5月27日，绍兴市第一中学发布情况通报显示，网传该校一名通用技术教师徐某在课堂上发表与教师形象不符的言论。经调查，该教师存在在课堂上发表不当言论的现象，违反了《新时代中小学教师职业行为十项准则》之第三条有关规定，根据《中小学教师违反职业道德行为处理办法》，经学校党委研究决定，即日起停止该教师教学工作，调离教学岗位，并给予警告处分。 据媒体此前报道，近日，有网友发文举报浙江省绍兴市绍兴一中徐姓教师，举报该教师在课堂上向女生开黄腔、课间做猥琐动作等。举报的相关聊天截图显示，该教师被指在课堂上发表不当言论，其本人均予以否认，并表示将“有则加改之无则加勉”。 记者从教育部官方网站查询到《新时代中小学教师职业行为十项准则》全文。记者注意到，准则第二条、第三条明确表示，教师要自觉爱国守法，不得损害国家利益、社会公共利益，或违背社会公序良俗。教师要传播优秀文化。带头践行社会主义核心价值观，弘扬真善美，传递正能量；不得通过课堂、论坛、讲座、信息网络及其他渠道发表、转发错误观点，或编造散布虚假信息、不良信息。另外，第七条规定，教师要坚持言行雅正。为人师表，以身作则，举止文明，作风正派，自重自爱；不得与学生发生任何不正当关系，严禁任何形式的猥亵、性",mainstream_news ||| mainstream_news ||| social_media ||| social_media ||| mainstream_news,https://m.sohu.com/a/781913749_121434698/?pvid=000115_3w_a ||| https://edu.sina.com.cn/zxx/2024-05-28/doc-inawustw1861399.shtml ||| https://www.163.com/dy/article/J39UU06S05453LIT.html ||| https://www.163.com/dy/article/J37P9S3J0514DTS9.html ||| https://m.thepaper.cn/newsDetail_forward_27534592,4,silver_candidate,standard_review,0.160,low,short_candidate_text,accept,,,,,,证据原文直接引述涉事教师否认指控及表态内容，事实与情感判定准确，支持充分。,annotator_A,adjudicated_final,annotator_A
E025,LLM_CANON_E025_002,孙某新,被实名举报私下传播患者麻醉裸照及手术信息，目前已被暂停医疗工作并配合相关部门调查。,negative,举报材料及院方通报均指出其涉嫌严重违反医疗职业道德与法律法规，院方已对其采取停职调查措施。,SC_E025_002,孙某;孙贵新;涉事医生;创伤外科主任,True,,ev-00602;ev-00604;ev-00606;ev-00607;ev-00608;ev-01777;ev-01788,"广东各地市 南方网 南方日报 南方都市报 南方杂志 南方日报出版社 近日，有网民举报称，上海市东方医院孙某新医生“泄露患者隐私”，引发关注。 7月3日，上海市东方医院网站发布《关于孙某新医生相关舆情的说明》，其中指出，针对近日网传孙某新医生“泄露患者隐私”的问题，该院采取如下措施： 1.立即暂停孙某新医生医疗工作，配合医院和相关部门调查； 2.医院将本着严肃认真和客观公正的态度，依法依规严肃处理； 3.一切为了患者，这是医院秉持的和应有的宗旨，并将持续改进！ 图源：上海市东方医院网站 南方网、粤学习记者 黎洁婵 扫二维码分享 南方报业传媒集团简介- 网站简介- 广告服务- 招标投标- 物资采购- 联系我们- 法律声明- 友情链接 本网站由南方新闻网版权所有，未经授权禁止复制或建立镜像 广东南方网络信息科技有限公司负责制作维护 违法和不良信息举报电话：020-87373397 18122015068 ICP备案号：粤B-20050235 ||| 用微信扫码二维码 分享至好友和朋友圈 7月13日,上海东方医院一名医生被人举报存在泄露患者隐私信息的情况,甚 至还拍摄了患者的隐私照片泄露出去。当天晚上,上海市东方医院发布了最新通 报,并表示:立即暂停孙某医疗工作,配合医院和相关部门调查。 医生 事件来到了7月19日,上海市浦东新区卫健委针对此事,公布了最新进展;针 对其涉嫌泄露患者隐私的问题,卫健委的卫生监督执法部门正在立案调查当中,处 理周期为2个月,后续如果想要公开处理结果,需要申请信息公开,“都有相关规 定的”。不得不说,该医生简直就是禽兽不如,居然泄露患者的隐私信息、照片, 而网友都希望该医生能够被重判。文章来源于：股城网www.gucheng.com 特别声明：以上内容(如有图片或视频亦包括在内)为自媒体平台“网易号”用户上传并发布，本平台仅提供信息存储服务。 Notice: The content above (including the pictures and videos if any) is uploaded and posted by a user of NetEase Hao, which is a social media platform and only provides information storage services. 上游新闻 2026-05-25 14:46:47 中国新闻周刊 20 ||| 举报者余女士自述曾为孙某新的患者，她提供的证据表明，在2022年11月至12月以及2023年6月期间，孙某新多次通过微信向她发送了这些隐私照片和视频。此外，孙某新还分两次向她转发了包含患者身份证号码在内的多份病人个人信息表格图片。这些行为严重违反了医疗行业的职业道德和法律法规，对患者的隐私权造成了极大的侵害。 事件曝光后，上海市东方医院迅速作出反应。7月3日，医院官方网站发布《关于孙某新医生相关舆情的说明》，表示已立即暂停孙某新医生的所有医疗工作，并全力配合医院及相关部门的调查工作。医院承诺将本着严肃认真和客观公正的态度，依法依规严肃处理此事，确保患者的合法权益得到保护。 浦东新区卫健委也证实已接获相关举报，并表示相关调查工作已经在进行中。据南方都市报等媒体报道，孙某新不仅是同济大学教授、主任医师、医学博士，还是同济大学及南京医科大学博士生导师，曾入选浦东新区医学领先人才及优秀医学学科带头人计划。然而，此次事件让这位曾经备受尊敬的医生陷入了舆论的漩涡。 对于孙某新的行为，法律界人士指出，其侵害了患者的人格尊严、隐私权及个人信息保护权。《中华人民共和国民法典》明确规定，自然人的隐私权和个人信息受法律保护，任何组织或者个人不得非法收集、使用、加工、传输他人个人信息。孙某新的行为已经涉嫌违法，将承担相应的法律责任。 此次事件再次敲响了医疗行业保护患者隐私的警钟。医疗机构及其医务人员应当严 ||| 用微信扫码二维码 分享至好友和朋友圈 评论员 李长需 女性患者就医时最怕什么？ 7月3日，一网友实名举报称，上海市东方医院创伤外科主任、主任医师孙某新私下传播病人麻醉时裸照及180份病人手术信息，引发关注。当日晚上，新京报记者从上海市东方医院获悉，院方已经接到举报。目前，孙某新已被暂停工作，并配合医院和相关部门调查。 这样的信息，让人担忧。因为在医疗场景中，患者让渡个人隐私是出于疾病诊疗的需要，前提是基于对医生执业操守的信任。但患者尤其是女性患者隐私被泄事件的频频发生，很可能击穿这种信任。 （图源：上海市东方医院官网） 2022年，山东省日照市某医院一名男性麻醉师在妇科手术时进行直播；去年，江苏昆山市某医院一名男性妇科医生，在社交平台发布女患者接受治疗时的私密部位照片；同年，周海媚生前送医抢救的电子病历截图也在网上传播，都曾引起轩然大波。 此次被举报的孙某新，做得也是相当过分：2022年和2023年，他两次向举报者发送女性患者被麻醉后接受治疗的照片、视频等，且都是未打码的暴露患者隐私部位的照片；此外还发送过多份病人个人信息表的图片。 尽管医院在最初的回应中，称举报者的举报行为是“私人恩怨”，但“私人恩怨”如果被查实，并不影响其性质的恶劣性，以及公众心目中的忧虑。患者在手术台上为何被拍照？拍摄患者隐私部位为何没人制止？患者的隐私信息为何能被随意传播？医院在此方面有无明确规范规定？ 传 ||| 近日，一起涉及上海市东方医院创伤外科主任、主任医师孙某新的举报事件引发了广泛关注。据网友实名举报，孙某新被指私下传播病人麻醉时的裸照及多达180份病人的手术信息，这一行为严重侵犯了患者的隐私权，也挑战了医疗行业的职业道德底线。 据了解，举报人余女士曾是孙某新的患者。她提供的信息显示，孙某新在2022年11月至12月期间，曾向她发送过一位女性患者被麻醉后接受治疗的照片和视频，且在2023年6月又发送了类似的照片。这些照片和视频在发送时均未进行打码处理，直接暴露了病人的隐私部位。更为严重的是，孙某新还在不同年份向她发送了包含身份证号码等敏感信息的病人个人信息表图片。 针对这一举报，上海市东方医院迅速作出反应。院方已立即暂停了孙某新的医疗工作，并积极配合医院和相关部门展开调查。医院方面表示，将本着严肃认真和客观公正的态度，依法依规严肃处理此事。同时，医院也强调，一切以患者为中心，将持续改进相关工作，确保类似事件不再发生。 此事件不仅引发了公众对医疗行业职业道德的广泛讨论，更凸显了患者隐私保护的重要性。在医疗过程中，患者的隐私权应得到最大程度的尊重和保护。任何医生或医疗机构都不得私自泄露患者的个人信息和隐私。 目前，事件仍在进一步调查处理中。我们期待相关部门能够尽快查明事实真相，并依法对涉事医生进行严肃处理。同时，我们也呼吁广大医疗工作者能够从中吸取教训，自觉遵守职业道德规范，用实际行动维 ||| 7月3日，记者联系到举报人余女士，她称，其本人曾是孙某新的患者。余女士提供的相关信息显示，2022年11月至12月，孙某新曾向其发送过一位女性患者被麻醉后接受治疗的照片和视频，2023年6月，孙某新又向其发送了一位患者被麻醉后接受治疗的照片。余女士告诉记者，这些照片和视频在发送给她时，均未打码，暴露了病人的隐私部位。此外，孙某新还在2022年、2023年分别向其发送过多份病人个人信息表的图片，信息中包含身份证号码等。 7月3日，上海市东方医院相关负责人回应记者称，医院将本着严肃认真和客观公正的态度，依法依规严肃处理此事。同日下午，上海市浦东新区卫健委一工作人员称，已接到举报信息，相关部门正在调查处理此事。 7月3日，上海市东方医院发布关于孙某新医生相关舆情的说明。以下为全文： 针对近日网传孙某新医生“泄露患者隐私”的问题，医院采取如下措施： 1、立即暂停孙某新医生医疗工作，配合医院和相关部门调查； 2、医院将本着严肃认真和客观公正的态度，依法依规严肃处理； 3、一切为了患者，这是医院秉持的和应有的宗旨，上海市东方医院将持续改进。 诚挚感谢社会各界的关切、监督和批评。 来源 | 新京报返回搜狐，查看更多 ||| 7月3日，上海市东方医院（同济大学附属东方医院）创伤专科主任医师孙某被举报传播多名病人手术信息及隐私图片。 当天晚上，上海市东方医院发布通报称，立即暂停孙某医疗工作，配合医院和相关部门调查。 7月19日，上海市浦东新区卫健委针对此事最新进展做出了回应。 7月15日，举报人余女士对《看见》记者说，上海市浦东新区卫健委告知她，根据她提供的相关信息，卫健委的执法部门已确认孙某传播的内容包括211名患者信息和2人的裸照。 《中华人民共和国医师法》规定，医师在执业活动中有泄露患者隐私或者个人信息等行为的，由县级以上人民政府卫生健康主管部门责令改正，给予警告，没收违法所得，并处一万元以上三万元以下的罚款；情节严重的，责令暂停六个月以上一年以下执业活动直至吊销医师执业证书。 24小时滚动播报最新的财经资讯和视频，更多粉丝福利扫描二维码关注（sinafinance） 网友提问：@@=value.question$$ 老师回答：@@=value.answer$$ @@=value.title$$ 新浪财经意见反馈留言板 新浪简介|广告服务|About Sina 联系我们|招聘信息|通行证注册 产品答疑|网站律师|SINA English Copyright © 1996-2024 SINA Corporation All Rights Reserved 新浪公司 版权所有",public_web ||| social_media ||| public_web ||| social_media ||| mainstream_news ||| mainstream_news ||| mainstream_news,https://news.southcn.com/node_179d29f1ce/3d95bdead1.shtml ||| https://www.163.com/dy/article/J7HUEA5K05568O4K.html ||| https://www.bangqike.com/read/1328433.html ||| https://www.163.com/dy/article/J697OT9K0550B6IS.html ||| https://www.sohu.com/a/792265437_121124540 ||| https://police.news.sohu.com/a/790695310_121860344 ||| https://finance.sina.com.cn/roll/2024-07-20/doc-incetuqk1481226.shtml,6,silver_candidate,standard_review,0.160,low,short_candidate_text,accept,,,,,,证据明确记载实名举报内容及院方停职调查通报，关键事实与负面情感匹配无误。,annotator_A,adjudicated_final,annotator_A
E025,LLM_CANON_E025_003,余女士,实名举报孙某新通过微信发送患者隐私照片、视频及个人信息表格，要求相关部门彻查并依法追责。,negative,证据显示余女士自述曾为患者，提供微信聊天记录等关键证据向媒体和卫健委举报，直接推动事件曝光与立案调查。,SC_E025_003,举报人;网友;余女士,True,,ev-00606;ev-00608;ev-01777;ev-01788,举报者余女士自述曾为孙某新的患者，她提供的证据表明，在2022年11月至12月以及2023年6月期间，孙某新多次通过微信向她发送了这些隐私照片和视频。此外，孙某新还分两次向她转发了包含患者身份证号码在内的多份病人个人信息表格图片。这些行为严重违反了医疗行业的职业道德和法律法规，对患者的隐私权造成了极大的侵害。 事件曝光后，上海市东方医院迅速作出反应。7月3日，医院官方网站发布《关于孙某新医生相关舆情的说明》，表示已立即暂停孙某新医生的所有医疗工作，并全力配合医院及相关部门的调查工作。医院承诺将本着严肃认真和客观公正的态度，依法依规严肃处理此事，确保患者的合法权益得到保护。 浦东新区卫健委也证实已接获相关举报，并表示相关调查工作已经在进行中。据南方都市报等媒体报道，孙某新不仅是同济大学教授、主任医师、医学博士，还是同济大学及南京医科大学博士生导师，曾入选浦东新区医学领先人才及优秀医学学科带头人计划。然而，此次事件让这位曾经备受尊敬的医生陷入了舆论的漩涡。 对于孙某新的行为，法律界人士指出，其侵害了患者的人格尊严、隐私权及个人信息保护权。《中华人民共和国民法典》明确规定，自然人的隐私权和个人信息受法律保护，任何组织或者个人不得非法收集、使用、加工、传输他人个人信息。孙某新的行为已经涉嫌违法，将承担相应的法律责任。 此次事件再次敲响了医疗行业保护患者隐私的警钟。医疗机构及其医务人员应当严 ||| 近日，一起涉及上海市东方医院创伤外科主任、主任医师孙某新的举报事件引发了广泛关注。据网友实名举报，孙某新被指私下传播病人麻醉时的裸照及多达180份病人的手术信息，这一行为严重侵犯了患者的隐私权，也挑战了医疗行业的职业道德底线。 据了解，举报人余女士曾是孙某新的患者。她提供的信息显示，孙某新在2022年11月至12月期间，曾向她发送过一位女性患者被麻醉后接受治疗的照片和视频，且在2023年6月又发送了类似的照片。这些照片和视频在发送时均未进行打码处理，直接暴露了病人的隐私部位。更为严重的是，孙某新还在不同年份向她发送了包含身份证号码等敏感信息的病人个人信息表图片。 针对这一举报，上海市东方医院迅速作出反应。院方已立即暂停了孙某新的医疗工作，并积极配合医院和相关部门展开调查。医院方面表示，将本着严肃认真和客观公正的态度，依法依规严肃处理此事。同时，医院也强调，一切以患者为中心，将持续改进相关工作，确保类似事件不再发生。 此事件不仅引发了公众对医疗行业职业道德的广泛讨论，更凸显了患者隐私保护的重要性。在医疗过程中，患者的隐私权应得到最大程度的尊重和保护。任何医生或医疗机构都不得私自泄露患者的个人信息和隐私。 目前，事件仍在进一步调查处理中。我们期待相关部门能够尽快查明事实真相，并依法对涉事医生进行严肃处理。同时，我们也呼吁广大医疗工作者能够从中吸取教训，自觉遵守职业道德规范，用实际行动维 ||| 7月3日，记者联系到举报人余女士，她称，其本人曾是孙某新的患者。余女士提供的相关信息显示，2022年11月至12月，孙某新曾向其发送过一位女性患者被麻醉后接受治疗的照片和视频，2023年6月，孙某新又向其发送了一位患者被麻醉后接受治疗的照片。余女士告诉记者，这些照片和视频在发送给她时，均未打码，暴露了病人的隐私部位。此外，孙某新还在2022年、2023年分别向其发送过多份病人个人信息表的图片，信息中包含身份证号码等。 7月3日，上海市东方医院相关负责人回应记者称，医院将本着严肃认真和客观公正的态度，依法依规严肃处理此事。同日下午，上海市浦东新区卫健委一工作人员称，已接到举报信息，相关部门正在调查处理此事。 7月3日，上海市东方医院发布关于孙某新医生相关舆情的说明。以下为全文： 针对近日网传孙某新医生“泄露患者隐私”的问题，医院采取如下措施： 1、立即暂停孙某新医生医疗工作，配合医院和相关部门调查； 2、医院将本着严肃认真和客观公正的态度，依法依规严肃处理； 3、一切为了患者，这是医院秉持的和应有的宗旨，上海市东方医院将持续改进。 诚挚感谢社会各界的关切、监督和批评。 来源 | 新京报返回搜狐，查看更多 ||| 7月3日，上海市东方医院（同济大学附属东方医院）创伤专科主任医师孙某被举报传播多名病人手术信息及隐私图片。 当天晚上，上海市东方医院发布通报称，立即暂停孙某医疗工作，配合医院和相关部门调查。 7月19日，上海市浦东新区卫健委针对此事最新进展做出了回应。 7月15日，举报人余女士对《看见》记者说，上海市浦东新区卫健委告知她，根据她提供的相关信息，卫健委的执法部门已确认孙某传播的内容包括211名患者信息和2人的裸照。 《中华人民共和国医师法》规定，医师在执业活动中有泄露患者隐私或者个人信息等行为的，由县级以上人民政府卫生健康主管部门责令改正，给予警告，没收违法所得，并处一万元以上三万元以下的罚款；情节严重的，责令暂停六个月以上一年以下执业活动直至吊销医师执业证书。 24小时滚动播报最新的财经资讯和视频，更多粉丝福利扫描二维码关注（sinafinance） 网友提问：@@=value.question$$ 老师回答：@@=value.answer$$ @@=value.title$$ 新浪财经意见反馈留言板 新浪简介|广告服务|About Sina 联系我们|招聘信息|通行证注册 产品答疑|网站律师|SINA English Copyright © 1996-2024 SINA Corporation All Rights Reserved 新浪公司 版权所有,public_web ||| mainstream_news ||| mainstream_news ||| mainstream_news,https://www.bangqike.com/read/1328433.html ||| https://www.sohu.com/a/792265437_121124540 ||| https://police.news.sohu.com/a/790695310_121860344 ||| https://finance.sina.com.cn/roll/2024-07-20/doc-incetuqk1481226.shtml,4,silver_candidate,standard_review,0.160,low,short_candidate_text,accept,,,,,,证据详实记录举报人身份、微信证据链及向媒体/卫健委举报行为，支持度完整。,annotator_A,adjudicated_final,annotator_A
E035,LLM_CANON_E035_004,警方,针对网络上关于“粪水”的不实谣言依法进行查处，维护网络信息秩序。,neutral,政府通报中明确指出警方已依法查处相关网络谣言，表明执法部门已介入舆情管控。,SC_E035_004,公安机关,True,,ev-00836;ev-00837;ev-00838;ev-00840;ev-00841;ev-00842;ev-00843;ev-00844;ev-01911;ev-01916;ev-01917;ev-01918;ev-01920;ev-01923;ev-01925;ev-01929,官方通报余杭自来水异味 7月16日8时，仁和水厂发现水质嗅味指标异常，经采样分析确认后随即启动供水突发事件应急预案，切换水源，供水水质得到有效控制，出厂水质安全。情况发生后，立即启动调查程序，并成立由国家、省级专家等组成的调查组，已初步查明导致异味的为特定自然气候条件下藻类厌氧降解产生的硫醚类物质，具体原因正在进一步溯源调查中，有关结果将及时公布。目前网上谣言较多，关于“粪水”的网络谣言，警方已依法查处，请大家不信谣、不传谣。 对此事给广大居民群众生活带来的影响和不便，我们深表歉意，并将进一步加强管理、确保供水安全。 更多热点速报、权威资讯、深度分析尽在北京日报App 来源：@央视新闻 流程编辑：U022 举报邮箱：jubao@vip.sina.com Copyright © 1996-2026 SINA Corporation All Rights Reserved 新浪公司 版权所有 ||| 7月16日上午，杭州市余杭区仁和街道及良渚街道部分区域出现自来水异味。对此，余杭区人民政府今天发布情况通报，通报全文如下： 7月16日8时，仁和水厂发现水质嗅味指标异常，经采样分析确认后随即启动供水突发事件应急预案，切换水源，供水水质得到有效控制，出厂水质安全。情况发生后，立即启动调查程序，并成立由国家、省级专家等组成的调查组，已初步查明导致异味的为特定自然气候条件下藻类厌氧降解产生的硫醚类物质，具体原因正在进一步溯源调查中，有关结果将及时公布。目前网上谣言较多，关于“粪水”的网络谣言，警方已依法查处，请大家不信谣、不传谣。 对此事给广大居民群众生活带来的影响和不便，我们深表歉意，并将进一步加强管理、确保供水安全。 余杭区人民政府 2025年7月19日 来源：余杭发布 举报邮箱：jubao@vip.sina.com Copyright © 1996-2026 SINA Corporation All Rights Reserved 新浪公司 版权所有 ||| 据央视新闻，7月16日上午，杭州市余杭区仁和街道及良渚街道部分区域出现自来水气味异常。 对此，余杭区人民政府今天发布情况通报：7月16日8时，仁和水厂发现水质嗅味指标异常，经采样分析确认后随即启动供水突发事件应急预案，切换水源，供水水质得到有效控制，出厂水质安全。情况发生后，立即启动调查程序，并成立由国家、省级专家等组成的调查组，已初步查明导致异味的为特定自然气候条件下藻类厌氧降解产生的硫醚类物质，具体原因正在进一步溯源调查中，有关结果将及时公布。目前网上谣言较多，关于“粪水”的网络谣言，警方已依法查处，请大家不信谣、不传谣。 对此事给广大居民群众生活带来的影响和不便，我们深表歉意，并将进一步加强管理、确保供水安全。 来源 | 央视新闻 ||| 用微信扫码二维码 分享至好友和朋友圈 7月16日上午，杭州市余杭区仁和街道及良渚街道部分区域出现自来水气味异常。 对此，余杭区人民政府今天（19日）发布情况通报：7月16日8时，仁和水厂发现水质嗅味指标异常，经采样分析确认后随即启动供水突发事件应急预案，切换水源，供水水质得到有效控制，出厂水质安全。情况发生后，立即启动调查程序，并成立由国家、省级专家等组成的调查组，已初步查明导致异味的为特定自然气候条件下藻类厌氧降解产生的硫醚类物质，具体原因正在进一步溯源调查中，有关结果将及时公布。目前网上谣言较多，关于“粪水”的网络谣言，警方已依法查处，请大家不信谣、不传谣。 ||| 杭州余杭区政府今天（7月19日）就仁和街道及良渚街道部分区域出现自来水气味异常发布情况通报： 7月16日8时，仁和水厂发现水质嗅味指标异常，经采样分析确认后随即启动供水突发事件应急预案，切换水源，供水水质得到有效控制，出厂水质安全。情况发生后，立即启动调查程序，并成立由国家、省级专家等组成的调查组，已初步查明导致异味的为特定自然气候条件下藻类厌氧降解产生的硫醚类物质，具体原因正在进一步溯源调查中，有关结果将及时公布。目前网上谣言较多，关于“粪水”的网络谣言，警方已依法查处，请大家不信谣、不传谣。 对此事给广大居民群众生活带来的影响和不便，我们深表歉意，并将进一步加强管理、确保供水安全。 此前报道 7月16日上午，杭州市余杭区仁和街道及良渚街道部分区域出现自来水气味异常。继7月16日晚，杭州余杭水务控股集团有限公司回应后，7月17日该公司再次回应，7月16日切换水源，仁和水厂主管网恢复正常后，目前已完成对各支管和二供水箱的冲洗。经检测，仁和街道、良渚街道的水质已经恢复，用户可以正常使用。在使用前，请用户对“存水”进行排放。为弥补用户损失，该公司将会给予7月份每户5吨水费的减免。 记者致电该公司相关负责人时，对方表示，目前具体原因仍在进一步调查中。 来源：央视新闻 举报邮箱：jubao@vip.sina.com Copyright © 1996-2026 SINA Corporatio ||| 华声在线 湖南在线 | 新闻 专题 评论 投诉 论坛 | 图片 视频 文旅 | 经济 房产 集团报刊 7月16日上午，杭州市余杭区仁和街道及良渚街道部分区域出现自来水气味异常。 对此，余杭区人民政府今天发布情况通报：7月16日8时，仁和水厂发现水质嗅味指标异常，经采样分析确认后随即启动供水突发事件应急预案，切换水源，供水水质得到有效控制，出厂水质安全。情况发生后，立即启动调查程序，并成立由国家、省级专家等组成的调查组，已初步查明导致异味的为特定自然气候条件下藻类厌氧降解产生的硫醚类物质，具体原因正在进一步溯源调查中，有关结果将及时公布。目前网上谣言较多，关于“粪水”的网络谣言，警方已依法查处，请大家不信谣、不传谣。 对此事给广大居民群众生活带来的影响和不便，我们深表歉意，并将进一步加强管理、确保供水安全。 此前报道 7月16日上午，杭州市余杭区仁和街道及良渚街道部分区域出现自来水气味异常。继7月16日晚，杭州余杭水务控股集团有限公司回应后，7月17日该公司再次回应，7月16日切换水源，仁和水厂主管网恢复正常后，目前已完成对各支管和二供水箱的冲洗。经检测，仁和街道、良渚街道的水质已经恢复，用户可以正常使用。在使用前，请用户对“存水”进行排放。为弥补用户损失，该公司将会给予7月份每户5吨水费的减免。 记者致电该公司相关负责人时，对方表示，目前具体原因仍在进一步调查中。 责编：周培 一审 ||| 7月16日上午，杭州市余杭区仁和街道及良渚街道部分区域出现自来水气味异常。 对此，余杭区人民政府今天发布情况通报：7月16日8时，仁和水厂发现水质嗅味指标异常，经采样分析确认后随即启动供水突发事件应急预案，切换水源，供水水质得到有效控制，出厂水质安全。情况发生后，立即启动调查程序，并成立由国家、省级专家等组成的调查组，已初步查明导致异味的为特定自然气候条件下藻类厌氧降解产生的硫醚类物质，具体原因正在进一步溯源调查中，有关结果将及时公布。目前网上谣言较多，关于“粪水”的网络谣言，警方已依法查处，请大家不信谣、不传谣。 对此事给广大居民群众生活带来的影响和不便，我们深表歉意，并将进一步加强管理、确保供水安全。 此前报道 7月16日上午，杭州市余杭区仁和街道及良渚街道部分区域出现自来水气味异常。继7月16日晚，杭州余杭水务控股集团有限公司回应后，7月17日该公司再次回应，7月16日切换水源，仁和水厂主管网恢复正常后，目前已完成对各支管和二供水箱的冲洗。经检测，仁和街道、良渚街道的水质已经恢复，用户可以正常使用。在使用前，请用户对“存水”进行排放。为弥补用户损失，该公司将会给予7月份每户5吨水费的减免。 记者致电该公司相关负责人时，对方表示，目前具体原因仍在进一步调查中。返回搜狐，查看更多 责任编辑：刘亚鹏 UN1007 ||| 调查问题加载中，请稍候。 若长时间无响应，请刷新本页面 7月16日上午，杭州市余杭区仁和街道及良渚街道部分区域出现自来水气味异常。 对此，余杭区人民政府今天发布情况通报：7月16日8时，仁和水厂发现水质嗅味指标异常，经采样分析确认后随即启动供水突发事件应急预案，切换水源，供水水质得到有效控制，出厂水质安全。情况发生后，立即启动调查程序，并成立由国家、省级专家等组成的调查组，已初步查明导致异味的为特定自然气候条件下藻类厌氧降解产生的硫醚类物质，具体原因正在进一步溯源调查中，有关结果将及时公布。目前网上谣言较多，关于“粪水”的网络谣言，警方已依法查处，请大家不信谣、不传谣。 对此事给广大居民群众生活带来的影响和不便，我们深表歉意，并将进一步加强管理、确保供水安全。 点击右上角微信好友 朋友圈 点击浏览器下方“”分享微信好友Safari浏览器请点击“”按钮 点击右上角QQ 点击浏览器下方“”分享QQ好友Safari浏览器请点击“”按钮 ||| 退出激活卡电子版 购物车注册登录 用户名登录/手机号登录 还没有账号？免费注册 忘记密码？ 忘记密码？ + - 经观智讯2025-07-19 20:47 经济观察网 7月19日，杭州余杭区人民政府针对近期区内自来水异味事件发布情况通报。通报指出，经初步调查，异味是由特定自然气候条件下藻类厌氧降解产生的硫醚类物质所致，具体原因仍在进一步溯源调查中。余杭区政府对由此给居民生活带来的影响和不便深表歉意，并承诺将加强管理，确保供水安全。同时，区政府呼吁公众不信谣、不传谣，对于网络上关于“粪水”的谣言，警方已依法进行查处。 总编对话｜从中国走向世界——对话松下电器中国东北亚公司总裁CEO木下步 聚焦主业 提升品牌：恒安集团接班人的长期主义理想 希捷科技全球执行副总裁暨首席商务官郑万成：未来五年，中国将成为全球生成数据最多的市场 ||| 方便，快捷 手机查看财经快讯 专业，丰富 一手掌握市场脉搏 提示： 微信扫一扫 分享到您的 朋友圈 7月16日上午，杭州市余杭区仁和街道及良渚街道部分区域出现自来水气味异常。 对此，余杭区人民政府今天发布情况通报：7月16日8时，仁和水厂发现水质嗅味指标异常，经采样分析确认后随即启动供水突发事件应急预案，切换水源，供水水质得到有效控制，出厂水质安全。情况发生后，立即启动调查程序，并成立由国家、省级专家等组成的调查组，已初步查明导致异味的为特定自然气候条件下藻类厌氧降解产生的硫醚类物质，具体原因正在进一步溯源调查中，有关结果将及时公布。目前网上谣言较多，关于“粪水”的网络谣言，警方已依法查处，请大家不信谣、不传谣。 对此事给广大居民群众生活带来的影响和不便，我们深表歉意，并将进一步加强管理、确保供水安全。 （文章来源：人民日报） 打开微信， 点击底部的“发现” 使用“扫一扫” 即可将网页分享至朋友圈 扫描二维码关注 东方财富官网微信 ||| 据人民日报客户端消息，7月16日上午，杭州市余杭区仁和街道及良渚街道部分区域出现自来水气味异常。 对此，余杭区人民政府今天发布情况通报：7月16日8时，仁和水厂发现水质嗅味指标异常，经采样分析确认后随即启动供水突发事件应急预案，切换水源，供水水质得到有效控制，出厂水质安全。情况发生后，立即启动调查程序，并成立由国家、省级专家等组成的调查组，已初步查明导致异味的为特定自然气候条件下藻类厌氧降解产生的硫醚类物质，具体原因正在进一步溯源调查中，有关结果将及时公布。目前网上谣言较多，关于“粪水”的网络谣言，警方已依法查处，请大家不信谣、不传谣。 对此事给广大居民群众生活带来的影响和不便，我们深表歉意，并将进一步加强管理、确保供水安全。 来源 人民日报客户端 值班编辑 康嘻嘻 黄杨某甜“天价耳环”有关问题，最新通报 特朗普：将对俄罗斯征收100%关税 满某某（男，48岁）搭顺风车猥亵邻座熟睡女子，被行拘 最近微信改版 经常有读者朋友错过推送 星标🌟“新京报” 及时接收最新最热的推文 点击“在看”，分享热点👇 举报邮箱：jubao@vip.sina.com Copyright © 1996-2026 SINA Corporation All Rights Reserved 新浪公司 版权所有 ||| 据央视新闻消息，7月16日上午，杭州市余杭区仁和街道及良渚街道部分区域出现自来水气味异常。 对此，余杭区人民政府今天发布情况通报：7月16日8时，仁和水厂发现水质嗅味指标异常，经采样分析确认后随即启动供水突发事件应急预案，切换水源，供水水质得到有效控制，出厂水质安全。情况发生后，立即启动调查程序，并成立由国家、省级专家等组成的调查组，已初步查明导致异味的为特定自然气候条件下藻类厌氧降解产生的硫醚类物质，具体原因正在进一步溯源调查中，有关结果将及时公布。目前网上谣言较多，关于“粪水”的网络谣言，警方已依法查处，请大家不信谣、不传谣。 对此事给广大居民群众生活带来的影响和不便，我们深表歉意，并将进一步加强管理、确保供水安全。 此前报道 7月16日上午，杭州市余杭区仁和街道及良渚街道部分区域出现自来水气味异常。继7月16日晚，杭州余杭水务控股集团有限公司回应后，7月17日该公司再次回应，7月16日切换水源，仁和水厂主管网恢复正常后，目前已完成对各支管和二供水箱的冲洗。经检测，仁和街道、良渚街道的水质已经恢复，用户可以正常使用。在使用前，请用户对“存水”进行排放。为弥补用户损失，该公司将会给予7月份每户5吨水费的减免。 记者致电该公司相关负责人时，对方表示，目前具体原因仍在进一步调查中。 推荐阅读：警情通报称杭州水务集团刘某某接驳下水排污管网后潜逃？官方辟谣 举报邮箱：jubao@vip. ||| 用微信扫码二维码 分享至好友和朋友圈 2025.07.19 本文字数：646，阅读时长大约2分钟 据央视新闻，7月16日上午，杭州市余杭区仁和街道及良渚街道部分区域出现自来水气味异常。 对此，余杭区人民政府今天发布情况通报：7月16日8时，仁和水厂发现水质嗅味指标异常，经采样分析确认后随即启动供水突发事件应急预案，切换水源，供水水质得到有效控制，出厂水质安全。情况发生后，立即启动调查程序，并成立由国家、省级专家等组成的调查组，已初步查明导致异味的为特定自然气候条件下藻类厌氧降解产生的硫醚类物质，具体原因正在进一步溯源调查中，有关结果将及时公布。目前网上谣言较多，关于“粪水”的网络谣言，警方已依法查处，请大家不信谣、不传谣。 对此事给广大居民群众生活带来的影响和不便，我们深表歉意，并将进一步加强管理、确保供水安全。 7月16日上午，杭州市余杭区仁和街道及良渚街道部分区域出现自来水气味异常。继7月16日晚，杭州余杭水务控股集团有限公司回应后，7月17日该公司再次回应，7月16日切换水源，仁和水厂主管网恢复正常后，目前已完成对各支管和二供水箱的冲洗。经检测，仁和街道、良渚街道的水质已经恢复，用户可以正常使用。在使用前，请用户对“存水”进行排放。为弥补用户损失，该公司将会给予7月份每户5吨水费的减免。 微信编辑| 雨林 特别声明：以上内容(如有图片或视频亦包括在内)为自媒体平台“网易号”用 ||| 来源：@央视新闻 7月16日8时，仁和水厂发现水质嗅味指标异常，经采样分析确认后随即启动供水突发事件应急预案，切换水源，供水水质得到有效控制，出厂水质安全。情况发生后，立即启动调查程序，并成立由国家、省级专家等组成的调查组，已初步查明导致异味的为特定自然气候条件下藻类厌氧降解产生的硫醚类物质，具体原因正在进一步溯源调查中，有关结果将及时公布。目前网上谣言较多，关于“粪水”的网络谣言，警方已依法查处，请大家不信谣、不传谣。 对此事给广大居民群众生活带来的影响和不便，我们深表歉意，并将进一步加强管理、确保供水安全。 举报邮箱：jubao@vip.sina.com Copyright © 1996-2026 SINA Corporation All Rights Reserved 新浪公司 版权所有 ||| 潮新闻 2025-07-19 15:43发布于浙江潮新闻官方账号 潮新闻客户端 记者 7月16日8时，仁和水厂发现水质嗅味指标异常，经采样分析确认后随即启动供水突发事件应急预案，切换水源，供水水质得到有效控制，出厂水质安全。情况发生后，立即启动调查程序，并成立由国家、省级专家等组成的调查组，已初步查明导致异味的为特定自然气候条件下藻类厌氧降解产生的硫醚类物质，具体原因正在进一步溯源调查中，有关结果将及时公布。目前网上谣言较多，关于“粪水”的网络谣言，警方已依法查处，请大家不信谣、不传谣。 对此事给广大居民群众生活带来的影响和不便，我们深表歉意，并将进一步加强管理、确保供水安全。 “转载请注明出处” ||| 杭州余杭区政府今天就仁和街道及良渚街道部分区域出现自来水气味异常发布情况通报： 7月16日8时，仁和水厂发现水质嗅味指标异常，经采样分析确认后随即启动供水突发事件应急预案，切换水源，供水水质得到有效控制，出厂水质安全。情况发生后，立即启动调查程序，并成立由国家、省级专家等组成的调查组，已初步查明导致异味的为特定自然气候条件下藻类厌氧降解产生的硫醚类物质，具体原因正在进一步溯源调查中，有关结果将及时公布。目前网上谣言较多，关于“粪水”的网络谣言，警方已依法查处，请大家不信谣、不传谣。 对此事给广大居民群众生活带来的影响和不便，我们深表歉意，并将进一步加强管理、确保供水安全。 此前报道 7月16日上午，杭州市余杭区仁和街道及良渚街道部分区域出现自来水气味异常。继7月16日晚，杭州余杭水务控股集团有限公司回应后，7月17日该公司再次回应，7月16日切换水源，仁和水厂主管网恢复正常后，目前已完成对各支管和二供水箱的冲洗。经检测，仁和街道、良渚街道的水质已经恢复，用户可以正常使用。在使用前，请用户对“存水”进行排放。为弥补用户损失，该公司将会给予7月份每户5吨水费的减免。 记者致电该公司相关负责人时，对方表示，目前具体原因仍在进一步调查中。 更多热点速报、权威资讯、深度分析尽在北京日报App 来源：北京日报 流程编辑：U022 举报邮箱：jubao@vip.sina.com Copyrigh,mainstream_news ||| mainstream_news ||| mainstream_news ||| mainstream_news ||| mainstream_news ||| mainstream_news ||| mainstream_news ||| mainstream_news ||| mainstream_news ||| mainstream_news ||| mainstream_news ||| mainstream_news ||| social_media ||| mainstream_news ||| mainstream_news ||| mainstream_news,https://k.sina.com.cn/article_1617264814_606580ae02002bkki.html?from=news&subch=onews ||| https://k.sina.com.cn/article_2810373291_a782e4ab01902qcei.html?from=news&subch=onews ||| https://news.ycwb.com/ikinvkltjb/content_53546664.htm ||| https://news.china.com/social/1007/20250719/48628951.html ||| https://k.sina.com.cn/article_1652484947_627eeb5302001qnuc.html?from=news&subch=onews ||| https://news.voc.com.cn/news/202507/29990832.html ||| https://www.sohu.com/a/915508502_120094090?edtsign=E348B9653A861AEC1A04075B3B845F240FBAAE2B&edtcode=i8%2FsYUCbzZnHdceuO53lHAa2oN2%2BAMpMDyHU9tYktFw%3D&scm=10001.280_14-200000.0.0. ||| https://m.gmw.cn/2025-07/19/content_1304087339.htm ||| http://www.eeo.com.cn/2025/0719/739694.shtml ||| https://finance.eastmoney.com/a/202507193461833152.html ||| https://k.sina.com.cn/article_1644114654_61ff32de0190201uq.html?from=news&subch=onews ||| https://k.sina.com.cn/article_1644114654_61ff32de0200201uo.html?from=news&subch=onews ||| https://www.163.com/dy/article/K4RE99LU0519DDQ2.html ||| https://k.sina.com.cn/article_5044281310_12ca99fde02002edc6.html?from=news&subch=onews ||| https://news.qq.com/rain/a/20250719A06VGN00 ||| https://k.sina.com.cn/article_1617264814_606580ae02002bkio.html?from=news&subch=onews,10,silver_candidate,standard_review,0.160,low,short_candidate_text,accept,,,,,,政府通报原文直接印证警方依法查处“粪水”谣言事实，表述与中性情感准确。,annotator_A,adjudicated_final,annotator_A
E003,LLM_CANON_E003_002,深圳新华城房地产有限公司（原开发商）,因资金链断裂与市场低迷陷入财务困境，导致项目停工且无力按约支付过渡安置费。,negative,证据明确指出原实施主体（深圳新华城房地产有限公司）存在资金短缺与财务困境，直接导致项目推进停滞及过渡费拖欠。,SC_E003_002,开发商;原实施主体;深圳新华城房地产有限公司;项目单位,True,,ev-00056;ev-00059;ev-00060;ev-00061;ev-00062;ev-01440,"最近热心粉丝爆料：金钻豪园开发商拆迁户的22年的过渡安置费，开发商还未支付； 去年项目已经停工一段时间，见首轮哥公众号文章： 罗湖金钻豪园安居房，现在进度如何了？ 对金钻豪园安居房不了解的可以看之前首轮哥公众号的文章： 金钻豪园1| 金钻豪园2 | 金钻豪园3 后面恢复开工，但是现在23年了，连拆迁户的22年的过渡安置费都拖欠，项目即使开工，是否能有足够的资金保障按时完工是有疑问的； 建议大家做好项目较长时间配售的心理准备，有其它备选项目配售时该买就先买了； ▲以上为去年10月底热心粉丝拍摄返回搜狐，查看更多 ||| 手机看新闻 楼市低迷，城市更新项目的推进也受到了严重影响，深圳不少居民面临过渡安置费无法按时支付的困境。所谓的过渡安置费，就是开发商在拆迁期间对原业主的补偿费用。在深圳，很多城市更新项目的过渡安置费是按照被拆迁房屋的面积来算的，比如深圳市龙岗区的一些项目过渡安置费是“20元/月·平方米”。 金钻豪园位于罗湖区翠竹街道，被称为“深圳最难改造”的旧小区之一。从2010年列入改造范围，到2018年才确认项目实施主体，2019年正式开工，但截至2024年项目还未交付。而从2020年开始，金钻豪园的过渡费就没有按合同规定发放。罗湖区翠竹街道信访办回应称，项目单位存在资金短缺问题，区政府已经成立工作专班，正在努力协调解决资金问题，确保项目顺利推进和支付过渡费。 类似的情况在深圳并不少见，如龙岗区五联竹头背、岭背坑旧改项目、龙东社区上井地块土地整备利益统筹项目，甚至曾被称为“旧改之王”的佳兆业集团也陷入了城市更新项目推进不畅的困境。多个项目因资金链紧张而拖欠过渡费，开发进度也大幅放缓。 深圳的旧改项目陷入困境，居民的过渡安置费无法按时支付，背后原因复杂。首先，房地产市场环境严峻，开发商资金链紧张，导致项目推进困难。其次，随着深圳人才房和保障房的入市，市场对旧改项目的需求也在下降。此外，旧改后的商品房市场销售收入不足以覆盖项目成本，开发商缺乏动力继续推进城市更新。地方政府虽然在积极协调解决、引入国 ||| 最近热心粉丝爆料：金钻豪园开发商拆迁户的22年的过渡安置费，开发商还未支付； 去年项目已经停工一段时间，见首轮哥公众号文章： 罗湖金钻豪园安居房，现在进度如何了？ 对金钻豪园安居房不了解的可以看之前首轮哥公众号的文章： 金钻豪园1| 金钻豪园2 | 金钻豪园3 后面恢复开工，但是现在23年了，连拆迁户的22年的过渡安置费都拖欠，项目即使开工，是否能有足够的资金保障按时完工是有疑问的； 建议大家做好项目较长时间配售的心理准备，有其它备选项目配售时该买就先买了； ▲以上为去年10月底热心粉丝拍摄 ||| 深圳的城市更新项目推进遇阻,不少居民面临过渡安置费拖欠问题。资金紧缺、市场低迷成主要原因, 开发商 放慢了更新步伐,多项目停工。官方正在逐步协调解决,试图引入国企盘活项目,但进展缓慢。 楼市低迷,城市 ||| 深圳的城市更新项目推进遇阻,不少居民面临过渡安置费拖欠问题。资金紧缺、市场低迷成主要原因, 开发商 放慢了更新步伐,多项目停工。官方正在逐步协调解决,试图引入国企盘活项目,但进展缓慢。 楼市低迷,城市 ||| 中国财富网 2025-11-21 21:14发布于浙江中国财富传媒集团官方账号 困扰600余户回迁业主多年的深圳市罗湖区金钻豪园城市更新项目，近日取得了突破性进展。在多方的共同努力下，该项目正式签署了盘活合作协议，成功引入中信城开、中信金融资产联合体作为新的合作主体。这标志着这个长期停滞的“硬骨头”项目全面重启，让业主的安居梦想看到了曙光。 金钻豪园项目位于罗湖区水贝珠宝核心商圈，毗邻地铁3/7号线田贝站，是深圳首批列入城市更新计划的住宅类改造项目之一。项目拆除范围用地面积约3.2万㎡，建设用地面积约2.8万㎡，分两期实施。其中，一期计容建面约20.8万㎡，涵盖住宅、安居型商品房、商业等多种业态。然而，由于原实施主体陷入财务困境，项目自多年前便全面停滞，致使大量回迁业主的安置问题长期悬而未决，成为影响区域民生与社会稳定的一大难题。 面对这一复杂困局，罗湖区政府高度重视，迅速成立区级工作专班，进行统筹协调，并积极引入优质市场主体。今年3月，中信城开联合中信金融资产受邀介入。凭借其在资源整合、风险管控和项目操盘方面的专业优势，创新性地提出“金融支持+风险隔离+资产管理”的协同化险方案。 该方案通过“风险梯度分配、税负优化”等核心策略，有效化解了项目复杂的历史遗留问题。经过多轮市场遴选，由中信城开联合中信金融资产、深圳资产、罗湖投控、建元信托、特区新华城等共同组成的联合体成功中标。6月，",mainstream_news ||| mainstream_news ||| mainstream_news ||| mainstream_news ||| mainstream_news ||| mainstream_news,https://news.sohu.com/a/654223283_121314735 ||| https://sz.news.fang.com/open/51083915.html ||| https://m.sohu.com/a/654223283_121314735/?pvid=000115_3w_a ||| https://m.fang.com/news/bj/03_51083915.html ||| https://m.fang.com/news/sz/03_51083915.html ||| https://news.qq.com/rain/a/20251121A06X3800,5,silver_candidate,standard_review,0.120,low,single_source_type,accept,,,,,,证据链清晰指向原实施主体资金困境导致停工与过渡费拖欠，逻辑与负面情感成立。,annotator_A,adjudicated_final,annotator_A
E003,LLM_CANON_E003_003,罗湖区翠竹街道及罗湖区政府（含区级工作专班）,确认项目资金短缺问题，已成立专班统筹协调，并通过引入新合作主体签署盘活协议，以解决资金缺口并推进过渡费支付与项目重启。,neutral,街道信访办及区政府公开回应资金问题，成立工作专班介入协调，并成功引入中信联合体签署盘活合作协议，推动项目全面重启。,SC_E003_003,翠竹街道;罗湖区政府;区级工作专班;官方;罗湖区城市更新和土地整备局,True,,ev-00059;ev-00061;ev-00062;ev-01440;ev-01442,"手机看新闻 楼市低迷，城市更新项目的推进也受到了严重影响，深圳不少居民面临过渡安置费无法按时支付的困境。所谓的过渡安置费，就是开发商在拆迁期间对原业主的补偿费用。在深圳，很多城市更新项目的过渡安置费是按照被拆迁房屋的面积来算的，比如深圳市龙岗区的一些项目过渡安置费是“20元/月·平方米”。 金钻豪园位于罗湖区翠竹街道，被称为“深圳最难改造”的旧小区之一。从2010年列入改造范围，到2018年才确认项目实施主体，2019年正式开工，但截至2024年项目还未交付。而从2020年开始，金钻豪园的过渡费就没有按合同规定发放。罗湖区翠竹街道信访办回应称，项目单位存在资金短缺问题，区政府已经成立工作专班，正在努力协调解决资金问题，确保项目顺利推进和支付过渡费。 类似的情况在深圳并不少见，如龙岗区五联竹头背、岭背坑旧改项目、龙东社区上井地块土地整备利益统筹项目，甚至曾被称为“旧改之王”的佳兆业集团也陷入了城市更新项目推进不畅的困境。多个项目因资金链紧张而拖欠过渡费，开发进度也大幅放缓。 深圳的旧改项目陷入困境，居民的过渡安置费无法按时支付，背后原因复杂。首先，房地产市场环境严峻，开发商资金链紧张，导致项目推进困难。其次，随着深圳人才房和保障房的入市，市场对旧改项目的需求也在下降。此外，旧改后的商品房市场销售收入不足以覆盖项目成本，开发商缺乏动力继续推进城市更新。地方政府虽然在积极协调解决、引入国 ||| 深圳的城市更新项目推进遇阻,不少居民面临过渡安置费拖欠问题。资金紧缺、市场低迷成主要原因, 开发商 放慢了更新步伐,多项目停工。官方正在逐步协调解决,试图引入国企盘活项目,但进展缓慢。 楼市低迷,城市 ||| 深圳的城市更新项目推进遇阻,不少居民面临过渡安置费拖欠问题。资金紧缺、市场低迷成主要原因, 开发商 放慢了更新步伐,多项目停工。官方正在逐步协调解决,试图引入国企盘活项目,但进展缓慢。 楼市低迷,城市 ||| 中国财富网 2025-11-21 21:14发布于浙江中国财富传媒集团官方账号 困扰600余户回迁业主多年的深圳市罗湖区金钻豪园城市更新项目，近日取得了突破性进展。在多方的共同努力下，该项目正式签署了盘活合作协议，成功引入中信城开、中信金融资产联合体作为新的合作主体。这标志着这个长期停滞的“硬骨头”项目全面重启，让业主的安居梦想看到了曙光。 金钻豪园项目位于罗湖区水贝珠宝核心商圈，毗邻地铁3/7号线田贝站，是深圳首批列入城市更新计划的住宅类改造项目之一。项目拆除范围用地面积约3.2万㎡，建设用地面积约2.8万㎡，分两期实施。其中，一期计容建面约20.8万㎡，涵盖住宅、安居型商品房、商业等多种业态。然而，由于原实施主体陷入财务困境，项目自多年前便全面停滞，致使大量回迁业主的安置问题长期悬而未决，成为影响区域民生与社会稳定的一大难题。 面对这一复杂困局，罗湖区政府高度重视，迅速成立区级工作专班，进行统筹协调，并积极引入优质市场主体。今年3月，中信城开联合中信金融资产受邀介入。凭借其在资源整合、风险管控和项目操盘方面的专业优势，创新性地提出“金融支持+风险隔离+资产管理”的协同化险方案。 该方案通过“风险梯度分配、税负优化”等核心策略，有效化解了项目复杂的历史遗留问题。经过多轮市场遴选，由中信城开联合中信金融资产、深圳资产、罗湖投控、建元信托、特区新华城等共同组成的联合体成功中标。6月， ||| “如果能象木头龙一样，由政府帮我们解决钉子户房屋征收问题，我们这些漂泊在外的人离回家的时间就又近一些了。”罗湖区金钻豪园项目的一位业主说。为了解决金钻豪园二期的钉子户问题，小区已签约的业主多次向罗湖区有关部门提出诉求，希望复制“木头龙模式”。6月23日得到了一个罗湖区城市更新和土地整备局的口头答复，将按市、区的统一部署，积极研究金钻豪园纳 入零星急需项目的可行性。 罗湖区城市更新和土地整备局工作人员在向业主解释政策 与木头龙共同列入首批城市更新单元计划 金钻豪园项目位于罗湖区翠竹街道，翠竹路东侧，太宁路南侧，翠竹公园和 大头岭住宅区北侧，五方家居装饰材料广场西侧。拟拆除重建用地面积3.28万㎡， 开发建面2.79万㎡，规划计容总建面22.28万㎡，打造集住宅、商业为一体的大型综合体项目。2010年，金钻豪园与木头龙、南苑新村、鹤塘小区、华泰小区、龙溪花园、海涛花园和桥东片区被列入深圳城市更新单元第一批计划的旧住宅小区改造项目。 金钻豪园一期已经开工 项目最早于2005年由开发商介入摸底，2012年开始入驻拆迁，但由于5%的拆迁面积未能谈妥拆迁补偿而停滞 ；2015年，原开发商深圳市翠芳园投资开发有限公司资金链断裂退出，由债权人之一深圳经济特区新华城有限公司接手。建成后，项目住宅建面为185200㎡（含安居商品房44059㎡），裙楼商业4633㎡、公共配套5940㎡（包括9班幼儿园、",mainstream_news ||| mainstream_news ||| mainstream_news ||| mainstream_news ||| mainstream_news,https://sz.news.fang.com/open/51083915.html ||| https://m.fang.com/news/bj/03_51083915.html ||| https://m.fang.com/news/sz/03_51083915.html ||| https://news.qq.com/rain/a/20251121A06X3800 ||| https://sz.oeeee.com/html/202006/24/951752.html,4,silver_candidate,standard_review,0.120,low,single_source_type,accept,,,,,,证据明确记载街道/区政府成立专班协调资金及引入新主体签署盘活协议，事实无误。,annotator_A,adjudicated_final,annotator_A
E004,LLM_CANON_E004_005,已签约村民/周边居民,期盼早日回迁安置，同时对拆除作业中相邻未签约房屋缺乏安全围蔽可能危及自身房屋安全表示担忧。,mixed,社区措施旨在保障已签约村民早日回迁，而社交媒体反馈显示周边村民对施工安全围蔽不足存在明确担忧。,SC_E004_005,已签约村民;现场村民,True,,ev-00076;ev-00084,"用微信扫码二维码 分享至好友和朋友圈 横沙社区 是广州市最早一批 进行更新改造的城中村 在城市更新的大浪潮中 城区面貌有了明显改善 近日 横沙旧改进度条再刷新！ 快跟小编到现场一探究竟 近日，大沙街横沙城中村改造项目安置区3A-1、3B-1地块房屋进行了集中拆除。预计该地块房屋全部拆除后，将复建1058套回迁房。 本次拆除行动地块已于2017年取得区政府发放的改造通告，但受到未签约户主的影响，迟迟无法开工建设。此次行动拆除的房屋，均已签订拆迁安置及交屋协议。由于临近未签约4户留守户提出超纲要求，且多次阻挠拆除工作进行，为加快推动安置房的建设，同时确保本次集中拆除行动高效完成，经过大量充分的准备工作，决定开展本次集中拆除行动。 多措并举 拆除工作安全有序 为了让已签约村民早日回迁 同时保障留守户人身及房屋安全 横沙社区与施工方多措并举 将旧改工作顺利推进 1 提前告知，专人上门以书面及口头告知有关拆除行动注意事项。 2 妥善安置，提供星级酒店作为临时居住方案供留守户选择。 3 生活保障，为了保障留守户基本生活顺畅，在其房屋周边设有畅通的出入口。 4 安全施工，施工过程将沿留守户房屋邻侧立面、进出巷道及造成影响的位置，搭建刚性防护棚，最大程度保障留守户房屋及人身安全。 拆除顺利完成的消息传出后，所有支持旧改、希望早日迎来美好生活的村民都拍手称快。相关部门将继续做好留守户的动员工作，争取 ||| 今天早上,事发广州黄埔区横沙村的旧改拆迁现场,可以看到挖机已就位,准备拆迁作业有村民发现,与被拆迁的房屋相邻的还有一间没有签约的房屋,但村民直言,房屋并没做足安全的围蔽处理,怕危及到未签的房屋,“连排",social_media ||| social_media,https://www.163.com/dy/article/FLUHJBVC0514E3L7.html ||| https://www.toutiao.com/article/7114580065253638687/,2,silver_candidate,standard_review,0.120,low,single_source_type,accept,,,,,,证据涵盖回迁期盼与安全围蔽担忧，混合情感判定合理，关键诉求均有支撑。,annotator_A,adjudicated_final,annotator_A
E007,LLM_CANON_E007_001,蓝色康园小区业主,质疑物业费未经公示和签订新合同擅自上涨，反映物业占用公共花园改建员工宿舍且未公示相关水电费，并指出小区后门无人值守及地下车库停放电动车等安全隐患，要求物业整改并公开费用明细。,negative,证据显示业主集中反映物业费从1元多涨至2元多且无新合同，怀疑偷偷涨价；同时指出公共空间被占用、水电费未公示及多处安全隐患。,SC_E007_001,业主;业主们;业主黄先生,True,,ev-00136;ev-00137;ev-00139,您当前的位置： 新闻中心 > 社会 近日，广州海珠区蓝色康园小区的业主向新快报记者反映，小区物业疑似占用公共空间做宿舍，并在公共区域堆放杂物等，且当中产生的水电费并没有公示，业主们怀疑这些费用被均算，作为公摊费用向所有业主进行收费。记者走访该小区时发现，小区空中花园有人居住的痕迹，房间旁边晾晒着安保人员的制服，有人在房间外的灶台处做饭。还有业主反映，小区后门时常无人值守，地下停车场停放了电动自行车等问题，都令业主们感到存在安全隐患。（编辑：琳琳） 发布于2020-04-24 13:52:33 发布于2020-04-24 13:52:32 发布于2020-04-24 11:37:00 发布于2020-04-24 11:35:00 发布于2020-04-24 11:38:57 发布于2020-04-24 11:22:10 发布于2020-04-24 11:22:10 发布于2020-04-24 11:22:09 安徽法治政府建设成效 | 从 “纸上条文” 到 “民心温度” 牢记嘱托 感恩奋进——安徽往前赶｜“凭空成像” 这家安徽企业将科幻变现实 新一代无人驾驶“空中的士”亮相 江淮粮仓“芯”动力 中安观察 | 江豚“归”话：一位巡护员眼中的长江之变 安徽法治政府建设成效 | 从 “纸上条文” 到 “民心温度” 牢记嘱托 感恩奋进——安徽往前赶｜“凭空成像” 这家安徽企业将科幻变现实 新 ||| 近日，广州海珠区蓝色康园小区的业主向新快报记者反映，小区物业疑似占用公共空间做宿舍，并在公共区域堆放杂物等，且当中产生的水电费并没有公示，业主们怀疑这些费用被均算，作为公摊费用向所有业主进行收费。记者走访该小区时发现，小区空中花园有人居住的痕迹，房间旁边晾晒着安保人员的制服，有人在房间外的灶台处做饭。还有业主反映，小区后门时常无人值守，地下停车场停放了电动自行车等问题，都令业主们感到存在安全隐患。（编辑：琳琳） 编辑： 章嘉奕 更多精彩内容请进入频道查看 ||| 业主反映蓝色康园物业方存在多种问题，市物管协会正在督促该小区物业方尽快整改 原本每平方米一块多的物业费，如今涨到了两块多，又看不到新合同，业主们怀疑物业偷偷涨价。前段时间，广州市海珠区赤岗街道蓝色康园小区的业主就碰上这种事情。据业主们反映，该小区的物业公司——广州市瑞丰物业管理有限公司（下称“瑞丰物业”）还存在用公共区域改造成员工宿舍和安全疏忽等多项问题。 近日，记者对该小区展开走访，也向物业公司进行了询问。物业公司回复向新快报记者称，发给部分业主的“违约金”不针对当个月，而是属于上一阶段2、3月份没有及时缴纳所产生的违约金；员工宿舍属于公共用地，水电未纳入业主公摊中。广州市物业管理协会引用相关条例指出，物业不得直接收取违约金，并且不能私自调整收费标准。 业主反映 物业提前收取物业费 还收取业主水费违约金 5月23日，记者来到位于海珠区滨江东路的蓝色康园小区。业主黄先生（化姓）告诉新快报记者，他每月都有按时缴费，此前不存在欠费行为。他提供的收费单显示，瑞丰物业在2025年5月3日发交款通知书时，要求黄先生缴纳2025年5月的物业服务费违约金，同时还要预收5-6月的物业服务费。 业主小敏（化名）也收到了缴费通知，但她打电话向供水公司确认过，并不存在欠缴水费的情况，却被物业要求交水费违约金以及预收5-6月的物业服务费。小敏质疑：“物业是否有权利直接在缴费单上收违约金？而且还是收的水费违,mainstream_news ||| mainstream_news ||| mainstream_news,http://news.anhuinews.com/shehui/202506/t20250611_8545331.html ||| http://api.app.anhuinews.com/content/8545252.html ||| https://k.sina.com.cn/article_1652484947_627eeb5302001q30e.html?from=news&subch=onews,3,silver_candidate,standard_review,0.120,low,single_source_type,accept,,,,,,证据全面覆盖物业费质疑、公摊占用及安全隐患投诉，事实与负面情感匹配充分。,annotator_A,adjudicated_final,annotator_A
E010,LLM_CANON_E010_002,百家坊未来社区项目建设单位/施工方,按计划推进各标段主体结构与二次结构施工，承诺分期完工（一期预计2024年4月或年底具备验收条件，二期预计2024年9月，整体2025年全面建成）。,neutral,多篇进展报道显示项目分标段施工，各参建单位正进行装饰装修及主体结构建设，并给出明确的分阶段完工时间节点。,SC_E010_002,参建单位;项目施工方,True,,ev-01562;ev-01563;ev-01564;ev-01565,买新房 买二手房 找租房 房贷计算器 地图找房 查房价 我的消息 楼盘图库 建材 房产超市 房超经纪人 房超置业顾问 看 百家坊未来社区最新进展来了~ 百家坊未来社区项目位于智慧新城百家坊片区，为全拆重建类安置小区项目，被纳入浙江省第三批未来社区试点名单，于2022年3月开工建设，目前项目进展情况如何？一起看看去。 2025年全面建成 随着最后一方混凝土浇筑完成，百家坊未来社区三期项目一标段11栋住宅楼和1所幼儿园的主体结构全面封顶，提前28天完成项目建设第二个里程碑节点计划。 百家坊未来社区三期项目分为两个标段进行施工，一标段目前全面进入二次结构施工，今年11月下旬二标段也将完成主体结构施工，进入二次结构施工阶段。 项目一期将于今年年底具备验收条件，小区风貌初现。二期项目2024年4月底达到竣工验收条件，整个项目将于2025年全面建成。 项目介绍 住宅 百家坊未来社区项目位于智慧大道以西、320国道以北、皂角村以东、双叶线以南，总规划占地56.66公顷，项目主要包括98幢安置房、1所小学、2所幼儿园、邻里中心及其他公共配套。 来源：衢州智慧新城管理委员会 律师声明：凡注明“来源：房产超市网”的所有文字图片等资料，版权均属房产超市网所有，未经许可请勿转载刊登；资讯信息仅供参考，内容不代表房产超市网观点。 1 分钟前 139****9686 已经发送申请 1 分钟前 151****3 ||| 看 百家坊未来社区最新进展来了~ 百家坊未来社区项目位于智慧新城百家坊片区，为全拆重建类安置小区项目，被纳入浙江省第三批未来社区试点名单，于2022年3月开工建设，目前项目进展情况如何？一起看看去。 2025年全面建成 随着最后一方混凝土浇筑完成，百家坊未来社区三期项目一标段11栋住宅楼和1所幼儿园的主体结构全面封顶，提前28天完成项目建设第二个里程碑节点计划。 百家坊未来社区三期项目分为两个标段进行施工，一标段目前全面进入二次结构施工，今年11月下旬二标段也将完成主体结构施工，进入二次结构施工阶段。 项目一期将于今年年底具备验收条件，小区风貌初现。二期项目2024年4月底达到竣工验收条件，整个项目将于2025年全面建成。 项目介绍 住宅 百家坊未来社区项目位于智慧大道以西、320国道以北、皂角村以东、双叶线以南，总规划占地56.66公顷，项目主要包括98幢安置房、1所小学、2所幼儿园、邻里中心及其他公共配套。 来源：衢州智慧新城管理委员会 新城·建设丨衢州职业技术学院新校区抢先看！ 城区新房&二手房2025年1-4月成交 城区新房及二手房2025年1-12月成交 ||| 5月24日，衢小布走进百家坊未来社区项目现场，工地上大型运输车辆来回穿梭，塔吊机来回运转，一片繁忙的施工景象。 01 项目进展 已关注 关注 重播分享赞 关闭 观看更多 更多 正在加载 正在加载 退出全屏 视频加载失败，请刷新页面再试 刷新 视频详情 衢州智慧新城百家坊社区项目是全拆重建类安置小区项目，是浙江省第三批未来社区试点创建项目，也是备受关注的重点民生工程。项目自2022年3月开工以来，各参建单位团结协作，紧盯目标、攻坚克难，合力高效推进工程建设，全力以赴确保项目如期完工。 项目一期共25栋建筑1552套住房，均为地上11层，面积从60㎡到130㎡不等。目前1000余名工人正在进行装饰装修作业，外墙粉刷全部完成，内墙粉刷完成60%左右，电梯间等公共部分刚进入装修阶段。预计2024年4月完工。 在项目二期现场，一台台塔吊交错运转，运输着各种建材，工人们钢筋绑扎、垒砖砌墙，正在紧张进行地上主体结构建设的作业，预计7月底主体结构封顶。二期有29栋住宅共1360套住房，预计2024年9月完工。 项目三期主要包含23栋住宅共1230套住房加一所12班幼儿园，目前正在进行地基等基础施工，预计9月完成正负零施工，2025年2月完工。 36班小学项目建设也在顺利推进中，目前地下室三号四号楼已完成打桩，一号楼二号楼则正在打桩工程中，预计春节前完成主体结构，整个项目将于2025年4月底完工。  ||| 看 百家坊未来社区最新进展来了~ 已关注 关注 重播分享赞 关闭 观看更多 更多 正在加载 正在加载 退出全屏 视频加载失败，请刷新页面再试 刷新 视频详情 百家坊未来社区项目位于智慧新城百家坊片区，为全拆重建类安置小区项目，被纳入浙江省第三批未来社区试点名单，于2022年3月开工建设，目前项目进展情况如何？一起看看去。 2025年全面建成 随着最后一方混凝土浇筑完成，百家坊未来社区三期项目一标段11栋住宅楼和1所幼儿园的主体结构全面封顶，提前28天完成项目建设第二个里程碑节点计划。 百家坊未来社区三期项目分为两个标段进行施工，一标段目前全面进入二次结构施工，今年11月下旬二标段也将完成主体结构施工，进入二次结构施工阶段。 项目一期将于今年年底具备验收条件，小区风貌初现。二期项目2024年4月底达到竣工验收条件，整个项目将于2025年全面建成。 项目介绍 住宅 小学 幼儿园 百家坊未来社区项目位于智慧大道以西、320国道以北、皂角村以东、双叶线以南，总规划占地56.66公顷，项目主要包括98幢安置房、1所小学、2所幼儿园、邻里中心及其他公共配套。 已关注 关注 重播分享赞 关闭 观看更多 更多 正在加载 正在加载 退出全屏 视频加载失败，请刷新页面再试 刷新 视频详情 已关注 关注 重播分享赞 关闭 观看更多 更多 正在加载 正在加载 退出全屏 视频加载失败，请刷新页面再试 刷新 ,forum ||| forum ||| forum ||| forum,https://m.fccs.com/qz/news/t/9127810.html ||| https://qz.fccs.com/news/9127810.html ||| https://www.sohu.com/a/678567536_121117476 ||| https://www.sohu.com/a/737534870_121117476/,3,silver_candidate,standard_review,0.120,low,single_source_type,accept,,,,,,进展报道明确列出各标段施工状态与分期完工节点，核心事实与中性情感准确。,annotator_A,adjudicated_final,annotator_A
E014,LLM_CANON_E014_002,南宁三中初中部五象校区,配合警方介入调查该起校外欺凌事件。,neutral,多家新闻媒体在报道中明确指出，事件发生后当地警方与学校均已介入调查。,SC_E014_002,学校;南宁三中初中部,True,,ev-00303;ev-00304;ev-01636;ev-01639;ev-01643;ev-01644,新媒体端口 数字报 无障碍 日前，网上有视频显示，广西南宁发生一起疑似校园欺凌事件。记者多方采访了解并证实，该视频内容为4月18日南宁三中初中部五象校区学生在校外遭遇的一起欺凌事件。 据了解，4月18日下午放学后，南宁三中初中部五象校区的两名学生以归还手机为由，带另一名学生至附近一公园，协同多名外校学生对该学生进行欺凌，并录制手机视频。 目前，当地警方和学校已介入调查。 （央视新闻客户端 总台记者 李健飞 傅琦恩） 最近，电影《给阿嬷的情书》票房继续高歌猛进。据灯塔专业版实时数据，截至5月25日17时25分，影片票房突破11亿元。 近日，国家药品监督管理局、公安部、国家禁毒委员会办公室联合发布《关于进一步加强普瑞巴林等药品管理的通告》，对普瑞巴林口服单方制剂、愈美制剂加大监管力度。为全面落实国家药品管控部署，切实筑牢全市药品零售安全防线，防范化解药品滥用风险，广州市市场监督管理局快速响应，全域推进，统筹实施监管举措。 近日，全国数据“标准周”专题调研活动走进广州市白云区。国家数据局、商务部及18个省区市、兵团共50名相关部门代表，实地走访魅视科技总部，考察其依托实景数据底座，在高质量数据集建设、垂域模型研发、AI技术落地及智慧城市应用方面的创新成果，了解白云区以开放数据培育企业和赋能治理的政企协同路径，对白云区“数据筑基、技术引领、治理增效、产业升级”的创新模式给予肯定。 5月24 ||| 界面快报·来源：界面新闻 据央视新闻，日前，网上有视频显示，广西南宁发生一起疑似校园欺凌事件。记者多方采访了解并证实，该视频内容为4月18日南宁三中初中部五象校区学生在校外遭遇的一起欺凌事件。 据了解，4月18日下午放学后，南宁三中初中部五象校区的两名学生以归还手机为由，带另一名学生至附近一公园，协同多名外校学生对该学生进行欺凌，并录制手机视频。 目前，当地警方和学校已介入调查。 评论 上海界面财联社科技股份有限公司 版权所有 © 2014-2026 JIEMIAN.COM ||| 日前，网上有视频显示，广西南宁发生一起疑似校园欺凌事件。记者多方采访了解并证实，该视频内容为4月18日南宁三中初中部五象校区学生在校外遭遇的一起欺凌事件。 据了解，4月18日下午放学后，南宁三中初中部五象校区的两名学生以归还手机为由，带另一名学生至附近一公园，协同多名外校学生对该学生进行欺凌，并录制手机视频。 目前，当地警方和学校已介入调查。 24小时滚动播报最新的财经资讯和视频，更多粉丝福利扫描二维码关注（sinafinance） 网友提问：@@=value.question$$ 老师回答：@@=value.answer$$ @@=value.title$$ 新浪财经意见反馈留言板 新浪简介|广告服务|About Sina 联系我们|招聘信息|通行证注册 产品答疑|网站律师|SINA English Copyright © 1996-2024 SINA Corporation All Rights Reserved 新浪公司 版权所有 ||| 登录 日前，网上有视频显示，广西南宁发生一起疑似校园欺凌事件。记者多方采访了解并证实，该视频内容为4月18日南宁三中初中部五象校区学生在校外遭遇的一起欺凌事件。 据了解，4月18日下午放学后，南宁三中初中部五象校区的两名学生以归还手机为由，带另一名学生至附近一公园，协同多名外校学生对该学生进行欺凌，并录制手机视频。 目前，当地警方和学校已介入调查。 Android版 iPhone版 iPad版 沪ICP备14003370号 沪公网安备31010602000299号 互联网新闻信息服务许可证：31120170006 增值电信业务经营许可证：沪B2-2017116 © 2014-2026 上海东方报业有限公司 ||| 新京报讯 4月29日，良庆警方官微发布情况通报。全文如下： 4月18日，一名初中女生在良庆大道某小区旁，被多人欺负殴打。接到报警后，我分局立即开展调查处理，依法对涉案的8人作出行政拘留等处罚，相关工作正在进一步开展中。 警方坚决依法打击各类侵害未成年人合法权益的违法犯罪行为，切实保护未成年人的身心健康。 南宁市公安局良庆分局 2024年4月29日 此前据央视新闻报道，日前，网上有视频显示，广西南宁发生一起疑似校园欺凌事件。记者多方采访了解并证实，该视频内容为4月18日南宁三中初中部五象校区学生在校外遭遇的一起欺凌事件。据了解，4月18日下午放学后，南宁三中初中部五象校区的两名学生以归还手机为由，带另一名学生至附近一公园，协同多名外校学生对该学生进行欺凌，并录制手机视频。当地警方和学校已介入调查。 编辑 李忆林子 举报邮箱：jubao@vip.sina.com Copyright © 1996-2024 SINA Corporation All Rights Reserved 新浪公司 版权所有 ||| 新京报讯 4月29日，良庆警方官微发布情况通报。全文如下： 4月18日，一名初中女生在良庆大道某小区旁，被多人欺负殴打。接到报警后，我分局立即开展调查处理，依法对涉案的8人作出行政拘留等处罚，相关工作正在进一步开展中。 警方坚决依法打击各类侵害未成年人合法权益的违法犯罪行为，切实保护未成年人的身心健康。 南宁市公安局良庆分局 2024年4月29日 此前据央视新闻报道，日前，网上有视频显示，广西南宁发生一起疑似校园欺凌事件。记者多方采访了解并证实，该视频内容为4月18日南宁三中初中部五象校区学生在校外遭遇的一起欺凌事件。据了解，4月18日下午放学后，南宁三中初中部五象校区的两名学生以归还手机为由，带另一名学生至附近一公园，协同多名外校学生对该学生进行欺凌，并录制手机视频。当地警方和学校已介入调查。 编辑 李忆林子返回搜狐，查看更多,mainstream_news ||| mainstream_news ||| mainstream_news ||| mainstream_news ||| mainstream_news ||| mainstream_news,https://news.dayoo.com/society/202404/29/140000_54663434.htm ||| https://www.jiemian.com/article/11122766.html ||| https://finance.sina.com.cn/jjxw/2024-04-29/doc-inatnyit2869871.shtml ||| https://www.thepaper.cn/newsDetail_forward_27211168 ||| https://news.sina.com.cn/o/2024-04-29/doc-inatpers9551684.shtml ||| https://www.sohu.com/a/775203843_114988,6,silver_candidate,standard_review,0.120,low,single_source_type,accept,,,,,,多家媒体通报一致确认校方配合警方介入调查，表述简洁且证据覆盖完整。,annotator_A,adjudicated_final,annotator_A
E019,LLM_CANON_E019_004,门店员工/教师,反映被长期拖欠工资、社保及公积金，对门店突然停业感到焦虑，部分员工曾前往总部讨要说法但无果。,negative,多源证据交叉印证闭店门店员工普遍遭遇数月欠薪欠保，维权渠道受阻，且面临课时转移协调困难等衍生问题。,SC_E019_004,员工;老师;门店工作人员;前台,True,,ev-00458;ev-00459;ev-01673;ev-01676,安装新浪财经客户端第一时间接收最全面的市场资讯→【下载地址】 近日，美吉姆北京多家分店被曝关店停业，家长上万元课时费无处可退。2023年12月31日，美吉姆（中国）总部发布声明称，目前美吉姆（中国）仍然积极寻求各种措施支持加盟中心继续经营，并督促闭店、并店的美吉姆加盟中心妥善处理会员未消课时及员工安置补偿事宜，避免发生连锁效应。同时，已经成立了专项工作小组，配合各政府部门，共同协助加盟中心做好员工、会员家长的沟通与疏导。 据了解，北京美吉姆西直门、常营、昌平悦荟、清河万象汇、望京等多家门店暂停营业，为此，家长纷纷抱团维权。2023年12月26日，孩子家长反映，北京姚家园万象汇中心美吉姆店，前一天还在热热闹闹举办活动，第二天也就是26号就闭店了。不仅闭店毫无征兆，他们买的上万元课时费更是无处可退。 有消费者表示，美吉姆北京西直门凯德茂店也于12月26号突然关店，且数月未发员工工资社保，现在至少200个孩子无法上课，家长预付款至少200万，要求退款各种推诿扯皮。 还有家长曝光称，晚上六点还是“宝宝家长元旦愉快”，到了十点就变成“快来一起要钱”。 2023年12月31日，美吉姆（中国）总部发布声明称，美吉姆（中国）对北京地区部分美吉姆加盟中心近日闭店、并店事宜表示高度关注和重视。美吉姆（中国）与北京地区美吉姆加盟中心系授权合作关系，各加盟中心为独立经营主体，美吉姆（中国）为其提供品牌授权 ||| 用微信扫码二维码 分享至好友和朋友圈 刘昆说，这一年来，他一直在关注美吉姆各地的经营情况。今年上半年，在成都、上海等地曝出关停消息后，他也曾担心过自家孩子报名门店的经营情况，也想过是否有必要提早做准备。但当时也有家长提到，北京门店多作为直营店，“应该不会受到影响”。 然而，直到美吉姆常营华联中心关门，他也没有收到任何通知，截至目前，还有部分家长依然蒙在鼓里。 美吉姆北京多家门店关停的消息也影响了尚在营业的门店。12月28日，美吉姆凯德晶品中心店工作人员称，他们的门店经营正常，但也接到一些家长的咨询电话，甚至咨询退课的情况。 海淀一家加盟分店的员工表示，他们门店目前还有2000多名会员，目前也频繁收到咨询电话，“都是怕跑路，搞得我们也很头疼。” 上述两家门店员工均表示，如果想要将关闭门店的课程转过来，需要相关门店人员出面，与他们进行协调处理，“把课时费转给我们就行，但如果他们连员工的社保都无法缴纳，估计很难实现。” 家长希望尽早拿回剩余课时费 按照告知书的消息，美吉姆常营华联中心将同市场监管局、派出各方进行协商并制定后续会员的处理方案，但截至28日下午16时，该门店尚无结果反馈。部分家长还表示，他们给孩子预约的固定课，即便因关停无法上课，课时依然在消耗。 而姚家园万象汇分店家长提供的消息显示，海淀区公安分局等对美吉姆品牌投资人进行了当面询问。美吉姆股东代表表示，本周内将公示信息及有效 ||| 紧！急！提！醒！ 近日，被称为“早教第一股”的美吉姆 5家在京门店同时关门！ 4月1日， 北京方庄美吉姆，亦庄龙湖美吉姆， 金源居然之家美吉姆，蓝色港湾美吉姆， 大兴宜家中心美吉姆 发布官方公告宣布正式停业！ 公告中只提到后续转课事宜， 公司会派专门的工作人员来处理 如何退费是一点没提！ 不少家长说： “昨天老师还问我这周上不上课呢！” “还剩80多节课没上呢！” “上周还去问了上课安排， 谁知道就没有然后了！” “我最近刚去试听了美吉姆！” 👇👇👇 还有不少家长加入了维权群 想着人多力量大 看能不能把钱要回来！ 👇👇👇 但很多有类似经验的网友表示： 运气好能退回一半 运气不好， 就甭想无法退费维权了！ 👇👇👇 此次美吉姆暴雷的多家门店 还有不少员工被拖欠着 工资、社保、公积金 同样是维权无门！ 👇👇👇 据大众点评实时门店信息显示 除去此次暴雷的几家门店 目前北京还有多家美吉姆门店正在营业！ 👇👇👇 美吉姆全国多地深陷“关店潮” 其实早在去年 美吉姆就关闭了 在京的多家校区！ 北京西直门 望京凯德 姚家园万象汇 从2023年年初开始 全国各地爆出了大量美吉姆门店关闭的消息 不少学生家长反映出现退费困难 强制转课等情况 甚至有部分门店直接卷款跑路了！ 财报数据显示 2019年—2021年 美吉姆签约早教中心的数量分别为 524家、545家、562家 然而到了2023年上半年仅剩下40 ||| 用微信扫码二维码 分享至好友和朋友圈 美吉姆常营华联中心称，鉴于现阶段公司经营中遇到的诸多问题，他们向上市公司美吉姆提出借钱周转进行救助的需求，但多次沟通无果，被上市公司以无法扶持为由拒绝。由于实在无以为继，无法支付房租和员工工资、社保，故门店停止授课服务。经多方沟通，美吉姆常营华联门店投资人将于12月28日(本周四)，同市场监管局、派出所等各方进行协商并制定后续会员的处理方案。12月29日(本周五)，会安排相应工作人员逐一联系会员办理后续的转课事宜。 “我们联系不上美吉姆的官方人员，也不清楚接下来会怎么处理”，刘昆提供的一份由北京海融兴达商业管理有限公司发布的公告显示，美吉姆常营华联中心自2023年4月1日起拖欠其承租保证金、固定租金等费用73万余元，因此提醒顾客避免预付费消费等。 记者尝试联系美吉姆常营华联门店的工作人员，但多个电话均无人接听。有家长提到，实际上，门店的老师们也处于被欠薪、欠社保的状态。有老师曾去美吉姆总部讨要说法，但并没有结果。 值得关注的是，近日以来，北京美吉姆西直门、常营、昌平悦荟、清河万象汇、望京等多家门店也暂停歇业，为此，家长纷纷抱团维权。 得知消息后家长开始维权。图/网络 各地门店多有倒闭 公开资料显示，美吉姆（MyGym）早教品牌诞生于美国。2008年，曾在IBM、HP等公司工作的刘俊君及其他几人成立公司取得了美吉姆品牌在中国的授权，成为美吉姆在中,mainstream_news ||| mainstream_news ||| mainstream_news ||| mainstream_news,https://finance.sina.com.cn/chanjing/wddc/2024-01-04/doc-inaaimzf6347381.shtml ||| https://sd.china.com/shangye/20000940/20231231/25830498_2.html ||| https://www.sohu.com/a/769106343_121123811 ||| https://sd.china.com/shangye/20000940/20231231/25830498_1.html,3,silver_candidate,standard_review,0.120,low,single_source_type,accept,,,,,,多源报道交叉印证欠薪欠保事实及总部维权无果，情感与事实匹配，支持充分。,annotator_A,adjudicated_final,annotator_A
E024,LLM_CANON_E024_002,曲沃县天慈养老院（院方）,辩称捆绑老人系因其患有小脑萎缩和皮肤病，为防止其自伤而采取的措施，并说明老人入住仅一个多月。,neutral,院方/自称老院长的人员回应媒体称老人生活无法自理且患病，捆绑是为防自伤，并非虐待。,SC_E024_002,天慈养老院;某养老院;养老院;老院长,True,,ev-01760;ev-01762,近日，山西曲沃县女子反映六旬父亲在乐昌镇一养老院遭捆绑疑被虐待。25日，警方通报称，涉事护工曾多次对老人捆绑、殴打，对涉事护工处以行拘十五日并处500元罚款。 通报全文如下： 近日，我局民警工作中在网上发现：曲沃县“某养老院”服务对象李某石被捆绑的视频，受害人家属也已报案，该案已调查完结。 经查，曲沃县“某养老院”护工赵某发在对李某石护理期间，先后多次对李某石捆绑、殴打。根据《中华人民共和国治安管理处罚法》第四十三条之规定，我局于2024年4月25日对赵某发处以行政拘留十五日并处500元罚款。 4月25日，山西曲沃县女子反映六旬父亲在乐昌镇一养老院遭捆绑疑被虐待。 女子称，父亲多次被捆绑到铁柱子上，近期住院被诊断有脑出血。女子在视频中控诉称：“掏钱送我爸是去养老的，不是去受罪的。”记者从曲沃县官方人士处获悉，老人小脑萎缩生活无法自理，同时患有皮肤病，养老院辩称捆绑系为防其自伤。 原标题：《老人在养老院被护工绑铁柱、殴打，警方通报→》 阅读原文 ||| 登录 4月24日，有网民发布视频称，山西临汾市曲沃县李女士反映其爸爸在曲沃县天慈养老院被捆绑，浑身是伤，并且目前老人脑出血在住院。4月25日下午，乐昌镇政府回应记者称，目前此事由民政局牵头和辖区派出所正在调查。 视频截图 视频开头，一老人坐在轮椅上，双手靠在头上被捆绑。“我见到的时候非常气愤，手抖得不行。”视频中，老人女儿李女士提出疑问，为什么养老院会这样对待她爸爸？为什么将她爸爸绑起来？ 李女士称，她进养老院看到她爸爸被绑起来的时候，她的左手边有两三个养老院的护工站在一旁。李女士表示，她查看了两三天的监控发现，每天她爸爸都被绑在铁柱子上。 视频中，李女士说第二天她接到养老院电话称她爸爸住院了，她去医院看到爸爸躺在病床上身上都是伤，医生说她爸爸大脑两侧出血。李女士称，现在她爸爸还在医院治疗，不知道大脑出血原因是被殴打还是碰撞。 4月25日，记者联系视频发布者，但对方暂未回应。对此，记者联系曲沃县天慈养老院，一名自称是该养老院“老院长”的人员回应称，李女士的爸爸来养老院才一个多月时间，有专门的服务人员照顾，具体情况她不清楚。 随后，记者也将视频情况反映给辖区乐昌镇政府，工作人员表示将向领导汇报。曲沃县民政局工作人员表示已经接到相关反映，并派人调查，目前正在调查中。 4月25日下午，乐昌镇政府回应记者称，目前此事由民政局牵头和辖区派出所正在调查。 Android版 iPhone版 iP,mainstream_news ||| mainstream_news,https://m.thepaper.cn/newsDetail_forward_27165056 ||| https://www.thepaper.cn/newsDetail_forward_27160480,2,silver_candidate,standard_review,0.120,low,single_source_type,accept,,,,,,院方回应原文直接支持防自伤辩解及入住时长说明，证据覆盖完整，中性情感合理。,annotator_A,adjudicated_final,annotator_A
E033,LLM_CANON_E033_004,新闻媒体,及时客观报道火灾伤亡数据、官方通报进展及调查报告发布情况，履行公共安全事件的信息传播与舆论监督职能。,neutral,多家权威媒体及地方融媒体客观记录了事故伤亡、新闻发布会及报告发布节点，体现媒体在事件中的信息传递作用。,SC_E033_004,新闻媒体;央视;中国日报;地方融媒体中心,True,,ev-00774;ev-00779,关闭 1月24日15时24分，江西新余渝水区天工南大道佳乐苑沿街店铺地下一层发生火灾。截至18时40分事故已造成25人遇难，其余伤者正在医院救治。 ||| 江西新余“1·24”特别重大火灾事故：国务院调查组公布事故调查报告。 栏目名称： 栏目介绍： 正在加载... 正在加载... 正在加载... 查看更多评论 京ICP备10003349号-1中央广播电视总台央视网版权所有,mainstream_news ||| mainstream_news,http://china.chinadaily.com.cn/a/202401/24/WS65b0f6b3a310af3247ffd399.html ||| https://tv.cctv.cn/2024/11/08/VIDEYLOjptTQnnLXvpcqy0U0241108.shtml,2,silver_candidate,standard_review,0.120,low,single_source_type,accept,,,,,,证据充分支持媒体客观报道伤亡及调查进展的陈述，情感与立场准确。,annotator_A,adjudicated_final,annotator_A
E035,LLM_CANON_E035_002,杭州余杭水务控股集团有限公司,启动应急预案切换水源并冲洗管网，确认水质已恢复正常，建议用户排放支管存水，并拟定7月份每户减免5吨水费的补偿方案。,positive,水务公司多次回应并公布具体处置措施，包括水源切换、管网冲洗、水质检测恢复及明确的水费减免补偿计划。,SC_E035_002,余杭水务;水务公司;仁和水厂运营方,True,,ev-00835;ev-01928;ev-01929;ev-01930,7月16日，杭州余杭区有市民反映自来水气味发臭，怀疑有污水进入自来水管网。7月17日，杭州余杭水务控股集团有限公司工作人员称，自来水有异味系水源出现异常，非污水进入管网，除有异味外自来水指标正常，16日已通过主管网将有异味的水排空，针对用户排放支管中“存水”产生的水费，公司将拟定减免方案。杭州市生态环境局余杭分局工作人员称，已参与协助调查异味原因。 想要发表评论，阅读更多精彩内容，快来下 载新京报客户端吧 新浪网 | 网易 | 搜狐 | UC头条 | 新华网 | 中新网 | 慧科讯业 | 今日头条 | 一点资讯 | 千龙网 | 贝壳财经| 腾讯网| 百度 经营许可证编号：京ICP证090533号 |京ICP备18053894号| 国新办网备字[2006]7号 | 广播电视节目制作经营许可证：(京)字第02592号 京公网安备11010102004542号|互联网新闻信息服务许可证11120180005号 关于我们版权声明联系我们工作机会友情链接服务协议 Copy Right © 2004-2020 www.bjnews.com.cn All Rights Reserved ||| 7月16日上午，杭州市余杭区仁和街道及良渚街道部分区域出现自来水气味异常。 继7月16日晚，余杭水务控股集团有限公司回应后，7月17日该公司再次发布情况通报称，7月16日切换水源，仁和水厂主管网恢复正常后，目前已完成对各支管和二供水箱的冲洗。 经检测，仁和街道、良渚街道的水质已经恢复，用户可以正常使用。在使用前，请用户对“存水”进行排放。为弥补用户损失，该公司将会给予7月份每户5吨水费的减免。 另据央视新闻报道，记者致电该公司相关负责人时，对方表示，目前具体原因仍在进一步调查中。 此前，余杭水务控股集团有限公司于16日发布通报称，当日上午，仁和街道及良渚街道部分区域出现自来水气味异常。公司立即启动应急预案，切换其他水源供水，同时组织人员对相关管网开展冲洗。 余杭水务表示，截至16日13时30分出厂水水质恢复正常，16时30分主管网已恢复正常，末梢支管尚有“存水”残留，请广大用户排放管道内“存水”至正常后方可使用，公司将对排放“存水”水费予以减免。 更多热点速报、权威资讯、深度分析尽在北京日报App 流程编辑：U072 举报邮箱：jubao@vip.sina.com Copyright © 1996-2026 SINA Corporation All Rights Reserved 新浪公司 版权所有 ||| 杭州余杭区政府今天就仁和街道及良渚街道部分区域出现自来水气味异常发布情况通报： 7月16日8时，仁和水厂发现水质嗅味指标异常，经采样分析确认后随即启动供水突发事件应急预案，切换水源，供水水质得到有效控制，出厂水质安全。情况发生后，立即启动调查程序，并成立由国家、省级专家等组成的调查组，已初步查明导致异味的为特定自然气候条件下藻类厌氧降解产生的硫醚类物质，具体原因正在进一步溯源调查中，有关结果将及时公布。目前网上谣言较多，关于“粪水”的网络谣言，警方已依法查处，请大家不信谣、不传谣。 对此事给广大居民群众生活带来的影响和不便，我们深表歉意，并将进一步加强管理、确保供水安全。 此前报道 7月16日上午，杭州市余杭区仁和街道及良渚街道部分区域出现自来水气味异常。继7月16日晚，杭州余杭水务控股集团有限公司回应后，7月17日该公司再次回应，7月16日切换水源，仁和水厂主管网恢复正常后，目前已完成对各支管和二供水箱的冲洗。经检测，仁和街道、良渚街道的水质已经恢复，用户可以正常使用。在使用前，请用户对“存水”进行排放。为弥补用户损失，该公司将会给予7月份每户5吨水费的减免。 记者致电该公司相关负责人时，对方表示，目前具体原因仍在进一步调查中。 更多热点速报、权威资讯、深度分析尽在北京日报App 来源：北京日报 流程编辑：U022 举报邮箱：jubao@vip.sina.com Copyrigh ||| 生活报 2025-07-18 22:11发布于黑龙江黑龙江日报报业集团旗下账号 近日，在社交平台 不少网友反映 杭州良渚街道自来水 有臭味 据澎湃新闻，记者从采访中了解到，7月16日上午9时起，杭州市余杭区仁和街道及良渚街道部分区域自来水出现明显异味。问题持续近15小时，直至当晚12点左右，仍有多个小区业主反映家中用水发臭。 ▲ 图片来源：澎湃新闻 此外，受访市民向记者提供了一段物业服务群里的截图，内容显示：7月16日早上9:00左右，仁和水厂发现水质嗅味指标波动(其余常规指标均正常)，第一时间安排人员进行排查，初步排查认为是苕溪原水出现短时间异常。相关部门立即启动应急预案，停用苕溪原水，并切换为其他原水供水。 据极目新闻，有当地居民告诉记者，截至17日上午异味仍然存在。有居民家打算17日继续使用纯净水，已花费一百多元买水。 “类似于死老鼠、烂臭螺蛳的那种恶臭味，水有点发灰”。7月17日上午，家住余杭区良渚文化村附近的居民向记者回忆称，16日晚，她洗菜时闻到了臭味，觉得恶心，放弃了做饭。她找到附近超市买纯净水应急，水被抢购得几乎缺货，好在老板自己开车拉来了更多，也没有涨价。她家17日也会继续使用纯净水，一共花费了约150元买水。她了解到，17日上午，有不少居民到附近的崇福山接山泉水使用。 一位不愿具名的市民也向记者反映，自来水散发浓烈的臭味，且异味到当晚11点多仍未消除。 ▲ 受访,mainstream_news ||| mainstream_news ||| mainstream_news ||| mainstream_news,https://www.bjnews.com.cn/detail/1752735643129184.html ||| https://k.sina.com.cn/article_1617264814_606580ae02002bhow.html?from=news&subch=onews ||| https://k.sina.com.cn/article_1617264814_606580ae02002bkio.html?from=news&subch=onews ||| https://news.qq.com/rain/a/20250718A0B5I500,3,silver_candidate,standard_review,0.120,low,single_source_type,accept,,,,,,证据明确记载水务公司切换水源、冲洗管网及减免水费的具体措施，事实与情感判定无误。,annotator_A,adjudicated_final,annotator_A
E035,LLM_CANON_E035_003,受影响居民/市民,反映自来水散发类似死老鼠或烂螺蛳的恶臭，怀疑污水混入管网，日常生活受到严重影响，部分居民购买纯净水替代，并在网络平台讨论及传播未经证实的“粪水”传言。,negative,多位市民及网友在社交平台反映强烈异味及生活不便，有居民证实购买桶装水，且网络流传“粪水”说法引发关注。,SC_E035_003,市民;居民;用户;网友;小区业主,True,,ev-00835;ev-01930,7月16日，杭州余杭区有市民反映自来水气味发臭，怀疑有污水进入自来水管网。7月17日，杭州余杭水务控股集团有限公司工作人员称，自来水有异味系水源出现异常，非污水进入管网，除有异味外自来水指标正常，16日已通过主管网将有异味的水排空，针对用户排放支管中“存水”产生的水费，公司将拟定减免方案。杭州市生态环境局余杭分局工作人员称，已参与协助调查异味原因。 想要发表评论，阅读更多精彩内容，快来下 载新京报客户端吧 新浪网 | 网易 | 搜狐 | UC头条 | 新华网 | 中新网 | 慧科讯业 | 今日头条 | 一点资讯 | 千龙网 | 贝壳财经| 腾讯网| 百度 经营许可证编号：京ICP证090533号 |京ICP备18053894号| 国新办网备字[2006]7号 | 广播电视节目制作经营许可证：(京)字第02592号 京公网安备11010102004542号|互联网新闻信息服务许可证11120180005号 关于我们版权声明联系我们工作机会友情链接服务协议 Copy Right © 2004-2020 www.bjnews.com.cn All Rights Reserved ||| 生活报 2025-07-18 22:11发布于黑龙江黑龙江日报报业集团旗下账号 近日，在社交平台 不少网友反映 杭州良渚街道自来水 有臭味 据澎湃新闻，记者从采访中了解到，7月16日上午9时起，杭州市余杭区仁和街道及良渚街道部分区域自来水出现明显异味。问题持续近15小时，直至当晚12点左右，仍有多个小区业主反映家中用水发臭。 ▲ 图片来源：澎湃新闻 此外，受访市民向记者提供了一段物业服务群里的截图，内容显示：7月16日早上9:00左右，仁和水厂发现水质嗅味指标波动(其余常规指标均正常)，第一时间安排人员进行排查，初步排查认为是苕溪原水出现短时间异常。相关部门立即启动应急预案，停用苕溪原水，并切换为其他原水供水。 据极目新闻，有当地居民告诉记者，截至17日上午异味仍然存在。有居民家打算17日继续使用纯净水，已花费一百多元买水。 “类似于死老鼠、烂臭螺蛳的那种恶臭味，水有点发灰”。7月17日上午，家住余杭区良渚文化村附近的居民向记者回忆称，16日晚，她洗菜时闻到了臭味，觉得恶心，放弃了做饭。她找到附近超市买纯净水应急，水被抢购得几乎缺货，好在老板自己开车拉来了更多，也没有涨价。她家17日也会继续使用纯净水，一共花费了约150元买水。她了解到，17日上午，有不少居民到附近的崇福山接山泉水使用。 一位不愿具名的市民也向记者反映，自来水散发浓烈的臭味，且异味到当晚11点多仍未消除。 ▲ 受访,mainstream_news ||| mainstream_news,https://www.bjnews.com.cn/detail/1752735643129184.html ||| https://news.qq.com/rain/a/20250718A0B5I500,2,silver_candidate,standard_review,0.120,low,single_source_type,accept,,,,,,证据详实反映居民对水质异味的投诉、购买纯净水应对及网络传言情况，负面情感合理。,annotator_A,adjudicated_final,annotator_A
E037,LLM_CANON_E037_004,社会公众与网络舆论,对火灾造成重大伤亡表示震惊与悲痛，强烈质疑医院消防安全管理缺失及应急处置能力，并关注事故追责与善后赔偿进展。,negative,社交媒体与新闻报道反映出公众对医院安全漏洞的批评、对逃生惨状的痛心以及对官方信息透明度和后续整改的持续关注。,SC_E037_004,社会各界;网民;公众;遇难者家属,True,,ev-00900;ev-00904;ev-00906;ev-00910,"北京长峰医院火灾是一场引起人们高度关注的重大灾难事件,需要予以高度重视和深入分析。首先,作为一家医院,其防火措施应该是严密的,但由于某些原因,火灾还是发生了,造成了多名患者的伤亡。 ||| 用微信扫码二维码 分享至好友和朋友圈 看着这些火灾逃生者奋力爬出窗外，趴在空调外机上，一只手紧紧抓住空调管道，另一只手捂住口鼻，一边吸着带焦味的浓烟，一边胆战心惊地望向十几米高的地面。这种场面让人看了泪奔，甚至会莫名涌上一股窒息感！ 4月18日，北京。丰台区长峰医院住院部东楼发生火灾，事故现场浓烟四起，不时散发出阵阵焦味，有人绑好床单推开窗户跳下楼逃生，也有人坐在空调外机上瑟瑟发抖等待救援，还有人躺在病床上无法动弹…… 当地消防接报后，立刻汇同医务、公安、应急等相关部门前往救援，经过长达两个多小时的努力，成功救出71名患者，但有29人不幸遇难，还有39人受伤需要住院治疗，其中重症17人，危重症4人。 这次火灾为什么会有这么多人死伤？ 一、这次火灾发生的比较突然，火势又快又猛，不少人逃避不及。 起火原因是长峰医院住院部在内部改造施工作业过程中产生了火花，火花引燃了现场可燃涂料的挥发物。没有防火的涂料燃烧速度很快，长峰医院住院部火灾从起火到整栋布满滚滚浓烟只有短短几分钟。有一名顺着住院楼水管逃成功逃生的护工接受媒体采访时说：“不知道怎么发生的火灾，一下子就烧过来了。”可见当时大火燃烧有多快。 二、长峰医院住院部里住的多数是行动不方便的老者，他们的反应能力和自救能力都不足以应付这场大火。 这些老年患者有的是心脏有问题、有的是脑梗塞、有的是动脉硬化……基本上都是老年性基础疾病，他们连日常生 ||| 用微信扫码二维码 分享至好友和朋友圈 近日，北京长峰医院发生了一起火灾事件，造成了严重的人员伤亡和财产损失。这起事件对医院和患者造成了极大的影响，引起社会各界的广泛关注和深入反思，更为北京医疗行业敲响了安全的警钟。 首先，我们要感叹勇敢的消防员在危险之际的英勇表现。在面对意外灾害，他们冷静应对、迅速反应、果敢行动，尽最大努力把医院的患者疏散出来，并且保证了伤者的安全。这种团结合作和救援精神，不但展现了消防员超高的责任心和荣誉感，也让人们深深感到他们是最值得尊重和热爱的“火焰蓝”。 其次，我们也要反思医院内部安全的问题。经过消防部门调查，事故原因初步判定系医院住院部内部改造施工作业过程中产生的火花引燃现场可燃涂料的挥发物所致，这是医院对安全工作的疏漏。根据《人员密集场所消防安全管理》规定，人员聚集的室内场所包括公众聚集场所，医院的门诊楼、病房楼等，且规定人员密集场所禁止在营业时间进行动火作业。需要动火作业的区域，应与使用、营业区域进行防火分隔，动火的部门和人员应按照制度规定办理动火审批手续，清除可燃、易燃物品，配置灭火器材，落实现场监护人和安全措施，在确认无火灾、爆炸危险后方可动火作业。而就这次火灾事故而言，第一肯定没做防火分区。第二动火审批应该是流于形式，并未彻底清理可燃物，且现场没有监护人员和安全措施，而导致这次事故的发生。这恰恰让人们看到了医疗机构的安全问题，这不仅包含了医院安 ||| 用微信扫码二维码 分享至好友和朋友圈 北京长峰医院，昨天夜里突然成了热词，而这背后，很多人没有看到这个长峰系的传播风险管理水平和灭火水平，这值得很多医疗资本研究和反思。 1、通报前，相关照片、视频没有在任何社交媒体、朋友圈等流出。 根据官方通报，4月18日12时57分，丰台区消防救援支队接警北京长峰医院住院部东楼发生火情。13时33分，现场明火被扑灭。15时30分，现场救援工作结束。 至18时50分，没有发现任何社交媒体、网友爆料火灾相关照片视频。 此前几乎所有火灾，都是先看到社交媒体网友爆料，但这次没有。 不仅如此，连死者家属都是等了3个小时。 灭火工作做得非常好，有效控制了传播风险，掌握了传播的话语权，值得很多医疗资本集团研究和反思。 2、火灾发生后，及时宣传长峰医院火灾防控工作做得好 火灾发生后，在已经确定死亡21人的情况下，16:24分，网易号“39健康动态”发表《防风险、除隐患、保平安——北京长峰医院严格落实火灾防控措施》一文，此文最早出现于一个月之前北京长峰医院还在官方网站上，文章介绍，北京长峰医院在消防安全培训会议上，研究和布置有关工作，建立以院长为首，联合各科室负责人组成的消防安全领导小组，大到重点防火部位，小到灭火器材都要有专人负责，形成了“齐抓共管、群防群治”的良好局面。加强火险预防，确保万无一失。 目前，网易号“39健康动态”已经删除此文，只剩下当天16:19",social_media ||| social_media ||| social_media ||| social_media,https://www.toutiao.com/article/7223769255425327677/ ||| https://www.163.com/dy/article/I300M2KI05561JHJ.html ||| https://www.163.com/dy/article/I31CSOIV0532JVK3.html ||| https://www.163.com/dy/article/I2M11PE60531871O.html,2,silver_candidate,standard_review,0.120,low,single_source_type,accept,,,,,,证据涵盖公众对医院消防管理漏洞的质疑与对伤亡的痛心，负面情感与舆论焦点匹配。,annotator_A,adjudicated_final,annotator_A
E040,LLM_CANON_E040_004,中煤财产保险股份有限公司,启动应急预案，迅速筹措并预付1000万元安全生产责任险赔款，承诺按合同应赔尽赔、绝不拖赔以支持救灾与民生保障,positive,保险公司在事故发生后第一时间响应监管调度，拨付千万预付赔款至企业账户，明确表态快速足额理赔。,SC_E040_004,中煤财产保险;承保公司,True,,ev-01347;ev-01348;ev-01351;ev-01355,"内容提要: 记者从中煤财产保险股份有限公司获悉,山西吕梁市永聚煤业火灾事故发生后,中煤财产保险第一时间成立应急工作组,启动应急预案,及时筹措资金,为永聚煤业预付赔款1000万元。 记者从中煤财产保险股 ||| 时间：2023-11-18 20:31:34 来源：新华网 分享到微信朋友圈 记者从中煤财产保险股份有限公司获悉，山西吕梁市永聚煤业火灾事故发生后，中煤财产保险第一时间成立应急工作组，启动应急预案，及时筹措资金，为永聚煤业预付赔款1000万元。 新华社太原11月18日电（记者王劲玉）记者从中煤财产保险股份有限公司获悉，山西吕梁市永聚煤业火灾事故发生后，中煤财产保险第一时间成立应急工作组，启动应急预案，及时筹措资金，为永聚煤业预付赔款1000万元。 中煤财产保险相关负责人表示，事故企业在中煤财产保险股份有限公司投保了安全生产责任保险，事故发生后触发了保险的相关赔付条款。保险公司将通过相关勘察、测算后，按照应赔尽赔、应赔快赔、绝不惜赔、绝不拖赔的原则，积极完成事故赔付。 11月16日7时许，山西吕梁市永聚煤业一办公楼发生火灾。截至目前，事故已造成26人遇难、38人受伤。 编辑：秦秦 发现｜硬核科技云集第十届丝博会 打造“陕亮”新体验 发现｜汇聚丝路奇珍 共探丝路优品展（国家馆） ||| 新华社太原11月18日电（记者王劲玉）记者从中煤财产保险股份有限公司获悉，山西吕梁市永聚煤业火灾事故发生后，中煤财产保险第一时间成立应急工作组，启动应急预案，及时筹措资金，为永聚煤业预付赔款1000万元。 中煤财产保险相关负责人表示，事故企业在中煤财产保险股份有限公司投保了安全生产责任保险，事故发生后触发了保险的相关赔付条款。保险公司将通过相关勘察、测算后，按照应赔尽赔、应赔快赔、绝不惜赔、绝不拖赔的原则，积极完成事故赔付。 11月16日7时许，山西吕梁市永聚煤业一办公楼发生火灾。截至目前，事故已造成26人遇难、38人受伤。 北疆新闻：内蒙古自治区重点新闻网站（客户端），内蒙古出版集团新华报业中心旗下国家互联网新闻信息采编发布服务一类资质网站（客户端）。 北疆新闻版权与免责声明： 一、凡本站中注明“来源：北疆新闻”的所有文字、图片和音视频，版权均属北疆新闻所有，转载时必须注明“来源：北疆新闻”，并附上原文链接。 二、凡来源非北疆新闻的新闻（作品）只代表本网传播该消息，并不代表赞同其观点。 如因作品内容、版权和其它问题需要同本网联系的，请在见网后30日内进行，联系邮箱：bjwmaster@163.com。 版权声明：北疆新闻版权所有，未经书面授权，不得转载或建立镜像，违者依法必究。 本站违法和不良信息举报电话：15648148811蒙ICP备16001043号-1 Copyright ||| 来源：中国银行保险报 11月17日，山西吕梁市永聚煤矿一办公楼火灾事故预赔付款1000万元已拨付到永聚煤业有限公司（以下简称“永聚煤业”）账户，及时为救灾减灾和民生保障提供了金融服务。 11月16日，山西省吕梁市离石区永聚煤业突发火灾事故。 按照国家金融监督管理总局部署，国家金融监督管理总局财产保险监管司、国家金融监督管理总局山西监管局主要负责同志16日下午迅速赶到山西省吕梁市，现场召开处置调度会。 承保公司中煤财产保险股份有限公司根据现场处置调度会议精神，按照安全生产责任险合同，迅速筹措1000万元预付赔款，于11月17日9时拨入待付帐户。 经当地党委政府和有关部门认可，11月17日10时37分，预付赔款拨付到永聚煤业账户。 责任编辑：曹睿潼 24小时滚动播报最新的财经资讯和视频，更多粉丝福利扫描二维码关注（sinafinance） 网友提问：@@=value.question$$ 老师回答：@@=value.answer$$ @@=value.title$$ 新浪财经意见反馈留言板 新浪简介|广告服务|About Sina 联系我们|招聘信息|通行证注册 产品答疑|网站律师|SINA English Copyright © 1996-2023 SINA Corporation All Rights Reserved 新浪公司 版权所有",mainstream_news ||| mainstream_news ||| mainstream_news ||| mainstream_news,http://news.enorth.com.cn/system/2023/11/19/054661538.shtml ||| http://news.cnwest.com/tianxia/a/2023/11/18/22076612.html ||| http://www.imline.cn/news/shehui/2023/111XZ032023.html ||| https://finance.sina.com.cn/money/insurance/bxdt/2023-11-17/doc-imzuxruk5537275.shtml,4,silver_candidate,standard_review,0.120,low,single_source_type,accept,,,,,,证据直接支持保险公司预付千万赔款及承诺快速理赔的积极作为，事实准确。,annotator_A,adjudicated_final,annotator_A
E045,LLM_CANON_E045_002,共享单车运营企业,因忽视潮汐点位预警、未及时清理车辆导致通行受阻而受到行政处罚，并在监管部门督促下参与制定运维保障方案，配合车辆减量回收与规范停放管理。,negative,证据显示企业因管理不力被罚款，随后被要求履行社会责任、参与调度会并配合减量与秩序整治工作。,SC_E045_002,哈啰单车;美团单车;青桔单车;车企,True,,ev-01139;ev-02051;ev-02053;ev-02065;ev-02070,因多次忽视潮汐点位预警、未及时清理车辆造成通行受阻，近日，东湖风景区城管执法局对某共享单车运营企业依法处以2000元罚款。 据悉，这是东湖风景区运用“半阈值报警”智慧监管系统精准治理单车乱象的首起典型案例，标志着东湖风景区共享单车管理迈入“预警前置、精准管控”新阶段。 作为热门旅游目的地，东湖风景区内共享单车流量波动剧烈，尤其在网红打卡点及交通枢纽周边，早晚高峰“潮汐式”淤积问题突出。东湖风景区共划定16个共享单车潮汐点位，其中一棵树、水生所、湖山道与鲁磨路交界处、凌波门及磨山景区一号停车场北等5个点位，因紧邻网红地标或景区入口，成为城管一中队重点管控区域。 为精准管控，中队执法人员每日通过“武汉市共享单车智能监管平台”查看点位情况，上午、下午各开展两次专项巡检，形成“平台预警+现场核查”的双重管控模式。 “以往要等车辆堆满才预警，处置时早已影响通行。”东湖城管一中队执法人员介绍，今年启用的“武汉市共享单车智能监管平台”创新采用“半阈值报警”模式，当点位单车数量达到最大承载量的50%时，系统便自动向企业运维人员和执法队员推送预警信息。收到预警后，执法人员会第一时间督促企业清运，同时现场规整阻碍盲道、机动车道的车辆，从源头避免淤积。 此次处罚严格依据《武汉市非机动车管理办法》第三十六条第一款：互联网租赁自行车企业未做好车辆停放管理、未清理禁停区域车辆等，城管部门可责令改正，按每车20 ||| 因多次忽视潮汐点位预警、未及时清理车辆造成通行受阻，近日，东湖风景区城管执法局对某共享单车运营企业依法处以2000元罚款。 据悉，这是东湖风景区运用“半阈值报警”智慧监管系统精准治理单车乱象的首起典型案例，标志着东湖风景区共享单车管理迈入“预警前置、精准管控”新阶段。 作为热门旅游目的地，东湖风景区内共享单车流量波动剧烈，尤其在网红打卡点及交通枢纽周边，早晚高峰“潮汐式”淤积问题突出。东湖风景区共划定16个共享单车潮汐点位，其中一棵树、水生所、湖山道与鲁磨路交界处、凌波门及磨山景区一号停车场北等5个点位，因紧邻网红地标或景区入口，成为城管一中队重点管控区域。 为精准管控，中队执法人员每日通过“武汉市共享单车智能监管平台”查看点位情况，上午、下午各开展两次专项巡检，形成“平台预警+现场核查”的双重管控模式。 “以往要等车辆堆满才预警，处置时早已影响通行。”东湖城管一中队执法人员介绍，今年启用的“武汉市共享单车智能监管平台”创新采用“半阈值报警”模式，当点位单车数量达到最大承载量的50%时，系统便自动向企业运维人员和执法队员推送预警信息。收到预警后，执法人员会第一时间督促企业清运，同时现场规整阻碍盲道、机动车道的车辆，从源头避免淤积。 此次处罚严格依据《武汉市非机动车管理办法》第三十六条第一款：互联网租赁自行车企业未做好车辆停放管理、未清理禁停区域车辆等，城管部门可责令改正，按每车20 ||| 6月25日，东湖绿道三期正式开放，吸引众多市民游客前来打卡。 为给市民游客营造良好的骑行环境，6月24日上午，武汉市东湖风景区城管执法局组织召开绿道三期单车工作调度会，对东湖南路沿线共享单车进行协调部署，与绿道公司、哈啰单车公司、美团单车公司共同制定运维保障方案。 东湖绿道三期北起双湖桥南端，途经天鹅路、东湖南路，止于风光村一棵树，全长3.45公里，沿线增设了骑行车道，凌波门也新增了夜间灯光秀。观赏灯光秀和等待日出的市民游客成为东湖南路的一道靓丽风景，同时，也为城市管理带来新的挑战。 执法一中队副中队长杨霜介绍，将督促企业落实好社会责任，做好全时段单车运维工作。中队也将适当倾斜执法力量，重点加强一棵树、凌波门、中国科学院水生所等易淤积点位及夜间和日出等“潮汐”时段的巡查值守，做好一线执法管理、文明志愿服务等工作，全力打造“高颜值”城市市容环境。 东湖风景区城管执法局温馨提示，为保障市民、游客有序出行，东湖南路全线禁止停放共享单车，在沿线区域内无法落锁。建议欣赏灯光秀或观看日出的游客，可选择其他公共交通，绿色出行。 扫一扫在手机上查看当前页面 附件: 主办单位：武汉市交通运输局 地址：武汉市江岸区黄孝河路47号 电话：027-12328 邮编：430015 站点地图 政府网站标识码：4201000024 鄂ICP备20001416号 鄂公网安备42010202000104号 您访问的 ||| “强化日常巡查管理，重点管控‘潮汐’点位，共享单车停放秩序提升效果明显。”东湖高新区城管局采取一系列措施，联合共享单车运营企业加强共享单车共治。 近日，东湖高新区城管局组织共享单车运营企业开展工作推进会，督促企业履行管理责任和义务。 今年以来，东湖高新区为做好共享单车减量工作，持续扫码抽查共享单车备案情况6万余辆次，开展共享单车秩序整治60余次，有效督促企业减量回收车辆。辖区共享单车运营数量减少超两万辆。 利用科技手段促进共享单车秩序提升，通过武汉市共享单车管理服务系统细化东湖高新区潮汐点位90余处，根据点位共享单车实际容纳量在系统合理设置超量预警值，并在重点点位配置“蓝牙嗅探”，实时监控潮汐点位共享单车停放数量，及时调度督促共享单车企业清理超量车辆。 创新管理手段强化单车秩序管理，在金融港北地铁站、黄龙山路地铁站、光谷一路宜科中心等重点点位，实施共享单车分色停放，并逐步在重点区域推行，有效规范共享单车企业竞争投放，共享单车停放秩序明显提升。 同时，工作人员加强主次干道及“三圈三站”现场巡查，通过微信小程序“武汉城管通”向共享单车企业反馈单车秩序和管理情况，督促企业加强共享单车运维，有效保障共享单车骑行秩序。 共享单车以便捷、灵活的特点，为市民提供极大的便利，工作人员加大温馨提示力度，呼吁广大市民文明骑行、有序停放，创建文明市容环境。 东湖高新区城管局负责人表示，将持续加强共享单车 ||| 东湖高新区互联网租赁自行车停放秩序 精细化管理工作方案 各有关单位： 为进一步加强东湖高新区互联网租赁自行车（以下简称共享单车）停放秩序规范，根据《武汉市非机动车管理办法》相关规定，结合本区实际，特制定本方案: 一、工作目标 充分调动企业积极性，督促企业落实社会责任感，进一步规范停放秩序，完善政企联动、部门共治的长效管理机制，科学合理控制共享单车总量，严控共享单车停放乱象，增强技术手段，提高共享单车精细化管理水平，切实维护道路交通安全。 二、工作任务 （一）调控共享单车数量 目前高新区有共享单车企业三家，分别为美团单车、哈啰单车、青桔单车，约有共享单车7万余辆。根据市场调查及可停车区域范围，我区共享单车体量仅能满足3万辆，美团、哈啰、青桔每家企业各1万辆。 为确保我区共享单车数量在限额区间内良好运行，根据《武汉市非机动车管理办法》相关规定，区人民政府及其相关部门按照属地原则，负责编制本辖区互联网租赁自行车发展和停放规划，明确车辆停放及禁停区域，根据本区容纳量进行区域数量调控。 按照市城管委要求指导街道做好共享单车执法工作，城管局做好停车区域施划与修补工作。各街道安排专人与各单车公司对接，建立共享单车企业管理平台账号，实时掌握辖区内单车总量运行情况及堆放点位。建设局（交通）加大日常巡查力度，加强对平台数据核对清查情况，如若发现各单车公司提供虚假平台数据，责令其改正，连续两次以上则上报,official ||| official ||| official ||| official ||| official,https://cgw.wuhan.gov.cn/zzzq/zzzq_cgxw/202509/t20250918_2649348.shtml ||| https://cgw.wuhan.gov.cn/cgdt/cgw_cgxw/202509/t20250918_2649348.shtml ||| https://jtj.wuhan.gov.cn/jtzx/zwdt/202406/t20240626_2421103.shtml ||| https://cgw.wuhan.gov.cn/CGYW_13530/jggl/HWGGJGZM_13548/202411/t20241113_2483866.shtml ||| http://www.wehdz.gov.cn/2022/zfxxgk/dfbm/cgj/fdzdgknr_43896/gysyjs_43903/cszhzf/202207/t20220707_2001708.shtml,3,silver_candidate,standard_review,0.120,low,single_source_type,accept,,,,,,证据清晰记录企业因管理不力受罚及后续配合整改、减量运维的过程，负面情感恰当。,annotator_A,adjudicated_final,annotator_A
E045,LLM_CANON_E045_004,环卫工与社会共治力量,在日常滚动巡查中主动发现并上报单车淤积盲区，配合城管部门与路长进行清理规整，发挥协同共治作用。,positive,报道详细描述了环卫负责人及共治力量在巡查中发现淤积后及时联系路长处置，并配合执法队员规整车辆。,SC_E045_004,路长;市政环卫人员;巡查保洁员,True,,ev-01144;ev-02064,五一期间，武汉东湖生态旅游风景区成旅游热门目的地，人气指数登上全国第八。如今假期余温未退，协同共治步履不停。 “喂，地质大学北门附近单车有些淤积，麻烦联系队员过来处理一下。”14日，新城美洁公司环卫相关负责人黎建华一如既往对八一路沿线放置的环卫垃圾桶罩子和垃圾桶进行常态检查时，发现八一路单车有些淤积，他随即联系了这个路段的负责路长，对淤积单车进行了清理规整。 黎建华日常在鲁磨路、八一路、喻家山北路、植物园路等路段进行“滚动式”巡查保洁。但同时，他也是“1+2+N”架构中的一员。作为“社会共治力量”，他们承担着“勘察员”的职能，以“火眼金睛”去发现城市管理的薄弱死角。 “大湖大家建，美好人人享。”黎建华说，日常环卫基本工作比较繁重，但在责任片区巡查时也会对城市管理盲区格外关注，对打“游击”战的流动摊贩、错峰淤积的共享单车、见缝插针的小广告，遇到都会及时上报，积极配合路长进行处置。 在风景区，像黎建华这样的共治力量还有很多，他们身在各行各业，立足自身岗位的同时，也在积极发挥着城市管理“参与者”的作用，以市民群众的切身视角，查漏补缺，帮助解决城市基层治理难题。 “针对市民关注的痛点和难点问题，系统会列出问题清单，涵盖市容秩序、市政设施、环境卫生、园林绿化等城市综合治理内容，让配合处置、齐抓共管的社会共治力量干有标准、查有方向。”东湖风景区路长制相关负责人介绍。 下一步，东湖风景区将持续盘 ||| 极目新闻记者 卢成汉 通讯员余芳利 规整游客乱停放的共享单车、清理景区门口的流动摊贩、清除乱张贴的违规小广告……五一期间，在涌动的人潮中，武汉东湖风景区城管执法局执法队员与市政环卫工人员用精致的服务，为游客提供了不一样的旅游新体验。 环卫工人加大清扫保洁频次 “五一假期”模式开启，文旅市场强劲复苏，武汉也一跃而成“网红旅游城市”，山水形盛、人文如歌的东湖也成了一张“靓丽名片”。 为保障假期辖区市容环境秩序，营造干净整洁、有序安全的节日氛围，东湖城管人节前部署不松懈，“五一”在岗“不打烊”，全力做好城市管理各项工作，用心用情护航市民游客的“诗和远方”。 环卫工人加大清扫保洁频次 “共享单车要按照停车区域的指示箭头规范停放，像这样的停放点，我们每天都要整理三四遍。”执法一中队磨山片区组长刘晨指着植物园路一处共享单车停放点说。 “请问一下，磨山是往哪个方向啊？”“景区大门的话，沿着人流方向，往那个方向一直走。”在巡查执法途中，执法队员们时常还会被游客当作“活地图”，帮忙指路。 城管队员帮摆共享单车 “五一”假期期间，该区城管执法局根据往年执法保障经验，结合辖区各重点点位客流量和违法行为高发时段，统筹调配执法力量，日均出动执法人员100余人次，并充分调动路长、店长、楼长等多元共治力量，实行全天候、不间断、无缝隙巡查管控。在湖北省博物馆、梨园广场绿道入口、东湖南路沿线、磨山景区等热门旅游景点,mainstream_news ||| mainstream_news,http://hb.news.cn/2023-05/15/c_1129616850.htm ||| https://travel.sohu.com/a/672184160_121284943,2,silver_candidate,standard_review,0.120,low,single_source_type,accept,,,,,,证据详细描述环卫与共治力量巡查上报并配合清理单车淤积的协同作用，正面情感合理。,annotator_A,adjudicated_final,annotator_A
E001,LLM_CANON_E001_001,广州市白云区政府及相关征收部门,发布城中村改造补偿安置方案，明确“拆一补一”原则与签约奖励机制，并强调改造资金由政府统借统还、全程监管以保障项目顺利推进不烂尾。,positive,官方公告与新闻报道详细记录了政府印发方案、设立工作组、出台激励政策及回应资金安全问题的具体举措。,SC_E001_001,白云区政府;三元里街道办事处;广州市白云区人民政府国有土地上房屋征收办公室,True,,ev-00001;ev-00002;ev-00007;ev-00010;ev-00012;ev-00022;ev-00027,村民安置房全部迁回三元里街 1月10日，记者从广州市白云区获悉，根据已批复的三元里村城中村改造方案，村民的安置房全部回迁在改造范围内，即三元里街辖内。对于集体土地上的村民住宅，符合“一户一宅”等安置条件且选择安置的，按照“拆一补一”的原则，按房屋实测面积且不超过280平方米进行核定安置面积。 三元里村城中村改造项目效果图 据了解，此次征地范围包括广园中路以南、三元里大道以北、广园西路以东、解放西路以西的整片区域，涉及的拟征收土地面积为375301平方米，合计562.95亩，几乎覆盖整个三元里村。作为广州火车站改造片区的重要组成部分，三元里村城中村改造大面积征地，意味着改造也有了实质进展。 日前，白云区政府印发三元里村城中村改造项目土地及房屋征收补偿安置方案，拟征地面积375301平方米，合计562.95亩，最高补偿7590元/平方米（权属人按期签约、交房并放弃安置），范围覆盖三元里村全村，将用于居住用地、商业用地等成片开发。 根据补偿安置方案，三元里村住宅部分原则上采用“先补偿，后回购公寓式住宅安置房”的形式实施安置。权属人若在监理单位出具正式报告之日起3个月内签约并按约定交房，可额外获得补偿金额的15%的搬迁奖励，即最高7590元/平方米（权属人放弃安置）。权属人若3—6个月内签约并按约定交房则予以10%的搬迁奖励，前述期限内未签订补偿协议或交房则不予以奖励。临迁安置费标准则为4 ||| 南方都市报 2025-01-11 07:07发布于广东南方都市报官方账号 南都讯1月10日，南都记者获悉，根据已批复的广州市白云区三元里村城中村改造方案，村民的安置房全部回迁在改造范围内，即三元里街辖内。对于集体土地上的村民住宅，符合“一户一宅”等安置条件且选择安置的，按照“拆一补一”的原则，按房屋实测面积且不超过280平方米进行核定安置面积。 广州三元里村航拍图。通讯员 供图 据了解，此次征地范围包括广园中路以南、三元里大道以北、广园西路以东、解放西路以西的整片区域，涉及到的拟征收土地面积为375301平方米，合计562.95亩，几乎覆盖整个三元里村。作为广州火车站改造片区的重要组成部分，三元里村城中村改造大面积征地，意味着改造也有了实质性进展。根据三元里现行控规，此次征地的南面地铁站、牌坊部分，规划以公园和商住地块为主。未来，三元里和广州火车站将打造一条串联广州火车站、抗英斗争纪念公园、平英团旧址、飞翔公园、白云新城等地标群的文化商业生态轴。 日前，白云区政府印发三元里村城中村改造项目土地及房屋征收补偿安置方案，拟征地面积375301平方米，合计562.95亩，最高补偿7590元/平方米（权属人按期签约、交房并放弃安置），范围覆盖三元里村全村，将用于居住用地、商业用地等成片开发。 根据安置补偿方案，三元里村住宅部分原则上采用“先补偿，后回购公寓式住宅安置房”的形式实施安置。权属 ||| 金羊网 2025-01-12 07:51发布于广东金羊网官方账号 羊城晚报讯 记者符畅，通讯员周亚君、郑少敏报道：记者近日从广州市白云区三元里街了解到，根据已批复的三元里村城中村改造方案，村民的安置房全部回迁在改造范围内，即三元里街辖内。对于集体土地上的村民住宅，符合“一户一宅”等安置条件且选择安置的，按照“拆一补一”的原则，按房屋实测面积且不超过280平方米进行核定安置面积。 据了解，此次征地范围包括广园中路以南、三元里大道以北、广园西路以东、解放西路以西的整片区域，涉及拟征收土地面积为375301平方米，合计562.95亩，几乎覆盖整个三元里村。 作为广州火车站改造片区的重要组成部分，三元里村城中村改造大面积征地，意味着改造也有了实质性进展。根据三元里现行控规，此次征地的南面地铁站、牌坊部分，规划以公园和商住地块为主。未来，三元里和广州火车站将打造一条串联广州火车站、抗英斗争纪念公园、平英团旧址、飞翔公园、白云新城等地标群的文化商业生态轴。 日前，白云区政府印发三元里村城中村改造项目土地及房屋征收补偿安置方案，拟征地面积375301平方米，合计562.95亩，最高补偿7590元/平方米（权属人按期签约、交房并放弃安置），范围覆盖三元里村全村，将用于居住用地、商业用地等成片开发。 根据安置补偿方案，三元里村住宅部分原则上采用“先补偿，后回购公寓式住宅安置房”的形式实施安置。权属人 ||| 经过长达十年的停滞，广州市白云区三元里村的旧城改造项目迎来了实质性进展。根据最新消息，白云区已成立13个征收工作组进驻三元里村，正式启动征拆工作。居民对这一变化感到振奋，已有多人主动前往工作组咨询征收补偿和安置方案，并签署了相关确认表。 此次三元里村的改造，涉及的征地范围包括四个主要地块，面积约926.07亩，现有建筑量达到167万平方米。这一经历了岁月洗礼的村落，终于能够通过改造焕发新生。为吸引居民配合，村内多处张贴了动员宣传，包括“早签早奖励”、“旧村换新颜”等口号，鼓励居民尽快签署补偿协议。 在补偿方案上，居民将拥有自主选择的权力。根据不同类型的房屋，补偿方式包括货币补偿和产权调换。货币补偿方面，老旧小区和农民公寓的指导补偿价为2.48万元/平方米，集转国独栋村居为1.68万元/平方米。在此基础上，最终补偿可能因各种奖励累计达到3.78万元/平方米。 产权调换方面，居民可选择以1:1的比例置换复建房屋，同时享5000元的额外补贴。若居民希望获得更大的房屋面积，签约前3个月内，超出10平方米的部分可按市场价70%购买，超过10平方米的部分则按照评估价100%购买。这一系列补偿政策使得居民感到温暖，也为改造的顺利推进奠定了基础。 不仅如此，三元里旧改项目更是广州市火车站片区升级改造规划的重要部分，未来将成为连接白云新城与广州火车站的重要枢纽。项目强调高质量建设，将打造1.5公里的 ||| 音频 一、背景依据 贯彻落实党中央、国务院关于推进保障性住房规划建设、城中村改造、“平急两用”公共基础设施建设等“三大工程”的部署要求及相关部委出台配套政策文件，广州“依法征收、净地出让”城中村改造新模式迎来重大发展机遇，迈进城市高质量发展新阶段。 二、目标任务 通过推动三元里村城中村改造，拓展用地空间，优化用地布局，统筹优化交通体系，高标准完善配套，做优营商环境，围绕三元里历史文化保护及城市风貌提升，结合广州火车站站北片区建设，打造站城融合综合发展区，联动周边重点平台，促进区域整体高质量发展。 三、主要内容 《扶助方案》共九条，主要围绕“历史情况”、“‘村改居独栋村居类型’村民、原村民住宅房屋被征收人身份的认定”、“适用范围”、“房屋补偿标准”、“安置房申购要求”、“征收奖励”、“按时搬迁奖励”、“其他补偿和奖励”、“其他”等条节展开阐述。具体为： 第一条明确了三元里村城中村改造项目范围内“村改居独栋村居类型”住宅房屋历史形成情况。 第二条明确了本扶助方案扶助适用对象及需满足的条件情形。 第三条明确了本扶助方案扶助适用对象名下被征收房屋适用范围的情形。 第四条明确了扶助方案适用对象如按本扶助方案相关规定申购安置房，其名下属本项目《征收土地预公告》前建设的未经产权登记的住宅房屋部分之实际测绘建筑面积补偿的相关标准。 第五条明确了本扶助方案扶助对象安置房申购要求。 第六条明确了被征收 ||| 白云融媒 2025-04-25 16:13发布于广东广州市白云通讯社官方账号 先签约有大礼包派送 三元里村城中村改造项目 又有新进展啦！ 近日 “三元里村城中村改造项目激励政策”出炉 5月10日前签约的村民 将可享受三重奖励 涵盖奖励金额1万元 50年车位使用权、优先选房权 另外 三元里辖内批发市场 兴发广场三、四期商户逐步清退 广东音像城 也正在紧锣密鼓清场中 4月23日 记者在三元里村走访看到 村口摆着巨幅展板 村内张贴横幅 “激励政策”展板详细介绍了 签约三重大礼包的奖励依据 条件及标准等情况 这两日，各工作组办公地点 也迎来大批村民详细咨询相关奖励措施 根据《公告》，在三元里村城中村改造项目征收范围内符合安置条件且选择复建安置或产权调换、已签订住宅房屋征收补偿安置协议(以下简称《补偿协议》)且完成房屋交付搬迁的被征收人，可参与选房。 在三元里村旧村、松柏新村征收范围内享有首批选房权的村民，同时可享1万元奖励及停车位50年无偿使用权。 根据《三元里村城中村改造公告》 住宅安置地块有2宗 位于兴发广场三、四期 当天，记者走访了解到 批发市场商户正逐步清退 有工人在拆卸档口招牌、内饰 “在这里十几年了，虽然舍不得，但确实是需要改造了，从我们接待客户的角度来讲，整个环境、交通都亟须升级。改造完希望能搬回来，毕竟这里的美甲批发相对集聚，客人来到广州都往这边来，对于顾客来说相对方便。” ||| 金羊网 2025-04-24 20:01发布于广东金羊网官方账号 文/羊城晚报全媒体记者 符畅 近日，随着一系列激励政策的出炉，三元里村城中村改造项目按下加速键。对于住宅房屋如何补偿安置等备受关注的问题，记者整理了一份热点问答： 问：如何确保项目顺利实施，不烂尾？ 答：三元里村城中村改造项目严格依照《广州市城中村改造条例》等法规，采用“政府主导、依法征收、净地出让”新模式推进，改造资金由国家开发银行、中国农业发展银行提供专项借款支持（已授信166亿元）。改造资金由政府统借统还，与土地出让不挂钩，改造资金支付与房地产市场无关，不受商品房销售行情影响。改造资金的使用由政府全程监管并进行专项审计，充分保障征拆费用及安置房建设资金并严格把控安置房建设进度。综上，改造资金来源及还款均有政府保障，项目不存在资金链断裂风险。 问：安置房的具体回迁范围？ 答：三元里村城中村改造项目控规方案由市政府正式批复并公示，改造方案已正式经市城中村改造建设指挥部专题会议审议通过。该方案已明确9宗安置住宅地块（3宗位于三元里内村共约5416套、约35.37万平方米；6宗位于松柏新村共约5561套、约53.16万平方米），10宗安置物业地块（总安置量约为28.12万㎡，其中4宗位于三元里内村，约6.07万平方米；4宗位于松柏新村，约5.33万平方米；1宗位于三角地，约9.02万平方米，另有1宗位于改造范围外美湾二,official ||| mainstream_news ||| mainstream_news ||| mainstream_news ||| official ||| mainstream_news ||| mainstream_news,https://www.gz.gov.cn/zwfw/zxfw/zffw/content/post_10072842.html ||| https://new.qq.com/rain/a/20250110A0A91Z00 ||| https://new.qq.com/rain/a/20250112A01OVR00 ||| https://www.sohu.com/a/881537084_121885030 ||| https://www.by.gov.cn/zwgk/zcjd/zcjd/content/post_10325024.html ||| https://new.qq.com/rain/a/20250425A06LSH00 ||| https://new.qq.com/rain/a/20250424A08RHR00,4,silver_candidate,standard_review,0.000,low,low_risk,accept,,,,,,证据完整覆盖政府发布补偿方案、签约奖励及资金统借统还监管等关键信息，正面情感准确。,annotator_A,adjudicated_final,annotator_A
E001,LLM_CANON_E001_002,三元里村村民及被征收人,整体对改造持较高支持态度并积极响应签约奖励，但部分群体对货币补偿标准与周边地价存在落差表示关注，多数倾向于选择产权调换回迁。,mixed,证据显示改造同意率超75%，大量村民主动咨询签约；同时网传方案引发对补偿金额的讨论，但多数反馈支持复建回迁。,SC_E001_002,村民;居民;被征收人;社员,True,,ev-00010;ev-00022;ev-00023;ev-00033;ev-00034,经过长达十年的停滞，广州市白云区三元里村的旧城改造项目迎来了实质性进展。根据最新消息，白云区已成立13个征收工作组进驻三元里村，正式启动征拆工作。居民对这一变化感到振奋，已有多人主动前往工作组咨询征收补偿和安置方案，并签署了相关确认表。 此次三元里村的改造，涉及的征地范围包括四个主要地块，面积约926.07亩，现有建筑量达到167万平方米。这一经历了岁月洗礼的村落，终于能够通过改造焕发新生。为吸引居民配合，村内多处张贴了动员宣传，包括“早签早奖励”、“旧村换新颜”等口号，鼓励居民尽快签署补偿协议。 在补偿方案上，居民将拥有自主选择的权力。根据不同类型的房屋，补偿方式包括货币补偿和产权调换。货币补偿方面，老旧小区和农民公寓的指导补偿价为2.48万元/平方米，集转国独栋村居为1.68万元/平方米。在此基础上，最终补偿可能因各种奖励累计达到3.78万元/平方米。 产权调换方面，居民可选择以1:1的比例置换复建房屋，同时享5000元的额外补贴。若居民希望获得更大的房屋面积，签约前3个月内，超出10平方米的部分可按市场价70%购买，超过10平方米的部分则按照评估价100%购买。这一系列补偿政策使得居民感到温暖，也为改造的顺利推进奠定了基础。 不仅如此，三元里旧改项目更是广州市火车站片区升级改造规划的重要部分，未来将成为连接白云新城与广州火车站的重要枢纽。项目强调高质量建设，将打造1.5公里的 ||| 白云融媒 2025-04-25 16:13发布于广东广州市白云通讯社官方账号 先签约有大礼包派送 三元里村城中村改造项目 又有新进展啦！ 近日 “三元里村城中村改造项目激励政策”出炉 5月10日前签约的村民 将可享受三重奖励 涵盖奖励金额1万元 50年车位使用权、优先选房权 另外 三元里辖内批发市场 兴发广场三、四期商户逐步清退 广东音像城 也正在紧锣密鼓清场中 4月23日 记者在三元里村走访看到 村口摆着巨幅展板 村内张贴横幅 “激励政策”展板详细介绍了 签约三重大礼包的奖励依据 条件及标准等情况 这两日，各工作组办公地点 也迎来大批村民详细咨询相关奖励措施 根据《公告》，在三元里村城中村改造项目征收范围内符合安置条件且选择复建安置或产权调换、已签订住宅房屋征收补偿安置协议(以下简称《补偿协议》)且完成房屋交付搬迁的被征收人，可参与选房。 在三元里村旧村、松柏新村征收范围内享有首批选房权的村民，同时可享1万元奖励及停车位50年无偿使用权。 根据《三元里村城中村改造公告》 住宅安置地块有2宗 位于兴发广场三、四期 当天，记者走访了解到 批发市场商户正逐步清退 有工人在拆卸档口招牌、内饰 “在这里十几年了，虽然舍不得，但确实是需要改造了，从我们接待客户的角度来讲，整个环境、交通都亟须升级。改造完希望能搬回来，毕竟这里的美甲批发相对集聚，客人来到广州都往这边来，对于顾客来说相对方便。” ||| 100%回答 最快3分钟有回复 本地专业对口律师 3重资质审核 Word版本可编辑 5万+标准合同模板 快速取保 刑事案件3阶段方案 企业专区 工伤赔偿计算 法师姐-律所SaaS系统 属于白云新城辐射带的三元里村，改造已是大势所趋。截至5月30日，三元里城中村的居民同意城中村改造比率超过了80%，拆迁补偿方案支持比率为33.62%。城中村改造，集体和居民最直接的得益是什么?改造后，这里的区域优势将会凸显，我们可以将集体物业由过去的简单租赁提升到以商贸、文化、饮食、旅业、服务为主体的产业，从中获得更大的收益。三元里村党委书记韦联建如是说。 成立公司防止烂尾 改造过程中，上级下拨的资金将如何运作?会否出现改造烂尾的现象?为此，三元里村成立了三元里建设投资有限公司，服务于整个城中村改造的过程。 这个公司承担的职能很多，将来与村民签订拆迁补偿安置协议以及运作市政府下拨的3.58亿元启动资金。韦联建说，公司的资金运作要接受市、区、街和银行的严格监管，建立一套完善的资金运作流程，保证改造过程中不会出现烂尾现象。 拆迁方案有待完善 目前《三元里旧村改造房屋拆迁补偿和安置办法》和《三元里旧村改造集体经济组织驻村单位房屋和物业拆迁补偿和安置办法》正式稿已经出台，但村民对方案的支持率不高，这说明拆迁方案仍有待完善。 下一步，村里将对照拆迁补偿安置办法中存在的不足，逐步将村民的意见融入其中，使补偿方案更 ||| 三元里旧改补偿标准曝光，地价4万+，补偿6600元/平？ 根据网传的三元里旧改征收补偿方案，补偿标准最高为6600元/平，与之前曝光的潭村方案相似。补偿金额与地价相比存在较大落差，可能导致部分村民选择原地安置回迁。 据曝光的补偿方案显示，根据房屋不同情况，弃产货币补偿分为5个标准，最高为合法房屋的框架结构（A）可补偿3600元/平。若再加上征收奖励3000元/平，村民可获得6600元/平的补偿。然而，地价能卖到4万/平，补偿金额与之相比存在较大落差。 除了弃产的货币补偿，其他补偿标准包括国有住宅按评估价补偿，集体土地住宅按符合一户一宅不超过280㎡核算复建安置面积，超出部分按建安成本指导价补偿。 尽管补偿标准相对较低，但三元里村旧改的推进势头良好。据统计，截至6月26日，已有超过1800社员和5000多村民同意改造，同意率分别为93.85%和75.7%。这一旧改项目将推动片区蜕变和发展，提高村民生活水平。 尽管补偿标准存在一定落差，但三元里村旧改的推进势头良好。该项目将促进片区蜕变和发展，提高村民生活水平。 深圳市吉屋网络技术有限公司 服务热线：0755-26404403 粤ICP备11045667号 公网安备 44030502001914 ||| 手机看新闻 最近，继禁电鸡之后，三元里全面重启旧改的消息，纷至沓来。 有村民曝料，现在村内已经开始进行基础数据调查和摸排改造意见。 而在今天，楼市君又看到一则公告显示，截止到6月26日，三元里已有1802位社员同意改造，占到全村的93.85%。 全村18周岁以上的村民，也有5483人赞同改造，同意率为75.7%。 楼市君上周实踩三元里的时候，大部分村民也反馈同意拆迁，并支持复建回迁。 也就是说，三元里同意改造的群体，占据了大多数。 此前，那些猜测禁电鸡与旧改推进之间的言论，现在可以“闭麦”了。 免责声明：本文系注册用户（作者）在房产圈发布，房天下未对内容作任何修改或整理。本文仅代表作者观点，不代表房天下立场，若侵犯了您的合法权益，请进行投诉。对作者发布之内容，未经许可，不得转载。 我们带你读懂市场，识破套路，买到合心意、高性价比的好房子！ 50000元/平方米 价格待定 25000元/平方米 23000元/平方米 35000元/平方米 12888元/平方米 35000元/平方米 29000元/平方米 价格待定 29000元/平方米 添加客服微信,mainstream_news ||| mainstream_news ||| public_web ||| public_web ||| mainstream_news,https://www.sohu.com/a/881537084_121885030 ||| https://new.qq.com/rain/a/20250425A06LSH00 ||| https://m.110ask.com/zhishi/4553253002018355922.html ||| https://m.jiwu.com/www/news/5631019.html ||| https://gz.news.fang.com/open/50544119.html,5,silver_candidate,standard_review,0.000,low,low_risk,accept,,,,,,证据显示村民高同意率与签约积极性，同时提及对补偿落差的关注及回迁倾向，混合情感判定精准。,annotator_A,adjudicated_final,annotator_A
E003,LLM_CANON_E003_001,金钻豪园原业主/拆迁户,反映自2020年起过渡安置费被长期拖欠，项目处于半停工状态，诉求尽快支付费用并保障项目交付。,negative,多名业主在网络平台及人民网留言板集中爆料，指出开发商自2020年起未按合同发放过渡费，且工地长期半停工，表达强烈担忧与支付诉求。,SC_E003_001,原业主;拆迁户;回迁业主;居民;村民,True,,ev-00056;ev-00059;ev-00060;ev-00061;ev-00062;ev-01435,"最近热心粉丝爆料：金钻豪园开发商拆迁户的22年的过渡安置费，开发商还未支付； 去年项目已经停工一段时间，见首轮哥公众号文章： 罗湖金钻豪园安居房，现在进度如何了？ 对金钻豪园安居房不了解的可以看之前首轮哥公众号的文章： 金钻豪园1| 金钻豪园2 | 金钻豪园3 后面恢复开工，但是现在23年了，连拆迁户的22年的过渡安置费都拖欠，项目即使开工，是否能有足够的资金保障按时完工是有疑问的； 建议大家做好项目较长时间配售的心理准备，有其它备选项目配售时该买就先买了； ▲以上为去年10月底热心粉丝拍摄返回搜狐，查看更多 ||| 手机看新闻 楼市低迷，城市更新项目的推进也受到了严重影响，深圳不少居民面临过渡安置费无法按时支付的困境。所谓的过渡安置费，就是开发商在拆迁期间对原业主的补偿费用。在深圳，很多城市更新项目的过渡安置费是按照被拆迁房屋的面积来算的，比如深圳市龙岗区的一些项目过渡安置费是“20元/月·平方米”。 金钻豪园位于罗湖区翠竹街道，被称为“深圳最难改造”的旧小区之一。从2010年列入改造范围，到2018年才确认项目实施主体，2019年正式开工，但截至2024年项目还未交付。而从2020年开始，金钻豪园的过渡费就没有按合同规定发放。罗湖区翠竹街道信访办回应称，项目单位存在资金短缺问题，区政府已经成立工作专班，正在努力协调解决资金问题，确保项目顺利推进和支付过渡费。 类似的情况在深圳并不少见，如龙岗区五联竹头背、岭背坑旧改项目、龙东社区上井地块土地整备利益统筹项目，甚至曾被称为“旧改之王”的佳兆业集团也陷入了城市更新项目推进不畅的困境。多个项目因资金链紧张而拖欠过渡费，开发进度也大幅放缓。 深圳的旧改项目陷入困境，居民的过渡安置费无法按时支付，背后原因复杂。首先，房地产市场环境严峻，开发商资金链紧张，导致项目推进困难。其次，随着深圳人才房和保障房的入市，市场对旧改项目的需求也在下降。此外，旧改后的商品房市场销售收入不足以覆盖项目成本，开发商缺乏动力继续推进城市更新。地方政府虽然在积极协调解决、引入国 ||| 最近热心粉丝爆料：金钻豪园开发商拆迁户的22年的过渡安置费，开发商还未支付； 去年项目已经停工一段时间，见首轮哥公众号文章： 罗湖金钻豪园安居房，现在进度如何了？ 对金钻豪园安居房不了解的可以看之前首轮哥公众号的文章： 金钻豪园1| 金钻豪园2 | 金钻豪园3 后面恢复开工，但是现在23年了，连拆迁户的22年的过渡安置费都拖欠，项目即使开工，是否能有足够的资金保障按时完工是有疑问的； 建议大家做好项目较长时间配售的心理准备，有其它备选项目配售时该买就先买了； ▲以上为去年10月底热心粉丝拍摄 ||| 深圳的城市更新项目推进遇阻,不少居民面临过渡安置费拖欠问题。资金紧缺、市场低迷成主要原因, 开发商 放慢了更新步伐,多项目停工。官方正在逐步协调解决,试图引入国企盘活项目,但进展缓慢。 楼市低迷,城市 ||| 深圳的城市更新项目推进遇阻,不少居民面临过渡安置费拖欠问题。资金紧缺、市场低迷成主要原因, 开发商 放慢了更新步伐,多项目停工。官方正在逐步协调解决,试图引入国企盘活项目,但进展缓慢。 楼市低迷,城市 ||| 用微信扫码二维码 分享至好友和朋友圈 楼市下行、城市更新受阻，深圳一批村民陷入无法按时获得过渡安置费的困局。 过渡安置费（简称”过渡费“）指的是拆迁人（开发商/项目合作方）在拆迁过渡期对原业主可能发生费用的补偿。在深圳，不少城市更新项目的过渡费按照被拆迁房屋的面积计算，例如，深圳市龙岗区有项目过渡费按照“20元/月/平方米”支付。 第一财经梳理人民网留言板上的信息发现，近一年来，深圳有超过10个城市更新项目的居民称，旧改项目的开发商拖欠过渡安置费数月，另外，还有城市更新项目存在停工的问题。 延迟的过渡费 位于罗湖区翠竹街道的金钻豪园被称为“深圳最难改造”的旧小区之一，于2010年被列入深圳第一批旧住宅小区改造范围。一直到2018年，金钻豪园城市更新单元一期项目实施主体才确认公示，为深圳新华城房地产有限公司。2019年，该城市更新项目正式开工，然而，直到2024年，该项目都还未交付。 今年以来，金钻豪园的原业主多次在人民网留言板上称，工地长期处于半停工状态，从2020年起，过渡安置费就没有按合同规定发放。 对于金钻豪园项目存在的问题，罗湖区翠竹街道信访办回复称，项目单位存在资金短缺等问题，区职能部门正协调项目单位筹措资金，确保项目顺利建设，以及支付相关过渡安置费。另外，罗湖区政府已成立工作专班，研究解决金钻豪园项目盘活事宜，目前，已促进第三方国企介入项目，并就项目盘活的相关事宜达成一",mainstream_news ||| mainstream_news ||| mainstream_news ||| mainstream_news ||| mainstream_news ||| social_media,https://news.sohu.com/a/654223283_121314735 ||| https://sz.news.fang.com/open/51083915.html ||| https://m.sohu.com/a/654223283_121314735/?pvid=000115_3w_a ||| https://m.fang.com/news/bj/03_51083915.html ||| https://m.fang.com/news/sz/03_51083915.html ||| https://www.163.com/dy/article/JBOFR0J60519DDQ2.html,5,silver_candidate,standard_review,0.000,low,low_risk,accept,,,,,,证据充分支持业主反映拖欠过渡费、项目半停工及诉求支付的事实，负面情感合理。,annotator_A,adjudicated_final,annotator_A
E004,LLM_CANON_E004_001,横沙社区,通过投票决议向黄埔区政府申请行政处理所有留守户房屋拆迁补偿安置争议，旨在6月30日前实现拆迁清零。,neutral,多篇新闻报道明确指出横沙社区以投票方式通过决议，申请政府行政处理以推进旧改清零目标。,SC_E004_001,横沙股份经济联合社;横沙城中村改造项目社区,True,,ev-00077;ev-00081;ev-00083;ev-00085;ev-01455;ev-01460,广州旧改提速，多个项目处理留守户问题 打开手机微信扫一扫 广州城市更新正在提速。 近期，横沙社区以投票的方式通过了一项决议。决议内容是向黄埔区政府申请行政处理“改造范围内所有留守户房屋拆迁补偿安置争议”，从而在6月30日前实现横沙拆迁清零。 这个位于广州市黄埔区的横沙城中村改造项目，于2011年3月开启第一栋房屋的签约工作，至今已超过14年。 而上述决议通过后，项目的合作企业广州市兆霖房地产开发有限公司（下称“兆霖公司”）也有所行动，其已分两批次向区政府报送29栋未签约房屋的行政处理申请，首批申请在4月27日获得区政府正式受理。根据兆霖公司发布的通知，尚未签约的村民可在5月31日前办理签约手续，而剩余未签约房屋则将“由法院依法强制执行”。 为了推动旧改进度，去年以来，广州全市范围内多个城中村改造项目通过纳入政府征收、申请收回集体土地使用权或行政处理的方式，对留守户房屋进行依法动迁。 而近一个月，更多的项目采用了这样的做法。 多个旧改项目处理留守户问题 据时代财经统计，从4月中旬至今，已有至少5个项目宣告即将进行依法动迁，包括黄埔区横沙城中村改造项目、茅岗路以西城中村改造项目、文冲东旧村改造项目，番禺区里仁洞村更新改造项目，白云区陈田村城中村改造项目。 其中，黄埔横沙项目、黄埔文冲东项目将对未签约房屋启动行政处理程序；白云陈田经济联社对收回陈田村改造范围内全部集体土地使用权进行申请， ||| 横沙城中村改造项目香秀路旁未拆除村民房屋 时代财经摄 广州城市更新正在提速。 近期，横沙社区以投票的方式通过了一项决议。决议内容是向黄埔区政府申请行政处理“改造范围内所有留守户房屋拆迁补偿安置争议”，从而在6月30日前实现横沙拆迁清零。 这个位于广州市黄埔区的横沙城中村改造项目，于2011年3月开启第一栋房屋的签约工作，至今已超过14年。 横沙城中村改造项目待拆除房屋 时代财经摄 而上述决议通过后，项目的合作企业广州市兆霖房地产开发有限公司（下称“兆霖公司”）也有所行动，其已分两批次向区政府报送29栋未签约房屋的行政处理申请，首批申请在4月27日获得区政府正式受理。根据兆霖公司发布的通知，尚未签约的村民可在5月31日前办理签约手续，而剩余未签约房屋则将“由法院依法强制执行”。 为了推动旧改进度，去年以来，广州全市范围内多个城中村改造项目通过纳入政府征收、申请收回集体土地使用权或行政处理的方式，对留守户房屋进行依法动迁。 而近一个月，更多的项目采用了这样的做法。 多个旧改项目处理留守户问题 据时代财经统计，从4月中旬至今，已有至少5个项目宣告即将进行依法动迁，包括黄埔区横沙城中村改造项目、茅岗路以西城中村改造项目、文冲东旧村改造项目，番禺区里仁洞村更新改造项目，白云区陈田村城中村改造项目。 其中，黄埔横沙项目、黄埔文冲东项目将对未签约房屋启动行政处理程序；白云陈田经济联社对收回陈田村 ||| 时代财经 2025-05-21 09:13发布于广东时代财经官方账号 本文来源：时代财经 作者：陈泽旋 横沙城中村改造项目香秀路旁未拆除村民房屋 时代财经摄 广州城市更新正在提速。 近期，横沙社区以投票的方式通过了一项决议。决议内容是向黄埔区政府申请行政处理“改造范围内所有留守户房屋拆迁补偿安置争议”，从而在6月30日前实现横沙拆迁清零。 这个位于广州市黄埔区的横沙城中村改造项目，于2011年3月开启第一栋房屋的签约工作，至今已超过14年。 横沙城中村改造项目待拆除房屋 时代财经摄 而上述决议通过后，项目的合作企业广州市兆霖房地产开发有限公司（下称“兆霖公司”）也有所行动，其已分两批次向区政府报送29栋未签约房屋的行政处理申请，首批申请在4月27日获得区政府正式受理。根据兆霖公司发布的通知，尚未签约的村民可在5月31日前办理签约手续，而剩余未签约房屋则将“由法院依法强制执行”。 为了推动旧改进度，去年以来，广州全市范围内多个城中村改造项目通过纳入政府征收、申请收回集体土地使用权或行政处理的方式，对留守户房屋进行依法动迁。 而近一个月，更多的项目采用了这样的做法。 多个旧改项目处理留守户问题 据时代财经统计，从4月中旬至今，已有至少5个项目宣告即将进行依法动迁，包括黄埔区横沙城中村改造项目、茅岗路以西城中村改造项目、文冲东旧村改造项目，番禺区里仁洞村更新改造项目，白云区陈田村城中村改 ||| 用微信扫码二维码 分享至好友和朋友圈 本文来源：时代财经 作者：陈泽旋 横沙城中村改造项目香秀路旁未拆除村民房屋 时代财经摄 广州城市更新正在提速。 近期，横沙社区以投票的方式通过了一项决议。决议内容是向黄埔区政府申请行政处理“改造范围内所有留守户房屋拆迁补偿安置争议”，从而在6月30日前实现横沙拆迁清零。 这个位于广州市黄埔区的横沙城中村改造项目，于2011年3月开启第一栋房屋的签约工作，至今已超过14年。 横沙城中村改造项目待拆除房屋 时代财经摄 而上述决议通过后，项目的合作企业广州市兆霖房地产开发有限公司（下称“兆霖公司”）也有所行动，其已分两批次向区政府报送29栋未签约房屋的行政处理申请，首批申请在4月27日获得区政府正式受理。根据兆霖公司发布的通知，尚未签约的村民可在5月31日前办理签约手续，而剩余未签约房屋则将“由法院依法强制执行”。 为了推动旧改进度，去年以来，广州全市范围内多个城中村改造项目通过纳入政府征收、申请收回集体土地使用权或行政处理的方式，对留守户房屋进行依法动迁。 而近一个月，更多的项目采用了这样的做法。 多个旧改项目处理留守户问题 据时代财经统计，从4月中旬至今，已有至少5个项目宣告即将进行依法动迁，包括黄埔区横沙城中村改造项目、茅岗路以西城中村改造项目、文冲东旧村改造项目，番禺区里仁洞村更新改造项目，白云区陈田村城中村改造项目。 其中，黄埔横沙项目、黄 ||| 用微信扫码二维码 分享至好友和朋友圈 广州城市更新正在提速。 近期，横沙社区以投票的方式通过了一项决议。决议内容是向黄埔区政府申请行政处理“改造范围内所有留守户房屋拆迁补偿安置争议”，从而在6月30日前实现横沙拆迁清零。 这个位于广州市黄埔区的横沙城中村改造项目，于2011年3月开启第一栋房屋的签约工作，至今已超过14年。 而上述决议通过后，项目的合作企业广州市兆霖房地产开发有限公司（下称“兆霖公司”）也有所行动，其已分两批次向区政府报送29栋未签约房屋的行政处理申请，首批申请在4月27日获得区政府正式受理。根据兆霖公司发布的通知，尚未签约的村民可在5月31日前办理签约手续，而剩余未签约房屋则将“由法院依法强制执行”。 为了推动旧改进度，去年以来，广州全市范围内多个城中村改造项目通过纳入政府征收、申请收回集体土地使用权或行政处理的方式，对留守户房屋进行依法动迁。 而近一个月，更多的项目采用了这样的做法。 多个旧改项目处理留守户问题 据时代财经统计，从4月中旬至今，已有至少5个项目宣告即将进行依法动迁，包括黄埔区横沙城中村改造项目、茅岗路以西城中村改造项目、文冲东旧村改造项目，番禺区里仁洞村更新改造项目，白云区陈田村城中村改造项目。 其中，黄埔横沙项目、黄埔文冲东项目将对未签约房屋启动行政处理程序；白云陈田经济联社对收回陈田村改造范围内全部集体土地使用权进行申请，获得了白云区政府同意 ||| 广州城市更新正在提速。 近期，横沙社区以投票的方式通过了一项决议。决议内容是向黄埔区政府申请行政处理“改造范围内所有留守户房屋拆迁补偿安置争议”，从而在6月30日前实现横沙拆迁清零。 这个位于广州市黄埔区的横沙城中村改造项目，于2011年3月开启第一栋房屋的签约工作，至今已超过14年。 而上述决议通过后，项目的合作企业广州市兆霖房地产开发有限公司（下称“兆霖公司”）也有所行动，其已分两批次向区政府报送29栋未签约房屋的行政处理申请，首批申请在4月27日获得区政府正式受理。根据兆霖公司发布的通知，尚未签约的村民可在5月31日前办理签约手续，而剩余未签约房屋则将“由法院依法强制执行”。 为了推动旧改进度，去年以来，广州全市范围内多个城中村改造项目通过纳入政府征收、申请收回集体土地使用权或行政处理的方式，对留守户房屋进行依法动迁。 而近一个月，更多的项目采用了这样的做法。 多个旧改项目处理留守户问题 据时代财经统计，从4月中旬至今，已有至少5个项目宣告即将进行依法动迁，包括黄埔区横沙城中村改造项目、茅岗路以西城中村改造项目、文冲东旧村改造项目，番禺区里仁洞村更新改造项目，白云区陈田村城中村改造项目。 其中，黄埔横沙项目、黄埔文冲东项目将对未签约房屋启动行政处理程序；白云陈田经济联社对收回陈田村改造范围内全部集体土地使用权进行申请，获得了白云区政府同意；黄埔茅岗路以西项目宣布未签约房屋将启,forum ||| forum ||| forum ||| social_media ||| social_media ||| forum,https://finance.jrj.com.cn/2025/05/21141250558788.shtml ||| https://www.sohu.com/a/897175733_237556 ||| https://new.qq.com/rain/a/20250521A01OKA00 ||| https://www.163.com/dy/article/K02LU8S40530KP1K.html ||| https://www.163.com/dy/article/K03CP41E0519QIKK.html ||| https://www.sohu.com/a/897245964_114984,4,silver_candidate,standard_review,0.000,low,low_risk,accept,,,,,,证据明确记载社区投票申请行政处理留守户争议以推进清零目标，中性情感恰当。,annotator_A,adjudicated_final,annotator_A
E004,LLM_CANON_E004_002,广州市兆霖房地产开发有限公司,分两批次向区政府报送29栋未签约房屋的行政处理申请，设定5月31日签约最后期限并警告将依法申请法院强制执行，同时在拆除期间提供临时住宿与安全保障措施。,neutral,证据显示开发商作为实施主体主动提交行政处理申请、发布签约通知与强拆警告，并配合社区采取安置与围蔽措施。,SC_E004_002,兆霖公司;项目合作企业,True,,ev-00076;ev-00077;ev-00081;ev-00083;ev-00085;ev-01455;ev-01460,用微信扫码二维码 分享至好友和朋友圈 横沙社区 是广州市最早一批 进行更新改造的城中村 在城市更新的大浪潮中 城区面貌有了明显改善 近日 横沙旧改进度条再刷新！ 快跟小编到现场一探究竟 近日，大沙街横沙城中村改造项目安置区3A-1、3B-1地块房屋进行了集中拆除。预计该地块房屋全部拆除后，将复建1058套回迁房。 本次拆除行动地块已于2017年取得区政府发放的改造通告，但受到未签约户主的影响，迟迟无法开工建设。此次行动拆除的房屋，均已签订拆迁安置及交屋协议。由于临近未签约4户留守户提出超纲要求，且多次阻挠拆除工作进行，为加快推动安置房的建设，同时确保本次集中拆除行动高效完成，经过大量充分的准备工作，决定开展本次集中拆除行动。 多措并举 拆除工作安全有序 为了让已签约村民早日回迁 同时保障留守户人身及房屋安全 横沙社区与施工方多措并举 将旧改工作顺利推进 1 提前告知，专人上门以书面及口头告知有关拆除行动注意事项。 2 妥善安置，提供星级酒店作为临时居住方案供留守户选择。 3 生活保障，为了保障留守户基本生活顺畅，在其房屋周边设有畅通的出入口。 4 安全施工，施工过程将沿留守户房屋邻侧立面、进出巷道及造成影响的位置，搭建刚性防护棚，最大程度保障留守户房屋及人身安全。 拆除顺利完成的消息传出后，所有支持旧改、希望早日迎来美好生活的村民都拍手称快。相关部门将继续做好留守户的动员工作，争取 ||| 广州旧改提速，多个项目处理留守户问题 打开手机微信扫一扫 广州城市更新正在提速。 近期，横沙社区以投票的方式通过了一项决议。决议内容是向黄埔区政府申请行政处理“改造范围内所有留守户房屋拆迁补偿安置争议”，从而在6月30日前实现横沙拆迁清零。 这个位于广州市黄埔区的横沙城中村改造项目，于2011年3月开启第一栋房屋的签约工作，至今已超过14年。 而上述决议通过后，项目的合作企业广州市兆霖房地产开发有限公司（下称“兆霖公司”）也有所行动，其已分两批次向区政府报送29栋未签约房屋的行政处理申请，首批申请在4月27日获得区政府正式受理。根据兆霖公司发布的通知，尚未签约的村民可在5月31日前办理签约手续，而剩余未签约房屋则将“由法院依法强制执行”。 为了推动旧改进度，去年以来，广州全市范围内多个城中村改造项目通过纳入政府征收、申请收回集体土地使用权或行政处理的方式，对留守户房屋进行依法动迁。 而近一个月，更多的项目采用了这样的做法。 多个旧改项目处理留守户问题 据时代财经统计，从4月中旬至今，已有至少5个项目宣告即将进行依法动迁，包括黄埔区横沙城中村改造项目、茅岗路以西城中村改造项目、文冲东旧村改造项目，番禺区里仁洞村更新改造项目，白云区陈田村城中村改造项目。 其中，黄埔横沙项目、黄埔文冲东项目将对未签约房屋启动行政处理程序；白云陈田经济联社对收回陈田村改造范围内全部集体土地使用权进行申请， ||| 横沙城中村改造项目香秀路旁未拆除村民房屋 时代财经摄 广州城市更新正在提速。 近期，横沙社区以投票的方式通过了一项决议。决议内容是向黄埔区政府申请行政处理“改造范围内所有留守户房屋拆迁补偿安置争议”，从而在6月30日前实现横沙拆迁清零。 这个位于广州市黄埔区的横沙城中村改造项目，于2011年3月开启第一栋房屋的签约工作，至今已超过14年。 横沙城中村改造项目待拆除房屋 时代财经摄 而上述决议通过后，项目的合作企业广州市兆霖房地产开发有限公司（下称“兆霖公司”）也有所行动，其已分两批次向区政府报送29栋未签约房屋的行政处理申请，首批申请在4月27日获得区政府正式受理。根据兆霖公司发布的通知，尚未签约的村民可在5月31日前办理签约手续，而剩余未签约房屋则将“由法院依法强制执行”。 为了推动旧改进度，去年以来，广州全市范围内多个城中村改造项目通过纳入政府征收、申请收回集体土地使用权或行政处理的方式，对留守户房屋进行依法动迁。 而近一个月，更多的项目采用了这样的做法。 多个旧改项目处理留守户问题 据时代财经统计，从4月中旬至今，已有至少5个项目宣告即将进行依法动迁，包括黄埔区横沙城中村改造项目、茅岗路以西城中村改造项目、文冲东旧村改造项目，番禺区里仁洞村更新改造项目，白云区陈田村城中村改造项目。 其中，黄埔横沙项目、黄埔文冲东项目将对未签约房屋启动行政处理程序；白云陈田经济联社对收回陈田村 ||| 时代财经 2025-05-21 09:13发布于广东时代财经官方账号 本文来源：时代财经 作者：陈泽旋 横沙城中村改造项目香秀路旁未拆除村民房屋 时代财经摄 广州城市更新正在提速。 近期，横沙社区以投票的方式通过了一项决议。决议内容是向黄埔区政府申请行政处理“改造范围内所有留守户房屋拆迁补偿安置争议”，从而在6月30日前实现横沙拆迁清零。 这个位于广州市黄埔区的横沙城中村改造项目，于2011年3月开启第一栋房屋的签约工作，至今已超过14年。 横沙城中村改造项目待拆除房屋 时代财经摄 而上述决议通过后，项目的合作企业广州市兆霖房地产开发有限公司（下称“兆霖公司”）也有所行动，其已分两批次向区政府报送29栋未签约房屋的行政处理申请，首批申请在4月27日获得区政府正式受理。根据兆霖公司发布的通知，尚未签约的村民可在5月31日前办理签约手续，而剩余未签约房屋则将“由法院依法强制执行”。 为了推动旧改进度，去年以来，广州全市范围内多个城中村改造项目通过纳入政府征收、申请收回集体土地使用权或行政处理的方式，对留守户房屋进行依法动迁。 而近一个月，更多的项目采用了这样的做法。 多个旧改项目处理留守户问题 据时代财经统计，从4月中旬至今，已有至少5个项目宣告即将进行依法动迁，包括黄埔区横沙城中村改造项目、茅岗路以西城中村改造项目、文冲东旧村改造项目，番禺区里仁洞村更新改造项目，白云区陈田村城中村改 ||| 用微信扫码二维码 分享至好友和朋友圈 本文来源：时代财经 作者：陈泽旋 横沙城中村改造项目香秀路旁未拆除村民房屋 时代财经摄 广州城市更新正在提速。 近期，横沙社区以投票的方式通过了一项决议。决议内容是向黄埔区政府申请行政处理“改造范围内所有留守户房屋拆迁补偿安置争议”，从而在6月30日前实现横沙拆迁清零。 这个位于广州市黄埔区的横沙城中村改造项目，于2011年3月开启第一栋房屋的签约工作，至今已超过14年。 横沙城中村改造项目待拆除房屋 时代财经摄 而上述决议通过后，项目的合作企业广州市兆霖房地产开发有限公司（下称“兆霖公司”）也有所行动，其已分两批次向区政府报送29栋未签约房屋的行政处理申请，首批申请在4月27日获得区政府正式受理。根据兆霖公司发布的通知，尚未签约的村民可在5月31日前办理签约手续，而剩余未签约房屋则将“由法院依法强制执行”。 为了推动旧改进度，去年以来，广州全市范围内多个城中村改造项目通过纳入政府征收、申请收回集体土地使用权或行政处理的方式，对留守户房屋进行依法动迁。 而近一个月，更多的项目采用了这样的做法。 多个旧改项目处理留守户问题 据时代财经统计，从4月中旬至今，已有至少5个项目宣告即将进行依法动迁，包括黄埔区横沙城中村改造项目、茅岗路以西城中村改造项目、文冲东旧村改造项目，番禺区里仁洞村更新改造项目，白云区陈田村城中村改造项目。 其中，黄埔横沙项目、黄 ||| 用微信扫码二维码 分享至好友和朋友圈 广州城市更新正在提速。 近期，横沙社区以投票的方式通过了一项决议。决议内容是向黄埔区政府申请行政处理“改造范围内所有留守户房屋拆迁补偿安置争议”，从而在6月30日前实现横沙拆迁清零。 这个位于广州市黄埔区的横沙城中村改造项目，于2011年3月开启第一栋房屋的签约工作，至今已超过14年。 而上述决议通过后，项目的合作企业广州市兆霖房地产开发有限公司（下称“兆霖公司”）也有所行动，其已分两批次向区政府报送29栋未签约房屋的行政处理申请，首批申请在4月27日获得区政府正式受理。根据兆霖公司发布的通知，尚未签约的村民可在5月31日前办理签约手续，而剩余未签约房屋则将“由法院依法强制执行”。 为了推动旧改进度，去年以来，广州全市范围内多个城中村改造项目通过纳入政府征收、申请收回集体土地使用权或行政处理的方式，对留守户房屋进行依法动迁。 而近一个月，更多的项目采用了这样的做法。 多个旧改项目处理留守户问题 据时代财经统计，从4月中旬至今，已有至少5个项目宣告即将进行依法动迁，包括黄埔区横沙城中村改造项目、茅岗路以西城中村改造项目、文冲东旧村改造项目，番禺区里仁洞村更新改造项目，白云区陈田村城中村改造项目。 其中，黄埔横沙项目、黄埔文冲东项目将对未签约房屋启动行政处理程序；白云陈田经济联社对收回陈田村改造范围内全部集体土地使用权进行申请，获得了白云区政府同意 ||| 广州城市更新正在提速。 近期，横沙社区以投票的方式通过了一项决议。决议内容是向黄埔区政府申请行政处理“改造范围内所有留守户房屋拆迁补偿安置争议”，从而在6月30日前实现横沙拆迁清零。 这个位于广州市黄埔区的横沙城中村改造项目，于2011年3月开启第一栋房屋的签约工作，至今已超过14年。 而上述决议通过后，项目的合作企业广州市兆霖房地产开发有限公司（下称“兆霖公司”）也有所行动，其已分两批次向区政府报送29栋未签约房屋的行政处理申请，首批申请在4月27日获得区政府正式受理。根据兆霖公司发布的通知，尚未签约的村民可在5月31日前办理签约手续，而剩余未签约房屋则将“由法院依法强制执行”。 为了推动旧改进度，去年以来，广州全市范围内多个城中村改造项目通过纳入政府征收、申请收回集体土地使用权或行政处理的方式，对留守户房屋进行依法动迁。 而近一个月，更多的项目采用了这样的做法。 多个旧改项目处理留守户问题 据时代财经统计，从4月中旬至今，已有至少5个项目宣告即将进行依法动迁，包括黄埔区横沙城中村改造项目、茅岗路以西城中村改造项目、文冲东旧村改造项目，番禺区里仁洞村更新改造项目，白云区陈田村城中村改造项目。 其中，黄埔横沙项目、黄埔文冲东项目将对未签约房屋启动行政处理程序；白云陈田经济联社对收回陈田村改造范围内全部集体土地使用权进行申请，获得了白云区政府同意；黄埔茅岗路以西项目宣布未签约房屋将启,social_media ||| forum ||| forum ||| forum ||| social_media ||| social_media ||| forum,https://www.163.com/dy/article/FLUHJBVC0514E3L7.html ||| https://finance.jrj.com.cn/2025/05/21141250558788.shtml ||| https://www.sohu.com/a/897175733_237556 ||| https://new.qq.com/rain/a/20250521A01OKA00 ||| https://www.163.com/dy/article/K02LU8S40530KP1K.html ||| https://www.163.com/dy/article/K03CP41E0519QIKK.html ||| https://www.sohu.com/a/897245964_114984,4,silver_candidate,standard_review,0.000,low,low_risk,accept,,,,,,证据详实记录开发商分批提交申请、设定签约期限、警告强拆及提供临时安置措施，中性情感准确。,annotator_A,adjudicated_final,annotator_A
E004,LLM_CANON_E004_003,黄埔区政府,正式受理首批行政处理申请，发布旧改通告要求范围内单位个人配合改造，并依据市级政策对拒不交回土地使用权的留守户依法处理及申请法院强制执行。,neutral,政府官网通告与新闻报道证实区政府已受理申请、发布改造通告，且市级实施办法明确赋予区政府依法处理及申请强执的职权。,SC_E004_003,广州市黄埔区人民政府;区政府,True,,ev-00077;ev-00080;ev-00081;ev-00083;ev-00085;ev-00086;ev-00087;ev-01455;ev-01460;ev-01461;ev-01462,广州旧改提速，多个项目处理留守户问题 打开手机微信扫一扫 广州城市更新正在提速。 近期，横沙社区以投票的方式通过了一项决议。决议内容是向黄埔区政府申请行政处理“改造范围内所有留守户房屋拆迁补偿安置争议”，从而在6月30日前实现横沙拆迁清零。 这个位于广州市黄埔区的横沙城中村改造项目，于2011年3月开启第一栋房屋的签约工作，至今已超过14年。 而上述决议通过后，项目的合作企业广州市兆霖房地产开发有限公司（下称“兆霖公司”）也有所行动，其已分两批次向区政府报送29栋未签约房屋的行政处理申请，首批申请在4月27日获得区政府正式受理。根据兆霖公司发布的通知，尚未签约的村民可在5月31日前办理签约手续，而剩余未签约房屋则将“由法院依法强制执行”。 为了推动旧改进度，去年以来，广州全市范围内多个城中村改造项目通过纳入政府征收、申请收回集体土地使用权或行政处理的方式，对留守户房屋进行依法动迁。 而近一个月，更多的项目采用了这样的做法。 多个旧改项目处理留守户问题 据时代财经统计，从4月中旬至今，已有至少5个项目宣告即将进行依法动迁，包括黄埔区横沙城中村改造项目、茅岗路以西城中村改造项目、文冲东旧村改造项目，番禺区里仁洞村更新改造项目，白云区陈田村城中村改造项目。 其中，黄埔横沙项目、黄埔文冲东项目将对未签约房屋启动行政处理程序；白云陈田经济联社对收回陈田村改造范围内全部集体土地使用权进行申请， ||| 广州市黄埔区人民政府关于横沙旧村改造项目 剩余地块（除一、二期以外的地块） 改造的通告 横沙旧村改造项目剩余地块（除一、二期以外的地块）改造范围内房屋权属人同意《横沙“城中村”拆迁安置补偿方案》且签订补偿安置协议的已超过90%，依据广州市人民政府城市更新相关政策，现将有关事项通告如下： 一、横沙旧村项目改造范围地块位于黄埔区丰乐北路两侧，护林路以南，大沙东路以北，港湾北路两侧（横沙旧村改造范围内），包括：2A、2B、2C、2D、3A-2、3B-2、4A、4D、3C、3D、3E、3F地块（复建区）；2A、2B、3A、3B、3E、3F、4B、4C、4D、5地块（融资区），改造范围面积约49.78公顷（详见附件）。 二、横沙旧村项目改造由横沙股份经济联合社成立的广州兆霖房地产开发有限公司负责实施。 三、改造范围内的单位和个人应当顾全大局，积极支持和配合改造工作，不得非法阻挠改造工作的开展。 四、横沙旧村项目改造范围地块进入动迁和建设阶段。禁止在改造范围内实施未经批准的新建、扩建、改建房屋和改变房屋用途等行为；改造范围内已到期的出租屋、出租商铺的权益人以续签租约等手段不正当增加补偿费用的，根据民事法律相关规定不予补偿；改造范围内的各类经营业主应及时办理地址变更或注销手续。 五、为确保改造范围内居民的人身和财产安全，改造单位要采取安全措施，对改造范围进行围蔽管理，安全、文明施工。 六、各职能 ||| 横沙城中村改造项目香秀路旁未拆除村民房屋 时代财经摄 广州城市更新正在提速。 近期，横沙社区以投票的方式通过了一项决议。决议内容是向黄埔区政府申请行政处理“改造范围内所有留守户房屋拆迁补偿安置争议”，从而在6月30日前实现横沙拆迁清零。 这个位于广州市黄埔区的横沙城中村改造项目，于2011年3月开启第一栋房屋的签约工作，至今已超过14年。 横沙城中村改造项目待拆除房屋 时代财经摄 而上述决议通过后，项目的合作企业广州市兆霖房地产开发有限公司（下称“兆霖公司”）也有所行动，其已分两批次向区政府报送29栋未签约房屋的行政处理申请，首批申请在4月27日获得区政府正式受理。根据兆霖公司发布的通知，尚未签约的村民可在5月31日前办理签约手续，而剩余未签约房屋则将“由法院依法强制执行”。 为了推动旧改进度，去年以来，广州全市范围内多个城中村改造项目通过纳入政府征收、申请收回集体土地使用权或行政处理的方式，对留守户房屋进行依法动迁。 而近一个月，更多的项目采用了这样的做法。 多个旧改项目处理留守户问题 据时代财经统计，从4月中旬至今，已有至少5个项目宣告即将进行依法动迁，包括黄埔区横沙城中村改造项目、茅岗路以西城中村改造项目、文冲东旧村改造项目，番禺区里仁洞村更新改造项目，白云区陈田村城中村改造项目。 其中，黄埔横沙项目、黄埔文冲东项目将对未签约房屋启动行政处理程序；白云陈田经济联社对收回陈田村 ||| 时代财经 2025-05-21 09:13发布于广东时代财经官方账号 本文来源：时代财经 作者：陈泽旋 横沙城中村改造项目香秀路旁未拆除村民房屋 时代财经摄 广州城市更新正在提速。 近期，横沙社区以投票的方式通过了一项决议。决议内容是向黄埔区政府申请行政处理“改造范围内所有留守户房屋拆迁补偿安置争议”，从而在6月30日前实现横沙拆迁清零。 这个位于广州市黄埔区的横沙城中村改造项目，于2011年3月开启第一栋房屋的签约工作，至今已超过14年。 横沙城中村改造项目待拆除房屋 时代财经摄 而上述决议通过后，项目的合作企业广州市兆霖房地产开发有限公司（下称“兆霖公司”）也有所行动，其已分两批次向区政府报送29栋未签约房屋的行政处理申请，首批申请在4月27日获得区政府正式受理。根据兆霖公司发布的通知，尚未签约的村民可在5月31日前办理签约手续，而剩余未签约房屋则将“由法院依法强制执行”。 为了推动旧改进度，去年以来，广州全市范围内多个城中村改造项目通过纳入政府征收、申请收回集体土地使用权或行政处理的方式，对留守户房屋进行依法动迁。 而近一个月，更多的项目采用了这样的做法。 多个旧改项目处理留守户问题 据时代财经统计，从4月中旬至今，已有至少5个项目宣告即将进行依法动迁，包括黄埔区横沙城中村改造项目、茅岗路以西城中村改造项目、文冲东旧村改造项目，番禺区里仁洞村更新改造项目，白云区陈田村城中村改 ||| 用微信扫码二维码 分享至好友和朋友圈 本文来源：时代财经 作者：陈泽旋 横沙城中村改造项目香秀路旁未拆除村民房屋 时代财经摄 广州城市更新正在提速。 近期，横沙社区以投票的方式通过了一项决议。决议内容是向黄埔区政府申请行政处理“改造范围内所有留守户房屋拆迁补偿安置争议”，从而在6月30日前实现横沙拆迁清零。 这个位于广州市黄埔区的横沙城中村改造项目，于2011年3月开启第一栋房屋的签约工作，至今已超过14年。 横沙城中村改造项目待拆除房屋 时代财经摄 而上述决议通过后，项目的合作企业广州市兆霖房地产开发有限公司（下称“兆霖公司”）也有所行动，其已分两批次向区政府报送29栋未签约房屋的行政处理申请，首批申请在4月27日获得区政府正式受理。根据兆霖公司发布的通知，尚未签约的村民可在5月31日前办理签约手续，而剩余未签约房屋则将“由法院依法强制执行”。 为了推动旧改进度，去年以来，广州全市范围内多个城中村改造项目通过纳入政府征收、申请收回集体土地使用权或行政处理的方式，对留守户房屋进行依法动迁。 而近一个月，更多的项目采用了这样的做法。 多个旧改项目处理留守户问题 据时代财经统计，从4月中旬至今，已有至少5个项目宣告即将进行依法动迁，包括黄埔区横沙城中村改造项目、茅岗路以西城中村改造项目、文冲东旧村改造项目，番禺区里仁洞村更新改造项目，白云区陈田村城中村改造项目。 其中，黄埔横沙项目、黄 ||| ------ 穗埔府规〔2020〕18号 广州市黄埔区人民政府关于横沙旧村改造项目剩余地块（除一、二期以外的地块）改造的通告 横沙旧村改造项目剩余地块（除一、二期以外的地块）改造范围内房屋权属人同意《横沙“城中村”拆迁安置补偿方案》且签订补偿安置协议的已超过90%，依据广州市人民政府城市更新相关政策，现将有关事项通告如下： 一、横沙旧村项目改造范围地块位于黄埔区丰乐北路两侧，护林路以南，大沙东路以北，港湾北路两侧（横沙旧村改造范围内），包括：2A、2B、2C、2D、3A-2、3B-2、4A、4D、3C、3D、3E、3F地块（复建区）；2A、2B、3A、3B、3E、3F、4B、4C、4D、5地块（融资区），改造范围面积约49.78公顷（详见附件）。 二、横沙旧村项目改造由横沙股份经济联合社成立的广州兆霖房地产开发有限公司负责实施。 三、改造范围内的单位和个人应当顾全大局，积极支持和配合改造工作，不得非法阻挠改造工作的开展。 四、横沙旧村项目改造范围地块进入动迁和建设阶段。禁止在改造范围内实施未经批准的新建、扩建、改建房屋和改变房屋用途等行为；改造范围内已到期的出租屋、出租商铺的权益人以续签租约等手段不正当增加补偿费用的，根据民事法律相关规定不予补偿；改造范围内的各类经营业主应及时办理地址变更或注销手续。 五、为确保改造范围内居民的人身和财产安全，改造单位要采取安全措施，对改造范围进行 ||| ------ 穗埔府规〔2020〕18号 广州市黄埔区人民政府关于横沙旧村改造项目剩余地块（除一、二期以外的地块）改造的通告 横沙旧村改造项目剩余地块（除一、二期以外的地块）改造范围内房屋权属人同意《横沙“城中村”拆迁安置补偿方案》且签订补偿安置协议的已超过90%，依据广州市人民政府城市更新相关政策，现将有关事项通告如下： 一、横沙旧村项目改造范围地块位于黄埔区丰乐北路两侧，护林路以南，大沙东路以北，港湾北路两侧（横沙旧村改造范围内），包括：2A、2B、2C、2D、3A-2、3B-2、4A、4D、3C、3D、3E、3F地块（复建区）；2A、2B、3A、3B、3E、3F、4B、4C、4D、5地块（融资区），改造范围面积约49.78公顷（详见附件）。 二、横沙旧村项目改造由横沙股份经济联合社成立的广州兆霖房地产开发有限公司负责实施。 三、改造范围内的单位和个人应当顾全大局，积极支持和配合改造工作，不得非法阻挠改造工作的开展。 四、横沙旧村项目改造范围地块进入动迁和建设阶段。禁止在改造范围内实施未经批准的新建、扩建、改建房屋和改变房屋用途等行为；改造范围内已到期的出租屋、出租商铺的权益人以续签租约等手段不正当增加补偿费用的，根据民事法律相关规定不予补偿；改造范围内的各类经营业主应及时办理地址变更或注销手续。 五、为确保改造范围内居民的人身和财产安全，改造单位要采取安全措施，对改造范围进行 ||| 用微信扫码二维码 分享至好友和朋友圈 广州城市更新正在提速。 近期，横沙社区以投票的方式通过了一项决议。决议内容是向黄埔区政府申请行政处理“改造范围内所有留守户房屋拆迁补偿安置争议”，从而在6月30日前实现横沙拆迁清零。 这个位于广州市黄埔区的横沙城中村改造项目，于2011年3月开启第一栋房屋的签约工作，至今已超过14年。 而上述决议通过后，项目的合作企业广州市兆霖房地产开发有限公司（下称“兆霖公司”）也有所行动，其已分两批次向区政府报送29栋未签约房屋的行政处理申请，首批申请在4月27日获得区政府正式受理。根据兆霖公司发布的通知，尚未签约的村民可在5月31日前办理签约手续，而剩余未签约房屋则将“由法院依法强制执行”。 为了推动旧改进度，去年以来，广州全市范围内多个城中村改造项目通过纳入政府征收、申请收回集体土地使用权或行政处理的方式，对留守户房屋进行依法动迁。 而近一个月，更多的项目采用了这样的做法。 多个旧改项目处理留守户问题 据时代财经统计，从4月中旬至今，已有至少5个项目宣告即将进行依法动迁，包括黄埔区横沙城中村改造项目、茅岗路以西城中村改造项目、文冲东旧村改造项目，番禺区里仁洞村更新改造项目，白云区陈田村城中村改造项目。 其中，黄埔横沙项目、黄埔文冲东项目将对未签约房屋启动行政处理程序；白云陈田经济联社对收回陈田村改造范围内全部集体土地使用权进行申请，获得了白云区政府同意 ||| 广州城市更新正在提速。 近期，横沙社区以投票的方式通过了一项决议。决议内容是向黄埔区政府申请行政处理“改造范围内所有留守户房屋拆迁补偿安置争议”，从而在6月30日前实现横沙拆迁清零。 这个位于广州市黄埔区的横沙城中村改造项目，于2011年3月开启第一栋房屋的签约工作，至今已超过14年。 而上述决议通过后，项目的合作企业广州市兆霖房地产开发有限公司（下称“兆霖公司”）也有所行动，其已分两批次向区政府报送29栋未签约房屋的行政处理申请，首批申请在4月27日获得区政府正式受理。根据兆霖公司发布的通知，尚未签约的村民可在5月31日前办理签约手续，而剩余未签约房屋则将“由法院依法强制执行”。 为了推动旧改进度，去年以来，广州全市范围内多个城中村改造项目通过纳入政府征收、申请收回集体土地使用权或行政处理的方式，对留守户房屋进行依法动迁。 而近一个月，更多的项目采用了这样的做法。 多个旧改项目处理留守户问题 据时代财经统计，从4月中旬至今，已有至少5个项目宣告即将进行依法动迁，包括黄埔区横沙城中村改造项目、茅岗路以西城中村改造项目、文冲东旧村改造项目，番禺区里仁洞村更新改造项目，白云区陈田村城中村改造项目。 其中，黄埔横沙项目、黄埔文冲东项目将对未签约房屋启动行政处理程序；白云陈田经济联社对收回陈田村改造范围内全部集体土地使用权进行申请，获得了白云区政府同意；黄埔茅岗路以西项目宣布未签约房屋将启 ||| 闽政通APP 来源：广州日报 4月16日，《广州市旧村庄旧厂房旧城镇改造实施办法》（以下简称《实施办法》）在广州市政府网站公布，自2024年5月15日起施行。市住建局同步发布具体解读。《实施办法》明确，“留守户”拒不交回集体土地使用权时，属地区政府依法予以处理、申请法院强制执行。 适用于已启动的既有改造项目 2009年以来，广州探索开展“三旧”改造工作，陆续出台了《广州市城市更新办法》及旧村庄、旧厂房、旧城镇更新实施办法等配套文件的“1+3+N”系列文件，对于推动广州以“三旧”改造为核心的城市更新工作发挥了重要作用。 当前，广州“三旧”改造正处于政策调整期。对于新的城中村改造项目，主要适用自2024年5月1日起施行的《广州市城中村改造条例》；对于已启动的既有改造项目，在改造模式、改造程序等方面继续执行原有的政策。但是，广州原有的“三旧”改造政策文件大部分是规范性文件，法律效力层次较低，且部分文件因有效期届至已失效。因此，有必要结合广州“三旧”改造工作实际，针对既有改造项目制定专门的政府规章。 《实施办法》针对广州“三旧”改造既有项目（即在规章实施前已批复方案或者已引入合作企业的，以及其他经市人民政府确定的“三旧”改造项目），明确改造工作规范，为有序推进城市更新行动、实现“老城市、新活力”提供法治保障。 对历史文化保护有贡献的项目，奖励容积率 市住建局介绍，《实施办法》主要有四大制度 ||| 闽政通APP 来源：广州日报 4月16日，《广州市旧村庄旧厂房旧城镇改造实施办法》（以下简称《实施办法》）在广州市政府网站公布，自2024年5月15日起施行。市住建局同步发布具体解读。《实施办法》明确，“留守户”拒不交回集体土地使用权时，属地区政府依法予以处理、申请法院强制执行。 适用于已启动的既有改造项目 2009年以来，广州探索开展“三旧”改造工作，陆续出台了《广州市城市更新办法》及旧村庄、旧厂房、旧城镇更新实施办法等配套文件的“1+3+N”系列文件，对于推动广州以“三旧”改造为核心的城市更新工作发挥了重要作用。 当前，广州“三旧”改造正处于政策调整期。对于新的城中村改造项目，主要适用自2024年5月1日起施行的《广州市城中村改造条例》；对于已启动的既有改造项目，在改造模式、改造程序等方面继续执行原有的政策。但是，广州原有的“三旧”改造政策文件大部分是规范性文件，法律效力层次较低，且部分文件因有效期届至已失效。因此，有必要结合广州“三旧”改造工作实际，针对既有改造项目制定专门的政府规章。 《实施办法》针对广州“三旧”改造既有项目（即在规章实施前已批复方案或者已引入合作企业的，以及其他经市人民政府确定的“三旧”改造项目），明确改造工作规范，为有序推进城市更新行动、实现“老城市、新活力”提供法治保障。 对历史文化保护有贡献的项目，奖励容积率 市住建局介绍，《实施办法》主要有四大制度,forum ||| official ||| forum ||| forum ||| social_media ||| official ||| official ||| social_media ||| forum ||| official ||| official,https://finance.jrj.com.cn/2025/05/21141250558788.shtml ||| http://www.hp.gov.cn/gzjg/qzfgwhgzbm/qzfbgs/content/post_6835249.html ||| https://www.sohu.com/a/897175733_237556 ||| https://new.qq.com/rain/a/20250521A01OKA00 ||| https://www.163.com/dy/article/K02LU8S40530KP1K.html ||| http://www.gz.gov.cn/gfxwj/qjgfxwj/hpq/qf/content/post_6817133.html ||| https://gz.gov.cn/gfxwj/qjgfxwj/hpq/qf/content/post_6817133.html ||| https://www.163.com/dy/article/K03CP41E0519QIKK.html ||| https://www.sohu.com/a/897245964_114984 ||| http://tdzx.fuzhou.gov.cn/xxgk/ztzl/dcwz/202405/t20240506_4819301.htm ||| https://tdzx.fuzhou.gov.cn/xxgk/ztzl/dcwz/202405/t20240506_4819301.htm,7,silver_candidate,standard_review,0.000,low,low_risk,accept,,,,,,关键主张均有证据支持，表述准确，情感与理由合理。,annotator_A,adjudicated_final,annotator_A
E004,LLM_CANON_E004_004,留守户/未签约村民,提出被社区与开发商视为超纲的补偿要求并多次阻挠拆除工作，面临行政处理程序及5月31日后可能的法院强制执行。,negative,报道指出留守户因补偿争议阻挠施工，被要求限期签约，否则将进入行政处理与司法强执程序。,SC_E004_004,未签约户主;留守户,True,,ev-00076;ev-00077;ev-00081;ev-00083;ev-00085;ev-01455;ev-01460,用微信扫码二维码 分享至好友和朋友圈 横沙社区 是广州市最早一批 进行更新改造的城中村 在城市更新的大浪潮中 城区面貌有了明显改善 近日 横沙旧改进度条再刷新！ 快跟小编到现场一探究竟 近日，大沙街横沙城中村改造项目安置区3A-1、3B-1地块房屋进行了集中拆除。预计该地块房屋全部拆除后，将复建1058套回迁房。 本次拆除行动地块已于2017年取得区政府发放的改造通告，但受到未签约户主的影响，迟迟无法开工建设。此次行动拆除的房屋，均已签订拆迁安置及交屋协议。由于临近未签约4户留守户提出超纲要求，且多次阻挠拆除工作进行，为加快推动安置房的建设，同时确保本次集中拆除行动高效完成，经过大量充分的准备工作，决定开展本次集中拆除行动。 多措并举 拆除工作安全有序 为了让已签约村民早日回迁 同时保障留守户人身及房屋安全 横沙社区与施工方多措并举 将旧改工作顺利推进 1 提前告知，专人上门以书面及口头告知有关拆除行动注意事项。 2 妥善安置，提供星级酒店作为临时居住方案供留守户选择。 3 生活保障，为了保障留守户基本生活顺畅，在其房屋周边设有畅通的出入口。 4 安全施工，施工过程将沿留守户房屋邻侧立面、进出巷道及造成影响的位置，搭建刚性防护棚，最大程度保障留守户房屋及人身安全。 拆除顺利完成的消息传出后，所有支持旧改、希望早日迎来美好生活的村民都拍手称快。相关部门将继续做好留守户的动员工作，争取 ||| 广州旧改提速，多个项目处理留守户问题 打开手机微信扫一扫 广州城市更新正在提速。 近期，横沙社区以投票的方式通过了一项决议。决议内容是向黄埔区政府申请行政处理“改造范围内所有留守户房屋拆迁补偿安置争议”，从而在6月30日前实现横沙拆迁清零。 这个位于广州市黄埔区的横沙城中村改造项目，于2011年3月开启第一栋房屋的签约工作，至今已超过14年。 而上述决议通过后，项目的合作企业广州市兆霖房地产开发有限公司（下称“兆霖公司”）也有所行动，其已分两批次向区政府报送29栋未签约房屋的行政处理申请，首批申请在4月27日获得区政府正式受理。根据兆霖公司发布的通知，尚未签约的村民可在5月31日前办理签约手续，而剩余未签约房屋则将“由法院依法强制执行”。 为了推动旧改进度，去年以来，广州全市范围内多个城中村改造项目通过纳入政府征收、申请收回集体土地使用权或行政处理的方式，对留守户房屋进行依法动迁。 而近一个月，更多的项目采用了这样的做法。 多个旧改项目处理留守户问题 据时代财经统计，从4月中旬至今，已有至少5个项目宣告即将进行依法动迁，包括黄埔区横沙城中村改造项目、茅岗路以西城中村改造项目、文冲东旧村改造项目，番禺区里仁洞村更新改造项目，白云区陈田村城中村改造项目。 其中，黄埔横沙项目、黄埔文冲东项目将对未签约房屋启动行政处理程序；白云陈田经济联社对收回陈田村改造范围内全部集体土地使用权进行申请， ||| 横沙城中村改造项目香秀路旁未拆除村民房屋 时代财经摄 广州城市更新正在提速。 近期，横沙社区以投票的方式通过了一项决议。决议内容是向黄埔区政府申请行政处理“改造范围内所有留守户房屋拆迁补偿安置争议”，从而在6月30日前实现横沙拆迁清零。 这个位于广州市黄埔区的横沙城中村改造项目，于2011年3月开启第一栋房屋的签约工作，至今已超过14年。 横沙城中村改造项目待拆除房屋 时代财经摄 而上述决议通过后，项目的合作企业广州市兆霖房地产开发有限公司（下称“兆霖公司”）也有所行动，其已分两批次向区政府报送29栋未签约房屋的行政处理申请，首批申请在4月27日获得区政府正式受理。根据兆霖公司发布的通知，尚未签约的村民可在5月31日前办理签约手续，而剩余未签约房屋则将“由法院依法强制执行”。 为了推动旧改进度，去年以来，广州全市范围内多个城中村改造项目通过纳入政府征收、申请收回集体土地使用权或行政处理的方式，对留守户房屋进行依法动迁。 而近一个月，更多的项目采用了这样的做法。 多个旧改项目处理留守户问题 据时代财经统计，从4月中旬至今，已有至少5个项目宣告即将进行依法动迁，包括黄埔区横沙城中村改造项目、茅岗路以西城中村改造项目、文冲东旧村改造项目，番禺区里仁洞村更新改造项目，白云区陈田村城中村改造项目。 其中，黄埔横沙项目、黄埔文冲东项目将对未签约房屋启动行政处理程序；白云陈田经济联社对收回陈田村 ||| 时代财经 2025-05-21 09:13发布于广东时代财经官方账号 本文来源：时代财经 作者：陈泽旋 横沙城中村改造项目香秀路旁未拆除村民房屋 时代财经摄 广州城市更新正在提速。 近期，横沙社区以投票的方式通过了一项决议。决议内容是向黄埔区政府申请行政处理“改造范围内所有留守户房屋拆迁补偿安置争议”，从而在6月30日前实现横沙拆迁清零。 这个位于广州市黄埔区的横沙城中村改造项目，于2011年3月开启第一栋房屋的签约工作，至今已超过14年。 横沙城中村改造项目待拆除房屋 时代财经摄 而上述决议通过后，项目的合作企业广州市兆霖房地产开发有限公司（下称“兆霖公司”）也有所行动，其已分两批次向区政府报送29栋未签约房屋的行政处理申请，首批申请在4月27日获得区政府正式受理。根据兆霖公司发布的通知，尚未签约的村民可在5月31日前办理签约手续，而剩余未签约房屋则将“由法院依法强制执行”。 为了推动旧改进度，去年以来，广州全市范围内多个城中村改造项目通过纳入政府征收、申请收回集体土地使用权或行政处理的方式，对留守户房屋进行依法动迁。 而近一个月，更多的项目采用了这样的做法。 多个旧改项目处理留守户问题 据时代财经统计，从4月中旬至今，已有至少5个项目宣告即将进行依法动迁，包括黄埔区横沙城中村改造项目、茅岗路以西城中村改造项目、文冲东旧村改造项目，番禺区里仁洞村更新改造项目，白云区陈田村城中村改 ||| 用微信扫码二维码 分享至好友和朋友圈 本文来源：时代财经 作者：陈泽旋 横沙城中村改造项目香秀路旁未拆除村民房屋 时代财经摄 广州城市更新正在提速。 近期，横沙社区以投票的方式通过了一项决议。决议内容是向黄埔区政府申请行政处理“改造范围内所有留守户房屋拆迁补偿安置争议”，从而在6月30日前实现横沙拆迁清零。 这个位于广州市黄埔区的横沙城中村改造项目，于2011年3月开启第一栋房屋的签约工作，至今已超过14年。 横沙城中村改造项目待拆除房屋 时代财经摄 而上述决议通过后，项目的合作企业广州市兆霖房地产开发有限公司（下称“兆霖公司”）也有所行动，其已分两批次向区政府报送29栋未签约房屋的行政处理申请，首批申请在4月27日获得区政府正式受理。根据兆霖公司发布的通知，尚未签约的村民可在5月31日前办理签约手续，而剩余未签约房屋则将“由法院依法强制执行”。 为了推动旧改进度，去年以来，广州全市范围内多个城中村改造项目通过纳入政府征收、申请收回集体土地使用权或行政处理的方式，对留守户房屋进行依法动迁。 而近一个月，更多的项目采用了这样的做法。 多个旧改项目处理留守户问题 据时代财经统计，从4月中旬至今，已有至少5个项目宣告即将进行依法动迁，包括黄埔区横沙城中村改造项目、茅岗路以西城中村改造项目、文冲东旧村改造项目，番禺区里仁洞村更新改造项目，白云区陈田村城中村改造项目。 其中，黄埔横沙项目、黄 ||| 用微信扫码二维码 分享至好友和朋友圈 广州城市更新正在提速。 近期，横沙社区以投票的方式通过了一项决议。决议内容是向黄埔区政府申请行政处理“改造范围内所有留守户房屋拆迁补偿安置争议”，从而在6月30日前实现横沙拆迁清零。 这个位于广州市黄埔区的横沙城中村改造项目，于2011年3月开启第一栋房屋的签约工作，至今已超过14年。 而上述决议通过后，项目的合作企业广州市兆霖房地产开发有限公司（下称“兆霖公司”）也有所行动，其已分两批次向区政府报送29栋未签约房屋的行政处理申请，首批申请在4月27日获得区政府正式受理。根据兆霖公司发布的通知，尚未签约的村民可在5月31日前办理签约手续，而剩余未签约房屋则将“由法院依法强制执行”。 为了推动旧改进度，去年以来，广州全市范围内多个城中村改造项目通过纳入政府征收、申请收回集体土地使用权或行政处理的方式，对留守户房屋进行依法动迁。 而近一个月，更多的项目采用了这样的做法。 多个旧改项目处理留守户问题 据时代财经统计，从4月中旬至今，已有至少5个项目宣告即将进行依法动迁，包括黄埔区横沙城中村改造项目、茅岗路以西城中村改造项目、文冲东旧村改造项目，番禺区里仁洞村更新改造项目，白云区陈田村城中村改造项目。 其中，黄埔横沙项目、黄埔文冲东项目将对未签约房屋启动行政处理程序；白云陈田经济联社对收回陈田村改造范围内全部集体土地使用权进行申请，获得了白云区政府同意 ||| 广州城市更新正在提速。 近期，横沙社区以投票的方式通过了一项决议。决议内容是向黄埔区政府申请行政处理“改造范围内所有留守户房屋拆迁补偿安置争议”，从而在6月30日前实现横沙拆迁清零。 这个位于广州市黄埔区的横沙城中村改造项目，于2011年3月开启第一栋房屋的签约工作，至今已超过14年。 而上述决议通过后，项目的合作企业广州市兆霖房地产开发有限公司（下称“兆霖公司”）也有所行动，其已分两批次向区政府报送29栋未签约房屋的行政处理申请，首批申请在4月27日获得区政府正式受理。根据兆霖公司发布的通知，尚未签约的村民可在5月31日前办理签约手续，而剩余未签约房屋则将“由法院依法强制执行”。 为了推动旧改进度，去年以来，广州全市范围内多个城中村改造项目通过纳入政府征收、申请收回集体土地使用权或行政处理的方式，对留守户房屋进行依法动迁。 而近一个月，更多的项目采用了这样的做法。 多个旧改项目处理留守户问题 据时代财经统计，从4月中旬至今，已有至少5个项目宣告即将进行依法动迁，包括黄埔区横沙城中村改造项目、茅岗路以西城中村改造项目、文冲东旧村改造项目，番禺区里仁洞村更新改造项目，白云区陈田村城中村改造项目。 其中，黄埔横沙项目、黄埔文冲东项目将对未签约房屋启动行政处理程序；白云陈田经济联社对收回陈田村改造范围内全部集体土地使用权进行申请，获得了白云区政府同意；黄埔茅岗路以西项目宣布未签约房屋将启,social_media ||| forum ||| forum ||| forum ||| social_media ||| social_media ||| forum,https://www.163.com/dy/article/FLUHJBVC0514E3L7.html ||| https://finance.jrj.com.cn/2025/05/21141250558788.shtml ||| https://www.sohu.com/a/897175733_237556 ||| https://new.qq.com/rain/a/20250521A01OKA00 ||| https://www.163.com/dy/article/K02LU8S40530KP1K.html ||| https://www.163.com/dy/article/K03CP41E0519QIKK.html ||| https://www.sohu.com/a/897245964_114984,4,silver_candidate,standard_review,0.000,low,low_risk,accept,,,,,,证据充分覆盖留守户行为及面临后果，情感与理由匹配。,annotator_A,adjudicated_final,annotator_A
E009,LLM_CANON_E009_001,公租房住户,反映小区至少上百个停车位被商品房业主用水泥墩圈占，导致停车困难，主张应享有与商品房业主平等的公共设施使用权。,negative,多份证据显示公租房住户向媒体反映车位被圈占导致停车难，法律专家亦指出其理应享有平等使用权。,SC_E009_001,公租房住户;承租户,True,,ev-00205;ev-00207;ev-01536;ev-01538,"据此前报道,近日,深圳市光明区绿地新都会小区的公租房住户反映,该小区至少上百个车位被同小区的商品房业主圈占,导致公租房住户停车困难。 官方资料显示,绿地新都会小区是光明区2022年第一批次公共租赁住房 ||| 央广网北京4月29日消息（记者张胜坡）4月28日，央广网发布独家报道《私自用水泥墩圈占小区停车位？商品房业主与公租房住户停车位之争背后》，引发关注。 据此前报道，近日，深圳市光明区绿地新都会小区的公租房住户反映，该小区至少上百个车位被同小区的商品房业主圈占，导致公租房住户停车困难。 官方资料显示，绿地新都会小区是光明区2022年第一批次公共租赁住房，供应房源共计408套，已全部租赁完毕。 4月29日，深圳市光明区住房和建设局回应央广网称，小区物业公司29日已对地下车库内的石墩进行移除。接下来，住建局将督促物业公司加强引导，进一步优化小区停车秩序管理。 深圳市光明区住建局相关负责人介绍，绿地新都会小区共1052套住房。小区于2022年7月起陆续入住，现已入住757户，入住率约72%。因小区停车位紧张，商品房住户用石墩将小区地下车库负一楼和负二楼停车区域隔断起来，因而与公租房住户产生纠纷。 对于地面停车场的路障，光明区住建局副局长钟炽东解释，因为此前开发商承诺划拨给商品房业主部分临时车位使用，商品房业主为了保障使用这部分车位，自行设置了路障，“就是一条分界线的意思”。 4月29日，绿地新都会小区商品房业主钟女士证实了该说法。钟女士提供的一份“绿地新都会公馆业主代表座谈会会议备忘”显示，2022年6月30日下午，光明区副区长彭颖组织召开了绿地新都会公馆业主代表座谈会，区住建局、区信访局、 ||| 央广网北京4月28日消息(记者张胜坡)近日,深圳某公租房小区的住户向央广网反映,他们所住小区内,至少上百个车位被同小区的商品房业主圈占,导致公租房住户停车困难。 该小区是深圳市光明区光明街道光明大街的 ||| 近日，深圳某公租房小区的住户向央广网反映，他们所住小区内，至少上百个车位被同小区的商品房业主圈占，导致公租房住户停车困难。 该小区是深圳市光明区光明街道光明大街的“绿地新都会”。官方资料显示，“绿地新都会”小区是2022年第一批次公共租赁住房，供应房源共计408套，已全部租赁完毕。 4月25日至27日，记者多次致电光明区住建局和光明街道办事处了解相关问题处理过程和进展，截至发稿未获回复。 25日，“绿地新都会”小区物业主管罗某回复央广网称，他已将记者的采访请求上报公司，将会由公司新闻发言人回复，截至发稿，记者未获回复。28日，该小区商品房业主表示，业主用水泥墩围挡停车场通道的情况确实存在。 据媒体报道，近年来，商品房配建的保障房被区别对待的情况在全国各地已多次发生。对此，华东政法大学法律学院副教授孙维飞表示，从法理上来讲，公租房住户承租的是政府住房，在小区公共设施上，只要政府没有限制他们的使用权，他们理应享有和商品房业主平等的权利。 公租房住户： 商品房业主使用水泥墩圈占停车位 据了解，“绿地新都会”小区共有1052套住房，其中408套是公租房，其余为商品房和回迁房。 李先生是2023年元旦入住“绿地新都会”小区的公租房。他告诉记者，刚入住时，小区地上和地下停车场都免费向所有住户开放，随着公租房住户逐渐搬入，去年4月份，部分商品房业主开始用水泥墩圈占停车位。 在地上停车场，6块黄色",public_web ||| mainstream_news ||| public_web ||| public_web,https://news.cnr.cn/dj/20240429/t20240429_526687945.shtml ||| https://m.sohu.com/a/777771356_121687421/?pvid=000115_3w_a ||| https://news.cnr.cn/dj/20240428/t20240428_526685236.shtml ||| https://web.shobserver.com/wx/detail.do?id=743731,3,silver_candidate,standard_review,0.000,low,low_risk,accept,,,,,,公租房住户诉求与困境在证据中明确体现，支持充分。,annotator_A,adjudicated_final,annotator_A
E009,LLM_CANON_E009_002,商品房业主,因小区停车位紧张，使用石墩/水泥墩将地下车库负一楼和负二楼停车区域隔断圈占，以保障自身停车权益。,negative,证据明确指出商品房业主因停车紧张使用石墩隔断车库区域，且向媒体承认围挡情况确实存在。,SC_E009_002,商品房业主;业主,True,,ev-00205;ev-00207;ev-01538,"据此前报道,近日,深圳市光明区绿地新都会小区的公租房住户反映,该小区至少上百个车位被同小区的商品房业主圈占,导致公租房住户停车困难。 官方资料显示,绿地新都会小区是光明区2022年第一批次公共租赁住房 ||| 央广网北京4月29日消息（记者张胜坡）4月28日，央广网发布独家报道《私自用水泥墩圈占小区停车位？商品房业主与公租房住户停车位之争背后》，引发关注。 据此前报道，近日，深圳市光明区绿地新都会小区的公租房住户反映，该小区至少上百个车位被同小区的商品房业主圈占，导致公租房住户停车困难。 官方资料显示，绿地新都会小区是光明区2022年第一批次公共租赁住房，供应房源共计408套，已全部租赁完毕。 4月29日，深圳市光明区住房和建设局回应央广网称，小区物业公司29日已对地下车库内的石墩进行移除。接下来，住建局将督促物业公司加强引导，进一步优化小区停车秩序管理。 深圳市光明区住建局相关负责人介绍，绿地新都会小区共1052套住房。小区于2022年7月起陆续入住，现已入住757户，入住率约72%。因小区停车位紧张，商品房住户用石墩将小区地下车库负一楼和负二楼停车区域隔断起来，因而与公租房住户产生纠纷。 对于地面停车场的路障，光明区住建局副局长钟炽东解释，因为此前开发商承诺划拨给商品房业主部分临时车位使用，商品房业主为了保障使用这部分车位，自行设置了路障，“就是一条分界线的意思”。 4月29日，绿地新都会小区商品房业主钟女士证实了该说法。钟女士提供的一份“绿地新都会公馆业主代表座谈会会议备忘”显示，2022年6月30日下午，光明区副区长彭颖组织召开了绿地新都会公馆业主代表座谈会，区住建局、区信访局、 ||| 近日，深圳某公租房小区的住户向央广网反映，他们所住小区内，至少上百个车位被同小区的商品房业主圈占，导致公租房住户停车困难。 该小区是深圳市光明区光明街道光明大街的“绿地新都会”。官方资料显示，“绿地新都会”小区是2022年第一批次公共租赁住房，供应房源共计408套，已全部租赁完毕。 4月25日至27日，记者多次致电光明区住建局和光明街道办事处了解相关问题处理过程和进展，截至发稿未获回复。 25日，“绿地新都会”小区物业主管罗某回复央广网称，他已将记者的采访请求上报公司，将会由公司新闻发言人回复，截至发稿，记者未获回复。28日，该小区商品房业主表示，业主用水泥墩围挡停车场通道的情况确实存在。 据媒体报道，近年来，商品房配建的保障房被区别对待的情况在全国各地已多次发生。对此，华东政法大学法律学院副教授孙维飞表示，从法理上来讲，公租房住户承租的是政府住房，在小区公共设施上，只要政府没有限制他们的使用权，他们理应享有和商品房业主平等的权利。 公租房住户： 商品房业主使用水泥墩圈占停车位 据了解，“绿地新都会”小区共有1052套住房，其中408套是公租房，其余为商品房和回迁房。 李先生是2023年元旦入住“绿地新都会”小区的公租房。他告诉记者，刚入住时，小区地上和地下停车场都免费向所有住户开放，随着公租房住户逐渐搬入，去年4月份，部分商品房业主开始用水泥墩圈占停车位。 在地上停车场，6块黄色",public_web ||| mainstream_news ||| public_web,https://news.cnr.cn/dj/20240429/t20240429_526687945.shtml ||| https://m.sohu.com/a/777771356_121687421/?pvid=000115_3w_a ||| https://web.shobserver.com/wx/detail.do?id=743731,3,silver_candidate,standard_review,0.000,low,low_risk,accept,,,,,,商品房业主行为动机与事实均有直接证据支撑，无误。,annotator_A,adjudicated_final,annotator_A
E009,LLM_CANON_E009_003,深圳市光明区住房和建设局,回应争议，确认物业已移除地下车库石墩，表示将督促物业加强引导并优化停车秩序管理，同时解释纠纷起因系车位紧张及开发商历史承诺。,neutral,住建局负责人于4月29日回应媒体，通报移除石墩进展及后续管理措施，并说明纠纷背景；相关方面亦表示正依法依规处置并督促化解纠纷。,SC_E009_003,光明区住建局;住建局;官方,True,,ev-00206;ev-00207,"记者6日在采访中了解到,深圳市相关方面正在依法依规对该起事件进行处置,并对网传信息进行核实处理,后续还将针对事件中暴露出的停车位使用权问题,督促开发商、物业公司做好相关纠纷化解工作。 ||| 央广网北京4月29日消息（记者张胜坡）4月28日，央广网发布独家报道《私自用水泥墩圈占小区停车位？商品房业主与公租房住户停车位之争背后》，引发关注。 据此前报道，近日，深圳市光明区绿地新都会小区的公租房住户反映，该小区至少上百个车位被同小区的商品房业主圈占，导致公租房住户停车困难。 官方资料显示，绿地新都会小区是光明区2022年第一批次公共租赁住房，供应房源共计408套，已全部租赁完毕。 4月29日，深圳市光明区住房和建设局回应央广网称，小区物业公司29日已对地下车库内的石墩进行移除。接下来，住建局将督促物业公司加强引导，进一步优化小区停车秩序管理。 深圳市光明区住建局相关负责人介绍，绿地新都会小区共1052套住房。小区于2022年7月起陆续入住，现已入住757户，入住率约72%。因小区停车位紧张，商品房住户用石墩将小区地下车库负一楼和负二楼停车区域隔断起来，因而与公租房住户产生纠纷。 对于地面停车场的路障，光明区住建局副局长钟炽东解释，因为此前开发商承诺划拨给商品房业主部分临时车位使用，商品房业主为了保障使用这部分车位，自行设置了路障，“就是一条分界线的意思”。 4月29日，绿地新都会小区商品房业主钟女士证实了该说法。钟女士提供的一份“绿地新都会公馆业主代表座谈会会议备忘”显示，2022年6月30日下午，光明区副区长彭颖组织召开了绿地新都会公馆业主代表座谈会，区住建局、区信访局、",social_media ||| mainstream_news,https://www.toutiao.com/article/7106408237708100100/ ||| https://m.sohu.com/a/777771356_121687421/?pvid=000115_3w_a,2,silver_candidate,standard_review,0.000,low,low_risk,accept,,,,,,住建局回应内容及措施与证据完全一致，情感中性恰当。,annotator_A,adjudicated_final,annotator_A
E011,LLM_CANON_E011_001,江西工业职业技术学院,最初发布通报称食堂异物为鸭脖并试图澄清，后被联合调查组认定未认真调查取证并发布错误结论，对事件负主体责任，随后与涉事食堂供应商解除合约。,negative,证据显示校方初期否认鼠头并定性为鸭脖，后期被省级调查组通报批评并承担主体责任。,SC_E011_001,校方;江西工职院;学校,True,,ev-00242;ev-01581;ev-01584;ev-01586,"江西工业职业技术学院icon,学生就餐惊现“鼠头”!!!食堂当即给出解释,是鸭脖子。随后,当地市场监督管理局给出反复检验的结论,也是鸭脖子。不过根据现场的照片,这鸭脖子也太挑战网友们的视觉神经了,长着 ||| 2023年6月1日下午，一则“江西工业职业技术学院饭菜中疑吃出老鼠头”的视频在网络传播，视频画面的饭菜中，疑似有异物出现1。 2023年6月3日，针对视频内容，江西工业职业技术学院做出回应表示确认“异物”为鸭脖，随后南昌市市场监督管理局工作人员也确认为鸭脖1。6月10日，相关部门成立事件联合调查组进行调查，并在6月17日公布调查结果，认定饭菜中异物是鼠头，江西工业职业技术学院对此次事件负主体责任，涉事企业负直接责任，市场监督管理部门负监管责任2。同时学校也与涉事食堂供应商为江西中快后勤服务有限公司解除合约3，涉事企业及相关责任人受到行政处罚。 2024年3月，江西中快后勤服务有限公司因其他违反食品安全法律、行政法规规定，严重危害人民群众身体健康和生命安全的违法行为，被南昌市市场监督管理局列入严重违法失信企业名单4。 6·1江西工职院食品安全事件 2023年6月1日下午 江西工业职业技术学院1 江西工业职业技术学院是1999年经教育部批准成立的江西省首批独立设置的公办全日制综合性高等职业院校，是江西省示范性高等职业院校。学校创办于1954年，先后经历了调整、升格、合并、更名等发展阶段，已有近70年的办学历史。 2021年11月，江西工业职业技术学院（涉事高校）另外一个校区曾经在食堂发现老鼠。该校当时在其官方微博发布情况说明，承认系管理人员疏于监管，导致有室外老鼠窜入。学校对涉事公司进 ||| 调查问题加载中，请稍候。 若长时间无响应，请刷新本页面 网络视频截图 6月3日，江西工业职业技术学校官方微博就“学校食堂饭菜中吃出老鼠头”一事发布情况通报，称饭菜中的“异物”经当事人确认为鸭脖。通报全文如下： 2023年6月1日下午，一则“江西一高校饭菜中疑吃出老鼠头”的视频在网络媒体传播，视频内容涉及我校食堂食品安全。对此，学校党委高度重视、迅速部署，要求立即组织封存相关档口食物并同步开展调查处置。 经调查，视频拍摄地点确实在我校食堂，但反映内容与事实不符。当事学生本人在事发当时即邀请同学共同对“异物”进行了比对，确认“异物”为鸭脖，为正常食物。该学生已现场作出书面说明对视频内容进行澄清。 南昌市高新区市场监督管理局接到情况报告后，第一时间派出执法人员到我校开展调查，问询学校工作人员、食堂负责人、当事学生及相关知情人，对食品留样进行采样检测。 食品安全无小事，校园食品安全尤其关系到学生健康、家庭未来和社会稳定。学校是学生、老师、在校职工共同的家园，我们都应为守护好家园尽自己的一份力。我们将进一步加强对学校食堂的科学管理，进一步督促食堂经营管理方落实好食品安全主体责任，不断提升食品安全水平，让广大师生吃得安心、吃得放心。 法治日报全媒体记者 周孝清 点击右上角微信好友 朋友圈 点击浏览器下方“”分享微信好友Safari浏览器请点击“”按钮 点击右上角QQ 点击浏览器下方“”分享QQ ||| 如何设置星标：点击上方蓝字“粤穗平台”➤ 右上角按钮“…”➤ 设为星标⭐ 近日，“江西工业职业技术学院饭菜中疑吃出老鼠头”事件持续发酵。 6月17日，江西发布通报： 针对江西工业职业技术学院“6·1”食品安全事件，省教育厅、省公安厅、省国资委、省市场监督管理局组成的联合调查组，本着实事求是原则开展调查，现将有关情况通报如下。 联合调查组经勘察现场，调取监控视频发现，6月1日，学生在食堂吃出疑似为“鼠头”的异物，被涉事食堂工作人员事发当日丢弃。通过查看食堂后厨视频，查阅采购清单，询问涉事食堂负责人、后厨相关当事人、当事学生和现场围观学生等，判定异物不是鸭脖。根据国内权威动物专家对提取的当事学生所拍现场照片和视频进行专业辨识，判定异物为老鼠类啮齿动物的头部。南昌高新区市场监督管理局昌东分局、江西工业职业技术学院未认真调查取证，发布“异物为鸭脖”结论是错误的。 经认定，江西工业职业技术学院对此次事件负主体责任，涉事企业负直接责任，市场监督管理部门负监管责任。 目前，依据《中华人民共和国食品安全法》及其实施条例，南昌市市场监督管理局已吊销涉事食堂食品经营许可证，对涉事企业和法定代表人顶格处罚。下一步，将依法依规严肃处理江西工业职业技术学院、南昌高新区市场监督管理局昌东分局等相关责任单位、涉事企业和责任人，并在全省开展食品安全专项整治，抓好源头治理，切实保障人民群众食品安全。 6月1日，一则",social_media ||| public_web ||| social_media ||| public_web,https://www.toutiao.com/article/7240978888246018600/ ||| https://baike.sogou.com/v215789986.htm ||| https://m.gmw.cn/2023-06/04/content_1303394540.htm ||| https://3g.163.com/news/article/I7EUC736055607G5.html,4,silver_candidate,standard_review,0.000,low,low_risk,accept,,,,,,校方前期通报、后期定责及解约事实均有证据确证。,annotator_A,adjudicated_final,annotator_A
E011,LLM_CANON_E011_002,南昌高新区市场监督管理局昌东分局,初期介入调查并出具异物为鸭脖的检验结论，后被联合调查组指出未认真调查取证、发布错误结论，对事件负监管责任。,negative,证据表明当地市监局初期背书鸭脖结论，后期被省级联合调查组认定失职并承担监管责任。,SC_E011_002,当地市场监督管理局;南昌市高新区市场监督管理局;食监部门;江局长领导的当地监管部门,True,,ev-00242;ev-01584;ev-01586;ev-01589,"江西工业职业技术学院icon,学生就餐惊现“鼠头”!!!食堂当即给出解释,是鸭脖子。随后,当地市场监督管理局给出反复检验的结论,也是鸭脖子。不过根据现场的照片,这鸭脖子也太挑战网友们的视觉神经了,长着 ||| 调查问题加载中，请稍候。 若长时间无响应，请刷新本页面 网络视频截图 6月3日，江西工业职业技术学校官方微博就“学校食堂饭菜中吃出老鼠头”一事发布情况通报，称饭菜中的“异物”经当事人确认为鸭脖。通报全文如下： 2023年6月1日下午，一则“江西一高校饭菜中疑吃出老鼠头”的视频在网络媒体传播，视频内容涉及我校食堂食品安全。对此，学校党委高度重视、迅速部署，要求立即组织封存相关档口食物并同步开展调查处置。 经调查，视频拍摄地点确实在我校食堂，但反映内容与事实不符。当事学生本人在事发当时即邀请同学共同对“异物”进行了比对，确认“异物”为鸭脖，为正常食物。该学生已现场作出书面说明对视频内容进行澄清。 南昌市高新区市场监督管理局接到情况报告后，第一时间派出执法人员到我校开展调查，问询学校工作人员、食堂负责人、当事学生及相关知情人，对食品留样进行采样检测。 食品安全无小事，校园食品安全尤其关系到学生健康、家庭未来和社会稳定。学校是学生、老师、在校职工共同的家园，我们都应为守护好家园尽自己的一份力。我们将进一步加强对学校食堂的科学管理，进一步督促食堂经营管理方落实好食品安全主体责任，不断提升食品安全水平，让广大师生吃得安心、吃得放心。 法治日报全媒体记者 周孝清 点击右上角微信好友 朋友圈 点击浏览器下方“”分享微信好友Safari浏览器请点击“”按钮 点击右上角QQ 点击浏览器下方“”分享QQ ||| 如何设置星标：点击上方蓝字“粤穗平台”➤ 右上角按钮“…”➤ 设为星标⭐ 近日，“江西工业职业技术学院饭菜中疑吃出老鼠头”事件持续发酵。 6月17日，江西发布通报： 针对江西工业职业技术学院“6·1”食品安全事件，省教育厅、省公安厅、省国资委、省市场监督管理局组成的联合调查组，本着实事求是原则开展调查，现将有关情况通报如下。 联合调查组经勘察现场，调取监控视频发现，6月1日，学生在食堂吃出疑似为“鼠头”的异物，被涉事食堂工作人员事发当日丢弃。通过查看食堂后厨视频，查阅采购清单，询问涉事食堂负责人、后厨相关当事人、当事学生和现场围观学生等，判定异物不是鸭脖。根据国内权威动物专家对提取的当事学生所拍现场照片和视频进行专业辨识，判定异物为老鼠类啮齿动物的头部。南昌高新区市场监督管理局昌东分局、江西工业职业技术学院未认真调查取证，发布“异物为鸭脖”结论是错误的。 经认定，江西工业职业技术学院对此次事件负主体责任，涉事企业负直接责任，市场监督管理部门负监管责任。 目前，依据《中华人民共和国食品安全法》及其实施条例，南昌市市场监督管理局已吊销涉事食堂食品经营许可证，对涉事企业和法定代表人顶格处罚。下一步，将依法依规严肃处理江西工业职业技术学院、南昌高新区市场监督管理局昌东分局等相关责任单位、涉事企业和责任人，并在全省开展食品安全专项整治，抓好源头治理，切实保障人民群众食品安全。 6月1日，一则 ||| 用微信扫码二维码 分享至好友和朋友圈 据央视新闻报道，江西工业职业技术学院“6·1”食品安全事件调查结果公布，针对江西工业职业技术学院“6·1”食品安全事件，江西省教育厅、省公安厅、省国资委、省市场监督管理局组成的联合调查组，本着实事求是原则开展调查，结果已出。 根据国内权威动物专家对提取的当事学生所拍现场照片和视频进行专业辨识，判定异物为老鼠类啮齿动物的头部。南昌高新区市场监督管理局昌东分局、江西工业职业技术学院未认真调查取证，发布“异物为鸭脖”结论是错误的。 经认定，江西工业职业技术学院对此次事件负主体责任，涉事企业负直接责任，市场监督管理部门负监管责任。 在事发当时，通过视频大家已经很直观的断定饭菜异物就是鼠头，毕竟群众的眼睛都是雪亮的，但是一些有关部门和相关人员为了掩饰丑恶的事实，硬生生的把鼠头给辩解成“鸭脖”，甚至还官方通报中声称，南昌市高新去市场监督管理局第一时间到校开展调查检测，并判断为鸭脖。 经过调查出来江西工职院“6·1”食品安全事件调查处理情况公布，江西工业职业技术学院官微已看不到此前声明。 现在再看这则通报，不知道相关部门会不会觉得打脸，究竟是什么样的利益驱使，能让官方部门配合颠倒黑白，扭曲是非。 如果不是一众网友在网络上掀起热评狂潮，让该事件舆论不断发酵，引起更高层次部门的重视，那么鼠头可能就真的被套上了“鸭脖”这层可食用的外衣，继续出现在广大学子的饭碗里。",social_media ||| social_media ||| public_web ||| social_media,https://www.toutiao.com/article/7240978888246018600/ ||| https://m.gmw.cn/2023-06/04/content_1303394540.htm ||| https://3g.163.com/news/article/I7EUC736055607G5.html ||| https://www.163.com/dy/article/I7EODS8V0552IOCN.html,4,silver_candidate,standard_review,0.000,low,low_risk,accept,,,,,,市监局初期结论与后期追责在证据中清晰对应，支持充分。,annotator_A,adjudicated_final,annotator_A
E011,LLM_CANON_E011_003,江西省联合调查组,成立专项调查组彻查事件，通过调取监控、询问当事人及专家鉴定，最终认定异物为鼠头，纠正前期错误结论，并明确划分校方、涉事企业及监管部门的主体责任、直接责任与监管责任。,neutral,多份官方通报与新闻报道证实联合调查组介入调查、还原真相并划分责任。,SC_E011_003,联合调查组;省教育厅、省公安厅、省国资委、省市场监督管理局组成的联合调查组,True,,ev-00240;ev-00243;ev-00244;ev-01571;ev-01572;ev-01576;ev-01577;ev-01581;ev-01586;ev-01589,"6月17日人民日报,针对江西工业职业学院。鼠头鸭脖的调查结果出来了,经过省教育厅,省公安厅,省国资委。 ||| 分享到 原创2023-06-17南周快评 辛省志 责任编辑：陈斌 此前引起广泛关注的江西工业职业技术学院“鼠头鸭脖”事件终于有了最终结论。 据央视报道，6月17日，江西省教育厅、省公安厅、省国资委、省市场监督管理局组成的联合调查组发布通报，称经勘察现场，调取监控视频发现，6月1日，学生在食堂吃出疑似为“鼠头”的异物，被涉事食堂工作人员事发当日丢弃。通过查看食堂后厨视频，查阅采购清单，询问涉事食堂负责人、后厨相关当事人、当事学生和现场围观学生等，判定异物不是鸭脖。根据国内权威动物专家对提取的当事学生所拍现场照片和视频进行专业辨识，判定异物为老鼠类啮齿动物的头部。南昌高新区市场监督管理局昌东分局、江西工业职业技术学院未认真调查取证，发布“ 校对：胡晓 登录获取更多阅读权限 {{ isview_popup.firstLine }}{{ isview_popup.highlight }} {{ isview_popup.secondLine }} 广东南方数媒工场科技有限责任公司 | 新闻信息服务许可证号：44120190002 ICP经营许可证号：粤B2-20050252号 网站备案信息：粤ICP备13019428号 违法和不良信息监督电话：020-87361587 | 监督邮箱：nfzm@infzm.com 粤公网安备 44010402002852号 ||| 分享到 原创2023-06-17南周快评 辛省志 责任编辑：陈斌 此前引起广泛关注的江西工业职业技术学院“鼠头鸭脖”事件终于有了最终结论。 据央视报道，6月17日，江西省教育厅、省公安厅、省国资委、省市场监督管理局组成的联合调查组发布通报，称经勘察现场，调取监控视频发现，6月1日，学生在食堂吃出疑似为“鼠头”的异物，被涉事食堂工作人员事发当日丢弃。通过查看食堂后厨视频，查阅采购清单，询问涉事食堂负责人、后厨相关当事人、当事学生和现场围观学生等，判定异物不是鸭脖。根据国内权威动物专家对提取的当事学生所拍现场照片和视频进行专业辨识，判定异物为老鼠类啮齿动物的头部。南昌高新区市场监督管理局昌东分局、江西工业职业技术学院未认真调查取证，发布“ 校对：胡晓 登录获取更多阅读权限 {{ isview_popup.firstLine }}{{ isview_popup.highlight }} {{ isview_popup.secondLine }} 广东南方数媒工场科技有限责任公司 | 新闻信息服务许可证号：44120190002 ICP经营许可证号：粤B2-20050252号 网站备案信息：粤ICP备13019428号 违法和不良信息监督电话：020-87361587 | 监督邮箱：nfzm@infzm.com 粤公网安备 44010402002852号 ||| 转自：贝壳财经 【#鼠头鸭脖事件时间线回顾#[话筒]】备受关注的江西“高校食堂吃出疑似老鼠头”事件有了最新进展。6月17日，江西工业职业技术学院“6·1”食品安全事件调查结果公布，判定异物为老鼠类啮齿动物的头部。此前，该学校曾在官微表示认定“异物”是鸭脖。目前，江西工业职业技术学院官微已看不到此前置顶声明。#指鼠为鸭的荒唐事本不该有#“鼠头鸭脖事件”最全信息戳全文了解↓↓↓ http://mapi/001Ngxkily1hf1f1h414rj60m82wmn6k02 24小时滚动播报最新的财经资讯和视频，更多粉丝福利扫描二维码关注（sinafinance） 新浪财经意见反馈留言板 新浪简介|广告服务|About Sina 联系我们|招聘信息|通行证注册 产品答疑|网站律师|SINA English Copyright © 1996-2023 SINA Corporation All Rights Reserved 新浪公司 版权所有 ||| 【事件概况】 闹得沸沸扬扬的江西工业职业技术学院“鼠头鸭脖”事件，终于真相大白。2023年6月17日，江西联合调查组通报“鼠头鸭脖”事件调查结果称：“通过查看食堂后厨视频、查阅采购清单、询问涉事食堂负责人、后厨相关当事人、当事学生和现场围观学生等，判定餐盘中出现的异物不是鸭脖，而是老鼠类锯齿动物的头部。” 据了解，涉事食堂供应商为江西中快后勤服务有限公司，目前涉事学校江西工业职业技术学院已与该公司解约。 此次事件持续引发网友关注和热烈讨论，同时，也吸引了光明网、人民网、央视网、央广网、中新网等众多媒体的跟进报道。数据分析显示，截至7月12日，该事件网络上的信息量达936957，客户端和微博成为热度最高的媒体渠道和平台，媒体报道和网友评论主要围绕“鼠头、鸭脖、调查组、食堂”等关键词展开。 【媒体视角】 视角一：众多媒体一直持续跟进报道江西工职院“6·1”食品安全事件，包括各方发声情况、调查进展、社会评价、媒体观点等，最终江西联合调查组通报鼠头鸭脖事件：经调查组调查，“鼠头”异物在事发当日被涉事食堂工作人员丢弃；经权威专家辨识，判定异物为老鼠类啮齿动物的头部，将对涉事企业和法定代表人顶格处罚。该涉事学校江西工业职业技术学院已与江西中快后勤服务有限公司解约。 视角二：鼠头鸭脖事件调查结果出来之后，中公网等媒体对涉事企业深圳中快餐饮集团有限公司进行了调查了解。公开报道显示，中快餐饮集团有三 ||| 江西联合调查组通报鼠头鸭脖事件：联合调查组认定饭菜中异物是鼠头。 “特别声明：以上作品内容(包括在内的视频、图片或音频)为凤凰网旗下自媒体平台“大风号”用户上传并发布，本平台仅提供信息存储空间服务。 Notice: The content above (including the videos, pictures and audios if any) is uploaded and posted by the user of Dafeng Hao, which is a social media platform and merely provides information storage space services.” 您当前使用的浏览器版本过低，导致网站不能正常访问，建议升级浏览器 谷歌(Chrome)浏览器 下载 360安全浏览器 下载 ||| 据新华社消息，6月10日，“江西工职院‘6·1’食品安全事件”联合调查组发布情况通报，针对江西工业职业技术学院“6·1”食品安全事件，江西省已成立由省教育厅、省公安厅、省国资委、省市场监督管理局等部门组成的联合调查组，进行调查。 下一步，联合调查组将及时向社会公布有关调查处理情况。 相关报道： 到底是鼠是鸭，不该这么难查 高校食堂吃出疑似老鼠头？江西省教育厅介入调查 来源：新华社 点 『阅读原文』发布供求信息返回搜狐，查看更多 ||| 2023年6月1日下午，一则“江西工业职业技术学院饭菜中疑吃出老鼠头”的视频在网络传播，视频画面的饭菜中，疑似有异物出现1。 2023年6月3日，针对视频内容，江西工业职业技术学院做出回应表示确认“异物”为鸭脖，随后南昌市市场监督管理局工作人员也确认为鸭脖1。6月10日，相关部门成立事件联合调查组进行调查，并在6月17日公布调查结果，认定饭菜中异物是鼠头，江西工业职业技术学院对此次事件负主体责任，涉事企业负直接责任，市场监督管理部门负监管责任2。同时学校也与涉事食堂供应商为江西中快后勤服务有限公司解除合约3，涉事企业及相关责任人受到行政处罚。 2024年3月，江西中快后勤服务有限公司因其他违反食品安全法律、行政法规规定，严重危害人民群众身体健康和生命安全的违法行为，被南昌市市场监督管理局列入严重违法失信企业名单4。 6·1江西工职院食品安全事件 2023年6月1日下午 江西工业职业技术学院1 江西工业职业技术学院是1999年经教育部批准成立的江西省首批独立设置的公办全日制综合性高等职业院校，是江西省示范性高等职业院校。学校创办于1954年，先后经历了调整、升格、合并、更名等发展阶段，已有近70年的办学历史。 2021年11月，江西工业职业技术学院（涉事高校）另外一个校区曾经在食堂发现老鼠。该校当时在其官方微博发布情况说明，承认系管理人员疏于监管，导致有室外老鼠窜入。学校对涉事公司进 ||| 如何设置星标：点击上方蓝字“粤穗平台”➤ 右上角按钮“…”➤ 设为星标⭐ 近日，“江西工业职业技术学院饭菜中疑吃出老鼠头”事件持续发酵。 6月17日，江西发布通报： 针对江西工业职业技术学院“6·1”食品安全事件，省教育厅、省公安厅、省国资委、省市场监督管理局组成的联合调查组，本着实事求是原则开展调查，现将有关情况通报如下。 联合调查组经勘察现场，调取监控视频发现，6月1日，学生在食堂吃出疑似为“鼠头”的异物，被涉事食堂工作人员事发当日丢弃。通过查看食堂后厨视频，查阅采购清单，询问涉事食堂负责人、后厨相关当事人、当事学生和现场围观学生等，判定异物不是鸭脖。根据国内权威动物专家对提取的当事学生所拍现场照片和视频进行专业辨识，判定异物为老鼠类啮齿动物的头部。南昌高新区市场监督管理局昌东分局、江西工业职业技术学院未认真调查取证，发布“异物为鸭脖”结论是错误的。 经认定，江西工业职业技术学院对此次事件负主体责任，涉事企业负直接责任，市场监督管理部门负监管责任。 目前，依据《中华人民共和国食品安全法》及其实施条例，南昌市市场监督管理局已吊销涉事食堂食品经营许可证，对涉事企业和法定代表人顶格处罚。下一步，将依法依规严肃处理江西工业职业技术学院、南昌高新区市场监督管理局昌东分局等相关责任单位、涉事企业和责任人，并在全省开展食品安全专项整治，抓好源头治理，切实保障人民群众食品安全。 6月1日，一则 ||| 用微信扫码二维码 分享至好友和朋友圈 据央视新闻报道，江西工业职业技术学院“6·1”食品安全事件调查结果公布，针对江西工业职业技术学院“6·1”食品安全事件，江西省教育厅、省公安厅、省国资委、省市场监督管理局组成的联合调查组，本着实事求是原则开展调查，结果已出。 根据国内权威动物专家对提取的当事学生所拍现场照片和视频进行专业辨识，判定异物为老鼠类啮齿动物的头部。南昌高新区市场监督管理局昌东分局、江西工业职业技术学院未认真调查取证，发布“异物为鸭脖”结论是错误的。 经认定，江西工业职业技术学院对此次事件负主体责任，涉事企业负直接责任，市场监督管理部门负监管责任。 在事发当时，通过视频大家已经很直观的断定饭菜异物就是鼠头，毕竟群众的眼睛都是雪亮的，但是一些有关部门和相关人员为了掩饰丑恶的事实，硬生生的把鼠头给辩解成“鸭脖”，甚至还官方通报中声称，南昌市高新去市场监督管理局第一时间到校开展调查检测，并判断为鸭脖。 经过调查出来江西工职院“6·1”食品安全事件调查处理情况公布，江西工业职业技术学院官微已看不到此前声明。 现在再看这则通报，不知道相关部门会不会觉得打脸，究竟是什么样的利益驱使，能让官方部门配合颠倒黑白，扭曲是非。 如果不是一众网友在网络上掀起热评狂潮，让该事件舆论不断发酵，引起更高层次部门的重视，那么鼠头可能就真的被套上了“鸭脖”这层可食用的外衣，继续出现在广大学子的饭碗里。",social_media ||| mainstream_news ||| mainstream_news ||| mainstream_news ||| mainstream_news ||| public_web ||| mainstream_news ||| public_web ||| public_web ||| social_media,https://www.toutiao.com/article/7246340306445206075/ ||| https://www.infzm.com/contents/251042?source=124&source_1=251313 ||| https://www.infzm.com/contents/251042?source=124&source_1=251561 ||| https://finance.sina.com.cn/jjxw/2023-06-18/doc-imyxtkmf6905540.shtml ||| https://m.sohu.com/a/704942766_121356813 ||| https://finance.ifeng.com/c/8Qgk1ImDwhM ||| https://news.sohu.com/a/683945040_121123754 ||| https://baike.sogou.com/v215789986.htm ||| https://3g.163.com/news/article/I7EUC736055607G5.html ||| https://www.163.com/dy/article/I7EODS8V0552IOCN.html,9,silver_candidate,standard_review,0.000,low,low_risk,accept,,,,,,联合调查组调查过程、结论及责任划分均有官方通报支撑。,annotator_A,adjudicated_final,annotator_A
E011,LLM_CANON_E011_004,江西中快后勤服务有限公司,作为食堂运营方被认定对食品安全事件负直接责任，面临顶格行政处罚，被学校解除供餐合约，并因严重违法行为被列入严重违法失信企业名单。,negative,证据明确指出该企业为涉事供应商，承担直接责任并受到解约、顶格处罚及失信惩戒。,SC_E011_004,涉事食堂供应商;涉事企业;涉事餐饮企业,True,,ev-01572;ev-01581;ev-01586,【事件概况】 闹得沸沸扬扬的江西工业职业技术学院“鼠头鸭脖”事件，终于真相大白。2023年6月17日，江西联合调查组通报“鼠头鸭脖”事件调查结果称：“通过查看食堂后厨视频、查阅采购清单、询问涉事食堂负责人、后厨相关当事人、当事学生和现场围观学生等，判定餐盘中出现的异物不是鸭脖，而是老鼠类锯齿动物的头部。” 据了解，涉事食堂供应商为江西中快后勤服务有限公司，目前涉事学校江西工业职业技术学院已与该公司解约。 此次事件持续引发网友关注和热烈讨论，同时，也吸引了光明网、人民网、央视网、央广网、中新网等众多媒体的跟进报道。数据分析显示，截至7月12日，该事件网络上的信息量达936957，客户端和微博成为热度最高的媒体渠道和平台，媒体报道和网友评论主要围绕“鼠头、鸭脖、调查组、食堂”等关键词展开。 【媒体视角】 视角一：众多媒体一直持续跟进报道江西工职院“6·1”食品安全事件，包括各方发声情况、调查进展、社会评价、媒体观点等，最终江西联合调查组通报鼠头鸭脖事件：经调查组调查，“鼠头”异物在事发当日被涉事食堂工作人员丢弃；经权威专家辨识，判定异物为老鼠类啮齿动物的头部，将对涉事企业和法定代表人顶格处罚。该涉事学校江西工业职业技术学院已与江西中快后勤服务有限公司解约。 视角二：鼠头鸭脖事件调查结果出来之后，中公网等媒体对涉事企业深圳中快餐饮集团有限公司进行了调查了解。公开报道显示，中快餐饮集团有三 ||| 2023年6月1日下午，一则“江西工业职业技术学院饭菜中疑吃出老鼠头”的视频在网络传播，视频画面的饭菜中，疑似有异物出现1。 2023年6月3日，针对视频内容，江西工业职业技术学院做出回应表示确认“异物”为鸭脖，随后南昌市市场监督管理局工作人员也确认为鸭脖1。6月10日，相关部门成立事件联合调查组进行调查，并在6月17日公布调查结果，认定饭菜中异物是鼠头，江西工业职业技术学院对此次事件负主体责任，涉事企业负直接责任，市场监督管理部门负监管责任2。同时学校也与涉事食堂供应商为江西中快后勤服务有限公司解除合约3，涉事企业及相关责任人受到行政处罚。 2024年3月，江西中快后勤服务有限公司因其他违反食品安全法律、行政法规规定，严重危害人民群众身体健康和生命安全的违法行为，被南昌市市场监督管理局列入严重违法失信企业名单4。 6·1江西工职院食品安全事件 2023年6月1日下午 江西工业职业技术学院1 江西工业职业技术学院是1999年经教育部批准成立的江西省首批独立设置的公办全日制综合性高等职业院校，是江西省示范性高等职业院校。学校创办于1954年，先后经历了调整、升格、合并、更名等发展阶段，已有近70年的办学历史。 2021年11月，江西工业职业技术学院（涉事高校）另外一个校区曾经在食堂发现老鼠。该校当时在其官方微博发布情况说明，承认系管理人员疏于监管，导致有室外老鼠窜入。学校对涉事公司进 ||| 如何设置星标：点击上方蓝字“粤穗平台”➤ 右上角按钮“…”➤ 设为星标⭐ 近日，“江西工业职业技术学院饭菜中疑吃出老鼠头”事件持续发酵。 6月17日，江西发布通报： 针对江西工业职业技术学院“6·1”食品安全事件，省教育厅、省公安厅、省国资委、省市场监督管理局组成的联合调查组，本着实事求是原则开展调查，现将有关情况通报如下。 联合调查组经勘察现场，调取监控视频发现，6月1日，学生在食堂吃出疑似为“鼠头”的异物，被涉事食堂工作人员事发当日丢弃。通过查看食堂后厨视频，查阅采购清单，询问涉事食堂负责人、后厨相关当事人、当事学生和现场围观学生等，判定异物不是鸭脖。根据国内权威动物专家对提取的当事学生所拍现场照片和视频进行专业辨识，判定异物为老鼠类啮齿动物的头部。南昌高新区市场监督管理局昌东分局、江西工业职业技术学院未认真调查取证，发布“异物为鸭脖”结论是错误的。 经认定，江西工业职业技术学院对此次事件负主体责任，涉事企业负直接责任，市场监督管理部门负监管责任。 目前，依据《中华人民共和国食品安全法》及其实施条例，南昌市市场监督管理局已吊销涉事食堂食品经营许可证，对涉事企业和法定代表人顶格处罚。下一步，将依法依规严肃处理江西工业职业技术学院、南昌高新区市场监督管理局昌东分局等相关责任单位、涉事企业和责任人，并在全省开展食品安全专项整治，抓好源头治理，切实保障人民群众食品安全。 6月1日，一则,mainstream_news ||| public_web ||| public_web,https://m.sohu.com/a/704942766_121356813 ||| https://baike.sogou.com/v215789986.htm ||| https://3g.163.com/news/article/I7EUC736055607G5.html,3,silver_candidate,standard_review,0.000,low,low_risk,accept,,,,,,涉事企业责任、处罚及失信记录证据链完整，表述准确。,annotator_A,adjudicated_final,annotator_A
E011,LLM_CANON_E011_005,当事学生及公众网友,对校方与地方监管部门初期的“鸭脖”结论表示强烈质疑与不信任，呼吁彻查真相与利益输送，最终认可并支持省级联合调查组的最终通报结果。,mixed,社交媒体与评论证据显示公众初期质疑官方通报、担忧公信力受损，后期对联合调查组还原真相表示认可。,SC_E011_005,学生;网友;公众;当事学生;现场围观学生,True,,ev-00242;ev-00248;ev-01578;ev-01579;ev-01587;ev-01589,"江西工业职业技术学院icon,学生就餐惊现“鼠头”!!!食堂当即给出解释,是鸭脖子。随后,当地市场监督管理局给出反复检验的结论,也是鸭脖子。不过根据现场的照片,这鸭脖子也太挑战网友们的视觉神经了,长着 ||| #鼠头鸭脖事件官方通报错在# 本以为事件会就此告一段落，没成想大家根本不买账，演化成了更大的舆情事件。问题出在哪？ 首先，通报并没有解决大家的质疑。从视频里可以看到，这个“异物”的所谓“毛发”和“牙齿”拍得很清楚，这也是大多数人认为它是老鼠的依据。但调查结果并没提到这些核心细节，只是单向输出结论，也没有完整的取样、封存、检测过程，网友有此反应不算意外。 举报邮箱：jubao@vip.sina.com Copyright © 1996-2026 SINA Corporation All Rights Reserved 新浪公司 版权所有 ||| 用微信扫码二维码 分享至好友和朋友圈 据央视新闻报道，6月10日，“江西工职院‘6·1’食品安全事件”联合调查组发布情况通报，针对江西工业职业技术学院“6·1”食品安全事件，江西省已成立由省教育厅、省公安厅、省国资委、省市场监督管理局等部门组成的联合调查组，进行调查。下一步，联合调查组将及时向社会公布有关调查处理情况。 一个简单的卫生问题，做错了就要挨打，没问题就多方面立体澄清解释到大家满意，还能给学校宣传一下。 也不知道怎么江西有关市场监督局和学校领导怎么想的，搞得一个新成语出世：鼠头鸭脖，大家自动对标指鹿为马，学校老师还发动学校学生控评……是各层的公关都出了问题，处理方法也出了问题…… 所以，本来这么清楚的一个视频，江西市场监督管理局还动用了检测设备，难道有关领导真到了鼠头鸭脖分不清的地步了吗？ 这事让我想起了一个词，就是“塔西佗陷阱”，这个词得名于古罗马历史学家塔西佗，意指倘若公权力失去公信力，无论其如何发言或做任何事，社会均将给予其负面评价，会不相信它的说法。 “塔西佗陷阱”是个非常危险的现象，一旦陷入这个陷阱，民众对公权力的信任就会丧失，而且你说的越多、做的越多，信任丧失得越彻底。 所以，一个“鸭脖”惊动省厅三个部门联合调查，也说明江西已经意识到了问题的严重性。也不知道这次联合调查，能不能揭开“鸭脖”之谜，拭目期待吧。 特别声明：以上内容(如有图片或视频亦包括在内)为自媒 ||| 用微信扫码二维码 分享至好友和朋友圈 在“鼠头鸭脖”事件中，联合调查组己还原事件真相，值得称道。 但我认为，调查组的任务还没完，还应该继续调查相关单位及个人。 1、涉事餐饮企业。该企业是如何取得提供该校餐饮服务的资格认证，是否与校方领导有利益输送。是否认为有靠山，就可以为所欲为，不顾学生的身体健康。 另外，在多次学生调查问卷中，学生们曾多次反映食堂卫生问题，为什么该企业仍置若罔闻，不进行整改。 2、学院方面。该职业技术学院主要领导，为什么与供餐企业签订长期协议，而且在学生们多次反映食堂卫生问题时，为什么不帮助学生解决问题？为什么不督促企业整改，而是仍旧与问题企业签订供餐协议。 无利不起早，应该查一查，院方主要领导是否与涉事企业存在利益关系。 3、当地监管部门。以江局长为领导的当地监管部门，本应履行职责，秉公执法，维护学生的健康权益。但他们竟然能够""指鼠为鸭""，揣着明白装糊涂，这与古代的“指鹿为马”是何其相似！是谁给他们底气和胆量？是金线？是关系？ 如此执法，怎能维护百姓权益，怎能取信于民？ 执法部门的权威和公信力又在哪里？ 4、当事的学生。最初，当事学生，就餐时发觉了其中的鼠头，视频公布出来，也是很正常的做法，引起一去轰动后，为什么该学生会更改说法，是否受到了校方等方面的胁迫和压力，如不能顺利毕业威胁等等，应调查清楚。 以上这些问题，都需要联合调查组认真追查，其中是否存在以权谋私， ||| 当前位置：首页 > 文章中心 > 理论园地 > 全网奔走相告：是老鼠头！不是鸭脖子！更不是“文凭”、“学历”和“毕业证”所谓的食之无味的“鸡肋”！ 不容易啊！谎言，最终没有成为真理。 只是许多网民质疑，确认老鼠头的同时，是不是要接受鼠身、鼠尾、内脏和毛，都被吃进了谁的肚里，吃进了成长的心理阴影？ 太恶心了！不想放图，不敢联想，不说罢了。 指鼠头为鸭脖的江西工业职业学院，串通食监部门作伪证，胁迫涉事学生翻供，掏空和亏损最大的不仅仅是地方政府的公信力，更是大力发展职业教育、培养职业操守时代背景下的道德堤坝！ 该校的学生在6月1日吃出老鼠头后，经当地市场监管部门鉴定，给出的答案是“鸭脖”。当地并不是没有认真调查取证，我想他们还不至于连老鼠头和鸭脖都分不清，如果真的是那种情况，他们就不配留任工作，因为他们属于智障者。正是他们从中作怪，那名学生的说法后来出现了反转，公开表示是误会，吃出的“异物”确实是鸭脖。 千里之堤，毁于蚁穴。职业教育，毁于鼠头。 本应以培养新时代的职业道德为要义的江西工业职业学院，如此指鼠为鸭、瞒天过海、睁眼说瞎话的神操作，能培养什么样的职业道德、职业规范、职业操守？如此培养模式之下的大学生，进入社会之后将会产生什么样的消极影响和负面映射？ 鼠头，给了某些权力人、利益人当头一棒！快快收手吧，快快醒来吧，我们的教育，再也经不起你这样瞎鸡巴胡乱折腾了！ 这一次，网民绝不是网暴 ||| 用微信扫码二维码 分享至好友和朋友圈 据央视新闻报道，江西工业职业技术学院“6·1”食品安全事件调查结果公布，针对江西工业职业技术学院“6·1”食品安全事件，江西省教育厅、省公安厅、省国资委、省市场监督管理局组成的联合调查组，本着实事求是原则开展调查，结果已出。 根据国内权威动物专家对提取的当事学生所拍现场照片和视频进行专业辨识，判定异物为老鼠类啮齿动物的头部。南昌高新区市场监督管理局昌东分局、江西工业职业技术学院未认真调查取证，发布“异物为鸭脖”结论是错误的。 经认定，江西工业职业技术学院对此次事件负主体责任，涉事企业负直接责任，市场监督管理部门负监管责任。 在事发当时，通过视频大家已经很直观的断定饭菜异物就是鼠头，毕竟群众的眼睛都是雪亮的，但是一些有关部门和相关人员为了掩饰丑恶的事实，硬生生的把鼠头给辩解成“鸭脖”，甚至还官方通报中声称，南昌市高新去市场监督管理局第一时间到校开展调查检测，并判断为鸭脖。 经过调查出来江西工职院“6·1”食品安全事件调查处理情况公布，江西工业职业技术学院官微已看不到此前声明。 现在再看这则通报，不知道相关部门会不会觉得打脸，究竟是什么样的利益驱使，能让官方部门配合颠倒黑白，扭曲是非。 如果不是一众网友在网络上掀起热评狂潮，让该事件舆论不断发酵，引起更高层次部门的重视，那么鼠头可能就真的被套上了“鸭脖”这层可食用的外衣，继续出现在广大学子的饭碗里。",social_media ||| mainstream_news ||| social_media ||| social_media ||| public_web ||| social_media,https://www.toutiao.com/article/7240978888246018600/ ||| https://k.sina.com.cn/article_5934541885_161b9ec3d040015tz2.html ||| https://www.163.com/dy/article/I6THGLKL055319R5.html ||| https://www.163.com/dy/article/I7P2FGN105561WOP.html ||| https://www.hswh.org.cn/wzzx/llyd/zz/2023-06-19/82354.html ||| https://www.163.com/dy/article/I7EODS8V0552IOCN.html,4,silver_candidate,standard_review,0.000,low,low_risk,accept,,,,,,公众质疑与后续认可态度在舆情证据中均有体现，情感混合合理。,annotator_A,adjudicated_final,annotator_A
E012,LLM_CANON_E012_002,长丰学校,初期试图推诿责任并让厨师道歉，存在资质审查不严和“以包代管”问题，董事长在沟通会上态度傲慢离席，最终被通报处罚。,negative,证据指出学校未履行食品安全第一责任人责任，管理流于形式，初期应对消极，董事长插兜离席引发舆论批评，后被免职罚款。,SC_E012_002,校方;学校;校长;董事长,True,,ev-00263;ev-00264;ev-00269;ev-01592;ev-01602;ev-01606,"长丰学校食堂被曝“整盆肉都是臭的”后，近日，云南昆明市官渡区联合调查组通报该校食堂肉片异味调查情况。 经调查，长丰学校食堂承包经营企业云南润升物业服务有限公司没有从事餐饮服务的资质，不能作为承包食堂的主体。在食堂经营过程中，该公司对食品安全管理制度落实不到位，进货查验及食品贮存管理不当等，处没收违法所得46万元，并罚款578万元。食材供货商云南采云间餐饮管理有限公司被责令停止经营，依据调查结果作出处罚。 公开资料显示，官渡区长丰学校是一所民办学校，学校举办方为云南金诺教育投资控股集团有限公司，2016年办学。 长丰学校2024年8月委托云南润升物业服务有限公司承包经营食堂，但未按规定向上级教育主管部门报备。长丰学校对食堂承包经营企业的经营资质审查及管理不到位，存在“以包代管”“一包了之”的问题，管理制度流于形式。学校校长未履行食品安全第一责任人责任，未按要求配备食品安全管理人员，对从业人员培训不到位。 企查查APP显示，云南采云间餐饮公司成立于2023年4月。值得注意的是，该公司今年8月发生变更，原股东均已退出，由陈某芳、冯某贵共同全资持股。其中，陈某芳为新任法定代表人、第一大股东。 企查查显示云南采云间餐饮公司今年8月发生变更。图/企查查 企查查APP显示，云南润升物业服务有限公司成立于2024年2月，法定代表人为周超，注册资本为100万元，股东包含周超（持股95%）、严优（持股 ||| 太过分！云南某中学给学生吃臭肉，教育局强行狡辩，官方通报打脸 学校食堂竟用臭肉做食材？这背后到底藏着什么猫腻？ 都说“民以食为天”，食物是咱们老百姓赖以生存的根本。可在这个追求利益最大化的社会里，有些人为了赚钱，竟然连良心都不要了！ 他们不仅售卖过期食材，甚至还将黑手伸向了学校食堂，给孩子们吃预制菜、过期肉，甚至是腐败变质的臭肉！ 这听起来简直让人难以置信，可这样的事情却真实地发生了。10月16日，有网友举报云南省昆明市官渡区长丰学校食堂竟然给孩子做菜的肉是一整盆的臭肉！ 这消息一出，立刻引发了社会的广泛关注。大家不禁要问：为什么校园食堂屡次出现问题？每次曝光后为什么还有人敢这么做？到底是谁在为他们撑腰？ 家长突击检查，竟发现一整盆臭肉！ 事情是这样的，10月16日，有网友爆料称长丰学校食堂存在食品安全问题。而据了解，这次事件的导火索其实是家长们在前一天就跟学校争论过食堂菜品卫生的问题。 也就是说，长丰学校食堂菜品不合格的情况已经被家长们发现了！ 可让人没想到的是，第二天家长们竟然冲过学校门卫，直接来到食堂进行突击检查。这一查，可不得了，他们竟然在食堂里发现了一整盆的臭肉！ 据说，一进食堂就能闻到那股浓烈的异味，而这些臭肉还整整装了几大盆！ 家长们看到这一幕，气愤得不得了。他们当场就质问食堂工作人员和食材供应商：“你们良心何在？这些菜做出来给你的孩子吃你还会做吗？” 有的家长甚至大 ||| 扫描二维码下载APP ⁺ 历史 ⁺ 收藏 ⁺ 订阅 “整盆肉都是臭的”！最近引发关注的云南昆明官渡区长丰学校“臭肉事件”，终于有了一个结果。 10月19日晚，当地联合调查组发布情况通报，确认该批次鲜猪肉因运输及存储不当导致变质变臭，食堂承包存在问题，并对涉事学校、企业、相关政府部门和官员都开出了“罚单”。 事实上，早在今年6月，就有家长向老师反映学校食堂的食品安全问题，校方不仅不理不睬，还打算“捂盖子”。直到有家长冲进学校食堂，找到了整盆整盆的臭肉，拍了视频，引发舆论关注，这才有了后续的调查和处理。家长都能闻出来的臭味，其他人难道闻不出来吗，居然就这样端上了学生的餐桌？可见，臭得不仅是肉，还有一些人的良心。 东窗事发后，在学校组织的沟通会上，面对家长期待的对话，该校董事长竟然无视最后提问插兜离席。有媒体梳理涉事董事长的“生意版图”，发现其名下有27家实控企业，其中19家处于存续状态，多为培训机构、学校和幼儿园。如此庞大的生意版图和狂傲的态度，也给公众留下疑问，他们真能保障好校园食品安全吗？ 昆明方面迅速响应，回应了公众部分关切，但仍留下不少“问号”。比如，学校的食品安全问题是否长期存在？还有没有一些其他的“食堂腐败”问题？学校经营管理者的狂傲底气从何而来？明文规定的陪餐制为什么沦为一纸空文？这些问号，都有待后续调查来拉直。 说到底，保障校园食品安全，不能光指望学校和企业的自觉。发现 ||| 【少年强则国强，少年又倒在了食堂。咦，我为什么要说“又”？】 1 10月16日，云南昆明。 官渡区长丰学校被曝食堂的猪肉有臭味，疑提供变质肉给学生食用。 17日，官渡区通报称，现场待加工猪肉感官气味异常，有关部门已对涉事学校、企业立案调查。 那么，这个事情是怎么爆出来的呢？ 此前，孩子回家常说食堂的饭菜不好吃，口味麻辣，还出现了肠胃不适、拉肚子的情况，家长就疑心，怀疑食堂食材是不是不干净。 然后，一些家长就违反校园规定直接冲进了学校食堂，结果闻到了一股子臭味，一大盆切好的碎肉，全是发臭的。 甚至找到了臭肉盒子的标签上面，标注的是“2014年，产地巴西”。 这就是臭名昭著的“僵尸肉”。 长丰学校，是一所民办学校，每年学费是2万多，每一餐的餐费标准，是14元。 就云南当地的收入水平和消费水平而言，这个学费和餐费，都不算便宜了。 干净可口的基本要求都满足不了，直接上臭肉... 2 臭肉事件发生后，学校和当地教育局，干了四件事。 第一件事，学校把食堂厨师拉出来背锅了，厨师先道歉，“对不起”。 这是在糊弄傻子。 第二件事，家长们歇斯底里地咆哮“你们良心何在”时，一个身穿红衣服（后被扒出是初三年级组长）的女老师，站在那里跟看戏似的，乐呵地笑着。 “人类的悲欢并不相通，你在这厢哭得死去活来，她在那边笑得若无其事”。 第三件事，校方和家长们坐下来商讨后续处理方法时，校领导再次语出惊人： “有人不想 ||| 极目新闻记者 杜光然 10月16日，有家长发视频曝光称，昆明官渡区一学校食堂生肉有臭味，质疑食材不新鲜。 家长称食堂生肉有臭味 （来源：视频截图） 16日下午，涉事学校工作人员对极目新闻记者表示，此事正在调查处理，是否为“臭肉”尚未有结果。“如果真的有问题，我们肯定会给家长们一个交代。” 昆明市教育体育局工作人员告诉极目新闻记者，该局已知晓此事，属地教体局已介入处置。 官渡区教育体育局接受媒体采访时称，初查供餐公司证照齐全，是否有问题需等市场监管部门的检测结果。 “特别声明：以上作品内容(包括在内的视频、图片或音频)为凤凰网旗下自媒体平台“大风号”用户上传并发布，本平台仅提供信息存储空间服务。 Notice: The content above (including the videos, pictures and audios if any) is uploaded and posted by the user of Dafeng Hao, which is a social media platform and merely provides information storage space services.” 您当前使用的浏览器版本过低，导致网站不能正常访问，建议升级浏览器 谷歌(Chrome)浏览器 下载 360安全浏览器 下载 ||| 作者：金新（沃德研究院研究员） 2024年10月16日，有家长发现昆明长丰学校食堂提供的猪肉有异味，怀疑是变质肉。关于此事件，可以从以下几方面进行了解。 家长反应：家长对于学校提供变质肉的行为表示了强烈的愤怒和不满。有家长在家长会上激动地质问学校领导，质疑他们的良心和责任感。此外，还有家长在学校门口聚集，要求学校给出解释，并表达了对学生健康的担忧。 事件影响：此事件不仅引起了家长和公众的关注，也引发了社会对学校食品安全管理和监管的深刻反思。有评论指出，这一事件再次刷新了社会对校园食品安全的认知，强调了学校在食品安全方面的责任和管理的重要性。 官方调查：官渡区市场监督管理局和官渡区教育体育局对此事件进行了立案调查，并对学校食堂进行了查封，以开展检测和溯源工作。调查发现，学校食堂的鲜猪肉片因运输及存储不当导致变质，挥发性盐基氮指标超标，判定为不合格。同时，对家长反映的过期进口冻牛肉问题进行了调查，确认其生产日期为2024年5月，并非2015年。 责任追究：学校方面未能有效履行食品安全管理责任，对承包经营企业的管理不到位，存在管理制度形式化等问题。因此，对校长和学校法定代表人作出了免职处理；对学校经营不合格食品的行为处以10万元处罚；对食堂承包经营企业经营项目发生变化，未按照规定申请变更的行为，责令停止经营，没收违法所得46万元，并处以568万元处罚。 社会呼吁：有评论员提出，为解决食品",mainstream_news ||| mainstream_news ||| mainstream_news ||| public_web ||| mainstream_news ||| mainstream_news,https://news.ifeng.com/c/8drabhH9yFZ ||| https://www.sohu.com/a/817438052_120077605/ ||| https://www.kankanews.com/detail/lm2Xqd8nqyr ||| https://m.szhgh.com/Article/opinion/zatan/2024-10-19/362232.html ||| https://news.ifeng.com/c/8djfStyLGZl ||| https://m.163.com/dy/article/JEVC7EJC0525O28K.html?f=post2020_dy_recommends,5,silver_candidate,standard_review,0.000,low,low_risk,accept,,,,,,学校管理失职、董事长态度及处罚结果均有详实证据支持。,annotator_A,adjudicated_final,annotator_A
E012,LLM_CANON_E012_003,食堂承包经营企业,无餐饮服务资质承包食堂，食品安全管理制度落实不到位，因运输存储不当导致猪肉变质，被处以巨额罚款并责令停业。,negative,官方通报及调查明确指出承包商资质不符、进货查验及贮存管理不当，直接导致食材变质，面临没收违法所得及高额罚款。,SC_E012_003,云南润升物业服务有限公司;云南采云间餐饮管理有限公司;供餐公司;承包商,True,,ev-00263;ev-00266;ev-00269;ev-01596;ev-01606;ev-01607,"长丰学校食堂被曝“整盆肉都是臭的”后，近日，云南昆明市官渡区联合调查组通报该校食堂肉片异味调查情况。 经调查，长丰学校食堂承包经营企业云南润升物业服务有限公司没有从事餐饮服务的资质，不能作为承包食堂的主体。在食堂经营过程中，该公司对食品安全管理制度落实不到位，进货查验及食品贮存管理不当等，处没收违法所得46万元，并罚款578万元。食材供货商云南采云间餐饮管理有限公司被责令停止经营，依据调查结果作出处罚。 公开资料显示，官渡区长丰学校是一所民办学校，学校举办方为云南金诺教育投资控股集团有限公司，2016年办学。 长丰学校2024年8月委托云南润升物业服务有限公司承包经营食堂，但未按规定向上级教育主管部门报备。长丰学校对食堂承包经营企业的经营资质审查及管理不到位，存在“以包代管”“一包了之”的问题，管理制度流于形式。学校校长未履行食品安全第一责任人责任，未按要求配备食品安全管理人员，对从业人员培训不到位。 企查查APP显示，云南采云间餐饮公司成立于2023年4月。值得注意的是，该公司今年8月发生变更，原股东均已退出，由陈某芳、冯某贵共同全资持股。其中，陈某芳为新任法定代表人、第一大股东。 企查查显示云南采云间餐饮公司今年8月发生变更。图/企查查 企查查APP显示，云南润升物业服务有限公司成立于2024年2月，法定代表人为周超，注册资本为100万元，股东包含周超（持股95%）、严优（持股 ||| 学校被罚10万元、涉事企业被罚578万元,学校校长及法定代表人被免,区教体局、市场监管局相关领导被停职检查,19日晚,云南昆明通报学校食堂肉质变味情况。 ||| 扫描二维码下载APP ⁺ 历史 ⁺ 收藏 ⁺ 订阅 “整盆肉都是臭的”！最近引发关注的云南昆明官渡区长丰学校“臭肉事件”，终于有了一个结果。 10月19日晚，当地联合调查组发布情况通报，确认该批次鲜猪肉因运输及存储不当导致变质变臭，食堂承包存在问题，并对涉事学校、企业、相关政府部门和官员都开出了“罚单”。 事实上，早在今年6月，就有家长向老师反映学校食堂的食品安全问题，校方不仅不理不睬，还打算“捂盖子”。直到有家长冲进学校食堂，找到了整盆整盆的臭肉，拍了视频，引发舆论关注，这才有了后续的调查和处理。家长都能闻出来的臭味，其他人难道闻不出来吗，居然就这样端上了学生的餐桌？可见，臭得不仅是肉，还有一些人的良心。 东窗事发后，在学校组织的沟通会上，面对家长期待的对话，该校董事长竟然无视最后提问插兜离席。有媒体梳理涉事董事长的“生意版图”，发现其名下有27家实控企业，其中19家处于存续状态，多为培训机构、学校和幼儿园。如此庞大的生意版图和狂傲的态度，也给公众留下疑问，他们真能保障好校园食品安全吗？ 昆明方面迅速响应，回应了公众部分关切，但仍留下不少“问号”。比如，学校的食品安全问题是否长期存在？还有没有一些其他的“食堂腐败”问题？学校经营管理者的狂傲底气从何而来？明文规定的陪餐制为什么沦为一纸空文？这些问号，都有待后续调查来拉直。 说到底，保障校园食品安全，不能光指望学校和企业的自觉。发现 ||| 昆明市官渡区长丰学校食品安全问题事件令人痛心，再次给我们敲响警钟，校园食品安全监管一刻也不能放松。针对云南官渡区长丰学校食品安全存在的问题，高新区市场监督管理分局高度重视，行动迅速，措施有力。10月22日下午，立即召开校园食品安全警示会议，园区12家中小学、高职、中职、幼儿园，全部参加。 会议由高新区分局局长王冰主持。王冰指出：希望大家对此次事件高度重视，分局即刻行动，迅速再次开展校园食品安全隐患排查工作，立即开展督导检查。要以私立学校、供餐人数较多的学校、农村学校为排查重点，重点排查学校食堂承包经营企业资质及供货商资质、学校食堂设施设备配备及使用、进货查验、索证索票、食品贮存、食品留样、加工操作、库房管理、学校及学校食堂承包经营企业主体责任（日管控、周排查、月调度）落实情况。针对检查中发现的问题要形成问题清单、整改清单、责任清单，督促指导立即进行整改，并将问题清单、整改清单、检查图片及时录入综合执法监管平台。对违法违规行为，要给予行政警告、罚款等行政处罚，对不符合许可条件的学校食堂不得从事食品经营活动。 要树牢“守土有责、守土负责、守土尽责”的意识，进一步转变工作作风，提升工作能力，切实把校园食品安全放在心上、扛在肩上、抓在手上。不断加大食品安全监管力度，提升监管能力，查风险、堵漏洞、补短板，牢牢守住食品安全底线，一定能打造“阳光食堂”，护航师生舌尖上的幸福。 ||| 作者：金新（沃德研究院研究员） 2024年10月16日，有家长发现昆明长丰学校食堂提供的猪肉有异味，怀疑是变质肉。关于此事件，可以从以下几方面进行了解。 家长反应：家长对于学校提供变质肉的行为表示了强烈的愤怒和不满。有家长在家长会上激动地质问学校领导，质疑他们的良心和责任感。此外，还有家长在学校门口聚集，要求学校给出解释，并表达了对学生健康的担忧。 事件影响：此事件不仅引起了家长和公众的关注，也引发了社会对学校食品安全管理和监管的深刻反思。有评论指出，这一事件再次刷新了社会对校园食品安全的认知，强调了学校在食品安全方面的责任和管理的重要性。 官方调查：官渡区市场监督管理局和官渡区教育体育局对此事件进行了立案调查，并对学校食堂进行了查封，以开展检测和溯源工作。调查发现，学校食堂的鲜猪肉片因运输及存储不当导致变质，挥发性盐基氮指标超标，判定为不合格。同时，对家长反映的过期进口冻牛肉问题进行了调查，确认其生产日期为2024年5月，并非2015年。 责任追究：学校方面未能有效履行食品安全管理责任，对承包经营企业的管理不到位，存在管理制度形式化等问题。因此，对校长和学校法定代表人作出了免职处理；对学校经营不合格食品的行为处以10万元处罚；对食堂承包经营企业经营项目发生变化，未按照规定申请变更的行为，责令停止经营，没收违法所得46万元，并处以568万元处罚。 社会呼吁：有评论员提出，为解决食品 ||| 分享到 原创2024-10-24南周快评 陈斌 责任编辑：辛省志 昆明长丰学校食堂给学生吃臭肉事件，从家长突击检查食堂，到官方介入调查并很快出调查结果，可以说基本尘埃落定。此事的公共价值是毋庸置疑的，值得复盘与剖析。 事情的缘起是：一些家长表示，2024年9月开始后，自己的孩子多次说食堂饭菜难吃，甚至出现腹泻的情况。10月16日，多名家长冲入学校食堂，发现肉品散发着令人作呕的异味，并录下了视频上传到网络。在家长举报之后，官渡区市监局与教育体育局当即赶到现场，于次日发布情况通报，承认“经初步调查，现场待加工猪肉感官气味异常”。 10月19日，官渡区联合调查组公布调查结果：经两个检测机构同步检验，确认10月16日食堂鲜猪肉片，挥发性盐基氮超标，“不合格”。原因是该批次鲜猪肉为当日宰杀，在进行机器切片加工后，未做散热处理并用双层塑料袋分装，在塑料袋中存放近4个小时，又在食堂室温中摆放5个半小时，没有冷链运输和冷藏保存，因运输及存储不当导致变质变臭。 因为 校对：吴依兰 登录获取更多阅读权限 {{ isview_popup.firstLine }}{{ isview_popup.highlight }} {{ isview_popup.secondLine }} 广东南方数媒工场科技有限责任公司 | 新闻信息服务许可证号：44120190002 ICP经营许可证号：粤B2-20050252",mainstream_news ||| social_media ||| mainstream_news ||| official ||| mainstream_news ||| public_web,https://news.ifeng.com/c/8drabhH9yFZ ||| https://www.toutiao.com/article/7427755288494686761/ ||| https://www.kankanews.com/detail/lm2Xqd8nqyr ||| https://amr.ahsz.gov.cn/xwdt/sjdt/195084991.html ||| https://m.163.com/dy/article/JEVC7EJC0525O28K.html?f=post2020_dy_recommends ||| https://www.infzm.com/contents/281211?source=124&source_1=294345,6,silver_candidate,standard_review,0.000,low,low_risk,accept,,,,,,承包商资质问题、管理疏漏及处罚事实证据充分，无误。,annotator_A,adjudicated_final,annotator_A
E012,LLM_CANON_E012_004,官渡区监管部门,接报后迅速介入调查并查封食材，发布通报确认猪肉因存储运输不当变质，对学校、企业及相关干部依法依规处罚，并开展全区校园食品安全排查。,neutral,多份官方通报及新闻报道证实监管部门成立联合调查组，及时公布检测结果与处罚决定，并以此为契机强化区域校园食品安全监管。,SC_E012_004,官渡区市场监管局;官渡区教育体育局;联合调查组;官方,True,,ev-00263;ev-00265;ev-00266;ev-00268;ev-00269;ev-01591;ev-01596;ev-01597;ev-01598;ev-01599;ev-01600;ev-01601;ev-01602;ev-01606;ev-01607;ev-01610,"长丰学校食堂被曝“整盆肉都是臭的”后，近日，云南昆明市官渡区联合调查组通报该校食堂肉片异味调查情况。 经调查，长丰学校食堂承包经营企业云南润升物业服务有限公司没有从事餐饮服务的资质，不能作为承包食堂的主体。在食堂经营过程中，该公司对食品安全管理制度落实不到位，进货查验及食品贮存管理不当等，处没收违法所得46万元，并罚款578万元。食材供货商云南采云间餐饮管理有限公司被责令停止经营，依据调查结果作出处罚。 公开资料显示，官渡区长丰学校是一所民办学校，学校举办方为云南金诺教育投资控股集团有限公司，2016年办学。 长丰学校2024年8月委托云南润升物业服务有限公司承包经营食堂，但未按规定向上级教育主管部门报备。长丰学校对食堂承包经营企业的经营资质审查及管理不到位，存在“以包代管”“一包了之”的问题，管理制度流于形式。学校校长未履行食品安全第一责任人责任，未按要求配备食品安全管理人员，对从业人员培训不到位。 企查查APP显示，云南采云间餐饮公司成立于2023年4月。值得注意的是，该公司今年8月发生变更，原股东均已退出，由陈某芳、冯某贵共同全资持股。其中，陈某芳为新任法定代表人、第一大股东。 企查查显示云南采云间餐饮公司今年8月发生变更。图/企查查 企查查APP显示，云南润升物业服务有限公司成立于2024年2月，法定代表人为周超，注册资本为100万元，股东包含周超（持股95%）、严优（持股 ||| 10月19日,昆明通报学校臭肉事件,引发广泛关注,家长尤其关心事件真相、处理意见和后续保障措施。通报比较长,咱就浓缩一下。 ||| 学校被罚10万元、涉事企业被罚578万元,学校校长及法定代表人被免,区教体局、市场监管局相关领导被停职检查,19日晚,云南昆明通报学校食堂肉质变味情况。 ||| 王军荣 昆明市官渡区人民政府新闻办公室10月19日发布通报称，针对网上反映的昆明市官渡区长丰学校食品安全问题，经过联合调查组调查，该批次鲜猪肉片判定为不合格，原因是运输及存储不当导致变质变臭;学校对食堂承包经营企业的经营资质审查及管理不到位。通报称已对学校、涉事企业、相关责任单位和干部依法依规进行处置。 重罚之后，更要堵漏。首先，务必将学生的食品安全置于首位。任何可能威胁到学生食品安全的隐患都要及时加以消除。如大力推行“明厨亮灶”工程，将学校食堂信息置于阳光之下，接受全方位的监管。其次，规范学校食堂的每一个环节，强化对这些环节的监督检查。同时，提升学校食堂管理人员和工作人员的素养，增强他们的食品安全意识和责任感，保证他们能够严格依照规定进行操作。充分调动家长的积极性，通过家委会等途径，定期或不定期对学校食堂展开检查和监督，及时察觉问题并向学校和有关部门进行反映。 孩子们是国家的未来与希望，学校食堂必须确保其食品安全无虞。昆明 “学校食堂臭肉事件”是一个惨痛的教训。唯有更进一步反思，捍卫学校食堂的安全底线，才能真正守护孩子们的健康成长。 (作者系自由撰稿人) 作者：王军荣 责编：洪晓懿 来源：华声在线 ||| 扫描二维码下载APP ⁺ 历史 ⁺ 收藏 ⁺ 订阅 “整盆肉都是臭的”！最近引发关注的云南昆明官渡区长丰学校“臭肉事件”，终于有了一个结果。 10月19日晚，当地联合调查组发布情况通报，确认该批次鲜猪肉因运输及存储不当导致变质变臭，食堂承包存在问题，并对涉事学校、企业、相关政府部门和官员都开出了“罚单”。 事实上，早在今年6月，就有家长向老师反映学校食堂的食品安全问题，校方不仅不理不睬，还打算“捂盖子”。直到有家长冲进学校食堂，找到了整盆整盆的臭肉，拍了视频，引发舆论关注，这才有了后续的调查和处理。家长都能闻出来的臭味，其他人难道闻不出来吗，居然就这样端上了学生的餐桌？可见，臭得不仅是肉，还有一些人的良心。 东窗事发后，在学校组织的沟通会上，面对家长期待的对话，该校董事长竟然无视最后提问插兜离席。有媒体梳理涉事董事长的“生意版图”，发现其名下有27家实控企业，其中19家处于存续状态，多为培训机构、学校和幼儿园。如此庞大的生意版图和狂傲的态度，也给公众留下疑问，他们真能保障好校园食品安全吗？ 昆明方面迅速响应，回应了公众部分关切，但仍留下不少“问号”。比如，学校的食品安全问题是否长期存在？还有没有一些其他的“食堂腐败”问题？学校经营管理者的狂傲底气从何而来？明文规定的陪餐制为什么沦为一纸空文？这些问号，都有待后续调查来拉直。 说到底，保障校园食品安全，不能光指望学校和企业的自觉。发现 ||| 10月16日，云南昆明有家长发视频称，官渡区云子中学长丰学校学生食堂的生肉有臭味，“整盆肉都是臭的”。学校被质疑提供变质肉给学生食用，引发家长不满。 17日凌晨，昆明市官渡区市场监督管理局、官渡区教育体育局联合发布情况通报称，经初步调查，现场待加工猪肉感官气味异常，执法人员对食堂食材进行查封，并组织开展检测、溯源工作。目前，已对涉事学校、企业立案调查，学校食堂已停止供餐。 ▲情况通报 17日下午，红星新闻记者来到涉事学校，记者注意到门口仍然聚集着许多担心食品安全问题的家长，来自教体局等部门的工作人员陆陆续续出入学校。在校门口的家长对红星新闻记者表示，有一部分家长已经进入学校“解决问题”，有的家长则在校外等候，“等调查结果，也说不清具体在等什么，我们也不知道还能做什么，干着急，但是事情到现在肯定不算解决完。” ▲长丰学校门口 多位家长向记者介绍，长丰学校的餐饮管理模式为，高中部学生到食堂堂食，初中部学生等待食堂炒好饭菜后配送到教室。几位一直在学校等待和校方沟通、等待调查结果的家长表示，当天来不及做晚饭了，所以在校门口点外卖，等到傍晚6点送给孩子。 据多家媒体报道，事发后，涉事学校已由另一家本土供餐企业供餐。一位家长告诉红星新闻记者，自己的孩子肠胃不好，过去一个月一直在送餐。还有几位家长表示自己也想给孩子送餐，但是孩子们反映吃饭时间紧张，“（时间）不够出来取饭、吃饭”，只好接受新的供餐 ||| 昆明市官渡区长丰学校食品安全问题事件令人痛心，再次给我们敲响警钟，校园食品安全监管一刻也不能放松。针对云南官渡区长丰学校食品安全存在的问题，高新区市场监督管理分局高度重视，行动迅速，措施有力。10月22日下午，立即召开校园食品安全警示会议，园区12家中小学、高职、中职、幼儿园，全部参加。 会议由高新区分局局长王冰主持。王冰指出：希望大家对此次事件高度重视，分局即刻行动，迅速再次开展校园食品安全隐患排查工作，立即开展督导检查。要以私立学校、供餐人数较多的学校、农村学校为排查重点，重点排查学校食堂承包经营企业资质及供货商资质、学校食堂设施设备配备及使用、进货查验、索证索票、食品贮存、食品留样、加工操作、库房管理、学校及学校食堂承包经营企业主体责任（日管控、周排查、月调度）落实情况。针对检查中发现的问题要形成问题清单、整改清单、责任清单，督促指导立即进行整改，并将问题清单、整改清单、检查图片及时录入综合执法监管平台。对违法违规行为，要给予行政警告、罚款等行政处罚，对不符合许可条件的学校食堂不得从事食品经营活动。 要树牢“守土有责、守土负责、守土尽责”的意识，进一步转变工作作风，提升工作能力，切实把校园食品安全放在心上、扛在肩上、抓在手上。不断加大食品安全监管力度，提升监管能力，查风险、堵漏洞、补短板，牢牢守住食品安全底线，一定能打造“阳光食堂”，护航师生舌尖上的幸福。 ||| 10月19日晚,官渡区发布情况通报,针对网上反映的昆明市官渡区长丰学校食品安全问题公布了调查结果及处理意见。从通报来看,调查是实事求是的,处理结果也是及时的,有力度的。从长丰学校食品安全问题被曝光,到 ||| 来源：@华夏时报微博 【#长丰学校食品安全问题调查情况通报#】针对网上反映的昆明市官渡区长丰学校食品安全问题，官渡区组织市场监管、教体、公安、农业农村、卫健等部门成立联合调查组，现将有关情况通报如下。#长丰学校校长和法定代表人被免职# （人民日报） 返回搜狐，查看更多 ||| 情况通报10月16日,针对网上反映的昆明市官渡区长丰学校食品安全问题,官渡区组织市场监管、教体、公安、农业农村、卫健等部门成立联合调查组,本着实事求是的原则开展调查。现将有关情况通报如下。 ||| 10月19日官渡区发布情况通报“昆明官渡发布”微信公众号截图10月16日,针对网上反映的昆明市官渡区长丰学校食品安全问题,官渡区组织市场监管、教体、公安、农业农村、卫健等部门成立联合调查组,本着实事求 ||| 10月16日(回应),云南昆明,家长称学校肉臭了还给孩子吃 多部门到场处置学校食堂生肉发臭事件 教育体育局:初查生肉系当天采购。 来源:极目新闻 ||| 极目新闻记者 杜光然 10月16日，有家长发视频曝光称，昆明官渡区一学校食堂生肉有臭味，质疑食材不新鲜。 家长称食堂生肉有臭味 （来源：视频截图） 16日下午，涉事学校工作人员对极目新闻记者表示，此事正在调查处理，是否为“臭肉”尚未有结果。“如果真的有问题，我们肯定会给家长们一个交代。” 昆明市教育体育局工作人员告诉极目新闻记者，该局已知晓此事，属地教体局已介入处置。 官渡区教育体育局接受媒体采访时称，初查供餐公司证照齐全，是否有问题需等市场监管部门的检测结果。 “特别声明：以上作品内容(包括在内的视频、图片或音频)为凤凰网旗下自媒体平台“大风号”用户上传并发布，本平台仅提供信息存储空间服务。 Notice: The content above (including the videos, pictures and audios if any) is uploaded and posted by the user of Dafeng Hao, which is a social media platform and merely provides information storage space services.” 您当前使用的浏览器版本过低，导致网站不能正常访问，建议升级浏览器 谷歌(Chrome)浏览器 下载 360安全浏览器 下载 ||| 作者：金新（沃德研究院研究员） 2024年10月16日，有家长发现昆明长丰学校食堂提供的猪肉有异味，怀疑是变质肉。关于此事件，可以从以下几方面进行了解。 家长反应：家长对于学校提供变质肉的行为表示了强烈的愤怒和不满。有家长在家长会上激动地质问学校领导，质疑他们的良心和责任感。此外，还有家长在学校门口聚集，要求学校给出解释，并表达了对学生健康的担忧。 事件影响：此事件不仅引起了家长和公众的关注，也引发了社会对学校食品安全管理和监管的深刻反思。有评论指出，这一事件再次刷新了社会对校园食品安全的认知，强调了学校在食品安全方面的责任和管理的重要性。 官方调查：官渡区市场监督管理局和官渡区教育体育局对此事件进行了立案调查，并对学校食堂进行了查封，以开展检测和溯源工作。调查发现，学校食堂的鲜猪肉片因运输及存储不当导致变质，挥发性盐基氮指标超标，判定为不合格。同时，对家长反映的过期进口冻牛肉问题进行了调查，确认其生产日期为2024年5月，并非2015年。 责任追究：学校方面未能有效履行食品安全管理责任，对承包经营企业的管理不到位，存在管理制度形式化等问题。因此，对校长和学校法定代表人作出了免职处理；对学校经营不合格食品的行为处以10万元处罚；对食堂承包经营企业经营项目发生变化，未按照规定申请变更的行为，责令停止经营，没收违法所得46万元，并处以568万元处罚。 社会呼吁：有评论员提出，为解决食品 ||| 分享到 原创2024-10-24南周快评 陈斌 责任编辑：辛省志 昆明长丰学校食堂给学生吃臭肉事件，从家长突击检查食堂，到官方介入调查并很快出调查结果，可以说基本尘埃落定。此事的公共价值是毋庸置疑的，值得复盘与剖析。 事情的缘起是：一些家长表示，2024年9月开始后，自己的孩子多次说食堂饭菜难吃，甚至出现腹泻的情况。10月16日，多名家长冲入学校食堂，发现肉品散发着令人作呕的异味，并录下了视频上传到网络。在家长举报之后，官渡区市监局与教育体育局当即赶到现场，于次日发布情况通报，承认“经初步调查，现场待加工猪肉感官气味异常”。 10月19日，官渡区联合调查组公布调查结果：经两个检测机构同步检验，确认10月16日食堂鲜猪肉片，挥发性盐基氮超标，“不合格”。原因是该批次鲜猪肉为当日宰杀，在进行机器切片加工后，未做散热处理并用双层塑料袋分装，在塑料袋中存放近4个小时，又在食堂室温中摆放5个半小时，没有冷链运输和冷藏保存，因运输及存储不当导致变质变臭。 因为 校对：吴依兰 登录获取更多阅读权限 {{ isview_popup.firstLine }}{{ isview_popup.highlight }} {{ isview_popup.secondLine }} 广东南方数媒工场科技有限责任公司 | 新闻信息服务许可证号：44120190002 ICP经营许可证号：粤B2-20050252 ||| 接到长丰学校食堂猪肉有异味问题反映后,官渡区市场监督管理局、官渡区教育体育局立即赶赴现场进行调查。经初步调查确定,家长举报的现场待加工猪肉感官气味确实存在异常,相关人员对食堂食材进行查封检测。 目前,",mainstream_news ||| social_media ||| social_media ||| mainstream_news ||| mainstream_news ||| public_web ||| official ||| mainstream_news ||| social_media ||| social_media ||| social_media ||| mainstream_news ||| mainstream_news ||| mainstream_news ||| public_web ||| social_media,https://news.ifeng.com/c/8drabhH9yFZ ||| https://www.toutiao.com/article/7427688582262833699/ ||| https://www.toutiao.com/article/7427755288494686761/ ||| https://opinion.voc.com.cn/mobile/news/202410/20914692.html ||| https://www.kankanews.com/detail/lm2Xqd8nqyr ||| https://m.szhgh.com/Article/news/resou/2024-10-17/362136.html ||| https://amr.ahsz.gov.cn/xwdt/sjdt/195084991.html ||| https://cj.sina.com.cn/articles/view/1389537561/52d2a919020017ngq ||| https://www.sohu.com/a/818224276_122014422 ||| https://www.toutiao.com/article/7427495537744445963/ ||| https://www.toutiao.com/article/7427659339688722982/ ||| http://news.hnr.cn/djn/article/1/1846721812870922241 ||| https://news.ifeng.com/c/8djfStyLGZl ||| https://m.163.com/dy/article/JEVC7EJC0525O28K.html?f=post2020_dy_recommends ||| https://www.infzm.com/contents/281211?source=124&source_1=294345 ||| https://www.toutiao.com/article/7426560134790349324/,11,silver_candidate,standard_review,0.000,low,low_risk,accept,,,,,,意见、情感与理由均与官方通报及媒体报道高度一致，证据充分支持，无需修改。,annotator_A,adjudicated_final,annotator_A
E012,LLM_CANON_E012_005,公众与媒体,对校园食品安全问题表示强烈愤慨，呼吁严惩涉事方，要求建立透明监督机制（如明厨亮灶）以防类似事件重演。,negative,社交媒体与新闻评论广泛传播事件，公众质疑监管漏洞，强烈要求彻查并推动长效监督机制，媒体亦呼吁反思校园餐饮管理。,SC_E012_005,网友;社会舆论;媒体评论,True,,ev-00260;ev-00264;ev-00268;ev-00269;ev-01592;ev-01595;ev-01603;ev-01604;ev-01606,"长丰中学“臭肉事件”:黑心学校,何时能止? 云南长丰中学竟然拿变质臭肉给孩子们吃!这事儿一传出来,网上立马就炸了,家长们气不打一处来,网友们也是纷纷声援,要求严查严惩。 揭开食堂的“黑锅盖” 你想象一 ||| 太过分！云南某中学给学生吃臭肉，教育局强行狡辩，官方通报打脸 学校食堂竟用臭肉做食材？这背后到底藏着什么猫腻？ 都说“民以食为天”，食物是咱们老百姓赖以生存的根本。可在这个追求利益最大化的社会里，有些人为了赚钱，竟然连良心都不要了！ 他们不仅售卖过期食材，甚至还将黑手伸向了学校食堂，给孩子们吃预制菜、过期肉，甚至是腐败变质的臭肉！ 这听起来简直让人难以置信，可这样的事情却真实地发生了。10月16日，有网友举报云南省昆明市官渡区长丰学校食堂竟然给孩子做菜的肉是一整盆的臭肉！ 这消息一出，立刻引发了社会的广泛关注。大家不禁要问：为什么校园食堂屡次出现问题？每次曝光后为什么还有人敢这么做？到底是谁在为他们撑腰？ 家长突击检查，竟发现一整盆臭肉！ 事情是这样的，10月16日，有网友爆料称长丰学校食堂存在食品安全问题。而据了解，这次事件的导火索其实是家长们在前一天就跟学校争论过食堂菜品卫生的问题。 也就是说，长丰学校食堂菜品不合格的情况已经被家长们发现了！ 可让人没想到的是，第二天家长们竟然冲过学校门卫，直接来到食堂进行突击检查。这一查，可不得了，他们竟然在食堂里发现了一整盆的臭肉！ 据说，一进食堂就能闻到那股浓烈的异味，而这些臭肉还整整装了几大盆！ 家长们看到这一幕，气愤得不得了。他们当场就质问食堂工作人员和食材供应商：“你们良心何在？这些菜做出来给你的孩子吃你还会做吗？” 有的家长甚至大 ||| 王军荣 昆明市官渡区人民政府新闻办公室10月19日发布通报称，针对网上反映的昆明市官渡区长丰学校食品安全问题，经过联合调查组调查，该批次鲜猪肉片判定为不合格，原因是运输及存储不当导致变质变臭;学校对食堂承包经营企业的经营资质审查及管理不到位。通报称已对学校、涉事企业、相关责任单位和干部依法依规进行处置。 重罚之后，更要堵漏。首先，务必将学生的食品安全置于首位。任何可能威胁到学生食品安全的隐患都要及时加以消除。如大力推行“明厨亮灶”工程，将学校食堂信息置于阳光之下，接受全方位的监管。其次，规范学校食堂的每一个环节，强化对这些环节的监督检查。同时，提升学校食堂管理人员和工作人员的素养，增强他们的食品安全意识和责任感，保证他们能够严格依照规定进行操作。充分调动家长的积极性，通过家委会等途径，定期或不定期对学校食堂展开检查和监督，及时察觉问题并向学校和有关部门进行反映。 孩子们是国家的未来与希望，学校食堂必须确保其食品安全无虞。昆明 “学校食堂臭肉事件”是一个惨痛的教训。唯有更进一步反思，捍卫学校食堂的安全底线，才能真正守护孩子们的健康成长。 (作者系自由撰稿人) 作者：王军荣 责编：洪晓懿 来源：华声在线 ||| 扫描二维码下载APP ⁺ 历史 ⁺ 收藏 ⁺ 订阅 “整盆肉都是臭的”！最近引发关注的云南昆明官渡区长丰学校“臭肉事件”，终于有了一个结果。 10月19日晚，当地联合调查组发布情况通报，确认该批次鲜猪肉因运输及存储不当导致变质变臭，食堂承包存在问题，并对涉事学校、企业、相关政府部门和官员都开出了“罚单”。 事实上，早在今年6月，就有家长向老师反映学校食堂的食品安全问题，校方不仅不理不睬，还打算“捂盖子”。直到有家长冲进学校食堂，找到了整盆整盆的臭肉，拍了视频，引发舆论关注，这才有了后续的调查和处理。家长都能闻出来的臭味，其他人难道闻不出来吗，居然就这样端上了学生的餐桌？可见，臭得不仅是肉，还有一些人的良心。 东窗事发后，在学校组织的沟通会上，面对家长期待的对话，该校董事长竟然无视最后提问插兜离席。有媒体梳理涉事董事长的“生意版图”，发现其名下有27家实控企业，其中19家处于存续状态，多为培训机构、学校和幼儿园。如此庞大的生意版图和狂傲的态度，也给公众留下疑问，他们真能保障好校园食品安全吗？ 昆明方面迅速响应，回应了公众部分关切，但仍留下不少“问号”。比如，学校的食品安全问题是否长期存在？还有没有一些其他的“食堂腐败”问题？学校经营管理者的狂傲底气从何而来？明文规定的陪餐制为什么沦为一纸空文？这些问号，都有待后续调查来拉直。 说到底，保障校园食品安全，不能光指望学校和企业的自觉。发现 ||| 【少年强则国强，少年又倒在了食堂。咦，我为什么要说“又”？】 1 10月16日，云南昆明。 官渡区长丰学校被曝食堂的猪肉有臭味，疑提供变质肉给学生食用。 17日，官渡区通报称，现场待加工猪肉感官气味异常，有关部门已对涉事学校、企业立案调查。 那么，这个事情是怎么爆出来的呢？ 此前，孩子回家常说食堂的饭菜不好吃，口味麻辣，还出现了肠胃不适、拉肚子的情况，家长就疑心，怀疑食堂食材是不是不干净。 然后，一些家长就违反校园规定直接冲进了学校食堂，结果闻到了一股子臭味，一大盆切好的碎肉，全是发臭的。 甚至找到了臭肉盒子的标签上面，标注的是“2014年，产地巴西”。 这就是臭名昭著的“僵尸肉”。 长丰学校，是一所民办学校，每年学费是2万多，每一餐的餐费标准，是14元。 就云南当地的收入水平和消费水平而言，这个学费和餐费，都不算便宜了。 干净可口的基本要求都满足不了，直接上臭肉... 2 臭肉事件发生后，学校和当地教育局，干了四件事。 第一件事，学校把食堂厨师拉出来背锅了，厨师先道歉，“对不起”。 这是在糊弄傻子。 第二件事，家长们歇斯底里地咆哮“你们良心何在”时，一个身穿红衣服（后被扒出是初三年级组长）的女老师，站在那里跟看戏似的，乐呵地笑着。 “人类的悲欢并不相通，你在这厢哭得死去活来，她在那边笑得若无其事”。 第三件事，校方和家长们坐下来商讨后续处理方法时，校领导再次语出惊人： “有人不想 ||| 昆明学校给学生吃臭肉这事儿,简直糟糕透顶!学校收着高昂的学费,家长们满心期待孩子能在学校有良好的环境和饮食,结果呢? ||| 引言：学校食堂对学生食品安全的重要性 孩子们的健康与学习直接受制于学校食堂的食品质量。然而，最近昆明某校食堂提供臭肉的消息，引发了家长们的极大愤慨，不少人质疑食堂使用的是早在2015年的冻肉。 事件背景：昆明一家学校食堂被家长曝光提供臭肉 2024年10月16日，昆明一所学校的食堂因家长的一则反馈，曝出了令人发指的“臭肉”事件。这名家长在学校微信群里贴出了一些照片，其中显示孩子们所食用的肉类竟散发出刺鼻的异味，严重影响了其他孩子的用餐体验。随着这一消息的迅速传播，网络舆论急剧升温，许多家长纷纷加入讨论，表达对食品安全的担忧。这不仅是对该校食堂的质疑，更是对整个教育系统及其监管机制的深刻反思。 公众反应：家长与网友的争论对教体局的回应表达不满 随着事件的扩散，家长们在各种社交平台上发声，要求有关部门严肃调查。同时，当地教育体育局的回应也引发了轩然大波。教体局在第一时间做出的公开表态未能平息家长的愤怒。尽管他们表示将对事件进行彻查，然而不少家长对此并不满意，认为这只是一个掩耳盗铃的举动，根本无法消除他们内心的恐慌。 在这个问题上，网友们的观点也呈现出明显的分歧。有人认为，即使肉类是在当天采购，也可能因为存放不当而出现变质，这让人感到无比不安。而另一些人则认为，问题的核心在于如何更有效地监管学校食堂是否遵循严格的食品安全标准。 后续动作：市场监督局和教育体育局确认肉品气味异常，查封食堂  ||| 在这个信息爆炸的时代,每一条新闻都像是夜空中划过的流星,有的转瞬即逝,有的却能在人们心中留下深深的烙印。今天,我要讲述的,就是一起发生在云南昆明,让无数家长心痛、愤怒,也让全社会为之震惊的“臭肉”事件 ||| 作者：金新（沃德研究院研究员） 2024年10月16日，有家长发现昆明长丰学校食堂提供的猪肉有异味，怀疑是变质肉。关于此事件，可以从以下几方面进行了解。 家长反应：家长对于学校提供变质肉的行为表示了强烈的愤怒和不满。有家长在家长会上激动地质问学校领导，质疑他们的良心和责任感。此外，还有家长在学校门口聚集，要求学校给出解释，并表达了对学生健康的担忧。 事件影响：此事件不仅引起了家长和公众的关注，也引发了社会对学校食品安全管理和监管的深刻反思。有评论指出，这一事件再次刷新了社会对校园食品安全的认知，强调了学校在食品安全方面的责任和管理的重要性。 官方调查：官渡区市场监督管理局和官渡区教育体育局对此事件进行了立案调查，并对学校食堂进行了查封，以开展检测和溯源工作。调查发现，学校食堂的鲜猪肉片因运输及存储不当导致变质，挥发性盐基氮指标超标，判定为不合格。同时，对家长反映的过期进口冻牛肉问题进行了调查，确认其生产日期为2024年5月，并非2015年。 责任追究：学校方面未能有效履行食品安全管理责任，对承包经营企业的管理不到位，存在管理制度形式化等问题。因此，对校长和学校法定代表人作出了免职处理；对学校经营不合格食品的行为处以10万元处罚；对食堂承包经营企业经营项目发生变化，未按照规定申请变更的行为，责令停止经营，没收违法所得46万元，并处以568万元处罚。 社会呼吁：有评论员提出，为解决食品",social_media ||| mainstream_news ||| mainstream_news ||| mainstream_news ||| public_web ||| social_media ||| mainstream_news ||| social_media ||| mainstream_news,https://www.toutiao.com/article/7428024611385770505/ ||| https://www.sohu.com/a/817438052_120077605/ ||| https://opinion.voc.com.cn/mobile/news/202410/20914692.html ||| https://www.kankanews.com/detail/lm2Xqd8nqyr ||| https://m.szhgh.com/Article/opinion/zatan/2024-10-19/362232.html ||| https://www.toutiao.com/article/7426980425509208585/ ||| https://www.sohu.com/a/817608155_122046825 ||| https://www.toutiao.com/article/7426548222644044324/ ||| https://m.163.com/dy/article/JEVC7EJC0525O28K.html?f=post2020_dy_recommends,6,silver_candidate,standard_review,0.000,low,low_risk,accept,,,,,,准确概括公众与媒体的负面反应及诉求，证据链完整，符合接受标准。,annotator_A,adjudicated_final,annotator_A
E013,LLM_CANON_E013_001,学生家长,反映学校食堂存在鼠迹、卫生不达标及违规使用调味品和食用油等问题，对子女在校饮食安全表示担忧。,negative,多份证据明确指出家长是事件的初始反映者，详细描述了食堂鼠迹和卫生问题，并明确表达了忧心忡忡的态度。,SC_E013_001,家长;学生家长,True,,ev-00280;ev-00281;ev-00282;ev-00283;ev-00284;ev-00286;ev-00287;ev-01611;ev-01612;ev-01617;ev-01618;ev-01619;ev-01620;ev-01621;ev-01622;ev-01623;ev-01624;ev-01625;ev-01629;ev-01630,"【来源:央视网】央视网消息:海口市市场监督管理局12月29日通报,近日,接到学生家长反映北京大学附属小学海口学校食堂存在鼠迹等食品安全问题后,该局立即赶赴现场进行检查并立案调查。 ||| 海南海口市市场监督管理局12月29日通报，近日，接到学生家长反映北京大学附属小学海口学校食堂存在鼠迹等食品安全问题后，该局立即赶赴现场进行检查并立案调查。通报全文如下： 来源：央广网返回搜狐，查看更多 ||| 海口市市场监督管理局12月29日通报，近日，接到学生家长反映北京大学附属小学海口学校食堂存在鼠迹等食品安全问题后，该局立即赶赴现场进行检查并立案调查。通报全文（央视网） 来源：央广网返回搜狐，查看更多 ||| 近日，网传海南海口市一小学食堂监控视频，称学校食堂发现有老鼠活动，并被监控拍了下来，引发广泛关注。 12月29日，海口市市场监督管理局针对此事进行通报—— 近日，接到学生家长反映北京大学附属小学海口学校食堂存在鼠迹等食品安全问题后，该局立即赶赴现场进行检查并立案调查。 经调查，涉事学校食堂存在防鼠设施不完善且未在规定期限内整改到位的违法行为，违反了《中华人民共和国食品安全法》相关规定，该局依法作出对涉事学校罚款5万元的行政处罚。 涉事学校食堂存在未落实食品进货查验记录管理制度、未落实食品安全风险防控动态管理的违法行为，违反了《中华人民共和国食品安全法》相关规定，该局依法作出对涉事学校给予警告的行政处罚。 针对市场监管相关责任人员，该局已依法启动问责程序，并将根据调查结果严肃处理。对涉事学校食堂是否存在市场监管领域其他违法行为，正在开展进一步调查。 来源：海口市市场监督管理局 潇湘晨报 编辑：林力 责编：高文玉 24小时滚动播报最新的财经资讯和视频，更多粉丝福利扫描二维码关注（sinafinance） 网友提问：@@=value.question$$ 老师回答：@@=value.answer$$ @@=value.title$$ 新浪财经意见反馈留言板 新浪简介|广告服务|About Sina 联系我们|招聘信息|通行证注册 产品答疑|网站律师|SINA English Copyri ||| 央视网消息：海口市市场监督管理局12月29日通报，近日，接到学生家长反映北京大学附属小学海口学校食堂存在鼠迹等食品安全问题后，该局立即赶赴现场进行检查并立案调查。 经调查，涉事学校食堂存在防鼠设施不完善且未在规定期限内整改到位的违法行为，违反了《中华人民共和国食品安全法》相关规定，该局依法作出对涉事学校罚款5万元的行政处罚。涉事学校食堂存在未落实食品进货查验记录管理制度、未落实食品安全风险防控动态管理的违法行为，违反了《中华人民共和国食品安全法》相关规定，该局依法作出对涉事学校给予警告的行政处罚。针对市场监管相关责任人员，该局已依法启动问责程序，并将根据调查结果严肃处理。对涉事学校食堂是否存在市场监管领域其他违法行为，正在开展进一步调查。 京ICP备10003349号-1中央广播电视总台央视网版权所有 ||| 今天,海南省海口市市场监督管理局通报——近日,接到学生家长反映北京大学附属小学海口学校食堂存在鼠迹等食品安全问题后,该局立即赶赴现场进行检查并立案调查。 ||| (视频来源于网络)29日,海南省海口市市场监督管理局通报——近日,接到学生家长反映北京大学附属小学海口学校食堂存在鼠迹等食品安全问题后,该局立即赶赴现场进行检查并立案调查。 ||| 12 月 29 日，海口市市场监督管理局发布情况通报。 近日，接到学生家长反映北京大学附属小学海口学校食堂存在鼠迹等食品安全问题后，我局迅速响应，立即赶赴现场进行检查并立案调查。现将有关情况通报如下： 一、经调查，涉事学校食堂存在防鼠设施不完善且未在规定期限内整改到位的违法行为，违反了《中华人民共和国食品安全法》相关规定，我局依法作出对涉事学校罚款 5 万元的行政处罚。 二、涉事学校食堂存在未落实食品进货查验记录管理制度、未落实食品安全风险防控动态管理的违法行为，违反了《中华人民共和国食品安全法》相关规定，我局依法作出对涉事学校给予警告的行政处罚。 三、针对市场监管相关责任人员，我局已依法启动问责程序，并将根据调查结果严肃处理。 对涉事学校食堂是否存在市场监管领域其他违法行为，我局正在开展进一步调查。 同时，我局将加强对学校食堂食品安全的监管力度，确保广大师生的饮食安全。 来源：海口市场监管官方账号 编辑：王奇 版权归原作者所有，如有侵权请联系我们！ ||| 12月29日，海口市市场监督管理局发布情况通报。 近日，接到学生家长反映北京大学附属小学海口学校食堂存在鼠迹等食品安全问题后，我局迅速响应，立即赶赴现场进行检查并立案调查。现将有关情况通报如下： 一、经调查，涉事学校食堂存在防鼠设施不完善且未在规定期限内整改到位的违法行为，违反了《中华人民共和国食品安全法》相关规定，我局依法作出对涉事学校罚款5万元的行政处罚。 二、涉事学校食堂存在未落实食品进货查验记录管理制度、未落实食品安全风险防控动态管理的违法行为，违反了《中华人民共和国食品安全法》相关规定，我局依法作出对涉事学校给予警告的行政处罚。 三、针对市场监管相关责任人员，我局已依法启动问责程序，并将根据调查结果严肃处理。 对涉事学校食堂是否存在市场监管领域其他违法行为，我局正在开展进一步调查。 同时，我局将加强对学校食堂食品安全的监管力度，确保广大师生的饮食安全。 来源：海口市场监管官方账号 编辑：余敏 审定：金官 核发：周立 点亮 和❤️ 关注！ ||| 转自：法制日报 近日，北京大学附属小学海口学校食堂里老鼠乱窜被持续曝光。从监控视频中可以看到，食堂后厨多只老鼠肆意穿梭，老鼠锃亮反光的眼睛，看着让人心惊，引起家长和社会各界的广泛关注。 2024年12月24日，海口市市场监督管理局秀英分局、海口市秀英区教育局联合发布情况通报。通报显示，12月22日上午，在接到学生家长反映北大附小海口学校食堂卫生未达标，存在鼠迹及违规使用调味品和食用油等问题后，海口市市场监督管理局秀英分局、秀英区教育局立即赶赴现场处置。 经初步调查，该校食堂使用的调味品和食用油符合国家食品安全使用规定，但三防设施存在漏洞。目前已对涉事学校下达了整改通知书并立案调查，学校食堂已停止供餐，提标采购调味品和食用油，并按规定进行消杀，待整改达标后再恢复供餐。 通报指出，下一步，海口市市场监督管理局秀英分局、海口市秀英区教育局依法依规开展调查，对违反校园食品安全的行为坚决依法处置，并举一反三，加强辖区校园食品安全监管。 据学校官网显示，北京大学附属小学海口学校是经北京大学批准，由海口市人民政府与北京大学附属小学联合创办、海南恩祥教育投资有限公司共同协办的一所民办学校。学校于2016年组建，并于2018年9月正式开学。学校采用小班制教学，现有1至5年级17个教学班级，学生445人，教师55人（含教学服务人员6人）。 学校食堂，本应是校园里最具烟火气、充满温情的角落，承载着为莘莘 ||| 近日，北京大学附属小学海口学校食堂里老鼠乱窜被持续曝光。从监控视频中可以看到，食堂后厨多只老鼠肆意穿梭，老鼠锃亮反光的眼睛，看着令人心惊，引起家长和社会各界的广泛关注。 2024年12月24日，海口市市场监督管理局秀英分局、海口市秀英区教育局联合发布情况通报。通报显示，12月22日上午，在接到学生家长反映北大附小海口学校食堂卫生未达标，存在鼠迹及违规使用调味品和食用油等问题后，海口市市场监督管理局秀英分局、秀英区教育局立即赶赴现场处置。 经初步调查，该校食堂使用的调味品和食用油符合国家食品安全使用规定，但三防设施存在漏洞。现在已对涉事学校下达了整改通知书并立案调查，学校食堂已停止供餐，提标采购调味品和食用油，并按规定进行消杀，待整改达标后再恢复供餐。 通报指出，下一步，海口市市场监督管理局秀英分局、海口市秀英区教育局依法依规开展调查，对违反校园食品安全的行为坚决依法处置，并举一反三，加强辖区校园食品安全监管。 据学校官网显示，北京大学附属小学海口学校是经北京大学批准，由海口市人民政府与北京大学附属小学联合创办、海南恩祥教育投资有限公司共同协办的一所民办学校。学校于2016年组建，并于2018年9月正式开学。学校采用小班制教学，现有1至5年级17个教学班级，学生445人，教师55人（含教学服务人员6人）。 学校食堂，本应是校园里最具烟火气、充满温情的角落，承载着为莘莘学子提供营养补给 ||| 家人们,12 月20 号那天,海南北京大学附属小学海口学校的食堂可 “出名” 了。有家长拍到食堂里有老鼠乱窜的视频,直接发到网上,这下可好,瞬间引爆了大家的关注。 ||| 赞 评论 收藏 近日,网传海南海口市一小学食堂监控视频,称学校食堂发现有老鼠活动,并被监控拍了下来,引发广泛关注。 视频截图 12月29日,海口市市场监督管理局针对此事进行通报—— 近日,接到学生家长 ||| 南海网12月29日消息（记者 蒙健）12月29日，记者从海口市市场监督管理局获悉，关于北京大学附属小学海口学校因食品安全问题，被依法予以处罚5万元。 据介绍，近日，接到学生家长反映北京大学附属小学海口学校食堂存在鼠迹等食品安全问题后，海口市市场监督管理局迅速响应，立即赶赴现场进行检查并立案调查。 经调查，涉事学校食堂存在防鼠设施不完善且未在规定期限内整改到位的违法行为，违反了《中华人民共和国食品安全法》相关规定，海口市市场监督管理局依法作出对涉事学校罚款5万元的行政处罚。 同时，针对涉事学校食堂存在未落实食品进货查验记录管理制度、未落实食品安全风险防控动态管理的违法行为，违反了《中华人民共和国食品安全法》相关规定，海口市市场监督管理局依法作出对涉事学校给予警告的行政处罚。 针对市场监管相关责任人员，海口市市场监督管理局已依法启动问责程序，并将根据调查结果严肃处理。 记者了解到，海口市市场监督管理局还对涉事学校食堂是否存在市场监管领域其他违法行为，正在开展进一步调查。同时，海口市市场监督管理局将加强对学校食堂食品安全的监管力度，守护广大师生的饮食安全。 新海南手机客户端 南海网手机客户端 南海网微信公众号 南海网微博 原创报道 海胶集团举办2025年橡胶开割启动仪式 椰视频 海南自贸港一周大事记 | 第五届消博会落幕 供需对接会意向签约金额约920亿元 二零二五 陆地游艇——昊铂 H ||| 央视网消息：据海口市秀英区教育局，12月22日上午，在接到学生家长反映北大附小海口学校食堂卫生未达标，存在鼠迹及违规使用调味品和食用油等问题后，海口市市场监督管理局秀英分局、秀英区教育局立即赶赴现场处置。 经初步调查，该校食堂使用的调味品和食用油符合国家食品安全使用规定，但三防设施存在漏洞。目前已对涉事学校下达了整改通知书并立案调查，学校食堂已停止供餐，提标采购调味品和食用油，并按规定进行消杀，待整改达标后再恢复供餐。 下一步，两部门依法依规开展调查，对违反校园食品安全的行为坚决依法处置，并举一反三，加强辖区校园食品安全监管。 ||| 小岛小希 2024-12-30 10:00发布于江西 12月29日 记者从海口市市场监督管理局获悉 针对此前曝出的食品安全问题 北京大学附属小学海口学校 被依法予以5万元处罚 近日，在接到学生家长反映北京大学附属小学海口学校食堂存在鼠迹等食品安全问题后，海口市市场监督管理局迅速响应，立即赶赴现场进行检查并立案调查。 经调查，涉事学校食堂存在防鼠设施不完善且未在规定期限内整改到位的违法行为，违反了《中华人民共和国食品安全法》相关规定，海口市市场监督管理局依法作出对涉事学校罚款5万元的行政处罚。 同时，针对涉事学校食堂存在未落实食品进货查验记录管理制度、未落实食品安全风险防控动态管理的违法行为，违反了《中华人民共和国食品安全法》相关规定，海口市市场监督管理局依法作出对涉事学校给予警告的行政处罚。 针对市场监管相关责任人员，海口市市场监督管理局已依法启动问责程序，并将根据调查结果严肃处理。 记者了解到，海口市市场监督管理局还对涉事学校食堂是否存在市场监管领域其他违法行为，正在开展进一步调查。同时，海口市市场监督管理局将加强对学校食堂食品安全的监管力度，守护广大师生的饮食安全。 来源：南海网、南国都市报 ||| 央视网消息：据海口市秀英区教育局，12月22日上午，在接到学生家长反映北大附小海口学校食堂卫生未达标，存在鼠迹及违规使用调味品和食用油等问题后，海口市市场监督管理局秀英分局、秀英区教育局立即赶赴现场处置。 经初步调查，该校食堂使用的调味品和食用油符合国家食品安全使用规定，但三防设施存在漏洞。目前已对涉事学校下达了整改通知书并立案调查，学校食堂已停止供餐，提标采购调味品和食用油，并按规定进行消杀，待整改达标后再恢复供餐。 下一步，两部门依法依规开展调查，对违反校园食品安全的行为坚决依法处置，并举一反三，加强辖区校园食品安全监管。 京ICP备10003349号-1中央广播电视总台央视网版权所有 ||| 用微信扫码二维码 分享至好友和朋友圈 情况通报 12月22日上午，在接到学生家长反映北大附小海口学校食堂卫生未达标，存在鼠迹及违规使用调味品和食用油等问题后，海口市市场监督管理局秀英分局、秀英区教育局立即赶赴现场处置。 经初步调查，该校食堂使用的调味品和食用油符合国家食品安全使用规定，但三防设施存在漏洞。目前已对涉事学校下达了整改通知书并立案调查，学校食堂已停止供餐，提标采购调味品和食用油，并按规定进行消杀，待整改达标后再恢复供餐。 下一步，两部门依法依规开展调查，对违反校园食品安全的行为坚决依法处置，并举一反三，加强辖区校园食品安全监管。 海口市市场监督管理局秀英分局 海口市秀英区教育局 2024年12月24日 （来源：海口秀英教育） 特别声明：以上内容(如有图片或视频亦包括在内)为自媒体平台“网易号”用户上传并发布，本平台仅提供信息存储服务。 Notice: The content above (including the pictures and videos if any) is uploaded and posted by a user of NetEase Hao, which is a social media platform and only provides information storage services. 上游新闻 2026-05-25 14:46: ||| 日,一个令人震惊的消息传来,学生家长纷纷反映北大附小海口学校食堂的卫生状况未能达到应有的标准。据家长们详细描述,在食堂的某些角落竟然发现了鼠迹,这无疑让他们对孩子在学校的饮食安全感到忧心忡忡。不仅如此 ||| 12 月 22 日，一个令人震惊的消息传来，学生家长纷纷反映北大附小海口学校食堂的卫生状况未能达到应有的标准。据家长们详细描述，在食堂的某些角落竟然发现了鼠迹，这无疑让他们对孩子在学校的饮食安全感到忧心忡忡。不仅如此，还存在违规使用调味品和食用油等严重问题。 此消息一经传出，立即引起了海口市市场监督管理局秀英分局以及秀英区教育局的高度重视。相关部门迅速行动，第一时间赶赴现场进行处置。 经初步全面而细致",social_media ||| mainstream_news ||| mainstream_news ||| mainstream_news ||| mainstream_news ||| social_media ||| social_media ||| public_web ||| mainstream_news ||| mainstream_news ||| mainstream_news ||| social_media ||| social_media ||| mainstream_news ||| mainstream_news ||| mainstream_news ||| mainstream_news ||| social_media ||| social_media ||| mainstream_news,https://www.toutiao.com/article/7453724528624108041/ ||| https://www.sohu.com/a/843127027_211507 ||| https://www.sohu.com/a/843104076_162758 ||| https://finance.sina.com.cn/jjxw/2024-12-30/doc-ineceiip4211070.shtml ||| https://news.cctv.com/2024/12/29/ARTIImF2PSGU3Ss0b8pR7CrM241229.shtml ||| https://www.toutiao.com/article/7453786935073473058/ ||| https://www.toutiao.com/article/7454008558133248552/ ||| http://app.myzaker.com/news/article.php?f=zaker_live&pk=6770e1161bc8e08436000000 ||| https://m.sohu.com/a/843087405_393071/?pvid=000115_3w_a ||| https://finance.sina.com.cn/wm/2024-12-25/doc-ineaswih7257318.shtml ||| https://www.sohu.com/a/844034793_122162653 ||| https://www.toutiao.com/article/7454056161986413075/ ||| https://www.toutiao.com/i7453880198203851274 ||| http://www.hinews.cn/news/system/2024/12/29/033246930.shtml ||| https://m.sohu.com/a/841561287_362042 ||| https://new.qq.com/rain/a/20241230A02QYN00 ||| https://news.cctv.com/2024/12/24/ARTIDkW0ZfVF0PFbbuB42tlX241224.shtml ||| https://www.163.com/dy/article/JK72M5RF053469LG.html ||| https://www.toutiao.com/article/7452152308281967144/ ||| https://www.sohu.com/a/841543435_121183483,9,silver_candidate,standard_review,0.000,low,low_risk,accept,,,,,,家长反映的问题与担忧在证据中有明确记载，情感与理由合理，予以接受。,annotator_A,adjudicated_final,annotator_A
E013,LLM_CANON_E013_002,海口市市场监督管理局及秀英区教育局,接报后立即赴现场调查，确认食堂防鼠设施不完善及管理违规，依法对学校作出罚款5万元及警告处罚，责令停止供餐整改，启动监管人员问责程序，并承诺加强后续监管。,neutral,官方通报详细记录了监管部门的调查过程、违法事实认定、行政处罚决定、问责程序启动及后续监管承诺，属于标准行政执法与回应行为。,SC_E013_002,海口市市场监督管理局;海口市市场监督管理局秀英分局;秀英区教育局;官方;监管部门,True,,ev-00280;ev-00281;ev-00282;ev-00283;ev-00284;ev-00285;ev-00286;ev-00287;ev-01611;ev-01612;ev-01617;ev-01618;ev-01621;ev-01622;ev-01623;ev-01624;ev-01625;ev-01627,"【来源:央视网】央视网消息:海口市市场监督管理局12月29日通报,近日,接到学生家长反映北京大学附属小学海口学校食堂存在鼠迹等食品安全问题后,该局立即赶赴现场进行检查并立案调查。 ||| 海南海口市市场监督管理局12月29日通报，近日，接到学生家长反映北京大学附属小学海口学校食堂存在鼠迹等食品安全问题后，该局立即赶赴现场进行检查并立案调查。通报全文如下： 来源：央广网返回搜狐，查看更多 ||| 海口市市场监督管理局12月29日通报，近日，接到学生家长反映北京大学附属小学海口学校食堂存在鼠迹等食品安全问题后，该局立即赶赴现场进行检查并立案调查。通报全文（央视网） 来源：央广网返回搜狐，查看更多 ||| 近日，网传海南海口市一小学食堂监控视频，称学校食堂发现有老鼠活动，并被监控拍了下来，引发广泛关注。 12月29日，海口市市场监督管理局针对此事进行通报—— 近日，接到学生家长反映北京大学附属小学海口学校食堂存在鼠迹等食品安全问题后，该局立即赶赴现场进行检查并立案调查。 经调查，涉事学校食堂存在防鼠设施不完善且未在规定期限内整改到位的违法行为，违反了《中华人民共和国食品安全法》相关规定，该局依法作出对涉事学校罚款5万元的行政处罚。 涉事学校食堂存在未落实食品进货查验记录管理制度、未落实食品安全风险防控动态管理的违法行为，违反了《中华人民共和国食品安全法》相关规定，该局依法作出对涉事学校给予警告的行政处罚。 针对市场监管相关责任人员，该局已依法启动问责程序，并将根据调查结果严肃处理。对涉事学校食堂是否存在市场监管领域其他违法行为，正在开展进一步调查。 来源：海口市市场监督管理局 潇湘晨报 编辑：林力 责编：高文玉 24小时滚动播报最新的财经资讯和视频，更多粉丝福利扫描二维码关注（sinafinance） 网友提问：@@=value.question$$ 老师回答：@@=value.answer$$ @@=value.title$$ 新浪财经意见反馈留言板 新浪简介|广告服务|About Sina 联系我们|招聘信息|通行证注册 产品答疑|网站律师|SINA English Copyri ||| 央视网消息：海口市市场监督管理局12月29日通报，近日，接到学生家长反映北京大学附属小学海口学校食堂存在鼠迹等食品安全问题后，该局立即赶赴现场进行检查并立案调查。 经调查，涉事学校食堂存在防鼠设施不完善且未在规定期限内整改到位的违法行为，违反了《中华人民共和国食品安全法》相关规定，该局依法作出对涉事学校罚款5万元的行政处罚。涉事学校食堂存在未落实食品进货查验记录管理制度、未落实食品安全风险防控动态管理的违法行为，违反了《中华人民共和国食品安全法》相关规定，该局依法作出对涉事学校给予警告的行政处罚。针对市场监管相关责任人员，该局已依法启动问责程序，并将根据调查结果严肃处理。对涉事学校食堂是否存在市场监管领域其他违法行为，正在开展进一步调查。 京ICP备10003349号-1中央广播电视总台央视网版权所有 ||| 12月25日(发布),海南海口。海口通报一小学食堂老鼠乱窜,官方:确实存在鼠迹。已立案调查 学校食堂停止供餐。 ||| 今天,海南省海口市市场监督管理局通报——近日,接到学生家长反映北京大学附属小学海口学校食堂存在鼠迹等食品安全问题后,该局立即赶赴现场进行检查并立案调查。 ||| (视频来源于网络)29日,海南省海口市市场监督管理局通报——近日,接到学生家长反映北京大学附属小学海口学校食堂存在鼠迹等食品安全问题后,该局立即赶赴现场进行检查并立案调查。 ||| 12 月 29 日，海口市市场监督管理局发布情况通报。 近日，接到学生家长反映北京大学附属小学海口学校食堂存在鼠迹等食品安全问题后，我局迅速响应，立即赶赴现场进行检查并立案调查。现将有关情况通报如下： 一、经调查，涉事学校食堂存在防鼠设施不完善且未在规定期限内整改到位的违法行为，违反了《中华人民共和国食品安全法》相关规定，我局依法作出对涉事学校罚款 5 万元的行政处罚。 二、涉事学校食堂存在未落实食品进货查验记录管理制度、未落实食品安全风险防控动态管理的违法行为，违反了《中华人民共和国食品安全法》相关规定，我局依法作出对涉事学校给予警告的行政处罚。 三、针对市场监管相关责任人员，我局已依法启动问责程序，并将根据调查结果严肃处理。 对涉事学校食堂是否存在市场监管领域其他违法行为，我局正在开展进一步调查。 同时，我局将加强对学校食堂食品安全的监管力度，确保广大师生的饮食安全。 来源：海口市场监管官方账号 编辑：王奇 版权归原作者所有，如有侵权请联系我们！ ||| 12月29日，海口市市场监督管理局发布情况通报。 近日，接到学生家长反映北京大学附属小学海口学校食堂存在鼠迹等食品安全问题后，我局迅速响应，立即赶赴现场进行检查并立案调查。现将有关情况通报如下： 一、经调查，涉事学校食堂存在防鼠设施不完善且未在规定期限内整改到位的违法行为，违反了《中华人民共和国食品安全法》相关规定，我局依法作出对涉事学校罚款5万元的行政处罚。 二、涉事学校食堂存在未落实食品进货查验记录管理制度、未落实食品安全风险防控动态管理的违法行为，违反了《中华人民共和国食品安全法》相关规定，我局依法作出对涉事学校给予警告的行政处罚。 三、针对市场监管相关责任人员，我局已依法启动问责程序，并将根据调查结果严肃处理。 对涉事学校食堂是否存在市场监管领域其他违法行为，我局正在开展进一步调查。 同时，我局将加强对学校食堂食品安全的监管力度，确保广大师生的饮食安全。 来源：海口市场监管官方账号 编辑：余敏 审定：金官 核发：周立 点亮 和❤️ 关注！ ||| 转自：法制日报 近日，北京大学附属小学海口学校食堂里老鼠乱窜被持续曝光。从监控视频中可以看到，食堂后厨多只老鼠肆意穿梭，老鼠锃亮反光的眼睛，看着让人心惊，引起家长和社会各界的广泛关注。 2024年12月24日，海口市市场监督管理局秀英分局、海口市秀英区教育局联合发布情况通报。通报显示，12月22日上午，在接到学生家长反映北大附小海口学校食堂卫生未达标，存在鼠迹及违规使用调味品和食用油等问题后，海口市市场监督管理局秀英分局、秀英区教育局立即赶赴现场处置。 经初步调查，该校食堂使用的调味品和食用油符合国家食品安全使用规定，但三防设施存在漏洞。目前已对涉事学校下达了整改通知书并立案调查，学校食堂已停止供餐，提标采购调味品和食用油，并按规定进行消杀，待整改达标后再恢复供餐。 通报指出，下一步，海口市市场监督管理局秀英分局、海口市秀英区教育局依法依规开展调查，对违反校园食品安全的行为坚决依法处置，并举一反三，加强辖区校园食品安全监管。 据学校官网显示，北京大学附属小学海口学校是经北京大学批准，由海口市人民政府与北京大学附属小学联合创办、海南恩祥教育投资有限公司共同协办的一所民办学校。学校于2016年组建，并于2018年9月正式开学。学校采用小班制教学，现有1至5年级17个教学班级，学生445人，教师55人（含教学服务人员6人）。 学校食堂，本应是校园里最具烟火气、充满温情的角落，承载着为莘莘 ||| 近日，北京大学附属小学海口学校食堂里老鼠乱窜被持续曝光。从监控视频中可以看到，食堂后厨多只老鼠肆意穿梭，老鼠锃亮反光的眼睛，看着令人心惊，引起家长和社会各界的广泛关注。 2024年12月24日，海口市市场监督管理局秀英分局、海口市秀英区教育局联合发布情况通报。通报显示，12月22日上午，在接到学生家长反映北大附小海口学校食堂卫生未达标，存在鼠迹及违规使用调味品和食用油等问题后，海口市市场监督管理局秀英分局、秀英区教育局立即赶赴现场处置。 经初步调查，该校食堂使用的调味品和食用油符合国家食品安全使用规定，但三防设施存在漏洞。现在已对涉事学校下达了整改通知书并立案调查，学校食堂已停止供餐，提标采购调味品和食用油，并按规定进行消杀，待整改达标后再恢复供餐。 通报指出，下一步，海口市市场监督管理局秀英分局、海口市秀英区教育局依法依规开展调查，对违反校园食品安全的行为坚决依法处置，并举一反三，加强辖区校园食品安全监管。 据学校官网显示，北京大学附属小学海口学校是经北京大学批准，由海口市人民政府与北京大学附属小学联合创办、海南恩祥教育投资有限公司共同协办的一所民办学校。学校于2016年组建，并于2018年9月正式开学。学校采用小班制教学，现有1至5年级17个教学班级，学生445人，教师55人（含教学服务人员6人）。 学校食堂，本应是校园里最具烟火气、充满温情的角落，承载着为莘莘学子提供营养补给 ||| 南海网12月29日消息（记者 蒙健）12月29日，记者从海口市市场监督管理局获悉，关于北京大学附属小学海口学校因食品安全问题，被依法予以处罚5万元。 据介绍，近日，接到学生家长反映北京大学附属小学海口学校食堂存在鼠迹等食品安全问题后，海口市市场监督管理局迅速响应，立即赶赴现场进行检查并立案调查。 经调查，涉事学校食堂存在防鼠设施不完善且未在规定期限内整改到位的违法行为，违反了《中华人民共和国食品安全法》相关规定，海口市市场监督管理局依法作出对涉事学校罚款5万元的行政处罚。 同时，针对涉事学校食堂存在未落实食品进货查验记录管理制度、未落实食品安全风险防控动态管理的违法行为，违反了《中华人民共和国食品安全法》相关规定，海口市市场监督管理局依法作出对涉事学校给予警告的行政处罚。 针对市场监管相关责任人员，海口市市场监督管理局已依法启动问责程序，并将根据调查结果严肃处理。 记者了解到，海口市市场监督管理局还对涉事学校食堂是否存在市场监管领域其他违法行为，正在开展进一步调查。同时，海口市市场监督管理局将加强对学校食堂食品安全的监管力度，守护广大师生的饮食安全。 新海南手机客户端 南海网手机客户端 南海网微信公众号 南海网微博 原创报道 海胶集团举办2025年橡胶开割启动仪式 椰视频 海南自贸港一周大事记 | 第五届消博会落幕 供需对接会意向签约金额约920亿元 二零二五 陆地游艇——昊铂 H ||| 央视网消息：据海口市秀英区教育局，12月22日上午，在接到学生家长反映北大附小海口学校食堂卫生未达标，存在鼠迹及违规使用调味品和食用油等问题后，海口市市场监督管理局秀英分局、秀英区教育局立即赶赴现场处置。 经初步调查，该校食堂使用的调味品和食用油符合国家食品安全使用规定，但三防设施存在漏洞。目前已对涉事学校下达了整改通知书并立案调查，学校食堂已停止供餐，提标采购调味品和食用油，并按规定进行消杀，待整改达标后再恢复供餐。 下一步，两部门依法依规开展调查，对违反校园食品安全的行为坚决依法处置，并举一反三，加强辖区校园食品安全监管。 ||| 小岛小希 2024-12-30 10:00发布于江西 12月29日 记者从海口市市场监督管理局获悉 针对此前曝出的食品安全问题 北京大学附属小学海口学校 被依法予以5万元处罚 近日，在接到学生家长反映北京大学附属小学海口学校食堂存在鼠迹等食品安全问题后，海口市市场监督管理局迅速响应，立即赶赴现场进行检查并立案调查。 经调查，涉事学校食堂存在防鼠设施不完善且未在规定期限内整改到位的违法行为，违反了《中华人民共和国食品安全法》相关规定，海口市市场监督管理局依法作出对涉事学校罚款5万元的行政处罚。 同时，针对涉事学校食堂存在未落实食品进货查验记录管理制度、未落实食品安全风险防控动态管理的违法行为，违反了《中华人民共和国食品安全法》相关规定，海口市市场监督管理局依法作出对涉事学校给予警告的行政处罚。 针对市场监管相关责任人员，海口市市场监督管理局已依法启动问责程序，并将根据调查结果严肃处理。 记者了解到，海口市市场监督管理局还对涉事学校食堂是否存在市场监管领域其他违法行为，正在开展进一步调查。同时，海口市市场监督管理局将加强对学校食堂食品安全的监管力度，守护广大师生的饮食安全。 来源：南海网、南国都市报 ||| 央视网消息：据海口市秀英区教育局，12月22日上午，在接到学生家长反映北大附小海口学校食堂卫生未达标，存在鼠迹及违规使用调味品和食用油等问题后，海口市市场监督管理局秀英分局、秀英区教育局立即赶赴现场处置。 经初步调查，该校食堂使用的调味品和食用油符合国家食品安全使用规定，但三防设施存在漏洞。目前已对涉事学校下达了整改通知书并立案调查，学校食堂已停止供餐，提标采购调味品和食用油，并按规定进行消杀，待整改达标后再恢复供餐。 下一步，两部门依法依规开展调查，对违反校园食品安全的行为坚决依法处置，并举一反三，加强辖区校园食品安全监管。 京ICP备10003349号-1中央广播电视总台央视网版权所有 ||| 用微信扫码二维码 分享至好友和朋友圈 情况通报 12月22日上午，在接到学生家长反映北大附小海口学校食堂卫生未达标，存在鼠迹及违规使用调味品和食用油等问题后，海口市市场监督管理局秀英分局、秀英区教育局立即赶赴现场处置。 经初步调查，该校食堂使用的调味品和食用油符合国家食品安全使用规定，但三防设施存在漏洞。目前已对涉事学校下达了整改通知书并立案调查，学校食堂已停止供餐，提标采购调味品和食用油，并按规定进行消杀，待整改达标后再恢复供餐。 下一步，两部门依法依规开展调查，对违反校园食品安全的行为坚决依法处置，并举一反三，加强辖区校园食品安全监管。 海口市市场监督管理局秀英分局 海口市秀英区教育局 2024年12月24日 （来源：海口秀英教育） 特别声明：以上内容(如有图片或视频亦包括在内)为自媒体平台“网易号”用户上传并发布，本平台仅提供信息存储服务。 Notice: The content above (including the pictures and videos if any) is uploaded and posted by a user of NetEase Hao, which is a social media platform and only provides information storage services. 上游新闻 2026-05-25 14:46: ||| 下载川观新闻客户端(苹果、安卓) 下载川观新闻客户端(鸿蒙) 建议使用浏览器扫码下载 关注四川日报公众号 扫码查看 南方新闻网 2024-12-29 17:17 全文播报 12月29日 海口市市场监督管理局 发布情况通报 全文如下： 近日，接到学生家长反映北京大学附属小学海口学校食堂存在鼠迹等食品安全问题后，我局迅速响应，立即赶赴现场进行检查并立案调查。现将有关情况通报如下： 一、经调查，涉事学校食堂存在防鼠设施不完善且未在规定期限内整改到位的违法行为，违反了《中华人民共和国食品安全法》相关规定，我局依法作出对涉事学校罚款5万元的行政处罚。 二、涉事学校食堂存在未落实食品进货查验记录管理制度、未落实食品安全风险防控动态管理的违法行为，违反了《中华人民共和国食品安全法》相关规定，我局依法作出对涉事学校给予警告的行政处罚。 三、针对市场监管相关责任人员，我局已依法启动问责程序，并将根据调查结果严肃处理。 对涉事学校食堂是否存在市场监管领域其他违法行为，我局正在开展进一步调查。 同时，我局将加强对学校食堂食品安全的监管力度，确保广大师生的饮食安全。 来源：海口市场监管官方账号 编辑：小麦 校对：梁洁萍 【未经授权，严禁转载！联系电话028-86968276】 未经授权，严禁转载！ 如需转载，请私信小编，或致电：028-86968693 028-86968276 转载须在正文开头显著位置注",social_media ||| mainstream_news ||| mainstream_news ||| mainstream_news ||| mainstream_news ||| mainstream_news ||| social_media ||| social_media ||| public_web ||| mainstream_news ||| mainstream_news ||| mainstream_news ||| mainstream_news ||| mainstream_news ||| mainstream_news ||| mainstream_news ||| social_media ||| mainstream_news,https://www.toutiao.com/article/7453724528624108041/ ||| https://www.sohu.com/a/843127027_211507 ||| https://www.sohu.com/a/843104076_162758 ||| https://finance.sina.com.cn/jjxw/2024-12-30/doc-ineceiip4211070.shtml ||| https://news.cctv.com/2024/12/29/ARTIImF2PSGU3Ss0b8pR7CrM241229.shtml ||| https://isee.weishi.qq.com/ws/app-pages/share/index.html?&id=76SSrEXpk1TqlYAKU&faker=1&resid=70001020 ||| https://www.toutiao.com/article/7453786935073473058/ ||| https://www.toutiao.com/article/7454008558133248552/ ||| http://app.myzaker.com/news/article.php?f=zaker_live&pk=6770e1161bc8e08436000000 ||| https://m.sohu.com/a/843087405_393071/?pvid=000115_3w_a ||| https://finance.sina.com.cn/wm/2024-12-25/doc-ineaswih7257318.shtml ||| https://www.sohu.com/a/844034793_122162653 ||| http://www.hinews.cn/news/system/2024/12/29/033246930.shtml ||| https://m.sohu.com/a/841561287_362042 ||| https://new.qq.com/rain/a/20241230A02QYN00 ||| https://news.cctv.com/2024/12/24/ARTIDkW0ZfVF0PFbbuB42tlX241224.shtml ||| https://www.163.com/dy/article/JK72M5RF053469LG.html ||| http://cbgc.scol.com.cn/news/5796085,11,silver_candidate,standard_review,0.000,low,low_risk,accept,,,,,,监管部门执法流程与处罚决定与官方通报完全吻合，事实准确，予以接受。,annotator_A,adjudicated_final,annotator_A
E013,LLM_CANON_E013_003,北京大学附属小学海口学校,配合调查并停止食堂供餐，提标采购调味品和食用油，按规定进行消杀整改，待达标后恢复供餐。,neutral,通报指出学校已收到整改通知书，食堂已停止供餐并进行消杀与采购升级，属于被动整改与合规响应。,SC_E013_003,北大附小海口学校;涉事学校,True,,ev-01617;ev-01618;ev-01622;ev-01624;ev-01625,"转自：法制日报 近日，北京大学附属小学海口学校食堂里老鼠乱窜被持续曝光。从监控视频中可以看到，食堂后厨多只老鼠肆意穿梭，老鼠锃亮反光的眼睛，看着让人心惊，引起家长和社会各界的广泛关注。 2024年12月24日，海口市市场监督管理局秀英分局、海口市秀英区教育局联合发布情况通报。通报显示，12月22日上午，在接到学生家长反映北大附小海口学校食堂卫生未达标，存在鼠迹及违规使用调味品和食用油等问题后，海口市市场监督管理局秀英分局、秀英区教育局立即赶赴现场处置。 经初步调查，该校食堂使用的调味品和食用油符合国家食品安全使用规定，但三防设施存在漏洞。目前已对涉事学校下达了整改通知书并立案调查，学校食堂已停止供餐，提标采购调味品和食用油，并按规定进行消杀，待整改达标后再恢复供餐。 通报指出，下一步，海口市市场监督管理局秀英分局、海口市秀英区教育局依法依规开展调查，对违反校园食品安全的行为坚决依法处置，并举一反三，加强辖区校园食品安全监管。 据学校官网显示，北京大学附属小学海口学校是经北京大学批准，由海口市人民政府与北京大学附属小学联合创办、海南恩祥教育投资有限公司共同协办的一所民办学校。学校于2016年组建，并于2018年9月正式开学。学校采用小班制教学，现有1至5年级17个教学班级，学生445人，教师55人（含教学服务人员6人）。 学校食堂，本应是校园里最具烟火气、充满温情的角落，承载着为莘莘 ||| 近日，北京大学附属小学海口学校食堂里老鼠乱窜被持续曝光。从监控视频中可以看到，食堂后厨多只老鼠肆意穿梭，老鼠锃亮反光的眼睛，看着令人心惊，引起家长和社会各界的广泛关注。 2024年12月24日，海口市市场监督管理局秀英分局、海口市秀英区教育局联合发布情况通报。通报显示，12月22日上午，在接到学生家长反映北大附小海口学校食堂卫生未达标，存在鼠迹及违规使用调味品和食用油等问题后，海口市市场监督管理局秀英分局、秀英区教育局立即赶赴现场处置。 经初步调查，该校食堂使用的调味品和食用油符合国家食品安全使用规定，但三防设施存在漏洞。现在已对涉事学校下达了整改通知书并立案调查，学校食堂已停止供餐，提标采购调味品和食用油，并按规定进行消杀，待整改达标后再恢复供餐。 通报指出，下一步，海口市市场监督管理局秀英分局、海口市秀英区教育局依法依规开展调查，对违反校园食品安全的行为坚决依法处置，并举一反三，加强辖区校园食品安全监管。 据学校官网显示，北京大学附属小学海口学校是经北京大学批准，由海口市人民政府与北京大学附属小学联合创办、海南恩祥教育投资有限公司共同协办的一所民办学校。学校于2016年组建，并于2018年9月正式开学。学校采用小班制教学，现有1至5年级17个教学班级，学生445人，教师55人（含教学服务人员6人）。 学校食堂，本应是校园里最具烟火气、充满温情的角落，承载着为莘莘学子提供营养补给 ||| 央视网消息：据海口市秀英区教育局，12月22日上午，在接到学生家长反映北大附小海口学校食堂卫生未达标，存在鼠迹及违规使用调味品和食用油等问题后，海口市市场监督管理局秀英分局、秀英区教育局立即赶赴现场处置。 经初步调查，该校食堂使用的调味品和食用油符合国家食品安全使用规定，但三防设施存在漏洞。目前已对涉事学校下达了整改通知书并立案调查，学校食堂已停止供餐，提标采购调味品和食用油，并按规定进行消杀，待整改达标后再恢复供餐。 下一步，两部门依法依规开展调查，对违反校园食品安全的行为坚决依法处置，并举一反三，加强辖区校园食品安全监管。 ||| 央视网消息：据海口市秀英区教育局，12月22日上午，在接到学生家长反映北大附小海口学校食堂卫生未达标，存在鼠迹及违规使用调味品和食用油等问题后，海口市市场监督管理局秀英分局、秀英区教育局立即赶赴现场处置。 经初步调查，该校食堂使用的调味品和食用油符合国家食品安全使用规定，但三防设施存在漏洞。目前已对涉事学校下达了整改通知书并立案调查，学校食堂已停止供餐，提标采购调味品和食用油，并按规定进行消杀，待整改达标后再恢复供餐。 下一步，两部门依法依规开展调查，对违反校园食品安全的行为坚决依法处置，并举一反三，加强辖区校园食品安全监管。 京ICP备10003349号-1中央广播电视总台央视网版权所有 ||| 用微信扫码二维码 分享至好友和朋友圈 情况通报 12月22日上午，在接到学生家长反映北大附小海口学校食堂卫生未达标，存在鼠迹及违规使用调味品和食用油等问题后，海口市市场监督管理局秀英分局、秀英区教育局立即赶赴现场处置。 经初步调查，该校食堂使用的调味品和食用油符合国家食品安全使用规定，但三防设施存在漏洞。目前已对涉事学校下达了整改通知书并立案调查，学校食堂已停止供餐，提标采购调味品和食用油，并按规定进行消杀，待整改达标后再恢复供餐。 下一步，两部门依法依规开展调查，对违反校园食品安全的行为坚决依法处置，并举一反三，加强辖区校园食品安全监管。 海口市市场监督管理局秀英分局 海口市秀英区教育局 2024年12月24日 （来源：海口秀英教育） 特别声明：以上内容(如有图片或视频亦包括在内)为自媒体平台“网易号”用户上传并发布，本平台仅提供信息存储服务。 Notice: The content above (including the pictures and videos if any) is uploaded and posted by a user of NetEase Hao, which is a social media platform and only provides information storage services. 上游新闻 2026-05-25 14:46:",mainstream_news ||| mainstream_news ||| mainstream_news ||| mainstream_news ||| social_media,https://finance.sina.com.cn/wm/2024-12-25/doc-ineaswih7257318.shtml ||| https://www.sohu.com/a/844034793_122162653 ||| https://m.sohu.com/a/841561287_362042 ||| https://news.cctv.com/2024/12/24/ARTIDkW0ZfVF0PFbbuB42tlX241224.shtml ||| https://www.163.com/dy/article/JK72M5RF053469LG.html,5,silver_candidate,standard_review,0.000,low,low_risk,accept,,,,,,学校整改措施与通报内容一致，情感中性合理，证据支持充分，予以接受。,annotator_A,adjudicated_final,annotator_A
E014,LLM_CANON_E014_001,南宁市公安局良庆分局,迅速介入调查并依法对涉案8人作出行政拘留等处罚，声明将坚决打击侵害未成年人合法权益的违法犯罪行为。,neutral,警方于4月29日发布官方情况通报，确认接到报警后立即开展调查处理，对8名涉案人员作出行政拘留等处罚，并公开表态切实保护未成年人身心健康。,SC_E014_001,良庆警方;当地警方,True,,ev-00309;ev-01640;ev-01642;ev-01643;ev-01644;ev-01647,广西南宁市公安局良庆分局微信公众号“良庆警方”4月29日发布情况通报称，4月18日，一名初中女生在良庆大道某小区旁，被多人欺负殴打。接到报警后，我分局立即开展调查处理，依法对涉案的8人作出行政拘留等处罚，相关工作正在进一步开展中。 警方坚决依法打击各类侵害未成年人合法权益的违法犯罪行为，切实保护未成年人的身心健康。 据央视新闻客户端此前报道，日前，网上有视频显示，广西南宁发生一起疑似校园欺凌事件。记者多方采访了解并证实，该视频内容为4月18日南宁三中初中部五象校区学生在校外遭遇的一起欺凌事件。 据了解，4月18日下午放学后，南宁三中初中部五象校区的两名学生以归还手机为由，带另一名学生至附近一公园，协同多名外校学生对该学生进行欺凌，并录制手机视频。 「 支持红色网站！」 感谢您的支持与鼓励！ 您的打赏将用于红歌会网日常运行与维护。 帮助我们办好网站，宣传红色文化。 传播正能量，促进公平正义！ ||| 一初中女生被多人欺负殴打，广西南宁良庆警方：依法对涉案8人作出行拘等处罚 情况通报 4月18日，一名初中女生在良庆大道某小区旁，被多人欺负殴打。接到报警后，我分局立即开展调查处理，依法对涉案的8人作出行政拘留等处罚，相关工作正在进一步开展中。 警方坚决依法打击各类侵害未成年人合法权益的违法犯罪行为，切实保护未成年人的身心健康。 南宁市公安局良庆分局 2024年4月29日 此前报道 日前，网上有视频显示，广西南宁发生一起疑似校园欺凌事件。记者多方采访了解并证实，该视频内容为4月18日南宁三中初中部五象校区学生在校外遭遇的一起欺凌事件。 据了解，4月18日下午放学后，南宁三中初中部五象校区的两名学生以归还手机为由，带另一名学生至附近一公园，协同多名外校学生对该学生进行欺凌，并录制手机视频。 扫码加好友 拉你进漳浦新闻爆料群 via：“良庆警方”微信公号、央视新闻 ||| 一初中女生被多人欺负殴打，广西南宁良庆警方：依法对涉案8人作出行拘等处罚 情况通报 4月18日，一名初中女生在良庆大道某小区旁，被多人欺负殴打。接到报警后，我分局立即开展调查处理，依法对涉案的8人作出行政拘留等处罚，相关工作正在进一步开展中。 警方坚决依法打击各类侵害未成年人合法权益的违法犯罪行为，切实保护未成年人的身心健康。 南宁市公安局良庆分局 2024年4月29日 日前，网上有视频显示，广西南宁发生一起疑似校园欺凌事件。记者多方采访了解并证实，该视频内容为4月18日南宁三中初中部五象校区学生在校外遭遇的一起欺凌事件。 来源 | “良庆警方”微信公号、央视新闻 原标题：《南宁通报一初中女生遭多人霸凌事件》 阅读原文 ||| 新京报讯 4月29日，良庆警方官微发布情况通报。全文如下： 4月18日，一名初中女生在良庆大道某小区旁，被多人欺负殴打。接到报警后，我分局立即开展调查处理，依法对涉案的8人作出行政拘留等处罚，相关工作正在进一步开展中。 警方坚决依法打击各类侵害未成年人合法权益的违法犯罪行为，切实保护未成年人的身心健康。 南宁市公安局良庆分局 2024年4月29日 此前据央视新闻报道，日前，网上有视频显示，广西南宁发生一起疑似校园欺凌事件。记者多方采访了解并证实，该视频内容为4月18日南宁三中初中部五象校区学生在校外遭遇的一起欺凌事件。据了解，4月18日下午放学后，南宁三中初中部五象校区的两名学生以归还手机为由，带另一名学生至附近一公园，协同多名外校学生对该学生进行欺凌，并录制手机视频。当地警方和学校已介入调查。 编辑 李忆林子 举报邮箱：jubao@vip.sina.com Copyright © 1996-2024 SINA Corporation All Rights Reserved 新浪公司 版权所有 ||| 新京报讯 4月29日，良庆警方官微发布情况通报。全文如下： 4月18日，一名初中女生在良庆大道某小区旁，被多人欺负殴打。接到报警后，我分局立即开展调查处理，依法对涉案的8人作出行政拘留等处罚，相关工作正在进一步开展中。 警方坚决依法打击各类侵害未成年人合法权益的违法犯罪行为，切实保护未成年人的身心健康。 南宁市公安局良庆分局 2024年4月29日 此前据央视新闻报道，日前，网上有视频显示，广西南宁发生一起疑似校园欺凌事件。记者多方采访了解并证实，该视频内容为4月18日南宁三中初中部五象校区学生在校外遭遇的一起欺凌事件。据了解，4月18日下午放学后，南宁三中初中部五象校区的两名学生以归还手机为由，带另一名学生至附近一公园，协同多名外校学生对该学生进行欺凌，并录制手机视频。当地警方和学校已介入调查。 编辑 李忆林子返回搜狐，查看更多 ||| 日前，网上有视频显示，广西南宁发生一起疑似校园欺凌事件。 4月29日，南宁市公安局良庆分局发布情况通报：4月18日，一名初中女生在良庆大道某小区旁，被多人欺负殴打。接到报警后，我分局立即开展调查处理，依法对涉案的8人作出行政拘留等处罚，相关工作正在进一步开展中。 警方坚决依法打击各类侵害未成年人合法权益的违法犯罪行为，切实保护未成年人的身心健康。 ①凡本网注明“来源：福州新闻网”的所有文字、图片和视频，版权均属福州新闻网所有，任何媒体、网站或个人未经本网协议授权不得转载、链接、转贴或以其他方式复制发表。已经被本网协议授权的媒体、网站，在下载使用时必须注明“来源：福州新闻网”，违者本网将依法追究责任。 ②本网未注明“来源：福州新闻网”的文/图等稿件均为转载稿，本网转载出于传递更多信息之目的，并不意味着赞同其观点或证实其内容的真实性。如其他媒体、网站或个人从本网下载使用，必须保留本网注明的“来源”，并自负版权等法律责任。如擅自篡改为“来源：福州新闻网”，本网将依法追究责任。如对文章内容有疑议，请及时与我们联系。 ③ 如本网转载涉及版权等问题，请作者在两周内速来电或来函与福州新闻网联系。 Copyright © 2006 FZNEWS.COM.CN All Rights Reserved 福州新闻网版权所有，未经授权不得转载或建立镜像 闽公网安备 35010202000529号国新办发函,social_media ||| mainstream_news ||| mainstream_news ||| mainstream_news ||| mainstream_news ||| mainstream_news,https://m.szhgh.com/Article/news/politics/2024-04-30/351861.html ||| https://m.sohu.com/a/775464778_121123770 ||| https://m.thepaper.cn/newsDetail_forward_27220924 ||| https://news.sina.com.cn/o/2024-04-29/doc-inatpers9551684.shtml ||| https://www.sohu.com/a/775203843_114988 ||| https://news.fznews.com.cn/gngj/20240430/jgA2ilKldH.shtml,6,silver_candidate,standard_review,0.000,low,low_risk,accept,,,,,,警方通报内容提取准确，处置措施与表态均有据可查，予以接受。,annotator_A,adjudicated_final,annotator_A
E014,LLM_CANON_E014_003,涉案施暴学生,以归还手机为由诱骗受害女生至公园实施殴打、羞辱并录制视频，最终被警方依法行政拘留。,negative,证据详细描述了施暴者以还手机为借口诱骗受害者、协同多人进行围殴和录像的过程，警方通报确认对8名涉案人员作出处罚。,SC_E014_003,多名外校学生;两名学生;涉案8人;施暴者,True,,ev-00301;ev-00303;ev-00304;ev-00306;ev-00307;ev-00308;ev-01636;ev-01639;ev-01640;ev-01642;ev-01643;ev-01644;ev-01647,"河北邯郸霸凌事件未过,南宁三中初中部五象校区又发生恶性霸凌事件。据央视新闻报道,4月18日下午放学后,南宁三中初中部五象校区的两名学生以归还手机为由,带另一名学生至附近一公园,协同多名外校学生对该学生 ||| 新媒体端口 数字报 无障碍 日前，网上有视频显示，广西南宁发生一起疑似校园欺凌事件。记者多方采访了解并证实，该视频内容为4月18日南宁三中初中部五象校区学生在校外遭遇的一起欺凌事件。 据了解，4月18日下午放学后，南宁三中初中部五象校区的两名学生以归还手机为由，带另一名学生至附近一公园，协同多名外校学生对该学生进行欺凌，并录制手机视频。 目前，当地警方和学校已介入调查。 （央视新闻客户端 总台记者 李健飞 傅琦恩） 最近，电影《给阿嬷的情书》票房继续高歌猛进。据灯塔专业版实时数据，截至5月25日17时25分，影片票房突破11亿元。 近日，国家药品监督管理局、公安部、国家禁毒委员会办公室联合发布《关于进一步加强普瑞巴林等药品管理的通告》，对普瑞巴林口服单方制剂、愈美制剂加大监管力度。为全面落实国家药品管控部署，切实筑牢全市药品零售安全防线，防范化解药品滥用风险，广州市市场监督管理局快速响应，全域推进，统筹实施监管举措。 近日，全国数据“标准周”专题调研活动走进广州市白云区。国家数据局、商务部及18个省区市、兵团共50名相关部门代表，实地走访魅视科技总部，考察其依托实景数据底座，在高质量数据集建设、垂域模型研发、AI技术落地及智慧城市应用方面的创新成果，了解白云区以开放数据培育企业和赋能治理的政企协同路径，对白云区“数据筑基、技术引领、治理增效、产业升级”的创新模式给予肯定。 5月24 ||| 界面快报·来源：界面新闻 据央视新闻，日前，网上有视频显示，广西南宁发生一起疑似校园欺凌事件。记者多方采访了解并证实，该视频内容为4月18日南宁三中初中部五象校区学生在校外遭遇的一起欺凌事件。 据了解，4月18日下午放学后，南宁三中初中部五象校区的两名学生以归还手机为由，带另一名学生至附近一公园，协同多名外校学生对该学生进行欺凌，并录制手机视频。 目前，当地警方和学校已介入调查。 评论 上海界面财联社科技股份有限公司 版权所有 © 2014-2026 JIEMIAN.COM ||| 南宁三中的校园内,阳光透过繁茂的树叶,洒在两个学生的脸上。他们以归还手机为由,诱导一名无辜的学生跟随他们走出校门,走向了附近的一个公园。 ||| 视频加载中... 第二章:校园外的暴行 经过记者的深入采访和核实,确认视频所记录的是4月18日南宁三中初中部五象校区的一名学生在校园外遭受的欺凌情况。那天下午放学后,两名学生以还手机为借口,引导一名同 ||| 2024年4月18日,南宁三中初中部五象校区,一名女生在同学的欺骗下,前往公园,毫无戒备地踏入了陷阱。 2. 霸凌的噩梦 公园里,女生遭到了一群同学的围攻和羞辱,暴行被录制成视频,并在网络上迅速传播, ||| 日前，网上有视频显示，广西南宁发生一起疑似校园欺凌事件。记者多方采访了解并证实，该视频内容为4月18日南宁三中初中部五象校区学生在校外遭遇的一起欺凌事件。 据了解，4月18日下午放学后，南宁三中初中部五象校区的两名学生以归还手机为由，带另一名学生至附近一公园，协同多名外校学生对该学生进行欺凌，并录制手机视频。 目前，当地警方和学校已介入调查。 24小时滚动播报最新的财经资讯和视频，更多粉丝福利扫描二维码关注（sinafinance） 网友提问：@@=value.question$$ 老师回答：@@=value.answer$$ @@=value.title$$ 新浪财经意见反馈留言板 新浪简介|广告服务|About Sina 联系我们|招聘信息|通行证注册 产品答疑|网站律师|SINA English Copyright © 1996-2024 SINA Corporation All Rights Reserved 新浪公司 版权所有 ||| 登录 日前，网上有视频显示，广西南宁发生一起疑似校园欺凌事件。记者多方采访了解并证实，该视频内容为4月18日南宁三中初中部五象校区学生在校外遭遇的一起欺凌事件。 据了解，4月18日下午放学后，南宁三中初中部五象校区的两名学生以归还手机为由，带另一名学生至附近一公园，协同多名外校学生对该学生进行欺凌，并录制手机视频。 目前，当地警方和学校已介入调查。 Android版 iPhone版 iPad版 沪ICP备14003370号 沪公网安备31010602000299号 互联网新闻信息服务许可证：31120170006 增值电信业务经营许可证：沪B2-2017116 © 2014-2026 上海东方报业有限公司 ||| 一初中女生被多人欺负殴打，广西南宁良庆警方：依法对涉案8人作出行拘等处罚 情况通报 4月18日，一名初中女生在良庆大道某小区旁，被多人欺负殴打。接到报警后，我分局立即开展调查处理，依法对涉案的8人作出行政拘留等处罚，相关工作正在进一步开展中。 警方坚决依法打击各类侵害未成年人合法权益的违法犯罪行为，切实保护未成年人的身心健康。 南宁市公安局良庆分局 2024年4月29日 此前报道 日前，网上有视频显示，广西南宁发生一起疑似校园欺凌事件。记者多方采访了解并证实，该视频内容为4月18日南宁三中初中部五象校区学生在校外遭遇的一起欺凌事件。 据了解，4月18日下午放学后，南宁三中初中部五象校区的两名学生以归还手机为由，带另一名学生至附近一公园，协同多名外校学生对该学生进行欺凌，并录制手机视频。 扫码加好友 拉你进漳浦新闻爆料群 via：“良庆警方”微信公号、央视新闻 ||| 一初中女生被多人欺负殴打，广西南宁良庆警方：依法对涉案8人作出行拘等处罚 情况通报 4月18日，一名初中女生在良庆大道某小区旁，被多人欺负殴打。接到报警后，我分局立即开展调查处理，依法对涉案的8人作出行政拘留等处罚，相关工作正在进一步开展中。 警方坚决依法打击各类侵害未成年人合法权益的违法犯罪行为，切实保护未成年人的身心健康。 南宁市公安局良庆分局 2024年4月29日 日前，网上有视频显示，广西南宁发生一起疑似校园欺凌事件。记者多方采访了解并证实，该视频内容为4月18日南宁三中初中部五象校区学生在校外遭遇的一起欺凌事件。 来源 | “良庆警方”微信公号、央视新闻 原标题：《南宁通报一初中女生遭多人霸凌事件》 阅读原文 ||| 新京报讯 4月29日，良庆警方官微发布情况通报。全文如下： 4月18日，一名初中女生在良庆大道某小区旁，被多人欺负殴打。接到报警后，我分局立即开展调查处理，依法对涉案的8人作出行政拘留等处罚，相关工作正在进一步开展中。 警方坚决依法打击各类侵害未成年人合法权益的违法犯罪行为，切实保护未成年人的身心健康。 南宁市公安局良庆分局 2024年4月29日 此前据央视新闻报道，日前，网上有视频显示，广西南宁发生一起疑似校园欺凌事件。记者多方采访了解并证实，该视频内容为4月18日南宁三中初中部五象校区学生在校外遭遇的一起欺凌事件。据了解，4月18日下午放学后，南宁三中初中部五象校区的两名学生以归还手机为由，带另一名学生至附近一公园，协同多名外校学生对该学生进行欺凌，并录制手机视频。当地警方和学校已介入调查。 编辑 李忆林子 举报邮箱：jubao@vip.sina.com Copyright © 1996-2024 SINA Corporation All Rights Reserved 新浪公司 版权所有 ||| 新京报讯 4月29日，良庆警方官微发布情况通报。全文如下： 4月18日，一名初中女生在良庆大道某小区旁，被多人欺负殴打。接到报警后，我分局立即开展调查处理，依法对涉案的8人作出行政拘留等处罚，相关工作正在进一步开展中。 警方坚决依法打击各类侵害未成年人合法权益的违法犯罪行为，切实保护未成年人的身心健康。 南宁市公安局良庆分局 2024年4月29日 此前据央视新闻报道，日前，网上有视频显示，广西南宁发生一起疑似校园欺凌事件。记者多方采访了解并证实，该视频内容为4月18日南宁三中初中部五象校区学生在校外遭遇的一起欺凌事件。据了解，4月18日下午放学后，南宁三中初中部五象校区的两名学生以归还手机为由，带另一名学生至附近一公园，协同多名外校学生对该学生进行欺凌，并录制手机视频。当地警方和学校已介入调查。 编辑 李忆林子返回搜狐，查看更多 ||| 日前，网上有视频显示，广西南宁发生一起疑似校园欺凌事件。 4月29日，南宁市公安局良庆分局发布情况通报：4月18日，一名初中女生在良庆大道某小区旁，被多人欺负殴打。接到报警后，我分局立即开展调查处理，依法对涉案的8人作出行政拘留等处罚，相关工作正在进一步开展中。 警方坚决依法打击各类侵害未成年人合法权益的违法犯罪行为，切实保护未成年人的身心健康。 ①凡本网注明“来源：福州新闻网”的所有文字、图片和视频，版权均属福州新闻网所有，任何媒体、网站或个人未经本网协议授权不得转载、链接、转贴或以其他方式复制发表。已经被本网协议授权的媒体、网站，在下载使用时必须注明“来源：福州新闻网”，违者本网将依法追究责任。 ②本网未注明“来源：福州新闻网”的文/图等稿件均为转载稿，本网转载出于传递更多信息之目的，并不意味着赞同其观点或证实其内容的真实性。如其他媒体、网站或个人从本网下载使用，必须保留本网注明的“来源”，并自负版权等法律责任。如擅自篡改为“来源：福州新闻网”，本网将依法追究责任。如对文章内容有疑议，请及时与我们联系。 ③ 如本网转载涉及版权等问题，请作者在两周内速来电或来函与福州新闻网联系。 Copyright © 2006 FZNEWS.COM.CN All Rights Reserved 福州新闻网版权所有，未经授权不得转载或建立镜像 闽公网安备 35010202000529号国新办发函",social_media ||| mainstream_news ||| mainstream_news ||| social_media ||| social_media ||| social_media ||| mainstream_news ||| mainstream_news ||| mainstream_news ||| mainstream_news ||| mainstream_news ||| mainstream_news ||| mainstream_news,https://www.toutiao.com/article/7363503429732074024/ ||| https://news.dayoo.com/society/202404/29/140000_54663434.htm ||| https://www.jiemian.com/article/11122766.html ||| https://www.toutiao.com/article/7363511261164503578/ ||| https://www.toutiao.com/article/7363839141966135859/ ||| https://m.toutiao.com/article/7363567308901712395/ ||| https://finance.sina.com.cn/jjxw/2024-04-29/doc-inatnyit2869871.shtml ||| https://www.thepaper.cn/newsDetail_forward_27211168 ||| https://m.sohu.com/a/775464778_121123770 ||| https://m.thepaper.cn/newsDetail_forward_27220924 ||| https://news.sina.com.cn/o/2024-04-29/doc-inatpers9551684.shtml ||| https://www.sohu.com/a/775203843_114988 ||| https://news.fznews.com.cn/gngj/20240430/jgA2ilKldH.shtml,11,silver_candidate,standard_review,0.000,low,low_risk,accept,,,,,,施暴者行为描述与警方通报及媒体报道一致，情感负面合理，予以接受。,annotator_A,adjudicated_final,annotator_A
E014,LLM_CANON_E014_004,受害初中女生,在校外遭多名同学诱骗、围殴、扯头发拖行及强扒衣物，身心受到严重侵害。,negative,视频记录及多方报道证实该女生被多人欺负殴打、羞辱并录像，警方通报亦确认其被多人欺负殴打的事实。,SC_E014_004,无辜的女生;一名初中女生;受害学生,True,,ev-00300;ev-00301;ev-00303;ev-00304;ev-00305;ev-00306;ev-00307;ev-00308;ev-01636;ev-01639;ev-01640;ev-01642;ev-01643;ev-01644;ev-01647,"4月18日,发生在广西南宁三中初中部五象校区的一起校园欺凌事件,如同一场黑色风暴,迅速席卷了网络,触动了社会的敏感神经。事件的主人公是一名无辜的女生,她的遭遇,不仅暴露了校园暴力的残酷,更折射出当前社 ||| 河北邯郸霸凌事件未过,南宁三中初中部五象校区又发生恶性霸凌事件。据央视新闻报道,4月18日下午放学后,南宁三中初中部五象校区的两名学生以归还手机为由,带另一名学生至附近一公园,协同多名外校学生对该学生 ||| 新媒体端口 数字报 无障碍 日前，网上有视频显示，广西南宁发生一起疑似校园欺凌事件。记者多方采访了解并证实，该视频内容为4月18日南宁三中初中部五象校区学生在校外遭遇的一起欺凌事件。 据了解，4月18日下午放学后，南宁三中初中部五象校区的两名学生以归还手机为由，带另一名学生至附近一公园，协同多名外校学生对该学生进行欺凌，并录制手机视频。 目前，当地警方和学校已介入调查。 （央视新闻客户端 总台记者 李健飞 傅琦恩） 最近，电影《给阿嬷的情书》票房继续高歌猛进。据灯塔专业版实时数据，截至5月25日17时25分，影片票房突破11亿元。 近日，国家药品监督管理局、公安部、国家禁毒委员会办公室联合发布《关于进一步加强普瑞巴林等药品管理的通告》，对普瑞巴林口服单方制剂、愈美制剂加大监管力度。为全面落实国家药品管控部署，切实筑牢全市药品零售安全防线，防范化解药品滥用风险，广州市市场监督管理局快速响应，全域推进，统筹实施监管举措。 近日，全国数据“标准周”专题调研活动走进广州市白云区。国家数据局、商务部及18个省区市、兵团共50名相关部门代表，实地走访魅视科技总部，考察其依托实景数据底座，在高质量数据集建设、垂域模型研发、AI技术落地及智慧城市应用方面的创新成果，了解白云区以开放数据培育企业和赋能治理的政企协同路径，对白云区“数据筑基、技术引领、治理增效、产业升级”的创新模式给予肯定。 5月24 ||| 界面快报·来源：界面新闻 据央视新闻，日前，网上有视频显示，广西南宁发生一起疑似校园欺凌事件。记者多方采访了解并证实，该视频内容为4月18日南宁三中初中部五象校区学生在校外遭遇的一起欺凌事件。 据了解，4月18日下午放学后，南宁三中初中部五象校区的两名学生以归还手机为由，带另一名学生至附近一公园，协同多名外校学生对该学生进行欺凌，并录制手机视频。 目前，当地警方和学校已介入调查。 评论 上海界面财联社科技股份有限公司 版权所有 © 2014-2026 JIEMIAN.COM ||| 4·18南宁三中初中部校园欺凌事件，是指2024年4月18日，广西南宁三中初中部一学生在校外被多人欺负殴打的事件。[1] ||| 南宁三中的校园内,阳光透过繁茂的树叶,洒在两个学生的脸上。他们以归还手机为由,诱导一名无辜的学生跟随他们走出校门,走向了附近的一个公园。 ||| 视频加载中... 第二章:校园外的暴行 经过记者的深入采访和核实,确认视频所记录的是4月18日南宁三中初中部五象校区的一名学生在校园外遭受的欺凌情况。那天下午放学后,两名学生以还手机为借口,引导一名同 ||| 2024年4月18日,南宁三中初中部五象校区,一名女生在同学的欺骗下,前往公园,毫无戒备地踏入了陷阱。 2. 霸凌的噩梦 公园里,女生遭到了一群同学的围攻和羞辱,暴行被录制成视频,并在网络上迅速传播, ||| 日前，网上有视频显示，广西南宁发生一起疑似校园欺凌事件。记者多方采访了解并证实，该视频内容为4月18日南宁三中初中部五象校区学生在校外遭遇的一起欺凌事件。 据了解，4月18日下午放学后，南宁三中初中部五象校区的两名学生以归还手机为由，带另一名学生至附近一公园，协同多名外校学生对该学生进行欺凌，并录制手机视频。 目前，当地警方和学校已介入调查。 24小时滚动播报最新的财经资讯和视频，更多粉丝福利扫描二维码关注（sinafinance） 网友提问：@@=value.question$$ 老师回答：@@=value.answer$$ @@=value.title$$ 新浪财经意见反馈留言板 新浪简介|广告服务|About Sina 联系我们|招聘信息|通行证注册 产品答疑|网站律师|SINA English Copyright © 1996-2024 SINA Corporation All Rights Reserved 新浪公司 版权所有 ||| 登录 日前，网上有视频显示，广西南宁发生一起疑似校园欺凌事件。记者多方采访了解并证实，该视频内容为4月18日南宁三中初中部五象校区学生在校外遭遇的一起欺凌事件。 据了解，4月18日下午放学后，南宁三中初中部五象校区的两名学生以归还手机为由，带另一名学生至附近一公园，协同多名外校学生对该学生进行欺凌，并录制手机视频。 目前，当地警方和学校已介入调查。 Android版 iPhone版 iPad版 沪ICP备14003370号 沪公网安备31010602000299号 互联网新闻信息服务许可证：31120170006 增值电信业务经营许可证：沪B2-2017116 © 2014-2026 上海东方报业有限公司 ||| 一初中女生被多人欺负殴打，广西南宁良庆警方：依法对涉案8人作出行拘等处罚 情况通报 4月18日，一名初中女生在良庆大道某小区旁，被多人欺负殴打。接到报警后，我分局立即开展调查处理，依法对涉案的8人作出行政拘留等处罚，相关工作正在进一步开展中。 警方坚决依法打击各类侵害未成年人合法权益的违法犯罪行为，切实保护未成年人的身心健康。 南宁市公安局良庆分局 2024年4月29日 此前报道 日前，网上有视频显示，广西南宁发生一起疑似校园欺凌事件。记者多方采访了解并证实，该视频内容为4月18日南宁三中初中部五象校区学生在校外遭遇的一起欺凌事件。 据了解，4月18日下午放学后，南宁三中初中部五象校区的两名学生以归还手机为由，带另一名学生至附近一公园，协同多名外校学生对该学生进行欺凌，并录制手机视频。 扫码加好友 拉你进漳浦新闻爆料群 via：“良庆警方”微信公号、央视新闻 ||| 一初中女生被多人欺负殴打，广西南宁良庆警方：依法对涉案8人作出行拘等处罚 情况通报 4月18日，一名初中女生在良庆大道某小区旁，被多人欺负殴打。接到报警后，我分局立即开展调查处理，依法对涉案的8人作出行政拘留等处罚，相关工作正在进一步开展中。 警方坚决依法打击各类侵害未成年人合法权益的违法犯罪行为，切实保护未成年人的身心健康。 南宁市公安局良庆分局 2024年4月29日 日前，网上有视频显示，广西南宁发生一起疑似校园欺凌事件。记者多方采访了解并证实，该视频内容为4月18日南宁三中初中部五象校区学生在校外遭遇的一起欺凌事件。 来源 | “良庆警方”微信公号、央视新闻 原标题：《南宁通报一初中女生遭多人霸凌事件》 阅读原文 ||| 新京报讯 4月29日，良庆警方官微发布情况通报。全文如下： 4月18日，一名初中女生在良庆大道某小区旁，被多人欺负殴打。接到报警后，我分局立即开展调查处理，依法对涉案的8人作出行政拘留等处罚，相关工作正在进一步开展中。 警方坚决依法打击各类侵害未成年人合法权益的违法犯罪行为，切实保护未成年人的身心健康。 南宁市公安局良庆分局 2024年4月29日 此前据央视新闻报道，日前，网上有视频显示，广西南宁发生一起疑似校园欺凌事件。记者多方采访了解并证实，该视频内容为4月18日南宁三中初中部五象校区学生在校外遭遇的一起欺凌事件。据了解，4月18日下午放学后，南宁三中初中部五象校区的两名学生以归还手机为由，带另一名学生至附近一公园，协同多名外校学生对该学生进行欺凌，并录制手机视频。当地警方和学校已介入调查。 编辑 李忆林子 举报邮箱：jubao@vip.sina.com Copyright © 1996-2024 SINA Corporation All Rights Reserved 新浪公司 版权所有 ||| 新京报讯 4月29日，良庆警方官微发布情况通报。全文如下： 4月18日，一名初中女生在良庆大道某小区旁，被多人欺负殴打。接到报警后，我分局立即开展调查处理，依法对涉案的8人作出行政拘留等处罚，相关工作正在进一步开展中。 警方坚决依法打击各类侵害未成年人合法权益的违法犯罪行为，切实保护未成年人的身心健康。 南宁市公安局良庆分局 2024年4月29日 此前据央视新闻报道，日前，网上有视频显示，广西南宁发生一起疑似校园欺凌事件。记者多方采访了解并证实，该视频内容为4月18日南宁三中初中部五象校区学生在校外遭遇的一起欺凌事件。据了解，4月18日下午放学后，南宁三中初中部五象校区的两名学生以归还手机为由，带另一名学生至附近一公园，协同多名外校学生对该学生进行欺凌，并录制手机视频。当地警方和学校已介入调查。 编辑 李忆林子返回搜狐，查看更多 ||| 日前，网上有视频显示，广西南宁发生一起疑似校园欺凌事件。 4月29日，南宁市公安局良庆分局发布情况通报：4月18日，一名初中女生在良庆大道某小区旁，被多人欺负殴打。接到报警后，我分局立即开展调查处理，依法对涉案的8人作出行政拘留等处罚，相关工作正在进一步开展中。 警方坚决依法打击各类侵害未成年人合法权益的违法犯罪行为，切实保护未成年人的身心健康。 ①凡本网注明“来源：福州新闻网”的所有文字、图片和视频，版权均属福州新闻网所有，任何媒体、网站或个人未经本网协议授权不得转载、链接、转贴或以其他方式复制发表。已经被本网协议授权的媒体、网站，在下载使用时必须注明“来源：福州新闻网”，违者本网将依法追究责任。 ②本网未注明“来源：福州新闻网”的文/图等稿件均为转载稿，本网转载出于传递更多信息之目的，并不意味着赞同其观点或证实其内容的真实性。如其他媒体、网站或个人从本网下载使用，必须保留本网注明的“来源”，并自负版权等法律责任。如擅自篡改为“来源：福州新闻网”，本网将依法追究责任。如对文章内容有疑议，请及时与我们联系。 ③ 如本网转载涉及版权等问题，请作者在两周内速来电或来函与福州新闻网联系。 Copyright © 2006 FZNEWS.COM.CN All Rights Reserved 福州新闻网版权所有，未经授权不得转载或建立镜像 闽公网安备 35010202000529号国新办发函",social_media ||| social_media ||| mainstream_news ||| mainstream_news ||| public_web ||| social_media ||| social_media ||| social_media ||| mainstream_news ||| mainstream_news ||| mainstream_news ||| mainstream_news ||| mainstream_news ||| mainstream_news ||| mainstream_news,https://www.toutiao.com/article/7364311323125334580/ ||| https://www.toutiao.com/article/7363503429732074024/ ||| https://news.dayoo.com/society/202404/29/140000_54663434.htm ||| https://www.jiemian.com/article/11122766.html ||| https://m.baike.com/wikiid/7363184811916525603 ||| https://www.toutiao.com/article/7363511261164503578/ ||| https://www.toutiao.com/article/7363839141966135859/ ||| https://m.toutiao.com/article/7363567308901712395/ ||| https://finance.sina.com.cn/jjxw/2024-04-29/doc-inatnyit2869871.shtml ||| https://www.thepaper.cn/newsDetail_forward_27211168 ||| https://m.sohu.com/a/775464778_121123770 ||| https://m.thepaper.cn/newsDetail_forward_27220924 ||| https://news.sina.com.cn/o/2024-04-29/doc-inatpers9551684.shtml ||| https://www.sohu.com/a/775203843_114988 ||| https://news.fznews.com.cn/gngj/20240430/jgA2ilKldH.shtml,12,silver_candidate,standard_review,0.000,low,low_risk,accept,,,,,,受害者遭遇描述符合事件核心事实与视频报道内容，情感负面合理，予以接受。,annotator_A,adjudicated_final,annotator_A
E015,LLM_CANON_E015_001,肥乡区相关部门,高度重视案件并迅速开展侦破，已抓获全部嫌疑人并采取刑事强制措施，全力做好受害人家属安抚与善后工作，同时呼吁公众不信谣不传谣以保护未成年人隐私。,neutral,多篇官方通报及权威媒体报道一致指出，肥乡区官方迅速响应案件，明确通报侦办进展、善后安排，并提示公众理性发声以保护受害人隐私。,SC_E015_001,肥乡区公安机关;肥乡区委员会宣传部;微观肥乡;肥乡区联合工作组,True,,ev-00326;ev-00329;ev-00330;ev-00331;ev-00333;ev-00347;ev-00348,"关闭 邯郸市肥乡区委员会宣传部的官方微信公众号“微观肥乡”17日晚间发布通报：2024年3月10日，邯郸市肥乡区初一学生王某某被杀害。案件发生后，肥乡区高度重视，公安机关立即开展侦破工作。3月11日，涉案犯罪嫌疑人被全部抓获，现已依法采取刑事强制措施。司法机关将对犯罪行为依法予以惩处。案件发生以来，相关部门全力做好受害人家属安抚和善后工作，各方面工作正有序进行。 该案涉及未成年人，为保护受害人隐私，请大家不信谣、不传谣，避免对其家属造成进一步伤害。 ||| 邯郸市肥乡区委员会宣传部的官方微信公众号“微观肥乡”17日晚间发布通报：2024年3月10日，邯郸市肥乡区初一学生王某某被杀害。案件发生后，肥乡区高度重视，公安机关立即开展侦破工作。3月11日，涉案犯罪嫌疑人被全部抓获，现已依法采取刑事强制措施。司法机关将对犯罪行为依法予以惩处。案件发生以来，相关部门全力做好受害人家属安抚和善后工作，各方面工作正有序进行。 该案涉及未成年人，为保护受害人隐私，请大家不信谣、不传谣，避免对其家属造成进一步伤害。 行贿犯罪嫌疑人薛国泉被遣返回国 4月全国查处违反中央八项规定精神问题21889起 人民法庭五年来审结各类案件3400万件 杂交水稻研究取得多项阶段性成果 远离“隐性饥饿”，在家吃饭如何吃得更好 国家禁毒委员会办公室发布通告防范八种化学品流失用于制毒风险 494名实施跨国电信网络诈骗的犯罪嫌疑人从老挝移交我方 红苹果短剧等，被通报 整改见成效，中央生态环保督察发布2地典型案例 越来越甜是打了甜蜜素、无籽是转基因……关于西瓜的这些谣言该... ||| 邯郸市肥乡区委员会宣传部的官方微信公众号“微观肥乡”17日晚间发布通报:2024年3月10日,邯郸市肥乡区初一学生王某某被杀害。案件发生后,肥乡区高度重视,公安机关立即开展侦破工作。3月11日,涉案犯 ||| “微观肥乡”17日发布通报：3月10日，邯郸市肥乡区初一学生王某某被杀害。案件发生后，肥乡区公安机关立即开展侦破工作。3月11日，涉案犯罪嫌疑人被全部抓获，现已依法采取刑事强制措施。司法机关将对犯罪行为依法予以惩处。案件发生以来，相关部门全力做好受害人家属安抚和善后工作，各方面工作正有序进行。 该案涉及未成年人，为保护受害人隐私，请大家不信谣、不传谣，避免对其家属造成进一步伤害。 联系我们 违法和不良信息举报 网站导航 新媒体二维码 陕西司法公众号 法治三秦新浪微博 版权所有：中共陕西省委全面依法治省委员会办公室 办公地址：陕西省西安市雁塔区建工路50号 邮 编：710043 电 话：029-87293279 备 案 号：陕ICP备07000324号-2 ||| 新京报讯 据微观肥乡官微消息，2024年3月10日，邯郸市肥乡区初一学生王某某被杀害。案件发生后，肥乡区高度重视，公安机关立即开展侦破工作。3月11日，涉案犯罪嫌疑人被全部抓获，现已依法采取刑事强制措施。司法机关将对犯罪行为依法予以惩处。案件发生以来，相关部门全力做好受害人家属安抚和善后工作，各方面工作正有序进行。 该案涉及未成年人，为保护受害人隐私，请大家不信谣、不传谣，避免对其家属造成进一步伤害。 肥乡区联合工作组 2024年3月17日 编辑 邓淑红 <% intro %> ||| 近日,邯郸市肥乡区发生了一起令人痛心的案件,一名初中生不幸遇害。肥乡区委员会宣传部通过其官方微信公众号“微观肥乡”于17日晚间发布通报,向公众详细说明了案件的情况及后续处理进展。 通报指出,2024年 ||| 邯郸市肥乡区委员会宣传部的官方微信公众号“微观肥乡”17日晚间发布通报:2024年3月10日,邯郸市肥乡区初一学生王某某被杀害。案件发生后,肥乡区高度重视,公安机关立即开展侦破工作。3月11日,涉案犯",social_media ||| social_media ||| social_media ||| official ||| mainstream_news ||| social_media ||| social_media,https://cn.chinadaily.com.cn/a/202403/18/WS65f78960a3109f7860dd5c49.html ||| http://www.nmgcb.com.cn/shehui/r-280693.html ||| http://news.jcrb.com/jsxw/2024/202403/t20240318_6351946.html ||| http://fzsx.gov.cn/sx/fcsh/80475.htm ||| https://finance.sina.cn/2024-03-17/detail-inanrwwi1956324.d.html ||| https://www.toutiao.com/article/7348283749471158823 ||| https://www.toutiao.com/article/7347351886246281769/,6,silver_candidate,standard_review,0.000,low,low_risk,accept,,,,,,官方通报的侦办进展、善后工作及辟谣呼吁提取准确，事实无误，予以接受。,annotator_A,adjudicated_final,annotator_A
E017,LLM_CANON_E017_001,绍兴市第一中学,发布情况通报，确认教师徐某在课堂上发表不当言论，违反职业行为准则，决定即日起停止其教学工作、调离教学岗位并给予警告处分。,neutral,学校官方通报明确调查结论及处理决定，依据相关准则对涉事教师进行纪律处分。,SC_E017_001,绍兴一中;学校,True,,ev-00403;ev-00404;ev-00405;ev-00406;ev-00407;ev-00408;ev-00409;ev-00411;ev-00412;ev-00423;ev-00425;ev-00436,"电子报 网站地图 当前位置： 京报网首页 > 社会 > 正文 来源： 绍兴市第一中学 2024-05-27 17:35 5月27日，绍兴市第一中学发布情况通报： 5月26日，网传该校一名通用技术教师徐某在课堂上发表与教师形象不符的言论。经调查，该教师存在在课堂上发表不当言论的现象，违反了《新时代中小学教师职业行为十项准则》之第三条有关规定，根据《中小学教师违反职业道德行为处理办法》，经学校党委研究决定，即日起停止该教师教学工作，调离教学岗位，并给予警告处分。 来源：绍兴市第一中学 流程编辑：U032 如遇作品内容、版权等问题，请在相关文章刊发之日起30日内与本网联系。版权侵权联系电话：010-85202353 扫描二维码 下载手机客户端 分享到 未登录 0条 未登录 0条 欢迎下载“北京日报”客户端发表评论 ' + curr.saytext + ' ' + curr.smalltext + ' 热门 图集 第九届中国（日照）新闻摄影周启幕 博物馆日，北展“如是莫高”大展公益开放，迎参观热潮 雨后首钢园，蓝天白云，花开正艳 精品 赏冰乐雪 京彩新春 氢能领航 双碳助力 山水印象 不止青绿 唯有奋发 不负时代 主管：北京日报报业集团主办：京报移动传媒有限公司Copyright ©1996-2026 Beijing Daily Group, All Rights Reserved 互联网 ||| 5月27日，绍兴市第一中学发布情况通报： 5月26日，网传该校一名通用技术教师徐某在课堂上发表与教师形象不符的言论。经调查，该教师存在在课堂上发表不当言论的现象，违反了《新时代中小学教师职业行为十项准则》之第三条有关规定，根据《中小学教师违反职业道德行为处理办法》，经学校党委研究决定，即日起停止该教师教学工作，调离教学岗位，并给予警告处分。 来源：绍兴市第一中学 流程编辑：U032 如遇作品内容、版权等问题，请在相关文章刊发之日起30日内与本网联系。版权侵权联系电话：010-85202353 24小时滚动播报最新的财经资讯和视频，更多粉丝福利扫描二维码关注（sinafinance） 网友提问：@@=value.question$$ 老师回答：@@=value.answer$$ @@=value.title$$ 新浪财经意见反馈留言板 新浪简介|广告服务|About Sina 联系我们|招聘信息|通行证注册 产品答疑|网站律师|SINA English Copyright © 1996-2024 SINA Corporation All Rights Reserved 新浪公司 版权所有 ||| 5月27日，浙江绍兴市第一中学通报，5月26日，网传该校一名通用技术教师徐某在课堂上发表与教师形象不符的言论。经调查，该教师存在在课堂上发表不当言论的现象，违反了《新时代中小学教师职业行为十项准则》之第三条有关规定，根据《中小学教师违反职业道德行为处理办法》，经学校党委研究决定，即日起停止该教师教学工作，调离教学岗位，并给予警告处分。 24小时滚动播报最新的财经资讯和视频，更多粉丝福利扫描二维码关注（sinafinance） 网友提问：@@=value.question$$ 老师回答：@@=value.answer$$ @@=value.title$$ 新浪财经意见反馈留言板 新浪简介|广告服务|About Sina 联系我们|招聘信息|通行证注册 产品答疑|网站律师|SINA English Copyright © 1996-2024 SINA Corporation All Rights Reserved 新浪公司 版权所有 ||| 5月27日，绍兴一中通报课上发表不当言论的教师处理结果，调离教学岗位，并给予警告处分_腾讯新闻 ||| 5月27日，浙江绍兴市第一中学通报：5月26日，网传该校一名通用技术教师徐某在课堂上发表与教师形象不符的言论。经调查，该教师存在在课堂上发表不当言论的现象，违反了《新时代中小学教师职业行为十项准则》之第三条有关规定，根据《中小学教师违反职业道德行为处理办法》，经学校党委研究决定，即日起停止该教师教学工作，调离教学岗位，并给予警告处分。 【此前报道】5月26日，有网友发文举报浙江省绍兴市绍兴一中徐姓教师，在课堂上向女生开黄腔、课间做猥琐动作。其本人予以否认，并表示将“有则加改之无则加勉”。5月27日，绍兴一中一名值班人员表示，有专门人员正在调查。绍兴市教育局工作人员称，已在着手处理，目前已有初步的处理意见了，正在积极处理需要个过程。 ——————————————— 来源：绍兴市第一中学、@百姓关注 编辑：苗亚祥 审核：华丽娟 ||| 用微信扫描二维码 分享至好友和朋友圈 学校通报教师在课堂发表不当言论 绍兴市第一中学于5月27日公布了一则情况通报。通报指出，前一天网络上传出该校一名通用技术教师徐某在授课过程中发表了与其教师身份不相称的言论。经过校方调查，确认该教师确实在课堂上有不当言论的行为，这违反了《新时代中小学教师职业行为十项准则》中的第三条相关规定。基于此违规行为，学校根据《中小学教师违反职业道德行为处理办法》，经由学校党委的研究决定，立即暂停徐某的教学任务，将其调离教学岗位，并处以警告处分。 此次处理彰显了学校对于维护教师队伍职业道德纪律的坚决态度，以及对教学言行规范的重视。学校通报教师在课堂发表不当言论！ 5月27日，绍兴市第一中学通过其官方公众号发布了一则情况通报。通报中指出，在5月26日，该校接到了关于一名通用技术教师徐某的网络举报，称其在课堂上的言论与教师应有形象严重不符 5月27日，浙江绍兴市第一中学发布了一则通报。通报指出，在5月26日，网络上流传关于该校一位通用技术课教师徐某在授课过程中发表了与教师职业形象不相符的言论 5月29日，关于滁河水体污染的问题，联合调查组发布了最新通报。通报指出，滁州市全椒经开区的一家石油助剂公司因仓库火灾，造成部分污染物泄露至滁河，进而导致该河段部分鱼虾死亡 5月6日，太原市公安局万柏林分局收到网友举报，称当地一名网民在网络上发布了大量具有侮辱性和仇视性质的言 ||| 5月27日，绍兴市第一中学发布情况通报：5月26日，网传我校一名通用技术教师徐某在课堂上发表与教师形象不符的言论。经调查，该教师存在在课堂上发表不当言论的现象，违反了《新时代中小学教师职业行为十项准则》之第三条有关规定，根据《中小学教师违反职业道德行为处理办法》，经学校党委研究决定，即日起停止该教师教学工作，调离教学岗位，并给予警告处分。 据北京青年报此前报道，5月26日，有网友发文举报浙江省绍兴市绍兴一中徐姓教师，在课堂上向女生开黄腔、课间做猥琐动作。聊天截图显示，该教师被指在课堂上发表“买车送车模” 、“强奸要好好享受” 等言论，其本人均予以否认，并表示将“有则加改之无则加勉”。 来源：绍兴市第一中学微信公众号 @@=value.title$$ @@=value.author$$ @@=value.title$$ 新浪教育意见反馈留言板 新浪简介|广告服务|About Sina 联系我们|招聘信息|通行证注册 产品答疑|网站律师|SINA English Copyright © 1996-2024 SINA Corporation All Rights Reserved 新浪公司 版权所有 ||| 用微信扫码二维码 分享至好友和朋友圈 来源 | 微泰州微信公众号（wtz0523） 编校 | 刘婉儿 审核 | 陈宁 马响响 5月27日 浙江绍兴市第一中学通报 5月26日，有消息称该校一名通用技术教师徐某在课堂上发表与教师形象不符的言论。经调查，该教师存在在课堂上发表不当言论的现象，违反了《新时代中小学教师职业行为十项准则》之第三条有关规定，根据《中小学教师违反职业道德行为处理办法》，经学校党委研究决定，即日起停止该教师教学工作，调离教学岗位，并给予警告处分。 据报道，5月26日，有网友发文举报浙江省绍兴市绍兴一中徐姓教师，在课堂上向女生开黄腔、做猥琐动作。 5月27日，绍兴一中一名值班人员表示，有专门人员正在调查。绍兴市教育局工作人员称，已在着手处理，目前已有初步的处理意见了，正在积极处理需要个过程。 特别声明：以上内容(如有图片或视频亦包括在内)为自媒体平台“网易号”用户上传并发布，本平台仅提供信息存储服务。 Notice: The content above (including the pictures and videos if any) is uploaded and posted by a user of NetEase Hao, which is a social media platform and only provides information stora ||| 用微信扫码二维码 分享至好友和朋友圈 5月27日，浙江绍兴市第一中学通报：5月26日，网传该校一名通用技术教师徐某在课堂上发表与教师形象不符的言论。经调查，该教师存在在课堂上发表不当言论的现象，违反了《新时代中小学教师职业行为十项准则》之第三条有关规定，根据《中小学教师违反职业道德行为处理办法》，经学校党委研究决定，即日起停止该教师教学工作，调离教学岗位，并给予警告处分。 据报道，5月26日，有网友发文举报浙江省绍兴市绍兴一中徐姓教师，在课堂上向女生开黄腔、做猥琐动作。 5月27日，绍兴一中一名值班人员表示，有专门人员正在调查。绍兴市教育局工作人员称，已在着手处理，目前已有初步的处理意见了，正在积极处理需要个过程。 来源： 绍兴市第一中学、@百姓关注、大皖新闻 本文中图片、文字、音视频等版权归原作者所有 如有违规侵权请联系我们，我们会第一时间处理 特别声明：以上内容(如有图片或视频亦包括在内)为自媒体平台“网易号”用户上传并发布，本平台仅提供信息存储服务。 Notice: The content above (including the pictures and videos if any) is uploaded and posted by a user of NetEase Hao, which is a social media platform and only provi ||| 近日,浙江绍兴市第一中学发生了一起教师不当言论事件,引起了社会广泛关注。据通报,该校一名通用技术教师在课堂上发表了与教师形象不符的言论,经调查确认后,学校党委决定立即停止该教师的教学工作,并调离教学岗 ||| 近日，绍兴市一名中学教师因在课堂上发表不当言论引发关注。事发后，绍兴市第一中学调查后发布情况通报，对其进行处分，停止教学工作，调离教学岗位，给予警告处分。 5月27日，绍兴市第一中学发布情况通报显示，网传该校一名通用技术教师徐某在课堂上发表与教师形象不符的言论。经调查，该教师存在在课堂上发表不当言论的现象，违反了《新时代中小学教师职业行为十项准则》之第三条有关规定，根据《中小学教师违反职业道德行为处理办法》，经学校党委研究决定，即日起停止该教师教学工作，调离教学岗位，并给予警告处分。 据媒体此前报道，近日，有网友发文举报浙江省绍兴市绍兴一中徐姓教师，举报该教师在课堂上向女生开黄腔、课间做猥琐动作等。举报的相关聊天截图显示，该教师被指在课堂上发表不当言论，其本人均予以否认，并表示将“有则加改之无则加勉”。 记者从教育部官方网站查询到《新时代中小学教师职业行为十项准则》全文。记者注意到，准则第二条、第三条明确表示，教师要自觉爱国守法，不得损害国家利益、社会公共利益，或违背社会公序良俗。教师要传播优秀文化。带头践行社会主义核心价值观，弘扬真善美，传递正能量；不得通过课堂、论坛、讲座、信息网络及其他渠道发表、转发错误观点，或编造散布虚假信息、不良信息。另外，第七条规定，教师要坚持言行雅正。为人师表，以身作则，举止文明，作风正派，自重自爱；不得与学生发生任何不正当关系，严禁任何形式的猥亵、性 ||| 用微信扫码二维码 分享至好友和朋友圈 来源：绍兴市第一中学微信公众号 版权归原作者所有，如有侵权请及时联系 5月27日，绍兴市第一中学发布情况通报：5月26日，网传我校一名通用技术教师徐某在课堂上发表与教师形象不符的言论。经调查，该教师存在在课堂上发表不当言论的现象，违反了《新时代中小学教师职业行为十项准则》之第三条有关规定，根据《中小学教师违反职业道德行为处理办法》，经学校党委研究决定，即日起停止该教师教学工作，调离教学岗位，并给予警告处分。 看完新闻， 来听一听气象天天的《天气关键词》 更多精彩视频 关注FM93交通之声视频号 已阅 特别声明：以上内容(如有图片或视频亦包括在内)为自媒体平台“网易号”用户上传并发布，本平台仅提供信息存储服务。 Notice: The content above (including the pictures and videos if any) is uploaded and posted by a user of NetEase Hao, which is a social media platform and only provides information storage services. 上游新闻 2026-05-25 14:46:47 中国新闻周刊 2026-05-24 23:46:09 中国新闻周刊 2026-05-25 07:",public_web ||| mainstream_news ||| mainstream_news ||| mainstream_news ||| mainstream_news ||| mainstream_news ||| mainstream_news ||| social_media ||| social_media ||| social_media ||| mainstream_news ||| social_media,https://news.bjd.com.cn/2024/05/27/10786174.shtml ||| https://finance.sina.com.cn/jjxw/2024-05-27/doc-inawsinm3772277.shtml ||| https://finance.sina.com.cn/jjxw/2024-05-27/doc-inawsins2436071.shtml ||| https://new.qq.com/rain/a/20240528V01KP000?media_id=&suid= ||| https://m.sohu.com/a/781913749_121434698/?pvid=000115_3w_a ||| https://news.china.com/socialgd/10000169/20240527/46600089.html ||| https://edu.sina.com.cn/zxx/2024-05-28/doc-inawustw1861399.shtml ||| https://www.163.com/dy/article/J39UU06S05453LIT.html ||| https://www.163.com/dy/article/J37P9S3J0514DTS9.html ||| https://www.toutiao.com/article/7373666358124413476/ ||| https://m.thepaper.cn/newsDetail_forward_27534592 ||| https://www.163.com/dy/article/J38TUVBF05149FJ6.html,9,silver_candidate,standard_review,0.000,low,low_risk,accept,,,,,,学校通报的处理决定与依据准确无误，情感中性合理，予以接受。,annotator_A,adjudicated_final,annotator_A
E017,LLM_CANON_E017_003,网友/举报人,发文举报该教师在课堂上向女生开黄腔、课间做猥琐动作，引发网络关注与投诉。,negative,网络举报内容直接触发事件发酵，指控教师存在严重违背师德的言行。,SC_E017_003,爆料网友;网络举报者,True,,ev-00407;ev-00409;ev-00411;ev-00412;ev-00425,"5月27日，浙江绍兴市第一中学通报：5月26日，网传该校一名通用技术教师徐某在课堂上发表与教师形象不符的言论。经调查，该教师存在在课堂上发表不当言论的现象，违反了《新时代中小学教师职业行为十项准则》之第三条有关规定，根据《中小学教师违反职业道德行为处理办法》，经学校党委研究决定，即日起停止该教师教学工作，调离教学岗位，并给予警告处分。 【此前报道】5月26日，有网友发文举报浙江省绍兴市绍兴一中徐姓教师，在课堂上向女生开黄腔、课间做猥琐动作。其本人予以否认，并表示将“有则加改之无则加勉”。5月27日，绍兴一中一名值班人员表示，有专门人员正在调查。绍兴市教育局工作人员称，已在着手处理，目前已有初步的处理意见了，正在积极处理需要个过程。 ——————————————— 来源：绍兴市第一中学、@百姓关注 编辑：苗亚祥 审核：华丽娟 ||| 5月27日，绍兴市第一中学发布情况通报：5月26日，网传我校一名通用技术教师徐某在课堂上发表与教师形象不符的言论。经调查，该教师存在在课堂上发表不当言论的现象，违反了《新时代中小学教师职业行为十项准则》之第三条有关规定，根据《中小学教师违反职业道德行为处理办法》，经学校党委研究决定，即日起停止该教师教学工作，调离教学岗位，并给予警告处分。 据北京青年报此前报道，5月26日，有网友发文举报浙江省绍兴市绍兴一中徐姓教师，在课堂上向女生开黄腔、课间做猥琐动作。聊天截图显示，该教师被指在课堂上发表“买车送车模” 、“强奸要好好享受” 等言论，其本人均予以否认，并表示将“有则加改之无则加勉”。 来源：绍兴市第一中学微信公众号 @@=value.title$$ @@=value.author$$ @@=value.title$$ 新浪教育意见反馈留言板 新浪简介|广告服务|About Sina 联系我们|招聘信息|通行证注册 产品答疑|网站律师|SINA English Copyright © 1996-2024 SINA Corporation All Rights Reserved 新浪公司 版权所有 ||| 用微信扫码二维码 分享至好友和朋友圈 来源 | 微泰州微信公众号（wtz0523） 编校 | 刘婉儿 审核 | 陈宁 马响响 5月27日 浙江绍兴市第一中学通报 5月26日，有消息称该校一名通用技术教师徐某在课堂上发表与教师形象不符的言论。经调查，该教师存在在课堂上发表不当言论的现象，违反了《新时代中小学教师职业行为十项准则》之第三条有关规定，根据《中小学教师违反职业道德行为处理办法》，经学校党委研究决定，即日起停止该教师教学工作，调离教学岗位，并给予警告处分。 据报道，5月26日，有网友发文举报浙江省绍兴市绍兴一中徐姓教师，在课堂上向女生开黄腔、做猥琐动作。 5月27日，绍兴一中一名值班人员表示，有专门人员正在调查。绍兴市教育局工作人员称，已在着手处理，目前已有初步的处理意见了，正在积极处理需要个过程。 特别声明：以上内容(如有图片或视频亦包括在内)为自媒体平台“网易号”用户上传并发布，本平台仅提供信息存储服务。 Notice: The content above (including the pictures and videos if any) is uploaded and posted by a user of NetEase Hao, which is a social media platform and only provides information stora ||| 用微信扫码二维码 分享至好友和朋友圈 5月27日，浙江绍兴市第一中学通报：5月26日，网传该校一名通用技术教师徐某在课堂上发表与教师形象不符的言论。经调查，该教师存在在课堂上发表不当言论的现象，违反了《新时代中小学教师职业行为十项准则》之第三条有关规定，根据《中小学教师违反职业道德行为处理办法》，经学校党委研究决定，即日起停止该教师教学工作，调离教学岗位，并给予警告处分。 据报道，5月26日，有网友发文举报浙江省绍兴市绍兴一中徐姓教师，在课堂上向女生开黄腔、做猥琐动作。 5月27日，绍兴一中一名值班人员表示，有专门人员正在调查。绍兴市教育局工作人员称，已在着手处理，目前已有初步的处理意见了，正在积极处理需要个过程。 来源： 绍兴市第一中学、@百姓关注、大皖新闻 本文中图片、文字、音视频等版权归原作者所有 如有违规侵权请联系我们，我们会第一时间处理 特别声明：以上内容(如有图片或视频亦包括在内)为自媒体平台“网易号”用户上传并发布，本平台仅提供信息存储服务。 Notice: The content above (including the pictures and videos if any) is uploaded and posted by a user of NetEase Hao, which is a social media platform and only provi ||| 近日，绍兴市一名中学教师因在课堂上发表不当言论引发关注。事发后，绍兴市第一中学调查后发布情况通报，对其进行处分，停止教学工作，调离教学岗位，给予警告处分。 5月27日，绍兴市第一中学发布情况通报显示，网传该校一名通用技术教师徐某在课堂上发表与教师形象不符的言论。经调查，该教师存在在课堂上发表不当言论的现象，违反了《新时代中小学教师职业行为十项准则》之第三条有关规定，根据《中小学教师违反职业道德行为处理办法》，经学校党委研究决定，即日起停止该教师教学工作，调离教学岗位，并给予警告处分。 据媒体此前报道，近日，有网友发文举报浙江省绍兴市绍兴一中徐姓教师，举报该教师在课堂上向女生开黄腔、课间做猥琐动作等。举报的相关聊天截图显示，该教师被指在课堂上发表不当言论，其本人均予以否认，并表示将“有则加改之无则加勉”。 记者从教育部官方网站查询到《新时代中小学教师职业行为十项准则》全文。记者注意到，准则第二条、第三条明确表示，教师要自觉爱国守法，不得损害国家利益、社会公共利益，或违背社会公序良俗。教师要传播优秀文化。带头践行社会主义核心价值观，弘扬真善美，传递正能量；不得通过课堂、论坛、讲座、信息网络及其他渠道发表、转发错误观点，或编造散布虚假信息、不良信息。另外，第七条规定，教师要坚持言行雅正。为人师表，以身作则，举止文明，作风正派，自重自爱；不得与学生发生任何不正当关系，严禁任何形式的猥亵、性",mainstream_news ||| mainstream_news ||| social_media ||| social_media ||| mainstream_news,https://m.sohu.com/a/781913749_121434698/?pvid=000115_3w_a ||| https://edu.sina.com.cn/zxx/2024-05-28/doc-inawustw1861399.shtml ||| https://www.163.com/dy/article/J39UU06S05453LIT.html ||| https://www.163.com/dy/article/J37P9S3J0514DTS9.html ||| https://m.thepaper.cn/newsDetail_forward_27534592,4,silver_candidate,standard_review,0.000,low,low_risk,accept,,,,,,网友举报内容直接触发事件，描述与证据一致，情感负面合理，予以接受。,annotator_A,adjudicated_final,annotator_A
E017,LLM_CANON_E017_004,绍兴市教育局,表示已着手处理该事件，已有初步处理意见，正在积极处理中。,neutral,教育局工作人员回应媒体称事件已进入处理流程，并已有初步意见。,SC_E017_004,市教育局,True,,ev-00407;ev-00411;ev-00412,"5月27日，浙江绍兴市第一中学通报：5月26日，网传该校一名通用技术教师徐某在课堂上发表与教师形象不符的言论。经调查，该教师存在在课堂上发表不当言论的现象，违反了《新时代中小学教师职业行为十项准则》之第三条有关规定，根据《中小学教师违反职业道德行为处理办法》，经学校党委研究决定，即日起停止该教师教学工作，调离教学岗位，并给予警告处分。 【此前报道】5月26日，有网友发文举报浙江省绍兴市绍兴一中徐姓教师，在课堂上向女生开黄腔、课间做猥琐动作。其本人予以否认，并表示将“有则加改之无则加勉”。5月27日，绍兴一中一名值班人员表示，有专门人员正在调查。绍兴市教育局工作人员称，已在着手处理，目前已有初步的处理意见了，正在积极处理需要个过程。 ——————————————— 来源：绍兴市第一中学、@百姓关注 编辑：苗亚祥 审核：华丽娟 ||| 用微信扫码二维码 分享至好友和朋友圈 来源 | 微泰州微信公众号（wtz0523） 编校 | 刘婉儿 审核 | 陈宁 马响响 5月27日 浙江绍兴市第一中学通报 5月26日，有消息称该校一名通用技术教师徐某在课堂上发表与教师形象不符的言论。经调查，该教师存在在课堂上发表不当言论的现象，违反了《新时代中小学教师职业行为十项准则》之第三条有关规定，根据《中小学教师违反职业道德行为处理办法》，经学校党委研究决定，即日起停止该教师教学工作，调离教学岗位，并给予警告处分。 据报道，5月26日，有网友发文举报浙江省绍兴市绍兴一中徐姓教师，在课堂上向女生开黄腔、做猥琐动作。 5月27日，绍兴一中一名值班人员表示，有专门人员正在调查。绍兴市教育局工作人员称，已在着手处理，目前已有初步的处理意见了，正在积极处理需要个过程。 特别声明：以上内容(如有图片或视频亦包括在内)为自媒体平台“网易号”用户上传并发布，本平台仅提供信息存储服务。 Notice: The content above (including the pictures and videos if any) is uploaded and posted by a user of NetEase Hao, which is a social media platform and only provides information stora ||| 用微信扫码二维码 分享至好友和朋友圈 5月27日，浙江绍兴市第一中学通报：5月26日，网传该校一名通用技术教师徐某在课堂上发表与教师形象不符的言论。经调查，该教师存在在课堂上发表不当言论的现象，违反了《新时代中小学教师职业行为十项准则》之第三条有关规定，根据《中小学教师违反职业道德行为处理办法》，经学校党委研究决定，即日起停止该教师教学工作，调离教学岗位，并给予警告处分。 据报道，5月26日，有网友发文举报浙江省绍兴市绍兴一中徐姓教师，在课堂上向女生开黄腔、做猥琐动作。 5月27日，绍兴一中一名值班人员表示，有专门人员正在调查。绍兴市教育局工作人员称，已在着手处理，目前已有初步的处理意见了，正在积极处理需要个过程。 来源： 绍兴市第一中学、@百姓关注、大皖新闻 本文中图片、文字、音视频等版权归原作者所有 如有违规侵权请联系我们，我们会第一时间处理 特别声明：以上内容(如有图片或视频亦包括在内)为自媒体平台“网易号”用户上传并发布，本平台仅提供信息存储服务。 Notice: The content above (including the pictures and videos if any) is uploaded and posted by a user of NetEase Hao, which is a social media platform and only provi",mainstream_news ||| social_media ||| social_media,https://m.sohu.com/a/781913749_121434698/?pvid=000115_3w_a ||| https://www.163.com/dy/article/J39UU06S05453LIT.html ||| https://www.163.com/dy/article/J37P9S3J0514DTS9.html,2,silver_candidate,standard_review,0.000,low,low_risk,accept,,,,,,教育局回应内容在证据中有明确记载，表述客观准确，予以接受。,annotator_A,adjudicated_final,annotator_A
E019,LLM_CANON_E019_001,家长/消费者,要求全额退还预付的上万元课时费，对门店突然闭店且无通知表示强烈不满，并积极组织抱团维权与平台投诉。,negative,多份证据显示家长在门店突然停业后无法上课且退费无门，普遍反映预付款损失严重，并通过组建维权群、黑猫投诉等渠道要求退款。,SC_E019_001,家长;消费者;会员家长;维权家长,True,,ev-00458;ev-00459;ev-00460;ev-01673;ev-01677;ev-01678;ev-01680;ev-01682;ev-01689,"安装新浪财经客户端第一时间接收最全面的市场资讯→【下载地址】 近日，美吉姆北京多家分店被曝关店停业，家长上万元课时费无处可退。2023年12月31日，美吉姆（中国）总部发布声明称，目前美吉姆（中国）仍然积极寻求各种措施支持加盟中心继续经营，并督促闭店、并店的美吉姆加盟中心妥善处理会员未消课时及员工安置补偿事宜，避免发生连锁效应。同时，已经成立了专项工作小组，配合各政府部门，共同协助加盟中心做好员工、会员家长的沟通与疏导。 据了解，北京美吉姆西直门、常营、昌平悦荟、清河万象汇、望京等多家门店暂停营业，为此，家长纷纷抱团维权。2023年12月26日，孩子家长反映，北京姚家园万象汇中心美吉姆店，前一天还在热热闹闹举办活动，第二天也就是26号就闭店了。不仅闭店毫无征兆，他们买的上万元课时费更是无处可退。 有消费者表示，美吉姆北京西直门凯德茂店也于12月26号突然关店，且数月未发员工工资社保，现在至少200个孩子无法上课，家长预付款至少200万，要求退款各种推诿扯皮。 还有家长曝光称，晚上六点还是“宝宝家长元旦愉快”，到了十点就变成“快来一起要钱”。 2023年12月31日，美吉姆（中国）总部发布声明称，美吉姆（中国）对北京地区部分美吉姆加盟中心近日闭店、并店事宜表示高度关注和重视。美吉姆（中国）与北京地区美吉姆加盟中心系授权合作关系，各加盟中心为独立经营主体，美吉姆（中国）为其提供品牌授权 ||| 用微信扫码二维码 分享至好友和朋友圈 刘昆说，这一年来，他一直在关注美吉姆各地的经营情况。今年上半年，在成都、上海等地曝出关停消息后，他也曾担心过自家孩子报名门店的经营情况，也想过是否有必要提早做准备。但当时也有家长提到，北京门店多作为直营店，“应该不会受到影响”。 然而，直到美吉姆常营华联中心关门，他也没有收到任何通知，截至目前，还有部分家长依然蒙在鼓里。 美吉姆北京多家门店关停的消息也影响了尚在营业的门店。12月28日，美吉姆凯德晶品中心店工作人员称，他们的门店经营正常，但也接到一些家长的咨询电话，甚至咨询退课的情况。 海淀一家加盟分店的员工表示，他们门店目前还有2000多名会员，目前也频繁收到咨询电话，“都是怕跑路，搞得我们也很头疼。” 上述两家门店员工均表示，如果想要将关闭门店的课程转过来，需要相关门店人员出面，与他们进行协调处理，“把课时费转给我们就行，但如果他们连员工的社保都无法缴纳，估计很难实现。” 家长希望尽早拿回剩余课时费 按照告知书的消息，美吉姆常营华联中心将同市场监管局、派出各方进行协商并制定后续会员的处理方案，但截至28日下午16时，该门店尚无结果反馈。部分家长还表示，他们给孩子预约的固定课，即便因关停无法上课，课时依然在消耗。 而姚家园万象汇分店家长提供的消息显示，海淀区公安分局等对美吉姆品牌投资人进行了当面询问。美吉姆股东代表表示，本周内将公示信息及有效 ||| 用微信扫码二维码 分享至好友和朋友圈 近期 有网友爆称 北京美吉姆早教机构要跑路 线下多家门店已关闭 北京西直门 望京凯德 姚家园万象汇 周二一大早收到姚家园万象汇美吉姆闭店消息，准确的说，是看到排课的朋友圈，甚至连一句沟通都没有。有没有一起的家长，这该怎么办，剩余的课时就打水漂了嘛？ 截至今日发稿前，据某点评网，美吉姆望京凯德中心、清河万象汇门店显示暂停营业： 此前爆料 美吉姆拖欠员工工资 我前段时间在美吉姆离职了，原因是拖欠11月份工资。我之前在前台工作，知道一些套路。 如果有家长想报美吉姆一定要慎重，因为退费几乎是不可能的。之前有一个家长在10月份办的退费，一节课没有上，正常7天内没上课提出退费申请是可以立即办理退费的。但是由于今年冬天美吉姆不景气和北京市里美吉姆的投资人消失，所以11月份就停止所有的退费，恢复好的话可能明天三月会继续退费。但是恢复的好不好就不好说了。 我在的美吉姆现在是这样的，有课上但是能上的课及时间段不多，随时可能换班停课。店长说如果12月份消课不好的话，考虑1.2月份停课歇业，这样可以节省成本。这还有没有之后就不好说了。 我看这个情形就不好了加上10月工资分了两波给的，11月份工资至今没发，且我问过店长确切时间，店长的回复是没法给我保证，我们只能给投资人施压，我不知道这是店长给他不能给我发工资的借口还是真的。所以我就只能如图所示了。 美吉姆最新回应 会妥 ||| 紧！急！提！醒！ 近日，被称为“早教第一股”的美吉姆 5家在京门店同时关门！ 4月1日， 北京方庄美吉姆，亦庄龙湖美吉姆， 金源居然之家美吉姆，蓝色港湾美吉姆， 大兴宜家中心美吉姆 发布官方公告宣布正式停业！ 公告中只提到后续转课事宜， 公司会派专门的工作人员来处理 如何退费是一点没提！ 不少家长说： “昨天老师还问我这周上不上课呢！” “还剩80多节课没上呢！” “上周还去问了上课安排， 谁知道就没有然后了！” “我最近刚去试听了美吉姆！” 👇👇👇 还有不少家长加入了维权群 想着人多力量大 看能不能把钱要回来！ 👇👇👇 但很多有类似经验的网友表示： 运气好能退回一半 运气不好， 就甭想无法退费维权了！ 👇👇👇 此次美吉姆暴雷的多家门店 还有不少员工被拖欠着 工资、社保、公积金 同样是维权无门！ 👇👇👇 据大众点评实时门店信息显示 除去此次暴雷的几家门店 目前北京还有多家美吉姆门店正在营业！ 👇👇👇 美吉姆全国多地深陷“关店潮” 其实早在去年 美吉姆就关闭了 在京的多家校区！ 北京西直门 望京凯德 姚家园万象汇 从2023年年初开始 全国各地爆出了大量美吉姆门店关闭的消息 不少学生家长反映出现退费困难 强制转课等情况 甚至有部分门店直接卷款跑路了！ 财报数据显示 2019年—2021年 美吉姆签约早教中心的数量分别为 524家、545家、562家 然而到了2023年上半年仅剩下40 ||| 机构未安排人员联系对接 微信联系也不回复 已隐藏内容 已分配商家 美吉姆国际儿童发展 2020年10月付费24800报了120+12节课，课程过程中约课多次约不到+老师也随意调动，影响了我们正常使用。现在涉及退费使用了43节课剩余77节课，美吉姆只肯退还30%的费用，当初定课本人有就合同内容提出疑问，销售承诺合同内容都好商量，例如课程没使用期限迟到缺课都可以商量不会像合同签订的那样扣课。作为消费者被蒙骗签订了合同，后续的确缺课都补了，也回复我课程没有使用期限，那默认合同只是形式主义。但是涉及退费却说不可以要按合同来，感觉收到了欺骗。联系美吉姆一直推脱，又说对接人员换了人不清楚。本人要举报美吉姆早教老师无证上岗，无证经营培训机构，合同欺骗，无故拒绝维权。 声明： 1.以上内容仅代表投诉者本人，不代表黑猫投诉立场。 2.未经授权，本平台案例禁止任何转载，违者将被追究法律责任。 3.黑猫投诉处理投诉不收取任何费用，凡以黑猫投诉名义收费的均为冒充、欺骗行为，请及时报警并与黑猫官方反馈。举报邮箱 heimaotousu@vip.sina.com。 4.请大家选择官方渠道解决消费纠纷，不要轻信第三方机构或个人办理退费以免受骗。请不要随意通过QQ或微信等方式添加陌生人，更不要给陌生人汇款，谨防被骗，如遇诈骗请及时报警。 《文明诚信投诉公约》 24小时有效投诉26411 累计有效投诉3578869 ||| 距离商家最新回复已经30个自然日，期间用户未做进一步操作，系统已自动变更为“已完成”状态。如对企业处理结果有异议，可重新发起投诉。 已将客户的反馈情况告知中心相关负责人，谢谢 门店为美吉姆回龙观店 您好，请补充门店详细信息。 已分配商家 美吉姆国际儿童发展 美吉姆近期因业绩不好，想低成本运营。目前处于关店的情况，导致我们不能正常上课。故提出退费，店员已有效期到期为借口，不予退费。特向本平台投诉，保护个人权益。 声明： 1.以上内容仅代表投诉者本人，不代表黑猫投诉立场。 2.未经授权，本平台案例禁止任何转载，违者将被追究法律责任。 3.黑猫投诉处理投诉不收取任何费用，凡以黑猫投诉名义收费的均为冒充、欺骗行为，请及时报警并与黑猫官方反馈。举报邮箱 heimaotousu@vip.sina.com。 4.请大家选择官方渠道解决消费纠纷，不要轻信第三方机构或个人办理退费以免受骗。请不要随意通过QQ或微信等方式添加陌生人，更不要给陌生人汇款，谨防被骗，如遇诈骗请及时报警。 《文明诚信投诉公约》 24小时有效投诉26411 累计有效投诉35788690 关注官方微博 扫码关注微信 广东站|浙江站|上海站|陕西站|广西站 吉林站|江苏站|湖南站|安徽站|黑龙江站 河南站|江西站|天津站|重庆站|海南站 辽宁站|湖北站|河北站|四川站|福建站 重要提示 Copyright©1996-2025 SI ||| 12月26日,早教机构美吉姆北京多家分店被曝关店停业,涉及常营华联中心店、昌平悦荟、清河万象汇、望京等店。不少家长表示,先前曾为孩子报了长期课程,预付费用多在上万元,关停之后,孩子无法正常上课,剩余的 ||| 用微信扫码二维码 分享至好友和朋友圈 各位亲： 近日，不少网友爆料：美吉姆早教机构多家线下门店突然关闭，家长们纷纷收到闭店信息。 昌平悦荟中心店、龙德广场店： 西直门中心： 美吉姆田村京粮广场店： 清河万象汇店已显示暂停营业： 美吉姆姚家园万象汇分店家长收到的告家长书。 望京凯德中心也有家长发文爆料。 有网友在得知消息后，专门去现场确认。 小编发现，在11月29日，财富中心美吉姆还要求家长转课到姚家园店，昨天姚家园店就发出了闭店通知。 截至发稿时为止，据某点评网，美吉姆清河万象汇门店、望京凯德中心、姚家园万象汇中心均显示暂停营业： 其他地区不少家长表示刚续费，刚买了20000元的课包；还有家长只上了六节课，还剩100多节课，在震惊之余，不知道该怎么挽回损失。 其他区家长们在积极想办法维权，希望可以得到妥善解决。小编也会持续关注后续进展，同时也提醒邻居们，购买机构课程尽量不要购买大课包，以避免不必要的损失。 最新相关消息 23年12月28日，美吉姆清河万象汇门店发布公告，宣布于23年12月26日停止运营，并提供2种解决方案： 方案一：转美吉姆同城中心。 方案二：转就近的其他合作品牌课程 以上方案于2024年1月15日前通过中心排课微信将详细转科方案发给所有会员家长，并开始办理相关转科手续。 美吉姆最新回应 会妥善处理补偿事宜 美吉姆现已成立专项工作小组，与员工、家长进行沟通与疏导，妥 ||| 来源：DONEWS 2023年12月26日，美吉姆北京多家分店被曝关店停业。有孩子家长反映，北京姚家园万象汇中心美吉姆店，前一天还在热热闹闹举办活动，第二天也就是26号就闭店了。不仅闭店毫无征兆，他们买的上万元课时费更是无处可退。 免责声明：本网站内容主要来自原创、合作伙伴供稿和第三方自媒体作者投稿，凡在本网站出现的信息，均仅供参考。本网站将尽力确保所提供信息的准确性及可靠性，但不保证有关资料的准确性及可靠性，读者在使用前请进一步核实，并对任何自主决定的行为负责。本网站对有关资料所引致的错误、不确或遗漏，概不负任何法律责任。任何单位或个人认为本网站中的网页或链接内容可能涉嫌侵犯其知识产权或存在不实内容时，应及时向本网站提出书面权利通知或不实情况说明，并提供身份证明、权属证明及详细侵权或不实情况证明。本网站在收到上述法律文件后，将会依法尽快联系相关文章源头核实，沟通删除相关内容或断开相关链接。",mainstream_news ||| mainstream_news ||| social_media ||| mainstream_news ||| social_media ||| social_media ||| social_media ||| social_media ||| public_web,https://finance.sina.com.cn/chanjing/wddc/2024-01-04/doc-inaaimzf6347381.shtml ||| https://sd.china.com/shangye/20000940/20231231/25830498_2.html ||| https://www.163.com/dy/article/INA95DAD0552233K.html ||| https://www.sohu.com/a/769106343_121123811 ||| https://tousu.sina.cn/complaint/view/17357455739 ||| https://tousu.sina.cn/complaint/view/17371203660/ ||| https://www.toutiao.com/article/7318272005051236904/ ||| https://www.163.com/dy/article/INKRN4VA0552UKTC.html ||| https://news.fromgeek.com/latest/145412.html,7,silver_candidate,standard_review,0.000,low,low_risk,accept,,,,,,证据充分支持家长维权诉求与负面情绪，语义准确，予以接受。,annotator_A,adjudicated_final,annotator_A
E019,LLM_CANON_E019_002,美吉姆北京闭店门店/加盟商,因经营困难、拖欠租金与员工薪资社保而被迫停业，部分门店尝试协调转课或与监管部门协商，但多数处于失联或推诿状态。,negative,证据表明闭店门店普遍面临资金链断裂，无法支付房租和工资，部分发布闭店公告或尝试安排转课，但整体应对消极且沟通不畅。,SC_E019_002,美吉姆北京门店;加盟中心;常营华联中心;西直门店;门店负责人,True,,ev-00458;ev-00459;ev-01676;ev-01682,安装新浪财经客户端第一时间接收最全面的市场资讯→【下载地址】 近日，美吉姆北京多家分店被曝关店停业，家长上万元课时费无处可退。2023年12月31日，美吉姆（中国）总部发布声明称，目前美吉姆（中国）仍然积极寻求各种措施支持加盟中心继续经营，并督促闭店、并店的美吉姆加盟中心妥善处理会员未消课时及员工安置补偿事宜，避免发生连锁效应。同时，已经成立了专项工作小组，配合各政府部门，共同协助加盟中心做好员工、会员家长的沟通与疏导。 据了解，北京美吉姆西直门、常营、昌平悦荟、清河万象汇、望京等多家门店暂停营业，为此，家长纷纷抱团维权。2023年12月26日，孩子家长反映，北京姚家园万象汇中心美吉姆店，前一天还在热热闹闹举办活动，第二天也就是26号就闭店了。不仅闭店毫无征兆，他们买的上万元课时费更是无处可退。 有消费者表示，美吉姆北京西直门凯德茂店也于12月26号突然关店，且数月未发员工工资社保，现在至少200个孩子无法上课，家长预付款至少200万，要求退款各种推诿扯皮。 还有家长曝光称，晚上六点还是“宝宝家长元旦愉快”，到了十点就变成“快来一起要钱”。 2023年12月31日，美吉姆（中国）总部发布声明称，美吉姆（中国）对北京地区部分美吉姆加盟中心近日闭店、并店事宜表示高度关注和重视。美吉姆（中国）与北京地区美吉姆加盟中心系授权合作关系，各加盟中心为独立经营主体，美吉姆（中国）为其提供品牌授权 ||| 用微信扫码二维码 分享至好友和朋友圈 刘昆说，这一年来，他一直在关注美吉姆各地的经营情况。今年上半年，在成都、上海等地曝出关停消息后，他也曾担心过自家孩子报名门店的经营情况，也想过是否有必要提早做准备。但当时也有家长提到，北京门店多作为直营店，“应该不会受到影响”。 然而，直到美吉姆常营华联中心关门，他也没有收到任何通知，截至目前，还有部分家长依然蒙在鼓里。 美吉姆北京多家门店关停的消息也影响了尚在营业的门店。12月28日，美吉姆凯德晶品中心店工作人员称，他们的门店经营正常，但也接到一些家长的咨询电话，甚至咨询退课的情况。 海淀一家加盟分店的员工表示，他们门店目前还有2000多名会员，目前也频繁收到咨询电话，“都是怕跑路，搞得我们也很头疼。” 上述两家门店员工均表示，如果想要将关闭门店的课程转过来，需要相关门店人员出面，与他们进行协调处理，“把课时费转给我们就行，但如果他们连员工的社保都无法缴纳，估计很难实现。” 家长希望尽早拿回剩余课时费 按照告知书的消息，美吉姆常营华联中心将同市场监管局、派出各方进行协商并制定后续会员的处理方案，但截至28日下午16时，该门店尚无结果反馈。部分家长还表示，他们给孩子预约的固定课，即便因关停无法上课，课时依然在消耗。 而姚家园万象汇分店家长提供的消息显示，海淀区公安分局等对美吉姆品牌投资人进行了当面询问。美吉姆股东代表表示，本周内将公示信息及有效 ||| 用微信扫码二维码 分享至好友和朋友圈 美吉姆常营华联中心称，鉴于现阶段公司经营中遇到的诸多问题，他们向上市公司美吉姆提出借钱周转进行救助的需求，但多次沟通无果，被上市公司以无法扶持为由拒绝。由于实在无以为继，无法支付房租和员工工资、社保，故门店停止授课服务。经多方沟通，美吉姆常营华联门店投资人将于12月28日(本周四)，同市场监管局、派出所等各方进行协商并制定后续会员的处理方案。12月29日(本周五)，会安排相应工作人员逐一联系会员办理后续的转课事宜。 “我们联系不上美吉姆的官方人员，也不清楚接下来会怎么处理”，刘昆提供的一份由北京海融兴达商业管理有限公司发布的公告显示，美吉姆常营华联中心自2023年4月1日起拖欠其承租保证金、固定租金等费用73万余元，因此提醒顾客避免预付费消费等。 记者尝试联系美吉姆常营华联门店的工作人员，但多个电话均无人接听。有家长提到，实际上，门店的老师们也处于被欠薪、欠社保的状态。有老师曾去美吉姆总部讨要说法，但并没有结果。 值得关注的是，近日以来，北京美吉姆西直门、常营、昌平悦荟、清河万象汇、望京等多家门店也暂停歇业，为此，家长纷纷抱团维权。 得知消息后家长开始维权。图/网络 各地门店多有倒闭 公开资料显示，美吉姆（MyGym）早教品牌诞生于美国。2008年，曾在IBM、HP等公司工作的刘俊君及其他几人成立公司取得了美吉姆品牌在中国的授权，成为美吉姆在中 ||| 用微信扫码二维码 分享至好友和朋友圈 各位亲： 近日，不少网友爆料：美吉姆早教机构多家线下门店突然关闭，家长们纷纷收到闭店信息。 昌平悦荟中心店、龙德广场店： 西直门中心： 美吉姆田村京粮广场店： 清河万象汇店已显示暂停营业： 美吉姆姚家园万象汇分店家长收到的告家长书。 望京凯德中心也有家长发文爆料。 有网友在得知消息后，专门去现场确认。 小编发现，在11月29日，财富中心美吉姆还要求家长转课到姚家园店，昨天姚家园店就发出了闭店通知。 截至发稿时为止，据某点评网，美吉姆清河万象汇门店、望京凯德中心、姚家园万象汇中心均显示暂停营业： 其他地区不少家长表示刚续费，刚买了20000元的课包；还有家长只上了六节课，还剩100多节课，在震惊之余，不知道该怎么挽回损失。 其他区家长们在积极想办法维权，希望可以得到妥善解决。小编也会持续关注后续进展，同时也提醒邻居们，购买机构课程尽量不要购买大课包，以避免不必要的损失。 最新相关消息 23年12月28日，美吉姆清河万象汇门店发布公告，宣布于23年12月26日停止运营，并提供2种解决方案： 方案一：转美吉姆同城中心。 方案二：转就近的其他合作品牌课程 以上方案于2024年1月15日前通过中心排课微信将详细转科方案发给所有会员家长，并开始办理相关转科手续。 美吉姆最新回应 会妥善处理补偿事宜 美吉姆现已成立专项工作小组，与员工、家长进行沟通与疏导，妥,mainstream_news ||| mainstream_news ||| mainstream_news ||| social_media,https://finance.sina.com.cn/chanjing/wddc/2024-01-04/doc-inaaimzf6347381.shtml ||| https://sd.china.com/shangye/20000940/20231231/25830498_2.html ||| https://sd.china.com/shangye/20000940/20231231/25830498_1.html ||| https://www.163.com/dy/article/INKRN4VA0552UKTC.html,3,silver_candidate,standard_review,0.000,low,low_risk,accept,,,,,,证据准确反映门店经营困境与消极应对，利益相关方与情感判断合理，予以接受。,annotator_A,adjudicated_final,annotator_A
E020,LLM_CANON_E020_001,学生家长,反映食堂食材发霉变质及过期，担忧学生身体健康，要求停用冷冻食品和复合调味料、更换食材品牌，并呼吁严惩相关责任人。,negative,证据显示家长于3月12日集中反映食品质量问题，指出食材发霉、过期及添加剂问题，学生出现肠胃不适，家长要求整改并送医检查，情绪愤怒且担忧。,SC_E020_001,家长;部分学生家长;小学部家委会及膳食委员会成员,True,,ev-00480;ev-01697;ev-01699;ev-01701;ev-01702;ev-01703,"3月12日下午,部分学生家长反映成都七中实验学校小学部食堂食品质量问题,该事件迅速在网上发酵,引起广泛的讨论。 ||| 3月12日，有多名学生家长反映成都七中实验学校食堂材料有发霉、变质的情况。网络中晒出的照片内可见食堂操作间内脏乱不堪，部分冷冻肉上已经长满黑点，令人作呕。 截至3月13日14:00，金温江官方微博就此发布了三条情况通报。通报称，温江区公安分局目前正在对掌握的成都七中实验学校负责食品安全的8名责任人开展全面深入的调查。区市场监管局对投诉反映的19个批次的食材进行了抽样，对所有冻库及库房内食材进行了查封，对新进食材进行全程监管。 1 成都七中实验学校食堂材料发霉变质 3月12日下午，有不少学生家长从网络得知食堂材料变质、发霉的情况后赶到学校。“检查了一下生产日期，发现很多都是过期、变质的，还发现很多食品添加剂。” 家长说，她经常听到孩子抱怨学校食堂的饭菜不好吃，有时会有呕吐、便秘等不适症状，她以为是孩子住校不太习惯，并未放在心上。 网友@袍义酒行 在微博上曝光学校食堂图 据照片显示，食堂里纸箱内的水果发霉、食用油发黑，排骨、鱿鱼等肉制品有明显的污渍。 “章鱼、猪肉很多都发出了恶臭，实在想不到我们的孩子在学校吃这样的食品。”家长称，她的孩子经常回家说肚子疼，同时流鼻血，身体不达标，后来到医院检查说是吃了变质食品导致的。 视频来源于网络 2 政府回应，已组织全区学校进行食品安全检查 学校食品安全问题被曝光后，截至3月13日14:00，成都市金温江官方微博就此发布了三条情况通报。通报称，温江 ||| 用微信扫码二维码 分享至好友和朋友圈 （原标题：成都七中实验学校食品发霉：医院共接诊学生36人） 【情况通报五】3月13日，成都七中实验学校陆续有学生自述身体不适，家长要求送医院检查。温江区卫健局立即联系成都市第五人民医院，安排消化科、儿科、内科专家参与检查诊治，对入院学生进行了初判以及血常规、大小便的检查诊断和流行病学调查。截至21时，成都市第五人民医院共接诊学生36人，经检查诊断后目前已全部离开医院。温江区将继续做好医疗保障工作，全力确保学生身体健康。 成都一小学食堂食材被指发霉 学生长期拉肚子便血 3月12日晚，多名家长在微博上发帖表示自家孩子就读的成都七中实验学校小学部食堂，疑似使用过期变质的食物进行加工。家长们提供给上游新闻记者的图片显示，部分食物出现了疑似霉变等情况，食堂中也有大量的添加剂。 江峰聊情感 2026-05-23 07:26:28 新涵搞笑配音 2026-05-24 15:48:55 主持人京京 2026-05-22 18:01:44 桂园子作坊 2026-05-24 08:27:03 飘过的知识 2026-05-22 18:40:45 妞妞的一家人 2026-05-25 11:17:08 料定历史 2026-05-23 20:04:34 笑影速递 2026-05-24 12:36:03 悦悦看剧 2026-05-24 10:23:47 搞笑大眼妹 2026 ||| 发布会上，温江区区长马烈红就近期成都七中实验学校食堂问题，介绍了事情的具体经过，以及事情发生后采取的具体措施。 蒋君芳 陈碧红 王小玲 图片来源：四川日报 发布会上，温江区区长马烈红就近期成都七中实验学校食堂问题，介绍了事情的具体经过，以及事情发生后采取的具体措施。 2019年3月10日下午学生返校时，成都七中实验学校小学部四年级1班6名学生家长送学生返校后，向学校反映学生在3月8日下午出现过肠胃不适的情况，要求前往食堂查看，并对食堂有关情况进行拍摄，将部分图片发至网上。 3月12日13时30分，校方小学部负责人召集食堂管理人员、小学部家委会及膳食委员会部分成员共10余人，在小学部月亮湾二楼会议室召开沟通协调会，就网络上部分传播的图片作解释说明，并就前期家长反映的学校食堂使用速冻和油炸食品、使用勾兑饮料，以及食材采购、食堂监管等问题与家长代表进行协商。参会家长要求停用冷冻食品和复合调味料、更换部分食材品牌。 12日15时左右，又有30余名家长通过网络联络并赶往学校，部分前往会议现场，部分前往小学部食堂查看，并再次就冷冻食品、复合调味料、更换部分食材品牌等问题提出要求。会议于当天下午6时左右结束，校方承诺，将支持学生家长参与学校食堂食品安全监管、更换部分食材品牌、减少冷冻食品和复合调味品，并于次日形成整改方案，征求学生家长意见。 3月12日11时许、13时许，温江区市场监管局两次接到 ||| <!--article_adlist[<p> 日前，成都七中实验学校小学部有学生家长反映，学校食堂的食品发霉变质，网友曝光的图片触目惊心。 目前，官方已经介入调查，涉事学校也回应称：正在处理相关情况。]article_adlist--> 来源：时间视频 根据微博网友爆料，成都七中实验学校食堂内出现了各种发霉变质的水果、冷冻肉，有学生吃了身体出现异常。 网友@袍义酒行 在微博上曝光学校食堂图片 网友晒出了大量照片，照片内可见食堂操作间内脏乱不堪，部分冷冻肉上已经长满黑点，令人作呕。 事件一经曝光引起舆论发酵，不少家长震怒，并要求相关部门严惩。 图片来源：微博截图 13日上午，中新网记者致电该学校小学部，学校办公室相关负责人接受记者采访时表示，目前学校正在处理相关情况。被问及是否有学生身体出现问题，负责人表示目前尚不清楚。 从13日凌晨起，成都市温江区人民政府新闻办公室官方微博@金温江连续四次发布实时通报称，区市场监管局已对食品原料封存并送检，结果将及时反馈家长，并根据检测结果依法依规处理。 此外，成都七中实验学校立即终止与原食品供应商的合作，在政府部门和家长的监督下，重新确定食品供应商，并着手建立由家长参与的食品安全监管长效机制。区卫健局组织医生到校现场咨询，对身体出现异常的学生安排体检。 成都市温江区人民政府新闻办公室官方微博通报 当日，四川省教育厅也发布关于“成都七中实验学校食品 ||| 温江区区长马烈红介绍成都七中实验学校食堂管理问题相关情况 各位媒体朋友： 近期，因成都七中实验学校食堂问题引发了学生家长到学校集中反映，质疑食堂的管理，担忧孩子的健康，影响了很多孩子和家长的正常学习生活，也引发了社会不安，造成了重大不良社会影响。对此，我深感自责。 经过初步调查，事件的经过是这样的： 成都七中实验学校由成都高达投资发展有限公司举办，位于成都市温江区光华大道三段281号。学校设有小学部、初中部、高中部、国际课程中心，现有140个教学班，在校学生5600余人，教职员工800余人。 2019年3月10日下午学生返校时，成都七中实验学校小学部四年级1班6名学生家长送学生返校后，向学校反映学生在3月8日下午出现过肠胃不适的情况，要求前往食堂查看，并对食堂有关情况进行拍摄，将部分图片发至网上。 3月12日13时30分，校方小学部负责人召集食堂管理人员、小学部家委会及膳食委员会部分成员共10余人，在小学部月亮湾二楼会议室召开沟通协调会，就网络上部分传播的图片作解释说明，并就前期家长反映的学校食堂使用速冻和油炸食品、使用勾兑饮料，以及食材采购、食堂监管等问题与家长代表进行协商。参会家长要求停用冷冻食品和复合调味料、更换部分食材品牌。15时左右，又有30余名家长通过网络联络并赶往学校，部分前往会议现场，部分前往小学部食堂查看，并再次就冷冻食品、复合调味料、更换部分食材品牌等问题提出要",social_media ||| public_web ||| social_media ||| mainstream_news ||| social_media ||| mainstream_news,https://www.toutiao.com/article/6668198751787549191/ ||| https://ishare.ifeng.com/c/s/7l0vfAukpHl ||| https://news.163.com/19/0313/22/EA6DAI2N0001899N.html ||| https://finance.sina.com.cn/roll/2019-03-17/doc-ihrfqzkc4566691.shtml ||| https://finance.sina.com.cn/wm/2019-03-13/doc-ihrfqzkc3636954.shtml ||| https://news.sina.com.cn/c/2019-03-17/doc-ihsxncvh3218342.shtml,5,silver_candidate,standard_review,0.000,low,low_risk,accept,,,,,,证据充分支持家长对食品安全的担忧与整改诉求，情感与事实匹配，予以接受。,annotator_A,adjudicated_final,annotator_A
E020,LLM_CANON_E020_002,成都七中实验学校（校方）,承认网络反映情况并召开沟通协调会进行解释说明，表示正在处理相关情况，配合调查组工作。,neutral,校方于3月13日发布情况说明，召集家委会开会解释网络图片，回应称正在处理，并配合后续联合调查。,SC_E020_002,学校;成都七中实验学校小学部;成都高达投资发展有限公司,True,,ev-00481;ev-01701;ev-01702;ev-01703,登录 据“成都七中实验学校”微信公号3月13日消息，澎湃新闻（www.thepaper.cn）记者了解到，成都七中实验学校发布关于学校食品问题的情况说明。 Android版 iPhone版 iPad版 沪ICP备14003370号 沪公网安备31010602000299号 互联网新闻信息服务许可证：31120170006 增值电信业务经营许可证：沪B2-2017116 © 2014-2026 上海东方报业有限公司 ||| 发布会上，温江区区长马烈红就近期成都七中实验学校食堂问题，介绍了事情的具体经过，以及事情发生后采取的具体措施。 蒋君芳 陈碧红 王小玲 图片来源：四川日报 发布会上，温江区区长马烈红就近期成都七中实验学校食堂问题，介绍了事情的具体经过，以及事情发生后采取的具体措施。 2019年3月10日下午学生返校时，成都七中实验学校小学部四年级1班6名学生家长送学生返校后，向学校反映学生在3月8日下午出现过肠胃不适的情况，要求前往食堂查看，并对食堂有关情况进行拍摄，将部分图片发至网上。 3月12日13时30分，校方小学部负责人召集食堂管理人员、小学部家委会及膳食委员会部分成员共10余人，在小学部月亮湾二楼会议室召开沟通协调会，就网络上部分传播的图片作解释说明，并就前期家长反映的学校食堂使用速冻和油炸食品、使用勾兑饮料，以及食材采购、食堂监管等问题与家长代表进行协商。参会家长要求停用冷冻食品和复合调味料、更换部分食材品牌。 12日15时左右，又有30余名家长通过网络联络并赶往学校，部分前往会议现场，部分前往小学部食堂查看，并再次就冷冻食品、复合调味料、更换部分食材品牌等问题提出要求。会议于当天下午6时左右结束，校方承诺，将支持学生家长参与学校食堂食品安全监管、更换部分食材品牌、减少冷冻食品和复合调味品，并于次日形成整改方案，征求学生家长意见。 3月12日11时许、13时许，温江区市场监管局两次接到 ||| <!--article_adlist[<p> 日前，成都七中实验学校小学部有学生家长反映，学校食堂的食品发霉变质，网友曝光的图片触目惊心。 目前，官方已经介入调查，涉事学校也回应称：正在处理相关情况。]article_adlist--> 来源：时间视频 根据微博网友爆料，成都七中实验学校食堂内出现了各种发霉变质的水果、冷冻肉，有学生吃了身体出现异常。 网友@袍义酒行 在微博上曝光学校食堂图片 网友晒出了大量照片，照片内可见食堂操作间内脏乱不堪，部分冷冻肉上已经长满黑点，令人作呕。 事件一经曝光引起舆论发酵，不少家长震怒，并要求相关部门严惩。 图片来源：微博截图 13日上午，中新网记者致电该学校小学部，学校办公室相关负责人接受记者采访时表示，目前学校正在处理相关情况。被问及是否有学生身体出现问题，负责人表示目前尚不清楚。 从13日凌晨起，成都市温江区人民政府新闻办公室官方微博@金温江连续四次发布实时通报称，区市场监管局已对食品原料封存并送检，结果将及时反馈家长，并根据检测结果依法依规处理。 此外，成都七中实验学校立即终止与原食品供应商的合作，在政府部门和家长的监督下，重新确定食品供应商，并着手建立由家长参与的食品安全监管长效机制。区卫健局组织医生到校现场咨询，对身体出现异常的学生安排体检。 成都市温江区人民政府新闻办公室官方微博通报 当日，四川省教育厅也发布关于“成都七中实验学校食品 ||| 温江区区长马烈红介绍成都七中实验学校食堂管理问题相关情况 各位媒体朋友： 近期，因成都七中实验学校食堂问题引发了学生家长到学校集中反映，质疑食堂的管理，担忧孩子的健康，影响了很多孩子和家长的正常学习生活，也引发了社会不安，造成了重大不良社会影响。对此，我深感自责。 经过初步调查，事件的经过是这样的： 成都七中实验学校由成都高达投资发展有限公司举办，位于成都市温江区光华大道三段281号。学校设有小学部、初中部、高中部、国际课程中心，现有140个教学班，在校学生5600余人，教职员工800余人。 2019年3月10日下午学生返校时，成都七中实验学校小学部四年级1班6名学生家长送学生返校后，向学校反映学生在3月8日下午出现过肠胃不适的情况，要求前往食堂查看，并对食堂有关情况进行拍摄，将部分图片发至网上。 3月12日13时30分，校方小学部负责人召集食堂管理人员、小学部家委会及膳食委员会部分成员共10余人，在小学部月亮湾二楼会议室召开沟通协调会，就网络上部分传播的图片作解释说明，并就前期家长反映的学校食堂使用速冻和油炸食品、使用勾兑饮料，以及食材采购、食堂监管等问题与家长代表进行协商。参会家长要求停用冷冻食品和复合调味料、更换部分食材品牌。15时左右，又有30余名家长通过网络联络并赶往学校，部分前往会议现场，部分前往小学部食堂查看，并再次就冷冻食品、复合调味料、更换部分食材品牌等问题提出要,mainstream_news ||| mainstream_news ||| social_media ||| mainstream_news,https://www.thepaper.cn/newsDetail_forward_3129077 ||| https://finance.sina.com.cn/roll/2019-03-17/doc-ihrfqzkc4566691.shtml ||| https://finance.sina.com.cn/wm/2019-03-13/doc-ihrfqzkc3636954.shtml ||| https://news.sina.com.cn/c/2019-03-17/doc-ihsxncvh3218342.shtml,3,silver_candidate,standard_review,0.000,low,low_risk,accept,,,,,,校方回应与配合调查的事实描述准确，情感中性合理，予以接受。,annotator_A,adjudicated_final,annotator_A
E020,LLM_CANON_E020_003,政府监管部门及联合调查组,高度重视并迅速介入调查，封存送检食材，通报首批检测结果符合标准，要求全省排查校园食品安全隐患，并依法调查涉嫌寻衅滋事的家长。,neutral,多部门联合成立调查组，教育厅派工作组核查，市场监管局封存食材并送检，通报初检合格，同时部署全省排查，警方对3名家长立案调查。,SC_E020_003,成都市联合调查组;四川省教育厅;成都市市场监管局;温江区政府;国家市场监管总局,True,,ev-00482;ev-01691;ev-01692;ev-01694;ev-01695;ev-01698;ev-01701;ev-01703;ev-01704;ev-01706,"来源：微信公众号“四川日报”（ID：scrbgfwx 记者：蒋君芳 陈碧红 王小玲 摄影：杨树）、“观察者网”（ID：guanchacn）、“红星新闻”（ID：cdsbnc 成都商报-红星新闻记者 潘俊文 杜玉全、监控视频提供：成都市市场监督管理局）、“南方都市报”（ID：nddaily） 导读 今天（3月17日）上午10点30分，成都七中实验学校食堂管理问题成都市联合调查组举行新闻发布会，由成都市市场监管局、成都市卫健委、成都市教育局、成都市温江区政府、成都市公安局、四川源坤国科质量检验有限公司等单位负责人，通报成都七中实验学校食堂管理问题相关情况，就公众关注的问题进行说明。 警方介绍，目前有三名家长因涉嫌寻衅滋事罪被警方调查，他们均对自己的行为表示很后悔。 新闻发布会主席台名单 发布人： 贺欣 成都市市场监管局局长 谢强 成都市卫健委主任 刘强 成都市教育局局长 马烈红 成都市温江区区长 戴德军 成都市公安局常务副局长 高柱 四川源坤国科质量检验有限公司法定代表人 主持人： 周先毅 成都市人民政府秘书长 新闻发布会列席专家名单 李卫东 成都市第五人民医院副院长 李敏 成都市第五人民医院儿科副主任 胡显良 成都市妇女儿童中心医院副院长 谢晓丽 成都市妇女儿童中心医院儿科主任 母发光 四川省人民医院儿科副主任 万朝敏 四川大学华西第二医院儿科主任 兰真 四川省疾控中心营养与食品安全 ||| 3月12日，部分学生家长反映成都七中实验学校食堂有关问题。教育厅对此高度重视，立即派出工作组前往成都七中实验学校会同成都市教育局进行核查处置，有关调查核实和相关工作跟进情况，将及时通报。同时，已要求各市（州）教育行政部门对所有学校食堂原材料供应等环节进行排查，进一步加强学校食品安全管理。 四川省教育厅 2019年3月13日 3月12日，部分学生家长反映成都七中实验学校食堂有关问题。教育厅对此高度重视，立即派出工作组前往成都七中实验学校会同成都市教育局进行核查处置，有关调查核实和相关工作跟进情况，将及时通报。同时，已要求各市（州）教育行政部门对所有学校食堂原材料供应等环节进行排查，进一步加强学校食品安全管理。 四川省教育厅 2019年3月13日 ||| 成都七中实验学校食堂食材第一批检测结果：符合食品安全标准。 京ICP备10003349号-1中央广播电视总台央视网版权所有 ||| 扫描二维码下载APP ⁺ 历史 ⁺ 收藏 ⁺ 订阅 市场监管总局高度关注四川省成都市七中实验学校食堂食品原料存在的问题，已经要求四川省市场监管部门按照地方党委、政府的部署，加强与教育等部门的配合，迅速开展调查，依法严肃查处食品安全违法违规行为，举一反三，全面排查学校和学生集体用餐配送单位存在的食品安全风险隐患。 各地市场监管部门要严格按照《市场监管总局办公厅 教育部办公厅关于开展2019年春季开学学校食品安全风险隐患排查工作的通知》（市监食经〔2019〕8号）要求，全面排查学校食品安全隐患，严防严管严控学校食品安全风险，切实保障广大学生饮食安全。 暂无评论，快来发表你的评论吧 举报电话：021-62870000 举报邮箱：service@kankanews.com 剑网行动举报电话：12318（市文化执法总队）、021-64334547（市版权局） Copyright © 2016 Kankanews.com Inc. All Rights Reserved. 看东方（上海）传媒有限公司 版权所有 ||| 登录 据市场监管总局网站3月13日消息，澎湃新闻（www.thepaper.cn）记者了解到，市场监管总局高度关注四川省成都市七中实验学校食堂食品原料存在的问题，已经要求四川省市场监管部门按照地方党委、政府的部署，加强与教育等部门的配合，迅速开展调查，依法严肃查处食品安全违法违规行为，举一反三，全面排查学校和学生集体用餐配送单位存在的食品安全风险隐患。 各地市场监管部门要严格按照《市场监管总局办公厅 教育部办公厅关于开展2019年春季开学学校食品安全风险隐患排查工作的通知》（市监食经〔2019〕8号）要求，全面排查学校食品安全隐患，严防严管严控学校食品安全风险，切实保障广大学生饮食安全。 Android版 iPhone版 iPad版 沪ICP备14003370号 沪公网安备31010602000299号 互联网新闻信息服务许可证：31120170006 增值电信业务经营许可证：沪B2-2017116 © 2014-2026 上海东方报业有限公司 ||| 针对成都七中实验学校小学部学生家长近日反映的食堂食品发霉变质问题,成都市温江区人民政府新闻办公室13日在官方微博通报称,温江区相关部门及时赶赴学校进行处理。目前,区市场监管局已对食品原料封存并送检,结 ||| 发布会上，温江区区长马烈红就近期成都七中实验学校食堂问题，介绍了事情的具体经过，以及事情发生后采取的具体措施。 蒋君芳 陈碧红 王小玲 图片来源：四川日报 发布会上，温江区区长马烈红就近期成都七中实验学校食堂问题，介绍了事情的具体经过，以及事情发生后采取的具体措施。 2019年3月10日下午学生返校时，成都七中实验学校小学部四年级1班6名学生家长送学生返校后，向学校反映学生在3月8日下午出现过肠胃不适的情况，要求前往食堂查看，并对食堂有关情况进行拍摄，将部分图片发至网上。 3月12日13时30分，校方小学部负责人召集食堂管理人员、小学部家委会及膳食委员会部分成员共10余人，在小学部月亮湾二楼会议室召开沟通协调会，就网络上部分传播的图片作解释说明，并就前期家长反映的学校食堂使用速冻和油炸食品、使用勾兑饮料，以及食材采购、食堂监管等问题与家长代表进行协商。参会家长要求停用冷冻食品和复合调味料、更换部分食材品牌。 12日15时左右，又有30余名家长通过网络联络并赶往学校，部分前往会议现场，部分前往小学部食堂查看，并再次就冷冻食品、复合调味料、更换部分食材品牌等问题提出要求。会议于当天下午6时左右结束，校方承诺，将支持学生家长参与学校食堂食品安全监管、更换部分食材品牌、减少冷冻食品和复合调味品，并于次日形成整改方案，征求学生家长意见。 3月12日11时许、13时许，温江区市场监管局两次接到 ||| 温江区区长马烈红介绍成都七中实验学校食堂管理问题相关情况 各位媒体朋友： 近期，因成都七中实验学校食堂问题引发了学生家长到学校集中反映，质疑食堂的管理，担忧孩子的健康，影响了很多孩子和家长的正常学习生活，也引发了社会不安，造成了重大不良社会影响。对此，我深感自责。 经过初步调查，事件的经过是这样的： 成都七中实验学校由成都高达投资发展有限公司举办，位于成都市温江区光华大道三段281号。学校设有小学部、初中部、高中部、国际课程中心，现有140个教学班，在校学生5600余人，教职员工800余人。 2019年3月10日下午学生返校时，成都七中实验学校小学部四年级1班6名学生家长送学生返校后，向学校反映学生在3月8日下午出现过肠胃不适的情况，要求前往食堂查看，并对食堂有关情况进行拍摄，将部分图片发至网上。 3月12日13时30分，校方小学部负责人召集食堂管理人员、小学部家委会及膳食委员会部分成员共10余人，在小学部月亮湾二楼会议室召开沟通协调会，就网络上部分传播的图片作解释说明，并就前期家长反映的学校食堂使用速冻和油炸食品、使用勾兑饮料，以及食材采购、食堂监管等问题与家长代表进行协商。参会家长要求停用冷冻食品和复合调味料、更换部分食材品牌。15时左右，又有30余名家长通过网络联络并赶往学校，部分前往会议现场，部分前往小学部食堂查看，并再次就冷冻食品、复合调味料、更换部分食材品牌等问题提出要 ||| “成都七中实验学校食堂管理问题” 事件经过究竟是怎样的？ 网上流传的图片是否真实？ 家长卧底、维权跳楼是否真有发生？ 食堂食材取样调查结果如何？ …… 这些网友关心的问题 今日召开的 成都七中实验学校食堂管理问题 成都市联合调查组新闻发布会 一一进行了说明 详情如下 ↓↓↓ 今日上午，成都七中实验学校食堂管理问题成都市联合调查组新闻发布会在成都召开，成都市市场监管局、成都市卫健委、成都市教育局、成都市温江区政府、成都市公安局、四川源坤国科质量检验有限公司等单位负责人，通报成都七中实验学校食堂管理问题相关情况，就公众关注的问题进行说明。 01 温江区区长马烈红 详述“成都七中实验学校食堂管理问题”经过： 早前已有家长反映食堂问题 温江采取8条措施 发布会上，温江区区长马烈红详述了事件经过： 成都七中实验学校由成都高达投资发展有限公司举办，位于成都市温江区光华大道三段281号。学校设有小学部、初中部、高中部、国际课程中心，现有140个教学班，在校学生5600余人，教职员工800余人。 3月10日下午 学生返校时，成都七中实验学校小学部四年级1班6名学生家长送学生返校后，向学校反映学生在3月8日下午出现过肠胃不适的情况，要求前往食堂查看，并对食堂有关情况进行拍摄，将部分图片发至网上。 3月12日13时 30分 校方小学部负责人召集食堂管理人员、小学部家委会及膳食委员会部分成员共10余人， ||| 今天上午10点30分，成都七中实验学校食堂管理问题成都市联合调查组举行新闻发布会，由成都市市场监管局、成都市卫健委、成都市教育局、成都市温江区政府、成都市公安局、四川源坤国科质量检验有限公司等单位负责人，通报成都七中实验学校食堂管理问题相关情况，就公众关注的问题进行说明。 新闻发布会主席台名单 发布人： 贺欣 成都市市场监管局局长 谢强 成都市卫健委主任 刘强 成都市教育局局长 马烈红 成都市温江区区长 戴德军 成都市公安局常务副局长 高柱 四川源坤国科质量检验有限公司法定代表人 主持人： 周先毅 成都市人民政府秘书长 新闻发布会列席专家名单 李卫东 成都市第五人民医院副院长 李敏 成都市第五人民医院儿科副主任 胡显良 成都市妇女儿童中心医院副院长 谢晓丽 成都市妇女儿童中心医院儿科主任 母发光 四川省人民医院儿科副主任 万朝敏 四川大学华西第二医院儿科主任 兰真 四川省疾控中心营养与食品安全所所长 裴晓方 四川大学华西公共卫生学院教授、博导、副院长 张立实 四川大学华西公共卫生学院教授、博导，四川省食品安全专家委员会名誉主任委员 孙群 四川大学生命科学学院教授、博导，资源微生物与微生物技术四川省重点实验室主任 李明元 西华大学食品与生物工程学院教授，食品安全研究所所长 杨丽 四川大学华西医院消化科主任 李晓辉 成都市疾病预防控制中心、成都市食品安全专家委员会副主任委员 温江区区长",mainstream_news ||| official ||| mainstream_news ||| mainstream_news ||| mainstream_news ||| social_media ||| mainstream_news ||| mainstream_news ||| mainstream_news ||| official,https://www.sohu.com/a/301964523_498200 ||| https://www.sc.gov.cn/10462/10464/13722/2019/3/13/70340e568b8f48a8ac44b1baab4c4c1f.shtml ||| http://news.cctv.com/2019/03/16/VIDEunwjETDsfUf0fJe3imTT190316.shtml ||| https://www.kankanews.com/detail/M8Q8og0oqyL ||| https://www.thepaper.cn/newsDetail_forward_3129164 ||| http://views.ce.cn/view/ent/201903/15/t20190315_31684731.shtml ||| https://finance.sina.com.cn/roll/2019-03-17/doc-ihrfqzkc4566691.shtml ||| https://news.sina.com.cn/c/2019-03-17/doc-ihsxncvh3218342.shtml ||| https://www.sohu.com/a/301871336_100160824 ||| https://edu.sc.gov.cn/scedu/c100556/2019/3/17/1767dcaee3334a39ab02cb748649a755.shtml,9,silver_candidate,standard_review,0.000,low,low_risk,accept,,,,,,监管部门介入、检测、排查及立案调查等关键事实均有证据支撑，予以接受。,annotator_A,adjudicated_final,annotator_A
E021,LLM_CANON_E021_001,放射影像科医生（朱成刚）,实名举报医院系统内存在伪造病历、虚构影像检查及诊断等涉嫌欺诈骗保行为，并持续向上级主管部门反映新发现的违规线索。,negative,证据显示朱医生自2024年3月起拍照留证并实名举报，指出病历无影像号、多人影像高度相似、1分钟做两次核磁等异常，怀疑医院伪造病历骗保。,SC_E021_001,朱医生;实名举报医生;无锡虹桥医院放射影像科医生,True,,ev-00502;ev-00503;ev-00505;ev-00506;ev-01716;ev-01720;ev-01722,"9月21日，有媒体报道江苏省无锡市民营医疗机构无锡虹桥医院涉嫌骗保。22日，无锡市医保局通报，该局正会同公安、卫健等部门进行全面彻查，将依法依规严肃查处。 据总台中国之声报道，近日，无锡虹桥医院放射影像科医生实名反映，从去年开始，医院系统内出现了一些根本没在他们科室做过影像检查的患者病历，他们既没在医院拍过片子，也没有放射影像科归档的影像号，病历记录里却有“根据影像做出的诊断”。放射影像科的医生怀疑，医院涉嫌伪造病历，骗取医疗保险。 朱医生2024年3月拍摄的问题病历，有根据影像诊断的相关内容，却没有影像和影像号。 今年3月，放射影像科医生向医院上级管理部门实名举报后，他举报的这些病历又有了影像号和片子，但存在多名患者和他人影像高度相似等问题。更多问题被发现后，问题病历被设权限已无法查看。 被举报后，补的虚假影像和虚假影像号。 对此，无锡市医保局通报称，前期，无锡市医保局已根据举报线索受理调查、初步查实，并于8月30日行政立案。目前，无锡市医保局正会同公安、卫健等部门进行全面彻查，将依法依规严肃查处。 南方都市报（nddaily）、N视频报道 南都记者敖银雪 （图片据中央广电总台中国之声） ▊返回搜狐，查看更多 ||| 用微信扫码二维码 分享至好友和朋友圈 9月21日，有媒体报道江苏省无锡市民营医疗机构无锡虹桥医院涉嫌骗保。22日，无锡市医保局通报，该局正会同公安、卫健等部门进行全面彻查，将依法依规严肃查处。 据总台中国之声报道，近日，无锡虹桥医院放射影像科医生实名反映，从去年开始，医院系统内出现了一些根本没在他们科室做过影像检查的患者病历，他们既没在医院拍过片子，也没有放射影像科归档的影像号，病历记录里却有“根据影像做出的诊断”。放射影像科的医生怀疑，医院涉嫌伪造病历，骗取医疗保险。 朱医生2024年3月拍摄的问题病历，有根据影像诊断的相关内容，却没有影像和影像号。 今年3月，放射影像科医生向医院上级管理部门实名举报后，他举报的这些病历又有了影像号和片子，但存在多名患者和他人影像高度相似等问题。更多问题被发现后，问题病历被设权限已无法查看。 被举报后，补的虚假影像和虚假影像号。 对此，无锡市医保局通报称，前期，无锡市医保局已根据举报线索受理调查、初步查实，并于8月30日行政立案。目前，无锡市医保局正会同公安、卫健等部门进行全面彻查，将依法依规严肃查处。 来源：南方都市报 编辑：思雨 责编：李杉 审核：赖婷 终审：张家玮 有新闻线索 可拨打电话029-88899916 一经采用将获得线索费奖励 特别声明：以上内容(如有图片或视频亦包括在内)为自媒体平台“网易号”用户上传并发布，本平台仅提供信息存储 ||| 登录 9月21日，中央广电总台报道了江苏无锡市民营医疗机构无锡虹桥医院涉嫌骗保一事。 无锡市医保局9月22日凌晨发布公告回应，已根据举报线索受理调查、初步查实，并于8月30日行政立案；目前正会同公安、卫健等部门进行全面彻查，将依法依规严肃查处。 此前报道 近日，江苏省无锡虹桥医院放射影像科朱医生实名向总台中国之声新闻热线400-800-0088反映，从去年开始，医院系统内出现了一些根本没在他们科室做过影像检查的患者病历，病历记录里却有“根据影像做出的诊断”。这些病历全都由医院体检中心陈医生完成，而这名医生并没有操作放射影像科CT、核磁共振仪的权限。 朱医生怀疑医院涉嫌伪造病历，骗取医疗保险。今年3月，他将没有影像号的病历拍照留证，向医院上级管理部门实名举报。在等待调查结果时，他举报的这些病历又有了影像号和片子。 随之，朱医生发现了更多问题，包括： ■ 多名患者和他人影像高度相似 ■ 1分钟内做2次核磁共振检查 ■ 影像与诊断左右方向对应错误 就在朱医生把这些新情况向上级主管部门反映后，他和同事们又发现，放射影像科已无权限查看2023年8月之前的影像，院方给出的理由是系统升级导致的错误。 朱医生带记者来到放射影像科办公室，记者看到系统内被举报的病历都已无法打开。 原标题：《医生实名举报医院涉嫌骗保，江苏无锡凌晨通报！》 阅读原文 本文为澎湃号作者或机构在澎湃新闻上传并发布，仅代表该作 ||| 用微信扫码二维码 分享至好友和朋友圈 红星资本局9月22日消息，近日引发关注的“医生实名举报医院涉嫌骗保”一事，无锡市医保局凌晨有了最新通报。 今日凌晨，无锡市医保局发布情况通报称，9月21日，媒体报道该市民营医疗机构无锡虹桥医院涉嫌骗保。前期，无锡市医保局已根据举报线索受理调查、初步查实，并于8月30日行政立案。目前，该局正会同公安、卫健等部门进行全面彻查，将依法依规严肃查处。 据央视新闻客户端此前报道，近日，江苏省无锡虹桥医院放射影像科朱医生实名向中国之声新闻热线反映，从去年开始，医院系统内出现了一些根本没在他们科室做过影像检查的患者病历，病历记录里却有“根据影像做出的诊断”。这些病历全都由医院体检中心陈医生完成，而这名医生并没有操作放射影像科CT、核磁共振仪的权限。 朱医生怀疑医院涉嫌伪造病历，骗取医疗保险。今年3月，他将没有影像号的病历拍照留证，向医院上级管理部门实名举报。在等待调查结果时，他举报的这些病历又有了影像号和片子。随之，他发现了更多问题，包括：多名患者和他人影像高度相似；1分钟内做2次核磁共振检查；影像与诊断左右方向对应错误。更多问题被发现后，问题病历被设权限无法查看。 编辑 杨程 综合自央视新闻、证券时报 特别声明：以上内容(如有图片或视频亦包括在内)为自媒体平台“网易号”用户上传并发布，本平台仅提供信息存储服务。 Notice: The content ab ||| 广东各地市 南方网 南方日报 南方都市报 南方杂志 南方日报出版社 9月21日，总台报道无锡市民营医疗机构无锡虹桥医院涉嫌骗保。无锡市医保局9月22日凌晨发布公告回应称，此前已根据举报线索受理调查、初步查实，并于8月30日行政立案。目前正会同公安、卫健等部门进行全面彻查，将依法依规严肃查处。 据此前报道，江苏无锡虹桥医院放射影像科朱医生实名向总台中国之声反映，从去年起，医院系统内出现了一些根本没在他们科室做过影像检查的患者病历，他们既没在医院拍过片子，也没有放射影像科归档的影像号，病历记录里却有“根据影像做出的诊断”。 朱医生怀疑医院涉嫌伪造病历，骗取医疗保险。今年3月，朱医生将没有影像号的病历拍照留证，向医院上级管理部门实名举报。在等待调查结果时，他发现举报的这些病历又有了影像号和片子，并发现多名患者CT影像高度相似、1分钟内做2次核磁共振检查、影像与诊断左右方向对应错误等问题。 朱医生2024年3月拍摄的问题病历，有根据影像诊断的相关内容，却没有影像和影像号。 南方网、粤学习记者 倪仕轩 扫二维码分享 南方报业传媒集团简介- 网站简介- 广告服务- 招标投标- 物资采购- 联系我们- 法律声明- 友情链接 本网站由南方新闻网版权所有，未经授权禁止复制或建立镜像 广东南方网络信息科技有限公司负责制作维护 违法和不良信息举报电话：020-87373397 18122015068 I ||| 每经记者:程雅 许立波 每经编辑:董兴生无锡虹桥医院放射影像科医生朱成刚长达半年的实名举报,终于有了结果。据央视新闻最新消息,目前,无锡市医保局 ||| 近日,一则关于无锡虹桥医院涉嫌欺诈骗保的新闻引起了社会广泛关注。国家医保局对此迅速响应,派出飞行检查组对该院进行专项核查,并指导江苏省医保局对无锡市下辖所有区县的定点医药机构进行全面排查。举报者朱医生",mainstream_news ||| social_media ||| mainstream_news ||| social_media ||| public_web ||| social_media ||| mainstream_news,https://www.sohu.com/a/810695467_161795 ||| https://www.163.com/dy/article/JCMTTGUV0514BICS.html ||| https://www.thepaper.cn/newsDetail_forward_28819692 ||| https://www.163.com/dy/article/JCMIS33T051492T3.html ||| https://news.southcn.com/node_179d29f1ce/5360c4c17f.shtml ||| https://www.toutiao.com/article/7417842122302226984/ ||| https://www.sohu.com/a/810952583_121956424,5,silver_candidate,standard_review,0.000,low,low_risk,accept,,,,,,朱医生实名举报骗保及发现异常病历的细节与证据高度一致，予以接受。,annotator_A,adjudicated_final,annotator_A
E021,LLM_CANON_E021_002,无锡虹桥医院及涉案管理层/医务人员,涉嫌通过伪造病历、虚构诊疗服务、勾结中介诱导虚假住院等方式系统性骗取医保基金，并在被举报后采取篡改数据、销毁证据、串供等手段对抗调查。,negative,调查通报指出医院存在有组织犯罪、全链条造假、计件提成等特点，涉案金额巨大，且在被举报后设权限隐藏病历、补造假影像，相关人员已被采取刑事强制措施。,SC_E021_002,无锡虹桥医院;医院高层;涉事医务人员;15人团伙,True,,ev-00499;ev-00501;ev-01712;ev-01715;ev-01725;ev-01726;ev-01728,"用微信扫描二维码 分享至好友和朋友圈 江苏省无锡虹桥医院近期因涉嫌欺诈骗保行为被曝光，引发社会广泛关注。国家医保局在9月23日派遣检查组进入该医院，配合当地公安机关展开调查，初步揭露了违规使用医保基金总计2228.4万元的情况，其中通过虚假住院、伪造医疗文件和虚构服务等方式，涉嫌欺诈性获取医保基金达1179.2万元，具体金额待最终核实。 调查揭示了该医院诈骗行为的几个特点：一是有组织犯罪，医院高层与外部人士合作，利用免费体检等名义诱导病人虚假住院；二是系统性伪造医疗记录，从开具入院到各种检查报告均按需编造；三是参与人员按“业绩”提成，包括中介、病人和医护人员均有分成；四是设立两套账簿和隔离假病人，以隐蔽手法掩盖非法行为；五是对抗调查，包括串供、篡改病历、销毁证据和删除数据等。 目前，无锡当地医保部门已终止与该医院的医保服务协议，并启动法律程序，对涉事参保人员也将依法处理。同时，24名犯罪嫌疑人，包括医院领导、中介及部分医护人员已被公安机关采取刑事措施，针对其违法行为的调查仍在继续。 作为后续行动，国家医保局计划指导江苏省医保局对无锡所有100家定点医疗机构进行全面检查，并在全国范围内启动打击欺诈骗保的专项行动，旨在清除医保体系中的不正之风和腐败现象。 11月6日，香港首只美股七巨头ETF——南方美股七巨头（03454.HK）在香港交易所正式上市。该ETF旨在追踪Solactive美 ||| 扫描二维码下载APP ⁺ 历史 ⁺ 收藏 ⁺ 订阅 近日，江苏省无锡虹桥医院涉嫌欺诈骗保相关情况被曝光，引起社会广泛关注。国家医保局8日通报，检查发现，该院涉嫌违法违规使用医保基金2228.4万元，其中以勾结中介或以免费体检为名，拉拢诱导参保人员虚假住院，通过伪造医学文书、虚构诊疗服务等，涉嫌欺诈骗取医保基金1179.2万元，最终金额以实际核实为准。 据了解，截至目前，当地医保部门已解除该院医保服务协议，启动行政处罚程序，并将对参与欺诈骗保的参保人员依法依规处理。当地公安机关已对医院法定代表人、院长、介绍假病人的中介以及参与骗保的医务人员等24名犯罪嫌疑人采取刑事强制措施，并对集体串供、销毁财务凭证、篡改病历、删除数据等违法行为开展调查。 下一步，国家医保局将进一步指导江苏省医保局，对无锡100家定点医药机构进行全面排查。同时，将在全国范围内组织开展严厉打击欺诈骗保专项行动，集中整治医保领域群众身边的不正之风和腐败问题。 暂无评论，快来发表你的评论吧 举报电话：021-62870000 举报邮箱：service@kankanews.com 剑网行动举报电话：12318（市文化执法总队）、021-64334547（市版权局） Copyright © 2016 Kankanews.com Inc. All Rights Reserved. 看东方（上海）传媒有限公司 版权所有 ||| 用微信扫码二维码 分享至好友和朋友圈 10月8日，央视新闻报道，国家医保局通报无锡虹桥医院骗保案。检查发现，该院涉嫌违规使用医保基金2228.4万元，其中涉嫌欺诈骗保1179.2万元。案件特点为团伙作案、全链条造假、计件提成等。目前，当地医保部门已解除协议并处罚，公安机关对24名嫌疑人采取刑事强制措施，并调查违法行为。下一步，国家医保局将指导江苏省医保局全面排查无锡100家定点医药机构。 特别声明：以上内容(如有图片或视频亦包括在内)为自媒体平台“网易号”用户上传并发布，本平台仅提供信息存储服务。 Notice: The content above (including the pictures and videos if any) is uploaded and posted by a user of NetEase Hao, which is a social media platform and only provides information storage services. 上游新闻 2026-05-25 14:46:47 中国新闻周刊 2026-05-24 23:46:09 中国新闻周刊 2026-05-25 07:42:52 央视新闻 2026-05-25 02:54:48 环球网资讯 2026-05-25 07:34:39 都市快报橙柿互动 2026-05-24 ||| 10月8日,央视新闻报道,国家医保局通报无锡虹桥医院骗保案。检查发现,该院涉嫌违规使用医保基金2228.4万元,其中涉嫌欺诈骗保1179.2万元。案件特点为团伙作案、全链条造假、计件提成等。目前,当地 ||| 近日,无锡虹桥医院骗取医保基金案震惊全国。一家堂堂二甲医院,院长亲自带头,15人团伙伪造病历、假造影像报告,明目张胆地从医保基金中攫取利益。更令人瞠目的是,这一系列作假行为长达数月,甚至在举报期间还不 ||| 针对近期网上举报的无锡虹桥医院涉嫌欺诈骗保问题，国家医保局和江苏省医保局高度重视，派出飞行检查组于9月23日上午进驻无锡虹桥医院开展专项飞行检查。江苏省医保部门联合卫健部门采取省市联动的方式，抽调骨干力量组成20个检查小组，举一反三对无锡市定点医院和药店进行检查，并针对曝光的问题在全省范围内开展全面排查，发现一起，严惩一起。 目前，无锡市医保局根据协议管理规定，已经作出与无锡虹桥医院解除医保服务协议的处理；当地公安机关已立案侦查，医院有关人员已被控制，后续将依法严肃处理。 此前报道：三个人CT片几乎一样！国家医保局进驻开展飞检 来源：央视新闻客户端 原标题：《已立案侦查！无锡虹桥医院涉嫌欺诈骗保 医保服务协议被解除》 编辑：朴丽娜 责编：马学玲 冲上热搜！微信又推新功能 | 新闻早餐 落马女干部流泪忏悔：帮领导管240万小金库，购买大量奢侈品赚足面子 一则干部公示，6人被标注曾用名，官方回应 24小时滚动播报最新的财经资讯和视频，更多粉丝福利扫描二维码关注（sinafinance） 网友提问：@@=value.question$$ 老师回答：@@=value.answer$$ @@=value.title$$ 新浪财经意见反馈留言板 新浪简介|广告服务|About Sina 联系我们|招聘信息|通行证注册 产品答疑|网站律师|SINA English Copyright © 199 ||| 原标题：快讯！无锡公安机关已立案侦查 无锡虹桥医院医保服务协议被解除，有关人员已被控制 针对近期网上举报的无锡虹桥医院涉嫌欺诈骗保问题，国家医保局和江苏省医保局高度重视，派出飞行检查组于9月23日上午进驻无锡虹桥医院开展专项飞行检查。江苏省医保部门联合卫健部门采取省市联动的方式，抽调骨干力量组成20个检查小组，举一反三对无锡市定点医院和药店进行检查，并针对曝光的问题在全省范围内开展全面排查，发现一起，严惩一起。 目前，无锡市医保局根据协议管理规定，已经作出与无锡虹桥医院解除医保服务协议的处理；当地公安机关已立案侦查，医院有关人员已被控制，后续将依法严肃处理。 此前报道：国家医保局已开始检查这家医院 来源 | 央视新闻客户端 审核 | 高雷 编辑 | 向歆悦 校对 | 于泽淼 了解《环球时报》的三观 请长按下方二维码关注我们or回到文章顶部，点击环球时报 （微信公众号ID：hqsbwx） 更多猛料！欢迎扫描左方二维码关注新浪军事官方微信（sinamilnews） 热门推荐 相关新闻 加载中 点击加载更多 推荐新闻 【 新闻 】特朗普称若在今年大选中失败将不再参选 【军事】欧洲最大空军演习启动，俄反应强烈 【财经】顺丰连陷“保价赔偿之争”！ 【体育】莱万当选世界足球先生 【娱乐】冯小刚辟谣病情恶化放弃治疗：谣言总... 【科技】年薪涨2个月，互联网人：@老板，懂？ 【教育】指导研究生亲",mainstream_news ||| mainstream_news ||| social_media ||| social_media ||| social_media ||| mainstream_news ||| mainstream_news,https://news.china.com/socialgd/10000169/20241008/47334378.html ||| https://www.kankanews.com/detail/qMyEALWaVy8 ||| https://www.163.com/dy/article/JE0S8I6O0534A4SC.html ||| https://www.toutiao.com/article/7423398712703074855/ ||| https://www.toutiao.com/article/7418410048982057472/ ||| https://finance.sina.com.cn/jjxw/2024-09-23/doc-incqcpts6845837.shtml ||| https://mil.news.sina.com.cn/2024-09-23/doc-incqcptt5223596.shtml,6,silver_candidate,standard_review,0.000,low,low_risk,accept,,,,,,医院系统性骗保、伪造病历及对抗调查的指控有通报与报道支撑，予以接受。,annotator_A,adjudicated_final,annotator_A
E021,LLM_CANON_E021_003,医保局、公安及卫健等监管部门,迅速受理举报线索并立案调查，派出飞行检查组进驻医院彻查，依法解除医保服务协议，对涉案人员采取刑事强制措施，并宣布将开展全面排查与专项整治行动。,positive,多份通报显示无锡市医保局于9月22日回应已立案并联合公安卫健彻查；国家及江苏省医保局9月23日进驻飞检，后续通报查实骗保金额并解除协议，公安机关立案控制嫌疑人，同时部署全省/全国排查。,SC_E021_003,无锡市医保局;国家医保局;江苏省医保局;公安机关;卫健部门;飞行检查组,True,,ev-00498;ev-00499;ev-00500;ev-00501;ev-00502;ev-00503;ev-00504;ev-00505;ev-00506;ev-01712;ev-01714;ev-01716;ev-01726;ev-01728;ev-01729;ev-01730,"9月21日,央视新闻报道了无锡市民营医疗机构无锡虹桥医院涉嫌骗保。9月22日凌晨,无锡市医保局发布公告回应,已根据举报线索受理调查、初步查实,并于8月30日行政立案; ||| 用微信扫描二维码 分享至好友和朋友圈 江苏省无锡虹桥医院近期因涉嫌欺诈骗保行为被曝光，引发社会广泛关注。国家医保局在9月23日派遣检查组进入该医院，配合当地公安机关展开调查，初步揭露了违规使用医保基金总计2228.4万元的情况，其中通过虚假住院、伪造医疗文件和虚构服务等方式，涉嫌欺诈性获取医保基金达1179.2万元，具体金额待最终核实。 调查揭示了该医院诈骗行为的几个特点：一是有组织犯罪，医院高层与外部人士合作，利用免费体检等名义诱导病人虚假住院；二是系统性伪造医疗记录，从开具入院到各种检查报告均按需编造；三是参与人员按“业绩”提成，包括中介、病人和医护人员均有分成；四是设立两套账簿和隔离假病人，以隐蔽手法掩盖非法行为；五是对抗调查，包括串供、篡改病历、销毁证据和删除数据等。 目前，无锡当地医保部门已终止与该医院的医保服务协议，并启动法律程序，对涉事参保人员也将依法处理。同时，24名犯罪嫌疑人，包括医院领导、中介及部分医护人员已被公安机关采取刑事措施，针对其违法行为的调查仍在继续。 作为后续行动，国家医保局计划指导江苏省医保局对无锡所有100家定点医疗机构进行全面检查，并在全国范围内启动打击欺诈骗保的专项行动，旨在清除医保体系中的不正之风和腐败现象。 11月6日，香港首只美股七巨头ETF——南方美股七巨头（03454.HK）在香港交易所正式上市。该ETF旨在追踪Solactive美 ||| 情况通报 9月21日，媒体报道无锡市民营医疗机构无锡虹桥医院涉嫌骗保。前期，无锡市医保局已根据举报线索受理调查、初步查实，并于8月30日行政立案。目前，我局正会同公安、卫健等部门进行全面彻查，将依法依规严肃查处。 衷心感谢媒体和网友对我市医保工作的关心和支持，我们一定诚恳接受社会监督，对欺诈骗保等行为绝不姑息，切实维护人民群众健康权益。 无锡市医保局 2024年9月22日 👇戳这里关注江苏新闻 详细报道请关注 江苏新闻频道 【新闻线索有奖征集🎁】报料热线：025-83195110报料邮箱：jstvinews@163.com 综合｜无锡医保 编辑｜玮玮 © 江苏新闻 关注↓ 24小时滚动播报最新的财经资讯和视频，更多粉丝福利扫描二维码关注（sinafinance） 网友提问：@@=value.question$$ 老师回答：@@=value.answer$$ @@=value.title$$ 新浪财经意见反馈留言板 新浪简介|广告服务|About Sina 联系我们|招聘信息|通行证注册 产品答疑|网站律师|SINA English Copyright © 1996-2024 SINA Corporation All Rights Reserved 新浪公司 版权所有 ||| 扫描二维码下载APP ⁺ 历史 ⁺ 收藏 ⁺ 订阅 近日，江苏省无锡虹桥医院涉嫌欺诈骗保相关情况被曝光，引起社会广泛关注。国家医保局8日通报，检查发现，该院涉嫌违法违规使用医保基金2228.4万元，其中以勾结中介或以免费体检为名，拉拢诱导参保人员虚假住院，通过伪造医学文书、虚构诊疗服务等，涉嫌欺诈骗取医保基金1179.2万元，最终金额以实际核实为准。 据了解，截至目前，当地医保部门已解除该院医保服务协议，启动行政处罚程序，并将对参与欺诈骗保的参保人员依法依规处理。当地公安机关已对医院法定代表人、院长、介绍假病人的中介以及参与骗保的医务人员等24名犯罪嫌疑人采取刑事强制措施，并对集体串供、销毁财务凭证、篡改病历、删除数据等违法行为开展调查。 下一步，国家医保局将进一步指导江苏省医保局，对无锡100家定点医药机构进行全面排查。同时，将在全国范围内组织开展严厉打击欺诈骗保专项行动，集中整治医保领域群众身边的不正之风和腐败问题。 暂无评论，快来发表你的评论吧 举报电话：021-62870000 举报邮箱：service@kankanews.com 剑网行动举报电话：12318（市文化执法总队）、021-64334547（市版权局） Copyright © 2016 Kankanews.com Inc. All Rights Reserved. 看东方（上海）传媒有限公司 版权所有 ||| 9月21日，有媒体报道江苏省无锡市民营医疗机构无锡虹桥医院涉嫌骗保。22日，无锡市医保局通报，该局正会同公安、卫健等部门进行全面彻查，将依法依规严肃查处。 据总台中国之声报道，近日，无锡虹桥医院放射影像科医生实名反映，从去年开始，医院系统内出现了一些根本没在他们科室做过影像检查的患者病历，他们既没在医院拍过片子，也没有放射影像科归档的影像号，病历记录里却有“根据影像做出的诊断”。放射影像科的医生怀疑，医院涉嫌伪造病历，骗取医疗保险。 朱医生2024年3月拍摄的问题病历，有根据影像诊断的相关内容，却没有影像和影像号。 今年3月，放射影像科医生向医院上级管理部门实名举报后，他举报的这些病历又有了影像号和片子，但存在多名患者和他人影像高度相似等问题。更多问题被发现后，问题病历被设权限已无法查看。 被举报后，补的虚假影像和虚假影像号。 对此，无锡市医保局通报称，前期，无锡市医保局已根据举报线索受理调查、初步查实，并于8月30日行政立案。目前，无锡市医保局正会同公安、卫健等部门进行全面彻查，将依法依规严肃查处。 南方都市报（nddaily）、N视频报道 南都记者敖银雪 （图片据中央广电总台中国之声） ▊返回搜狐，查看更多 ||| 用微信扫码二维码 分享至好友和朋友圈 9月21日，有媒体报道江苏省无锡市民营医疗机构无锡虹桥医院涉嫌骗保。22日，无锡市医保局通报，该局正会同公安、卫健等部门进行全面彻查，将依法依规严肃查处。 据总台中国之声报道，近日，无锡虹桥医院放射影像科医生实名反映，从去年开始，医院系统内出现了一些根本没在他们科室做过影像检查的患者病历，他们既没在医院拍过片子，也没有放射影像科归档的影像号，病历记录里却有“根据影像做出的诊断”。放射影像科的医生怀疑，医院涉嫌伪造病历，骗取医疗保险。 朱医生2024年3月拍摄的问题病历，有根据影像诊断的相关内容，却没有影像和影像号。 今年3月，放射影像科医生向医院上级管理部门实名举报后，他举报的这些病历又有了影像号和片子，但存在多名患者和他人影像高度相似等问题。更多问题被发现后，问题病历被设权限已无法查看。 被举报后，补的虚假影像和虚假影像号。 对此，无锡市医保局通报称，前期，无锡市医保局已根据举报线索受理调查、初步查实，并于8月30日行政立案。目前，无锡市医保局正会同公安、卫健等部门进行全面彻查，将依法依规严肃查处。 来源：南方都市报 编辑：思雨 责编：李杉 审核：赖婷 终审：张家玮 有新闻线索 可拨打电话029-88899916 一经采用将获得线索费奖励 特别声明：以上内容(如有图片或视频亦包括在内)为自媒体平台“网易号”用户上传并发布，本平台仅提供信息存储 ||| 9月22日凌晨,无锡市医保局就近期媒体报道的该市民营医疗机构无锡虹桥医院涉嫌骗保一事做出情况通报,称已根据举报线索受理调查、初步查实,并于8月3 ||| 登录 9月21日，中央广电总台报道了江苏无锡市民营医疗机构无锡虹桥医院涉嫌骗保一事。 无锡市医保局9月22日凌晨发布公告回应，已根据举报线索受理调查、初步查实，并于8月30日行政立案；目前正会同公安、卫健等部门进行全面彻查，将依法依规严肃查处。 此前报道 近日，江苏省无锡虹桥医院放射影像科朱医生实名向总台中国之声新闻热线400-800-0088反映，从去年开始，医院系统内出现了一些根本没在他们科室做过影像检查的患者病历，病历记录里却有“根据影像做出的诊断”。这些病历全都由医院体检中心陈医生完成，而这名医生并没有操作放射影像科CT、核磁共振仪的权限。 朱医生怀疑医院涉嫌伪造病历，骗取医疗保险。今年3月，他将没有影像号的病历拍照留证，向医院上级管理部门实名举报。在等待调查结果时，他举报的这些病历又有了影像号和片子。 随之，朱医生发现了更多问题，包括： ■ 多名患者和他人影像高度相似 ■ 1分钟内做2次核磁共振检查 ■ 影像与诊断左右方向对应错误 就在朱医生把这些新情况向上级主管部门反映后，他和同事们又发现，放射影像科已无权限查看2023年8月之前的影像，院方给出的理由是系统升级导致的错误。 朱医生带记者来到放射影像科办公室，记者看到系统内被举报的病历都已无法打开。 原标题：《医生实名举报医院涉嫌骗保，江苏无锡凌晨通报！》 阅读原文 本文为澎湃号作者或机构在澎湃新闻上传并发布，仅代表该作 ||| 用微信扫码二维码 分享至好友和朋友圈 红星资本局9月22日消息，近日引发关注的“医生实名举报医院涉嫌骗保”一事，无锡市医保局凌晨有了最新通报。 今日凌晨，无锡市医保局发布情况通报称，9月21日，媒体报道该市民营医疗机构无锡虹桥医院涉嫌骗保。前期，无锡市医保局已根据举报线索受理调查、初步查实，并于8月30日行政立案。目前，该局正会同公安、卫健等部门进行全面彻查，将依法依规严肃查处。 据央视新闻客户端此前报道，近日，江苏省无锡虹桥医院放射影像科朱医生实名向中国之声新闻热线反映，从去年开始，医院系统内出现了一些根本没在他们科室做过影像检查的患者病历，病历记录里却有“根据影像做出的诊断”。这些病历全都由医院体检中心陈医生完成，而这名医生并没有操作放射影像科CT、核磁共振仪的权限。 朱医生怀疑医院涉嫌伪造病历，骗取医疗保险。今年3月，他将没有影像号的病历拍照留证，向医院上级管理部门实名举报。在等待调查结果时，他举报的这些病历又有了影像号和片子。随之，他发现了更多问题，包括：多名患者和他人影像高度相似；1分钟内做2次核磁共振检查；影像与诊断左右方向对应错误。更多问题被发现后，问题病历被设权限无法查看。 编辑 杨程 综合自央视新闻、证券时报 特别声明：以上内容(如有图片或视频亦包括在内)为自媒体平台“网易号”用户上传并发布，本平台仅提供信息存储服务。 Notice: The content ab ||| 用微信扫码二维码 分享至好友和朋友圈 10月8日，央视新闻报道，国家医保局通报无锡虹桥医院骗保案。检查发现，该院涉嫌违规使用医保基金2228.4万元，其中涉嫌欺诈骗保1179.2万元。案件特点为团伙作案、全链条造假、计件提成等。目前，当地医保部门已解除协议并处罚，公安机关对24名嫌疑人采取刑事强制措施，并调查违法行为。下一步，国家医保局将指导江苏省医保局全面排查无锡100家定点医药机构。 特别声明：以上内容(如有图片或视频亦包括在内)为自媒体平台“网易号”用户上传并发布，本平台仅提供信息存储服务。 Notice: The content above (including the pictures and videos if any) is uploaded and posted by a user of NetEase Hao, which is a social media platform and only provides information storage services. 上游新闻 2026-05-25 14:46:47 中国新闻周刊 2026-05-24 23:46:09 中国新闻周刊 2026-05-25 07:42:52 央视新闻 2026-05-25 02:54:48 环球网资讯 2026-05-25 07:34:39 都市快报橙柿互动 2026-05-24 ||| 无锡市医保局9月24日发布情况通报:近日,我局会同公安、卫健等部门继续对无锡虹桥医院涉嫌骗取医保问题进行全面调查,目前该医院骗保情况基本查实。9月22日,我局取消其医保定点资格,公安机关刑事立案。 ||| 广东各地市 南方网 南方日报 南方都市报 南方杂志 南方日报出版社 9月21日，总台报道无锡市民营医疗机构无锡虹桥医院涉嫌骗保。无锡市医保局9月22日凌晨发布公告回应称，此前已根据举报线索受理调查、初步查实，并于8月30日行政立案。目前正会同公安、卫健等部门进行全面彻查，将依法依规严肃查处。 据此前报道，江苏无锡虹桥医院放射影像科朱医生实名向总台中国之声反映，从去年起，医院系统内出现了一些根本没在他们科室做过影像检查的患者病历，他们既没在医院拍过片子，也没有放射影像科归档的影像号，病历记录里却有“根据影像做出的诊断”。 朱医生怀疑医院涉嫌伪造病历，骗取医疗保险。今年3月，朱医生将没有影像号的病历拍照留证，向医院上级管理部门实名举报。在等待调查结果时，他发现举报的这些病历又有了影像号和片子，并发现多名患者CT影像高度相似、1分钟内做2次核磁共振检查、影像与诊断左右方向对应错误等问题。 朱医生2024年3月拍摄的问题病历，有根据影像诊断的相关内容，却没有影像和影像号。 南方网、粤学习记者 倪仕轩 扫二维码分享 南方报业传媒集团简介- 网站简介- 广告服务- 招标投标- 物资采购- 联系我们- 法律声明- 友情链接 本网站由南方新闻网版权所有，未经授权禁止复制或建立镜像 广东南方网络信息科技有限公司负责制作维护 违法和不良信息举报电话：020-87373397 18122015068 I ||| 针对近期网上举报的无锡虹桥医院涉嫌欺诈骗保问题，国家医保局和江苏省医保局高度重视，派出飞行检查组于9月23日上午进驻无锡虹桥医院开展专项飞行检查。江苏省医保部门联合卫健部门采取省市联动的方式，抽调骨干力量组成20个检查小组，举一反三对无锡市定点医院和药店进行检查，并针对曝光的问题在全省范围内开展全面排查，发现一起，严惩一起。 目前，无锡市医保局根据协议管理规定，已经作出与无锡虹桥医院解除医保服务协议的处理；当地公安机关已立案侦查，医院有关人员已被控制，后续将依法严肃处理。 此前报道：三个人CT片几乎一样！国家医保局进驻开展飞检 来源：央视新闻客户端 原标题：《已立案侦查！无锡虹桥医院涉嫌欺诈骗保 医保服务协议被解除》 编辑：朴丽娜 责编：马学玲 冲上热搜！微信又推新功能 | 新闻早餐 落马女干部流泪忏悔：帮领导管240万小金库，购买大量奢侈品赚足面子 一则干部公示，6人被标注曾用名，官方回应 24小时滚动播报最新的财经资讯和视频，更多粉丝福利扫描二维码关注（sinafinance） 网友提问：@@=value.question$$ 老师回答：@@=value.answer$$ @@=value.title$$ 新浪财经意见反馈留言板 新浪简介|广告服务|About Sina 联系我们|招聘信息|通行证注册 产品答疑|网站律师|SINA English Copyright © 199 ||| 原标题：快讯！无锡公安机关已立案侦查 无锡虹桥医院医保服务协议被解除，有关人员已被控制 针对近期网上举报的无锡虹桥医院涉嫌欺诈骗保问题，国家医保局和江苏省医保局高度重视，派出飞行检查组于9月23日上午进驻无锡虹桥医院开展专项飞行检查。江苏省医保部门联合卫健部门采取省市联动的方式，抽调骨干力量组成20个检查小组，举一反三对无锡市定点医院和药店进行检查，并针对曝光的问题在全省范围内开展全面排查，发现一起，严惩一起。 目前，无锡市医保局根据协议管理规定，已经作出与无锡虹桥医院解除医保服务协议的处理；当地公安机关已立案侦查，医院有关人员已被控制，后续将依法严肃处理。 此前报道：国家医保局已开始检查这家医院 来源 | 央视新闻客户端 审核 | 高雷 编辑 | 向歆悦 校对 | 于泽淼 了解《环球时报》的三观 请长按下方二维码关注我们or回到文章顶部，点击环球时报 （微信公众号ID：hqsbwx） 更多猛料！欢迎扫描左方二维码关注新浪军事官方微信（sinamilnews） 热门推荐 相关新闻 加载中 点击加载更多 推荐新闻 【 新闻 】特朗普称若在今年大选中失败将不再参选 【军事】欧洲最大空军演习启动，俄反应强烈 【财经】顺丰连陷“保价赔偿之争”！ 【体育】莱万当选世界足球先生 【娱乐】冯小刚辟谣病情恶化放弃治疗：谣言总... 【科技】年薪涨2个月，互联网人：@老板，懂？ 【教育】指导研究生亲 ||| 用微信扫描二维码 分享至好友和朋友圈 9月21日，有媒体报道称，无锡虹桥医院被指涉及医疗保险诈骗。对此，无锡市医保局透露，早在8月份接到相关举报后，他们已经开始介入调查并在8月30日正式立案。目前，医保局正与公安、卫生健康等部门协作，对这一事件进行全面深入的调查，确保对违规行为的处理合法且严厉。 我们对媒体及广大网民对我们工作的关注和支持表示由衷的感谢。医保局将诚挚地接受社会各界的监督，对于任何欺诈医保的行为，我们承诺坚决打击，保护好人民群众的健康利益。 ——无锡市医保局 2024年9月22日 江苏省无锡虹桥医院近期因涉嫌欺诈骗保行为被曝光，引发社会广泛关注 9月21日，有媒体报道称，无锡虹桥医院，一家民营医疗机构，被指涉嫌骗取医保资金。对此，无锡市医保局透露，他们早前已接到相关举报并启动了调查，于8月30日正式立案 国家医保局在9月23日对无锡虹桥医院启动了专项飞行检查，这是对近期网络上关于该医院涉嫌欺诈骗保举报的直接回应。检查组已于当日清晨抵达医院，着手进行深入调查 9月21日，关于江苏省无锡市虹桥医院可能涉及的骗保事件被媒体曝光。紧接着，22日无锡市医保局对外宣布，正与公安、卫健等部门协作，对这一事件展开深入调查，确保按照法律法规严格处理 10月8日，国家医保局通报了无锡虹桥医院飞行检查情况：检查发现，该院涉嫌违法违规使用医保基金2228.4万元，其中以勾结中介或以免费体检为 ||| 用微信扫码二维码 分享至好友和朋友圈 无锡虹桥医院医保服务协议被解除，有关人员已被控制 针对近期网上举报的无锡虹桥医院涉嫌欺诈骗保问题，国家医保局和江苏省医保局高度重视，派出飞行检查组于9月23日上午进驻无锡虹桥医院开展专项飞行检查。江苏省医保部门联合卫健部门采取省市联动的方式，抽调骨干力量组成20个检查小组，举一反三对无锡市定点医院和药店进行检查，并针对曝光的问题在全省范围内开展全面排查，发现一起，严惩一起。 目前，无锡市医保局根据协议管理规定，已经作出与无锡虹桥医院解除医保服务协议的处理；当地公安机关已立案侦查，医院有关人员已被控制，后续将依法严肃处理。 此前报道：国家医保局已开始检查这家医院 来源 | 央视新闻客户端 特别声明：以上内容(如有图片或视频亦包括在内)为自媒体平台“网易号”用户上传并发布，本平台仅提供信息存储服务。 Notice: The content above (including the pictures and videos if any) is uploaded and posted by a user of NetEase Hao, which is a social media platform and only provides information storage services. 上游新闻 2026-05-25 14:46:47 中国新闻",social_media ||| mainstream_news ||| mainstream_news ||| mainstream_news ||| mainstream_news ||| social_media ||| social_media ||| mainstream_news ||| social_media ||| social_media ||| social_media ||| public_web ||| mainstream_news ||| mainstream_news ||| mainstream_news ||| social_media,https://www.toutiao.com/article/7417342849177354779/ ||| https://news.china.com/socialgd/10000169/20241008/47334378.html ||| https://finance.sina.com.cn/wm/2024-09-22/doc-incpytws9383659.shtml ||| https://www.kankanews.com/detail/qMyEALWaVy8 ||| https://www.sohu.com/a/810695467_161795 ||| https://www.163.com/dy/article/JCMTTGUV0514BICS.html ||| https://www.toutiao.com/article/7417297886276239924/ ||| https://www.thepaper.cn/newsDetail_forward_28819692 ||| https://www.163.com/dy/article/JCMIS33T051492T3.html ||| https://www.163.com/dy/article/JE0S8I6O0534A4SC.html ||| https://www.toutiao.com/article/7417993582264500771/ ||| https://news.southcn.com/node_179d29f1ce/5360c4c17f.shtml ||| https://finance.sina.com.cn/jjxw/2024-09-23/doc-incqcpts6845837.shtml ||| https://mil.news.sina.com.cn/2024-09-23/doc-incqcptt5223596.shtml ||| https://news.china.com/socialgd/10000169/20240924/47264606.html ||| https://www.163.com/dy/article/JCPIS2DL0530JPVV.html,9,silver_candidate,standard_review,0.000,low,low_risk,accept,,,,,,多部门迅速立案、飞检、解除协议及部署排查的行动描述准确，情感判断合理，予以接受。,annotator_A,adjudicated_final,annotator_A
E021,LLM_CANON_E021_004,公众与新闻媒体,高度关注医院骗保事件，质疑医疗诚信与监管漏洞，呼吁依法依规严肃查处并维护医保基金安全与群众健康权益。,negative,媒体报道引发社会广泛关注，公众对医院钻空子骗保行为表示震惊与不满，同时肯定并支持监管部门“零容忍”的查处态度与后续排查行动。,SC_E021_004,网友;媒体;社会各界;央视新闻报道,True,,ev-00497;ev-00499;ev-00501;ev-01723;ev-01724;ev-01725,"骗保,顾名思义,是医院在医疗报销体系里钻空子,虚报、夸大病情以此牟利。无锡虹桥医院,几乎把这一套路发挥到了极致。 ||| 用微信扫描二维码 分享至好友和朋友圈 江苏省无锡虹桥医院近期因涉嫌欺诈骗保行为被曝光，引发社会广泛关注。国家医保局在9月23日派遣检查组进入该医院，配合当地公安机关展开调查，初步揭露了违规使用医保基金总计2228.4万元的情况，其中通过虚假住院、伪造医疗文件和虚构服务等方式，涉嫌欺诈性获取医保基金达1179.2万元，具体金额待最终核实。 调查揭示了该医院诈骗行为的几个特点：一是有组织犯罪，医院高层与外部人士合作，利用免费体检等名义诱导病人虚假住院；二是系统性伪造医疗记录，从开具入院到各种检查报告均按需编造；三是参与人员按“业绩”提成，包括中介、病人和医护人员均有分成；四是设立两套账簿和隔离假病人，以隐蔽手法掩盖非法行为；五是对抗调查，包括串供、篡改病历、销毁证据和删除数据等。 目前，无锡当地医保部门已终止与该医院的医保服务协议，并启动法律程序，对涉事参保人员也将依法处理。同时，24名犯罪嫌疑人，包括医院领导、中介及部分医护人员已被公安机关采取刑事措施，针对其违法行为的调查仍在继续。 作为后续行动，国家医保局计划指导江苏省医保局对无锡所有100家定点医疗机构进行全面检查，并在全国范围内启动打击欺诈骗保的专项行动，旨在清除医保体系中的不正之风和腐败现象。 11月6日，香港首只美股七巨头ETF——南方美股七巨头（03454.HK）在香港交易所正式上市。该ETF旨在追踪Solactive美 ||| 扫描二维码下载APP ⁺ 历史 ⁺ 收藏 ⁺ 订阅 近日，江苏省无锡虹桥医院涉嫌欺诈骗保相关情况被曝光，引起社会广泛关注。国家医保局8日通报，检查发现，该院涉嫌违法违规使用医保基金2228.4万元，其中以勾结中介或以免费体检为名，拉拢诱导参保人员虚假住院，通过伪造医学文书、虚构诊疗服务等，涉嫌欺诈骗取医保基金1179.2万元，最终金额以实际核实为准。 据了解，截至目前，当地医保部门已解除该院医保服务协议，启动行政处罚程序，并将对参与欺诈骗保的参保人员依法依规处理。当地公安机关已对医院法定代表人、院长、介绍假病人的中介以及参与骗保的医务人员等24名犯罪嫌疑人采取刑事强制措施，并对集体串供、销毁财务凭证、篡改病历、删除数据等违法行为开展调查。 下一步，国家医保局将进一步指导江苏省医保局，对无锡100家定点医药机构进行全面排查。同时，将在全国范围内组织开展严厉打击欺诈骗保专项行动，集中整治医保领域群众身边的不正之风和腐败问题。 暂无评论，快来发表你的评论吧 举报电话：021-62870000 举报邮箱：service@kankanews.com 剑网行动举报电话：12318（市文化执法总队）、021-64334547（市版权局） Copyright © 2016 Kankanews.com Inc. All Rights Reserved. 看东方（上海）传媒有限公司 版权所有 ||| 近期,一则涉及无锡虹桥医院的医保欺诈举报在网络上引发轩然大波,国家医保局迅速响应,派出飞行检查组对该院展开专项核查。这一系列动作不仅凸显了我国医保监管体系对欺诈骗保行为的“零容忍”态度,更揭示了医疗领 ||| 无锡虹桥医院作为一所二级甲等综合医院,本应是市民健康的重要保障和信赖的医疗机构。然而,近期曝出的一则关于医院涉嫌伪造病历以骗取医疗保险的消息,不仅触动了公众对于医疗诚信的敏感神经,也引发了社会各界对于 ||| 近日,无锡虹桥医院骗取医保基金案震惊全国。一家堂堂二甲医院,院长亲自带头,15人团伙伪造病历、假造影像报告,明目张胆地从医保基金中攫取利益。更令人瞠目的是,这一系列作假行为长达数月,甚至在举报期间还不",social_media ||| mainstream_news ||| mainstream_news ||| mainstream_news ||| social_media ||| social_media,https://www.toutiao.com/article/7419944651635032603/ ||| https://news.china.com/socialgd/10000169/20241008/47334378.html ||| https://www.kankanews.com/detail/qMyEALWaVy8 ||| https://www.sohu.com/a/810961743_121956424 ||| https://www.toutiao.com/article/7416992241832444468/ ||| https://www.toutiao.com/article/7418410048982057472/,4,silver_candidate,standard_review,0.000,low,low_risk,accept,,,,,,公众与媒体对骗保事件的关注、质疑及呼吁严查的立场有充分证据支持，予以接受。,annotator_A,adjudicated_final,annotator_A
E022,LLM_CANON_E022_001,武当山特区相关监管部门,针对“药王谷抗癌中心调查”事件已依法立案并开展全面调查，承诺将及时向社会通报调查和处置结果。,neutral,多份官方通报及新闻报道一致证实，三部门联合发布情况通报，确认已立案并正在全面调查。,SC_E022_001,武当山特区卫生健康局;武当山特区市场监督管理局;武当山特区公安局;特区相关部门;武当山特区卫健局、市监局、公安局,True,,ev-00517;ev-00518;ev-00520;ev-00521;ev-00522;ev-00523;ev-00524;ev-00525;ev-00526;ev-00537;ev-00539;ev-00541;ev-00542;ev-01732;ev-01733;ev-01734;ev-01738;ev-01739;ev-01740;ev-01746,"12月2日晚，武当山特区卫生健康局、武当山特区市场监督管理局、武当山特区公安局发布情况通报：感谢广大网友对“药王谷抗癌中心调查”事件的关注。武当山特区高度重视，特区相关部门对此事前期已依法立案，正在开展全面调查，调查和处置结果将及时向社会通报。 责编:陶纪燕 | 审核:李震 | 监审:万军伟返回搜狐，查看更多 ||| 下载川观新闻客户端(苹果、安卓) 下载川观新闻客户端(鸿蒙) 建议使用浏览器扫码下载 关注四川日报公众号 扫码查看 澎湃新闻 2024-12-03 11:08 全文播报 “武当发布”微信公号 12月2日，湖北武当山特区卫生健康局、武当山特区市场监督管理局、武当山特区公安局发布情况通报： 感谢广大网友对“药王谷抗癌中心调查”事件的关注。武当山特区高度重视，特区相关部门对此事前期已依法立案，正在开展全面调查，调查和处置结果将及时向社会通报。 本期编辑 邹姗 【未经授权，严禁转载！联系电话028-86968276】 未经授权，严禁转载！ 如需转载，请私信小编，或致电：028-86968693 028-86968276 转载须在正文开头显著位置注明稿件来源及作者，违者必究 川观新闻官方网址：https://cbgc.scol.com.cn 扫描或长按关注川观新闻微信号(微信号:cbgc2014) 去APP中热议吧 去APP查看 去APP查看全文 01:39 00:16 00:26 00:33 01:00 00:16 03:10 01:39 01:03 00:16 0 温馨提示 打开川观新闻客户端听全文 关闭 打开 温馨提示 是否在川观新闻客户端中打开这篇文章 取消 打开 温馨提示 还想查看更多评论请在客户端中查看 取消 打开 ||| 【大河财立方消息】12月2日晚,武当山特区卫生健康局、武当山特区市场监督管理局、武当山特区公安局发布情况通报:感谢广大网友对“药王谷抗癌中心调查”事件的关注。武当山特区高度重视,特区相关部门对此事前期 ||| 用微信扫码二维码 分享至好友和朋友圈 2024年12月2日，武当山特区卫生健康局、武当山特区市场监督管理局、武当山特区公安局发布情况通报：感谢广大网友对“药王谷抗癌中心调查”事件的关注。武当山特区高度重视，特区相关部门对此事前期已依法立案，正在开展全面调查，调查和处置结果将及时向社会通报。 特别声明：以上内容(如有图片或视频亦包括在内)为自媒体平台“网易号”用户上传并发布，本平台仅提供信息存储服务。 Notice: The content above (including the pictures and videos if any) is uploaded and posted by a user of NetEase Hao, which is a social media platform and only provides information storage services. 上游新闻 2026-05-25 14:46:47 中国新闻周刊 2026-05-24 23:46:09 央视新闻 2026-05-25 02:54:48 环球网资讯 2026-05-25 07:34:39 大风新闻 2026-05-25 22:28:10 大象新闻 2026-05-25 17:18:26 都市快报橙柿互动 2026-05-24 20:48:16 极目新闻 2026-05-25 2 ||| 12月2日晚间，武当山特区卫生健康局、武当山特区市场监督管理局、武当山特区公安局发布情况通报：感谢广大网友对“药王谷抗癌中心调查”事件的关注。武当山特区高度重视，特区相关部门对此事前期已依法立案，正在开展全面调查，调查和处置结果将及时向社会通报。 ||| 中新网12月2日电 据“武当发布”微信公众号消息,武当山特区卫生健康局、武当山特区市场监督管理局、武当山特区公安局12月2日发布情况通报称,感谢广大网友对“药王谷抗癌中心调查”事件的关注。武当山特区高 ||| 据武当发布微信公众号消息，12月2日，湖北武当山特区卫生健康局、武当山特区市场监督管理局、武当山特区公安局发布情况通报： 感谢广大网友对“药王谷抗癌中心调查”事件的关注。武当山特区高度重视，特区相关部门对此事前期已依法立案，正在开展全面调查，调查和处置结果将及时向社会通报。 （编辑：秦瑾）返回搜狐，查看更多 ||| 分享到微信X 打开微信，点击底部的“发现”，使用 “扫一扫” 即可将网页分享到我的朋友圈。 中国经济网版权所有 中国经济网新媒体矩阵 网络传播视听节目许可证(0107190) (京ICP040090) 情 况 通 报 感谢广大网友对“药王谷抗癌中心调查”事件的关注。武当山特区高度重视，特区相关部门对此事前期已依法立案，正在开展全面调查，调查和处置结果将及时向社会通报。 武当山特区卫生健康局 武当山特区市场监督管理局 武当山特区公安局 2024年12月2日 （责任编辑：单晓冰） ||| 武当发布通报:感谢广大网友对“药王谷抗癌中心调查”事件的关注。武当山特区高度重视,特区相关部门对此事前期已依法立案,正在开展全面调查,调查和处置结果将及时向社会通报。 武当山特区卫生健康局 武当山特区 ||| 退出激活卡电子版 购物车注册登录 用户名登录/手机号登录 还没有账号？免费注册 忘记密码？ 忘记密码？ + - 2024-12-02 20:53 经济观察网讯 12月2日晚间，武当山特区卫生健康局、武当山特区市场监督管理局、武当山特区公安局发布情况通报：感谢广大网友对“药王谷抗癌中心调查”事件的关注。武当山特区高度重视，特区相关部门对此事前期已依法立案，正在开展全面调查，调查和处置结果将及时向社会通报。 总编对话｜从中国走向世界——对话松下电器中国东北亚公司总裁CEO木下步 聚焦主业 提升品牌：恒安集团接班人的长期主义理想 希捷科技全球执行副总裁暨首席商务官郑万成：未来五年，中国将成为全球生成数据最多的市场 ||| 武当山特区卫生健康局、市场监督管理局、公安局联合发布情况通报,称对“药王谷抗癌中心调查”事件,相关部门前期已依法立案,正在开展全面调查。 ||| 12月2日,湖北武当山特区卫生健康局、武当山特区市场监督管理局、武当山特区公安局发布情况通报: 感谢广大网友对“药王谷抗癌中心调查”事件的关注。武当山特区高度重视,特区相关部门对此事前期已依法立案,正 ||| 12月2日晚间,武当山特区卫生健康局、武当山特区市场监督管理局、武当山特区公安局发布情况通报:感谢广大网友对“药王谷抗癌中心调查”事件的关注。武当山特区高度重视,特区相关部门对此事前期已依法立案,正在 ||| 近日，有媒体曝出位于湖北武当山桑树庙村的“药王谷中医馆”，从事“抗癌治疗”，号称抗癌治愈率超80%。从2024年4月18日开诊至5月31日停业期间有15名患者死亡，20人病情加重。 12月2日晚，武当山特区卫生健康局、武当山特区市场监督管理局、武当山特区公安局发布情况通报： 感谢广大网友对“药王谷抗癌中心调查”事件的关注。武当山特区高度重视，特区相关部门对此事前期已依法立案，正在开展全面调查，调查和处置结果将及时向社会通报。 往期推荐 送别！童祥苓逝世，曾饰演杨子荣 曾有1.7亿用户的知名社交平台宣布停服？回应来了 “王”者归来！王楚钦连胜，中国队8:0拿下印度 近期热门视频 更多精彩视频，请关注封面新闻视频号 编辑 唐维灿 责编 王 萌 审核 杨 志 点“在看”，持续关注！ 24小时滚动播报最新的财经资讯和视频，更多粉丝福利扫描二维码关注（sinafinance） 网友提问：@@=value.question$$ 老师回答：@@=value.answer$$ @@=value.title$$ 新浪财经意见反馈留言板 新浪简介|广告服务|About Sina 联系我们|招聘信息|通行证注册 产品答疑|网站律师|SINA English Copyright © 1996-2024 SINA Corporation All Rights Reserved 新浪公司 版权所有 ||| 用微信扫描二维码 分享至好友和朋友圈 12月2日，湖北武当山特区卫生健康局、市场监督管理局和公安局发布情况通报，感谢广大网友对“药王谷抗癌中心调查”事件的关注。相关部门已依法立案，正在开展全面调查，调查和处置结果将及时向社会通报。 12月2日晚间，武当山特区卫生健康局、市场监督管理局和公安局发布情况通报，感谢广大网友对“药王谷抗癌中心调查”事件的关注。相关部门已依法立案，并正在开展全面调查，调查和处置结果将及时向社会通报 12月2日晚间，武当山特区卫生健康局、武当山特区市场监督管理局、武当山特区公安局发布情况通报：感谢广大网友对“药王谷抗癌中心调查”事件的关注。 12月2日，武当山特区卫生健康局、市场监督管理局及公安局联合发布通报，针对“药王谷抗癌中心调查”事件表示高度重视，并已依法立案，正在进行全面调查。调查结果将及时向社会公布 12月2日晚间，“武当发布”公众号发布情况通报，感谢广大网友对“药王谷抗癌中心调查”事件的关注。武当山特区高度重视，相关部门已依法立案，正在开展全面调查，结果将及时向社会通报 ﻿2024年12月30日上午，山东省青岛市黄岛区人民法院一审公开宣判被告人侯元祥等人妨害药品管理案，以妨害药品管理罪分别判处被告人侯元祥有期徒刑六年，并处罚金人民币一千万元；判处被告人侯静有期徒刑三年九个月，并处罚金人民币八百万元；判处被告... 抗癌大师、治癌秘方、抗癌治愈率超8 ||| 近日,武当山特区卫生健康局、市场监督管理局及公安局联合发布的一则通报,让“药王谷抗癌中心”成为了公众关注的焦点。通报中提到,相关部门已依法立案,并正在开展全面调查,这无疑给无数关心此事的人们带来了一丝 ||| 来源：新京报 11月11日，武当山旅游经济特区公安局局长蓝侠告诉新京报记者，药王谷中医馆已被立案侦查，从初查证据来看更符合虚假广告罪构成要件。因药王谷中医馆医疗纠纷案取证量大，而且涉中药新型领域复杂案件，调查取证也需要一定的时间，目前案件正加紧侦办中。#药王谷抗癌中心调查# 返回搜狐，查看更多 ||| 中新网12月2日电 据“武当发布”微信公众号消息,武当山特区卫生健康局、武当山特区市场监督管理局、武当山特区公安局12月2日发布情况通报称,感谢广大网友对“药王谷抗癌中心调查”事件的关注。武当山特区高 ||| 2024年12月2日晚间,武当山特区卫生健康局、市场监督管理局、公安局发布情况通报, 对“药王谷中医馆”事件前期已依法立案,正在全面调查,结果将及时向社会通报. ||| 据媒体报道，从2024年4月18日开诊至5月31日停业，曾于湖北武当山药王谷中医馆就诊的患者共392人。据病友或家属提供的信息显示，就诊的患者中已有15人去世，20人病情加重。12月2日，湖北武当山特区卫健局、市监局、公安局发布情况通报称，相关部门对此事前期已依法立案，正在开展全面调查，调查和处置结果将及时向社会通报。 如今的“抗癌中心”被查，其带给就诊患者及家属的痛楚却还在发酵，而由此引发的思考也注定不会止歇。人们疑惑，这样一个号称“抗癌治愈率超80％”的神话为什么能吸引来那么多人？ 因为久病、重病，濒于绝望的病人和家属愿意抓住任何一棵可能的稻草，这或许是其中一个原因。毕竟，生之渴望过于强烈，会让人丧失一定的理性能力。更何况，“药王谷”在宣推时表现出超强的包装能力，什么医生都是“中医抗癌专家组成员”，什么中心总顾问、民间抗癌大师侯元祥有绝门医术，是“全中国中医治癌第一人”，什么“3000多名患者经侯元祥治疗后肿瘤不见了”云云，颇具迷惑性。 只是，这些手段、话术对一般患者及家属来说可能颇具“杀伤力”，但对于当地监管部门而言，似乎不该不闻不问。例如，“抗癌治愈率超80％”“全中国中医治癌第一人”等显然缺乏科学依据的说法竟能公开宣传，为何不见当地卫健部门的调查干预？一个地方出现了现象级的中医火爆现象，大量外地人蜂拥而来，即便是出于了解业务的考虑，也应该纳入监管视野，医师们有没有行医资格",mainstream_news ||| mainstream_news ||| social_media ||| social_media ||| public_web ||| social_media ||| social_media ||| public_web ||| social_media ||| mainstream_news ||| social_media ||| social_media ||| public_web ||| mainstream_news ||| mainstream_news ||| mainstream_news ||| mainstream_news ||| social_media ||| social_media ||| mainstream_news,https://www.sohu.com/a/832633380_211762 ||| https://cbgc.scol.com.cn/news/5702747 ||| https://www.toutiao.com/article/7443820969992421951/ ||| https://www.163.com/dy/article/JIEALNIJ0534A4SC.html ||| https://news.ycwb.com/2024-12/02/content_53096325.htm ||| https://www.toutiao.com/article/7443801252766433804/ ||| https://www.sohu.com/a/833042906_121979062 ||| http://www.ce.cn/xwzx/gnsz/gdxw/202412/03/t20241203_39222777.shtml ||| https://www.toutiao.com/article/7443827657320219163/ ||| http://www.eeo.com.cn/2024/1202/700610.shtml ||| https://www.toutiao.com/article/7443997189410226742/ ||| https://www.toutiao.com/article/7443804427959501347/ ||| https://www.cnr.cn/newscenter/native/gd/kx/20241202/t20241202_526996384.shtml ||| https://finance.sina.com.cn/jjxw/2024-12-02/doc-incyasqh5309251.shtml ||| https://news.china.com/socialgd/10000169/20241203/47695445.html ||| https://www.sohu.com/a/832546957_122066681 ||| https://www.sohu.com/a/832394171_122014422 ||| https://www.toutiao.com/article/7443802592453247507/ ||| https://www.toutiao.com/article/7445600830415405587/ ||| http://hb.china.com.cn/2024-12/04/content_42979592.htm,11,silver_candidate,standard_review,0.000,low,low_risk,accept,,,,,,监管部门立案调查并承诺通报结果的官方表述准确，情感中性合理，予以接受。,annotator_A,adjudicated_final,annotator_A
E022,LLM_CANON_E022_002,药王谷中医馆,涉嫌虚假宣传与非法行医，对外宣称“抗癌治愈率超80%”等不实信息，导致就诊患者出现死亡或病情加重等严重后果。,negative,媒体报道与调查指出该馆以“抗癌大师”“治癌秘方”为噱头进行夸大宣传，且初查证据更符合虚假广告罪构成要件。,SC_E022_002,药王谷“抗癌中心”;该中医馆;武当山旅游经济特区药王谷中医馆,True,,ev-01732;ev-01738;ev-01742;ev-01743;ev-01744;ev-01745;ev-01746;ev-01748,"近日，有媒体曝出位于湖北武当山桑树庙村的“药王谷中医馆”，从事“抗癌治疗”，号称抗癌治愈率超80%。从2024年4月18日开诊至5月31日停业期间有15名患者死亡，20人病情加重。 12月2日晚，武当山特区卫生健康局、武当山特区市场监督管理局、武当山特区公安局发布情况通报： 感谢广大网友对“药王谷抗癌中心调查”事件的关注。武当山特区高度重视，特区相关部门对此事前期已依法立案，正在开展全面调查，调查和处置结果将及时向社会通报。 往期推荐 送别！童祥苓逝世，曾饰演杨子荣 曾有1.7亿用户的知名社交平台宣布停服？回应来了 “王”者归来！王楚钦连胜，中国队8:0拿下印度 近期热门视频 更多精彩视频，请关注封面新闻视频号 编辑 唐维灿 责编 王 萌 审核 杨 志 点“在看”，持续关注！ 24小时滚动播报最新的财经资讯和视频，更多粉丝福利扫描二维码关注（sinafinance） 网友提问：@@=value.question$$ 老师回答：@@=value.answer$$ @@=value.title$$ 新浪财经意见反馈留言板 新浪简介|广告服务|About Sina 联系我们|招聘信息|通行证注册 产品答疑|网站律师|SINA English Copyright © 1996-2024 SINA Corporation All Rights Reserved 新浪公司 版权所有 ||| 来源：新京报 11月11日，武当山旅游经济特区公安局局长蓝侠告诉新京报记者，药王谷中医馆已被立案侦查，从初查证据来看更符合虚假广告罪构成要件。因药王谷中医馆医疗纠纷案取证量大，而且涉中药新型领域复杂案件，调查取证也需要一定的时间，目前案件正加紧侦办中。#药王谷抗癌中心调查# 返回搜狐，查看更多 ||| 近年来,抗癌治疗成为大众关注的焦点,尤其是在一些中医馆和民间疗法层出不穷的情况下,患者的选择充满了挑战和风险。近日,药王谷中医馆因在短短一个多月内,宣称治愈率高达80%的抗癌疗法引发了社会的广泛关注和 ||| “药王谷”位于风景秀丽的湖北武当山,以其独特的中医理念吸引了许多渴望通过自然疗法治愈癌症的患者。然而,最新的调查显示,该中医馆在2024年4月18日至5月31日期间接诊的392名患者中,竟有15人不幸 ||| 最近,有媒体报道说,药王谷中医馆打着抗癌大师、治癌秘方、抗癌治愈率超过80%的旗号进行宣传,吸引了很多患者前去就诊。 ||| 背景:抗癌大师、治癌秘方、抗癌治愈率超80%。本文通过对药王谷中医馆的深入调查,揭示了其虚假宣传、非法行医等问题,呼吁患者及家属提高警惕,避免受到类似机构的误导。 ||| 据媒体报道，从2024年4月18日开诊至5月31日停业，曾于湖北武当山药王谷中医馆就诊的患者共392人。据病友或家属提供的信息显示，就诊的患者中已有15人去世，20人病情加重。12月2日，湖北武当山特区卫健局、市监局、公安局发布情况通报称，相关部门对此事前期已依法立案，正在开展全面调查，调查和处置结果将及时向社会通报。 如今的“抗癌中心”被查，其带给就诊患者及家属的痛楚却还在发酵，而由此引发的思考也注定不会止歇。人们疑惑，这样一个号称“抗癌治愈率超80％”的神话为什么能吸引来那么多人？ 因为久病、重病，濒于绝望的病人和家属愿意抓住任何一棵可能的稻草，这或许是其中一个原因。毕竟，生之渴望过于强烈，会让人丧失一定的理性能力。更何况，“药王谷”在宣推时表现出超强的包装能力，什么医生都是“中医抗癌专家组成员”，什么中心总顾问、民间抗癌大师侯元祥有绝门医术，是“全中国中医治癌第一人”，什么“3000多名患者经侯元祥治疗后肿瘤不见了”云云，颇具迷惑性。 只是，这些手段、话术对一般患者及家属来说可能颇具“杀伤力”，但对于当地监管部门而言，似乎不该不闻不问。例如，“抗癌治愈率超80％”“全中国中医治癌第一人”等显然缺乏科学依据的说法竟能公开宣传，为何不见当地卫健部门的调查干预？一个地方出现了现象级的中医火爆现象，大量外地人蜂拥而来，即便是出于了解业务的考虑，也应该纳入监管视野，医师们有没有行医资格 ||| ,位于湖北十堰的药王谷 “抗癌中心” 引发广泛关注。药王谷中医馆从 2024 年4月18 日开诊至 5 月31 日停业,短短一个多月时间,就诊患者达 392 人,其中 15 人去世,20 人病情加重。",mainstream_news ||| mainstream_news ||| mainstream_news ||| mainstream_news ||| social_media ||| social_media ||| mainstream_news ||| social_media,https://finance.sina.com.cn/jjxw/2024-12-02/doc-incyasqh5309251.shtml ||| https://www.sohu.com/a/832394171_122014422 ||| https://www.sohu.com/a/832405003_121956423 ||| https://www.sohu.com/a/832449845_121956423 ||| https://www.toutiao.com/article/7443699243585389095/ ||| https://www.toutiao.com/article/7443865658217005620/ ||| http://hb.china.com.cn/2024-12/04/content_42979592.htm ||| https://www.toutiao.com/article/7443777984537920037/,4,silver_candidate,standard_review,0.000,low,low_risk,accept,,,,,,中医馆涉嫌虚假宣传、非法行医及造成严重后果的事实有媒体与初查证据支撑，予以接受。,annotator_A,adjudicated_final,annotator_A
E022,LLM_CANON_E022_003,就诊患者及家属,因求医心切前往该中医馆就诊，遭受病情加重或死亡等严重后果，承受巨大的身心痛苦与经济损失。,negative,证据显示开诊至停业期间共接诊392人，其中15人去世、20人病情加重，家属反馈证实了诊疗带来的严重伤害。,SC_E022_003,患者;病友或家属;患癌者;病人和家属,True,,ev-01732;ev-01743;ev-01746;ev-01748,"近日，有媒体曝出位于湖北武当山桑树庙村的“药王谷中医馆”，从事“抗癌治疗”，号称抗癌治愈率超80%。从2024年4月18日开诊至5月31日停业期间有15名患者死亡，20人病情加重。 12月2日晚，武当山特区卫生健康局、武当山特区市场监督管理局、武当山特区公安局发布情况通报： 感谢广大网友对“药王谷抗癌中心调查”事件的关注。武当山特区高度重视，特区相关部门对此事前期已依法立案，正在开展全面调查，调查和处置结果将及时向社会通报。 往期推荐 送别！童祥苓逝世，曾饰演杨子荣 曾有1.7亿用户的知名社交平台宣布停服？回应来了 “王”者归来！王楚钦连胜，中国队8:0拿下印度 近期热门视频 更多精彩视频，请关注封面新闻视频号 编辑 唐维灿 责编 王 萌 审核 杨 志 点“在看”，持续关注！ 24小时滚动播报最新的财经资讯和视频，更多粉丝福利扫描二维码关注（sinafinance） 网友提问：@@=value.question$$ 老师回答：@@=value.answer$$ @@=value.title$$ 新浪财经意见反馈留言板 新浪简介|广告服务|About Sina 联系我们|招聘信息|通行证注册 产品答疑|网站律师|SINA English Copyright © 1996-2024 SINA Corporation All Rights Reserved 新浪公司 版权所有 ||| “药王谷”位于风景秀丽的湖北武当山,以其独特的中医理念吸引了许多渴望通过自然疗法治愈癌症的患者。然而,最新的调查显示,该中医馆在2024年4月18日至5月31日期间接诊的392名患者中,竟有15人不幸 ||| 据媒体报道，从2024年4月18日开诊至5月31日停业，曾于湖北武当山药王谷中医馆就诊的患者共392人。据病友或家属提供的信息显示，就诊的患者中已有15人去世，20人病情加重。12月2日，湖北武当山特区卫健局、市监局、公安局发布情况通报称，相关部门对此事前期已依法立案，正在开展全面调查，调查和处置结果将及时向社会通报。 如今的“抗癌中心”被查，其带给就诊患者及家属的痛楚却还在发酵，而由此引发的思考也注定不会止歇。人们疑惑，这样一个号称“抗癌治愈率超80％”的神话为什么能吸引来那么多人？ 因为久病、重病，濒于绝望的病人和家属愿意抓住任何一棵可能的稻草，这或许是其中一个原因。毕竟，生之渴望过于强烈，会让人丧失一定的理性能力。更何况，“药王谷”在宣推时表现出超强的包装能力，什么医生都是“中医抗癌专家组成员”，什么中心总顾问、民间抗癌大师侯元祥有绝门医术，是“全中国中医治癌第一人”，什么“3000多名患者经侯元祥治疗后肿瘤不见了”云云，颇具迷惑性。 只是，这些手段、话术对一般患者及家属来说可能颇具“杀伤力”，但对于当地监管部门而言，似乎不该不闻不问。例如，“抗癌治愈率超80％”“全中国中医治癌第一人”等显然缺乏科学依据的说法竟能公开宣传，为何不见当地卫健部门的调查干预？一个地方出现了现象级的中医火爆现象，大量外地人蜂拥而来，即便是出于了解业务的考虑，也应该纳入监管视野，医师们有没有行医资格 ||| ,位于湖北十堰的药王谷 “抗癌中心” 引发广泛关注。药王谷中医馆从 2024 年4月18 日开诊至 5 月31 日停业,短短一个多月时间,就诊患者达 392 人,其中 15 人去世,20 人病情加重。",mainstream_news ||| mainstream_news ||| mainstream_news ||| social_media,https://finance.sina.com.cn/jjxw/2024-12-02/doc-incyasqh5309251.shtml ||| https://www.sohu.com/a/832449845_121956423 ||| http://hb.china.com.cn/2024-12/04/content_42979592.htm ||| https://www.toutiao.com/article/7443777984537920037/,4,silver_candidate,standard_review,0.000,low,low_risk,accept,,,,,,患者及家属遭受病情加重或死亡等严重后果的描述与证据一致，情感判断准确，予以接受。,annotator_A,adjudicated_final,annotator_A
E022,LLM_CANON_E022_004,媒体与网友,曝光中医馆诊疗资质与宣传问题，引发社会广泛关注与质疑，推动监管部门迅速介入调查。,mixed,官方通报明确感谢网友关注，媒体报道指出事件由媒体曝光引发，公众对“抗癌神话”为何能吸引大量患者提出质疑。,SC_E022_004,广大网友;媒体;公众,True,,ev-00517;ev-01732;ev-01744;ev-01745;ev-01746,"12月2日晚，武当山特区卫生健康局、武当山特区市场监督管理局、武当山特区公安局发布情况通报：感谢广大网友对“药王谷抗癌中心调查”事件的关注。武当山特区高度重视，特区相关部门对此事前期已依法立案，正在开展全面调查，调查和处置结果将及时向社会通报。 责编:陶纪燕 | 审核:李震 | 监审:万军伟返回搜狐，查看更多 ||| 近日，有媒体曝出位于湖北武当山桑树庙村的“药王谷中医馆”，从事“抗癌治疗”，号称抗癌治愈率超80%。从2024年4月18日开诊至5月31日停业期间有15名患者死亡，20人病情加重。 12月2日晚，武当山特区卫生健康局、武当山特区市场监督管理局、武当山特区公安局发布情况通报： 感谢广大网友对“药王谷抗癌中心调查”事件的关注。武当山特区高度重视，特区相关部门对此事前期已依法立案，正在开展全面调查，调查和处置结果将及时向社会通报。 往期推荐 送别！童祥苓逝世，曾饰演杨子荣 曾有1.7亿用户的知名社交平台宣布停服？回应来了 “王”者归来！王楚钦连胜，中国队8:0拿下印度 近期热门视频 更多精彩视频，请关注封面新闻视频号 编辑 唐维灿 责编 王 萌 审核 杨 志 点“在看”，持续关注！ 24小时滚动播报最新的财经资讯和视频，更多粉丝福利扫描二维码关注（sinafinance） 网友提问：@@=value.question$$ 老师回答：@@=value.answer$$ @@=value.title$$ 新浪财经意见反馈留言板 新浪简介|广告服务|About Sina 联系我们|招聘信息|通行证注册 产品答疑|网站律师|SINA English Copyright © 1996-2024 SINA Corporation All Rights Reserved 新浪公司 版权所有 ||| 最近,有媒体报道说,药王谷中医馆打着抗癌大师、治癌秘方、抗癌治愈率超过80%的旗号进行宣传,吸引了很多患者前去就诊。 ||| 背景:抗癌大师、治癌秘方、抗癌治愈率超80%。本文通过对药王谷中医馆的深入调查,揭示了其虚假宣传、非法行医等问题,呼吁患者及家属提高警惕,避免受到类似机构的误导。 ||| 据媒体报道，从2024年4月18日开诊至5月31日停业，曾于湖北武当山药王谷中医馆就诊的患者共392人。据病友或家属提供的信息显示，就诊的患者中已有15人去世，20人病情加重。12月2日，湖北武当山特区卫健局、市监局、公安局发布情况通报称，相关部门对此事前期已依法立案，正在开展全面调查，调查和处置结果将及时向社会通报。 如今的“抗癌中心”被查，其带给就诊患者及家属的痛楚却还在发酵，而由此引发的思考也注定不会止歇。人们疑惑，这样一个号称“抗癌治愈率超80％”的神话为什么能吸引来那么多人？ 因为久病、重病，濒于绝望的病人和家属愿意抓住任何一棵可能的稻草，这或许是其中一个原因。毕竟，生之渴望过于强烈，会让人丧失一定的理性能力。更何况，“药王谷”在宣推时表现出超强的包装能力，什么医生都是“中医抗癌专家组成员”，什么中心总顾问、民间抗癌大师侯元祥有绝门医术，是“全中国中医治癌第一人”，什么“3000多名患者经侯元祥治疗后肿瘤不见了”云云，颇具迷惑性。 只是，这些手段、话术对一般患者及家属来说可能颇具“杀伤力”，但对于当地监管部门而言，似乎不该不闻不问。例如，“抗癌治愈率超80％”“全中国中医治癌第一人”等显然缺乏科学依据的说法竟能公开宣传，为何不见当地卫健部门的调查干预？一个地方出现了现象级的中医火爆现象，大量外地人蜂拥而来，即便是出于了解业务的考虑，也应该纳入监管视野，医师们有没有行医资格",mainstream_news ||| mainstream_news ||| social_media ||| social_media ||| mainstream_news,https://www.sohu.com/a/832633380_211762 ||| https://finance.sina.com.cn/jjxw/2024-12-02/doc-incyasqh5309251.shtml ||| https://www.toutiao.com/article/7443699243585389095/ ||| https://www.toutiao.com/article/7443865658217005620/ ||| http://hb.china.com.cn/2024-12/04/content_42979592.htm,4,silver_candidate,standard_review,0.000,low,low_risk,accept,,,,,,证据充分支持媒体曝光、公众质疑及官方回应，情感与立场准确，无需修改。,annotator_A,adjudicated_final,annotator_A
E023,LLM_CANON_E023_001,患者/多女士,投诉在心脏彩超检查期间因第三方工程师违规闯入导致隐私暴露，质疑非医务人员进入检查室的合理性，后经院方沟通与致歉表示谅解。,mixed,证据显示患者发帖投诉隐私被侵犯并质疑工程师闯入行为，院方通报称已第一时间联系患者表达歉意并得到其沟通谅解。,SC_E023_001,患者;多女士;女患者,True,,ev-00552;ev-00571;ev-00564;ev-00565;ev-00566;ev-00567;ev-00569;ev-00581,"在医疗领域,患者隐私保护是一条不可逾越的红线。然而,近日在东莞市中医院发生的一起事件,却让这条红线受到了挑战。一位女性患者在进行心脏彩超检查时,遭遇了一名未经允许闯入检查室的工程师,这一行为不仅侵犯了 ||| 医院作为看病的场所 每天都有大量的人员走动 男女老少进进出出 在就诊的时侯 一般都是和医生单独面对面 如果有外人在旁边 肯定尴尬、坐立不安 也会在意隐私问题 近日，有网友发帖爆料，她此前在广东东莞市中医院裸露上半身做心脏彩超时，一名自称工程师的男子突然闯入，医生却任由其在病房内停留。 12月6日，记者向院方工作人员了解到，此事已在调查处理。 网友多女士（化姓）在12月4日发布的帖子中表示，此前她在东莞市中医院进行心脏彩超检查，过程中需要将上衣全部撩起，裸露上半身。然而就在检查期间，一名男子不顾门外护士“里面在做检查，请勿进入”的提示，突然闯入检查室。该男子自称是工程师，走进来坐下了。多女士立即把衣服往下拉，但彩超医生让其把衣服拉上去继续做检查，且一边检查一边与该工程师聊天。 事后，多女士立即电话投诉至医院客服中心。客服回访称，进入病房的工程师是维修彩超设备的，是去工作而非窥探。对此多女士质疑，非医护人员为何非要在病人检查期间闯入维修设备，并且围观病人检查过程，这是否涉及侵犯病人隐私？目前，她已向有关部门投诉。 12月6日，记者就此事咨询东莞市中医院，多个科室表示该院已接到此事投诉。其中一名工作人员告诉记者，院方十分重视此事，正在调查处理中，并与投诉人积极沟通。对于前述工程师为何随意进入病房，具体如何处理等问题，该工作人员表示涉及病人隐私，无法回复。 东莞市卫健局工作人员表示，如接到 ||| 中新网12月9日电 广东东莞市中医院近日在其微信公众号发布通报称，近日，某患者在东莞市中医院进行心脏彩超检查时，第三方设备维保公司一工程师违规进入检查室与医务人员沟通调试检查设备事宜，导致患者产生不良就医感受并引发投诉。事件发生后，东莞市中医院高度重视，立即对全过程进行复盘调查，并第一时间联系患者表达歉意。 经调查，该事件因涉事工程师未严格执行医院相关制度违规进入检查室造成，暴露出当班医务人员对患者隐私保护意识淡薄的问题。经东莞市中医院研究决定，对当班医务人员、涉事科室负责同志作出通报批评、深刻检查、取消年度评优等处理；责成第三方公司对涉事工程师作出严肃处理，并加强人员培训、管理，坚决杜绝此类事情再次发生。目前，医院已得到该患者的沟通谅解，东莞市中医院将全力协助该患者做好下阶段的诊疗。 接下来，东莞市中医院将通过完善机制、优化流程、强化培训、设立隐私保护监督小组等措施，坚决杜绝类似事情发生，着力改善群众就医感受、大力提升患者就医体验，竭尽全力守护患者身心健康。 【编辑:张燕玲】 更多精彩内容请进入社会新闻 发表评论文明上网理性发言，请遵守新闻评论服务协议 社会新闻精选： 重庆永川山洪地灾已导致9人死亡11人失联 2026年05月25日 18:10:35 15个高价值长江场景机会清单在深发布 向全球发出合作邀约 2026年05月25日 16:55:28 笔墨牵缘40载：草原母亲都贵玛 ||| 用微信扫码二维码 分享至好友和朋友圈 新京报讯 12月8日，东莞市中医院官微发布情况通报，内容如下： 近日，某患者在我院进行心脏彩超检查时，第三方设备维保公司一工程师违规进入检查室与医务人员沟通调试检查设备事宜，导致患者产生不良就医感受并引发投诉。事件发生后，我院高度重视，立即对全过程进行复盘调查，并第一时间联系患者表达歉意！ 经调查，该事件因涉事工程师未严格执行医院相关制度违规进入检查室造成，暴露出当班医务人员对患者隐私保护意识淡薄的问题。经我院研究决定，对当班医务人员、涉事科室负责同志作出通报批评、深刻检查、取消年度评优等处理；责成第三方公司对涉事工程师作出严肃处理，并加强人员培训、管理，坚决杜绝此类事情再次发生。目前，医院已得到该患者的沟通谅解，我们将全力协助该患者做好下阶段的诊疗。 接下来，我院将通过完善机制、优化流程、强化培训、设立隐私保护监督小组等措施，坚决杜绝类似事情发生，着力改善群众就医感受、大力提升患者就医体验，竭尽全力守护患者身心健康。 东莞市中医院 2024年12月8日 近日有网友发帖称，她此前在广东东莞市中医院裸露上半身做心脏彩超时，一名自称工程师的男子突然闯入，医生却任由其在病房内停留。 编辑 李忆林子 特别声明：以上内容(如有图片或视频亦包括在内)为自媒体平台“网易号”用户上传并发布，本平台仅提供信息存储服务。 Notice: The content a ||| 新京报 2024-12-09 08:26发布于北京新京报官方账号 新京报讯 12月8日，东莞市中医院官微发布情况通报，内容如下： 近日，某患者在我院进行心脏彩超检查时，第三方设备维保公司一工程师违规进入检查室与医务人员沟通调试检查设备事宜，导致患者产生不良就医感受并引发投诉。事件发生后，我院高度重视，立即对全过程进行复盘调查，并第一时间联系患者表达歉意！ 经调查，该事件因涉事工程师未严格执行医院相关制度违规进入检查室造成，暴露出当班医务人员对患者隐私保护意识淡薄的问题。经我院研究决定，对当班医务人员、涉事科室负责同志作出通报批评、深刻检查、取消年度评优等处理；责成第三方公司对涉事工程师作出严肃处理，并加强人员培训、管理，坚决杜绝此类事情再次发生。目前，医院已得到该患者的沟通谅解，我们将全力协助该患者做好下阶段的诊疗。 接下来，我院将通过完善机制、优化流程、强化培训、设立隐私保护监督小组等措施，坚决杜绝类似事情发生，着力改善群众就医感受、大力提升患者就医体验，竭尽全力守护患者身心健康。 东莞市中医院 2024年12月8日 近日有网友发帖称，她此前在广东东莞市中医院裸露上半身做心脏彩超时，一名自称工程师的男子突然闯入，医生却任由其在病房内停留。 编辑 李忆林子 ||| 央视网消息：据东莞市中医院微信公众号消息，东莞市中医院发布情况通报，近日，某患者在该院进行心脏彩超检查时，第三方设备维保公司一工程师违规进入检查室与医务人员沟通调试检查设备事宜，导致患者产生不良就医感受并引发投诉。事件发生后，医院立即对全过程进行复盘调查，并第一时间联系患者表达歉意。 经调查，该事件因涉事工程师未严格执行医院相关制度违规进入检查室造成，暴露出当班医务人员对患者隐私保护意识淡薄的问题。经研究决定，对当班医务人员、涉事科室负责同志作出通报批评、深刻检查、取消年度评优等处理；责成第三方公司对涉事工程师作出严肃处理，并加强人员培训、管理，坚决杜绝此类事情再次发生。目前，医院已得到该患者的沟通谅解。 （责任编辑：郭文培) ||| 据东莞市中医院微信公众号消息，东莞市中医院发布情况通报，近日，某患者在该院进行心脏彩超检查时，第三方设备维保公司一工程师违规进入检查室与医务人员沟通调试检查设备事宜，导致患者产生不良就医感受并引发投诉。事件发生后，医院立即对全过程进行复盘调查，并第一时间联系患者表达歉意。 经调查，该事件因涉事工程师未严格执行医院相关制度违规进入检查室造成，暴露出当班医务人员对患者隐私保护意识淡薄的问题。经研究决定，对当班医务人员、涉事科室负责同志作出通报批评、深刻检查、取消年度评优等处理；责成第三方公司对涉事工程师作出严肃处理，并加强人员培训、管理，坚决杜绝此类事情再次发生。目前，医院已得到该患者的沟通谅解。 ||| 用微信扫码二维码 分享至好友和朋友圈 民声天下12月9日东莞快讯 疫情发生之后，更加凸显医疗机构的作用之重要性。在提供诊疗服务的同时，也在践行着治病救人、救死扶伤的初心。然而，也有一些不和谐之音频繁见诸媒体报端。日前，一女患者在广东东莞中医院接受心脏彩超检查时遭遇设备维护人员侵入导致隐私暴露的消息，引发社会广泛关注。对此，院方及时介入给予处置。 “民声君”从东莞市中医院了解到，针对近日某患者在该院进行心脏彩超检查时，第三方设备维保公司一工程师违规进入检查室与医务人员沟通调试检查设备事宜，导致患者产生不良就医感受并引发投诉的舆情，事件发生后，院方高度重视，立即对全过程进行复盘调查，并第一时间联系患者表达歉意。 据院方介绍，经调查，该事件因涉事工程师未严格执行医院相关制度违规进入检查室造成，暴露出当班医务人员对患者隐私保护意识淡薄的问题。经院内研究决定，对当班医务人员、涉事科室负责同志作出通报批评、深刻检查、取消年度评优等处理；责成第三方公司对涉事工程师作出严肃处理，并加强人员培训、管理，坚决杜绝此类事情再次发生。目前，医院已得到该患者的沟通谅解，将全力协助该患者做好下阶段的诊疗。 院方表示，将通过完善机制、优化流程、强化培训、设立隐私保护监督小组等措施，坚决杜绝类似事情发生，着力改善群众就医感受、大力提升患者就医体验，竭尽全力守护患者身心健康。 东莞市中医院始建于1965年，是东莞地",social_media ||| public_web ||| social_media ||| social_media ||| mainstream_news ||| social_media ||| social_media ||| social_media,https://www.toutiao.com/article/7446339268961632818/ ||| https://world.huanqiu.com/article/4KYX4eb168Z ||| https://www.chinanews.com.cn/sh/2024/12-09/10333157.shtml ||| https://www.163.com/dy/article/JIV1PS0V0512D3VJ.html ||| https://view.inews.qq.com/a/20241209A01DID00 ||| http://www.ce.cn/cysc/yy/hydt/202412/09/t20241209_39229404.shtml ||| https://health.ycwb.com/2024-12/09/content_53109229.htm ||| https://www.163.com/dy/article/JIV9140L0525PDMG.html,7,silver_candidate,standard_review,0.000,low,low_risk,accept,,,,,,证据完整覆盖患者投诉、质疑及后续谅解过程，情感判定合理，符合事实。,annotator_A,adjudicated_final,annotator_A
E023,LLM_CANON_E023_002,东莞市中医院/院方,承认事件暴露当班医务人员隐私保护意识淡薄，向患者致歉，对涉事医务人员及科室负责人作出通报批评、取消评优等处理，并承诺完善机制、设立隐私保护监督小组以杜绝类似事件。,neutral,院方发布官方通报，详细说明调查结果、内部处理决定及后续整改措施，态度为积极回应与整改。,SC_E023_002,东莞市中医院;院方;医院,True,,ev-00563;ev-00564;ev-00565;ev-00566;ev-00567;ev-00568;ev-00569;ev-00570;ev-00579;ev-00581,"中新网12月9日电 广东东莞市中医院近日在其微信公众号发布通报称,近日,某患者在东莞市中医院进行心脏彩超检查时,第三方设备维保公司一工程师违规进入检查室与医务人员沟通调试检查设备事宜,导致患者产生不良 ||| 中新网12月9日电 广东东莞市中医院近日在其微信公众号发布通报称，近日，某患者在东莞市中医院进行心脏彩超检查时，第三方设备维保公司一工程师违规进入检查室与医务人员沟通调试检查设备事宜，导致患者产生不良就医感受并引发投诉。事件发生后，东莞市中医院高度重视，立即对全过程进行复盘调查，并第一时间联系患者表达歉意。 经调查，该事件因涉事工程师未严格执行医院相关制度违规进入检查室造成，暴露出当班医务人员对患者隐私保护意识淡薄的问题。经东莞市中医院研究决定，对当班医务人员、涉事科室负责同志作出通报批评、深刻检查、取消年度评优等处理；责成第三方公司对涉事工程师作出严肃处理，并加强人员培训、管理，坚决杜绝此类事情再次发生。目前，医院已得到该患者的沟通谅解，东莞市中医院将全力协助该患者做好下阶段的诊疗。 接下来，东莞市中医院将通过完善机制、优化流程、强化培训、设立隐私保护监督小组等措施，坚决杜绝类似事情发生，着力改善群众就医感受、大力提升患者就医体验，竭尽全力守护患者身心健康。 【编辑:张燕玲】 更多精彩内容请进入社会新闻 发表评论文明上网理性发言，请遵守新闻评论服务协议 社会新闻精选： 重庆永川山洪地灾已导致9人死亡11人失联 2026年05月25日 18:10:35 15个高价值长江场景机会清单在深发布 向全球发出合作邀约 2026年05月25日 16:55:28 笔墨牵缘40载：草原母亲都贵玛 ||| 用微信扫码二维码 分享至好友和朋友圈 新京报讯 12月8日，东莞市中医院官微发布情况通报，内容如下： 近日，某患者在我院进行心脏彩超检查时，第三方设备维保公司一工程师违规进入检查室与医务人员沟通调试检查设备事宜，导致患者产生不良就医感受并引发投诉。事件发生后，我院高度重视，立即对全过程进行复盘调查，并第一时间联系患者表达歉意！ 经调查，该事件因涉事工程师未严格执行医院相关制度违规进入检查室造成，暴露出当班医务人员对患者隐私保护意识淡薄的问题。经我院研究决定，对当班医务人员、涉事科室负责同志作出通报批评、深刻检查、取消年度评优等处理；责成第三方公司对涉事工程师作出严肃处理，并加强人员培训、管理，坚决杜绝此类事情再次发生。目前，医院已得到该患者的沟通谅解，我们将全力协助该患者做好下阶段的诊疗。 接下来，我院将通过完善机制、优化流程、强化培训、设立隐私保护监督小组等措施，坚决杜绝类似事情发生，着力改善群众就医感受、大力提升患者就医体验，竭尽全力守护患者身心健康。 东莞市中医院 2024年12月8日 近日有网友发帖称，她此前在广东东莞市中医院裸露上半身做心脏彩超时，一名自称工程师的男子突然闯入，医生却任由其在病房内停留。 编辑 李忆林子 特别声明：以上内容(如有图片或视频亦包括在内)为自媒体平台“网易号”用户上传并发布，本平台仅提供信息存储服务。 Notice: The content a ||| 新京报 2024-12-09 08:26发布于北京新京报官方账号 新京报讯 12月8日，东莞市中医院官微发布情况通报，内容如下： 近日，某患者在我院进行心脏彩超检查时，第三方设备维保公司一工程师违规进入检查室与医务人员沟通调试检查设备事宜，导致患者产生不良就医感受并引发投诉。事件发生后，我院高度重视，立即对全过程进行复盘调查，并第一时间联系患者表达歉意！ 经调查，该事件因涉事工程师未严格执行医院相关制度违规进入检查室造成，暴露出当班医务人员对患者隐私保护意识淡薄的问题。经我院研究决定，对当班医务人员、涉事科室负责同志作出通报批评、深刻检查、取消年度评优等处理；责成第三方公司对涉事工程师作出严肃处理，并加强人员培训、管理，坚决杜绝此类事情再次发生。目前，医院已得到该患者的沟通谅解，我们将全力协助该患者做好下阶段的诊疗。 接下来，我院将通过完善机制、优化流程、强化培训、设立隐私保护监督小组等措施，坚决杜绝类似事情发生，着力改善群众就医感受、大力提升患者就医体验，竭尽全力守护患者身心健康。 东莞市中医院 2024年12月8日 近日有网友发帖称，她此前在广东东莞市中医院裸露上半身做心脏彩超时，一名自称工程师的男子突然闯入，医生却任由其在病房内停留。 编辑 李忆林子 ||| 央视网消息：据东莞市中医院微信公众号消息，东莞市中医院发布情况通报，近日，某患者在该院进行心脏彩超检查时，第三方设备维保公司一工程师违规进入检查室与医务人员沟通调试检查设备事宜，导致患者产生不良就医感受并引发投诉。事件发生后，医院立即对全过程进行复盘调查，并第一时间联系患者表达歉意。 经调查，该事件因涉事工程师未严格执行医院相关制度违规进入检查室造成，暴露出当班医务人员对患者隐私保护意识淡薄的问题。经研究决定，对当班医务人员、涉事科室负责同志作出通报批评、深刻检查、取消年度评优等处理；责成第三方公司对涉事工程师作出严肃处理，并加强人员培训、管理，坚决杜绝此类事情再次发生。目前，医院已得到该患者的沟通谅解。 （责任编辑：郭文培) ||| 12月8日晚,东莞市中医院发布情况说明:近日,某患者在我院进行心脏彩超检查时,第三方设备维保公司一工程师违规进入检查室与医务人员沟通调试检查设备事宜,导致患者产生不良就医感受并引发投诉。事件发生后,我 ||| 据东莞市中医院微信公众号消息，东莞市中医院发布情况通报，近日，某患者在该院进行心脏彩超检查时，第三方设备维保公司一工程师违规进入检查室与医务人员沟通调试检查设备事宜，导致患者产生不良就医感受并引发投诉。事件发生后，医院立即对全过程进行复盘调查，并第一时间联系患者表达歉意。 经调查，该事件因涉事工程师未严格执行医院相关制度违规进入检查室造成，暴露出当班医务人员对患者隐私保护意识淡薄的问题。经研究决定，对当班医务人员、涉事科室负责同志作出通报批评、深刻检查、取消年度评优等处理；责成第三方公司对涉事工程师作出严肃处理，并加强人员培训、管理，坚决杜绝此类事情再次发生。目前，医院已得到该患者的沟通谅解。 ||| 近日,某患者在我院进行心脏彩超检查时,第三方设备维保公司一工程师违规进入检查室与医务人员沟通调试检查设备事宜,导致患者产生不良就医感受并引发投诉。事件发生后,我院高度重视,立即对全过程进行复盘调查,并 ||| 2024年12月8日,东莞市中医院发布声明,回应近日发生的一起引起广泛关注的事件。根据医院的通报,事情起因于一名患者在接受心脏彩超检查时,一名男子未经允许闯入检查室,打破了患者的隐私空间,导致患者产生 ||| 用微信扫码二维码 分享至好友和朋友圈 民声天下12月9日东莞快讯 疫情发生之后，更加凸显医疗机构的作用之重要性。在提供诊疗服务的同时，也在践行着治病救人、救死扶伤的初心。然而，也有一些不和谐之音频繁见诸媒体报端。日前，一女患者在广东东莞中医院接受心脏彩超检查时遭遇设备维护人员侵入导致隐私暴露的消息，引发社会广泛关注。对此，院方及时介入给予处置。 “民声君”从东莞市中医院了解到，针对近日某患者在该院进行心脏彩超检查时，第三方设备维保公司一工程师违规进入检查室与医务人员沟通调试检查设备事宜，导致患者产生不良就医感受并引发投诉的舆情，事件发生后，院方高度重视，立即对全过程进行复盘调查，并第一时间联系患者表达歉意。 据院方介绍，经调查，该事件因涉事工程师未严格执行医院相关制度违规进入检查室造成，暴露出当班医务人员对患者隐私保护意识淡薄的问题。经院内研究决定，对当班医务人员、涉事科室负责同志作出通报批评、深刻检查、取消年度评优等处理；责成第三方公司对涉事工程师作出严肃处理，并加强人员培训、管理，坚决杜绝此类事情再次发生。目前，医院已得到该患者的沟通谅解，将全力协助该患者做好下阶段的诊疗。 院方表示，将通过完善机制、优化流程、强化培训、设立隐私保护监督小组等措施，坚决杜绝类似事情发生，着力改善群众就医感受、大力提升患者就医体验，竭尽全力守护患者身心健康。 东莞市中医院始建于1965年，是东莞地",social_media ||| social_media ||| social_media ||| mainstream_news ||| social_media ||| social_media ||| social_media ||| social_media ||| social_media ||| social_media,https://www.toutiao.com/article/7446232570959888896/ ||| https://www.chinanews.com.cn/sh/2024/12-09/10333157.shtml ||| https://www.163.com/dy/article/JIV1PS0V0512D3VJ.html ||| https://view.inews.qq.com/a/20241209A01DID00 ||| http://www.ce.cn/cysc/yy/hydt/202412/09/t20241209_39229404.shtml ||| https://www.toutiao.com/article/7446214145877361164/ ||| https://health.ycwb.com/2024-12/09/content_53109229.htm ||| https://www.toutiao.com/article/7446276497393926690/ ||| https://www.toutiao.com/article/7446360654912455206/ ||| https://www.163.com/dy/article/JIV9140L0525PDMG.html,6,silver_candidate,standard_review,0.000,low,low_risk,accept,,,,,,院方通报内容与所述意见、整改措施完全一致，证据支撑充分。,annotator_A,adjudicated_final,annotator_A
E023,LLM_CANON_E023_003,第三方设备维保公司及涉事工程师,涉事工程师未严格执行医院制度违规进入检查室调试设备，院方已责成第三方公司对其作出严肃处理，并要求加强人员培训与管理。,negative,通报明确指出工程师违规进入是事件直接原因，医院已要求第三方公司严肃处理该工程师并加强管理培训。,SC_E023_003,第三方设备维保公司;涉事工程师;设备维保公司工程师,True,,ev-00564;ev-00565;ev-00566;ev-00567;ev-00569;ev-00571;ev-00581,中新网12月9日电 广东东莞市中医院近日在其微信公众号发布通报称，近日，某患者在东莞市中医院进行心脏彩超检查时，第三方设备维保公司一工程师违规进入检查室与医务人员沟通调试检查设备事宜，导致患者产生不良就医感受并引发投诉。事件发生后，东莞市中医院高度重视，立即对全过程进行复盘调查，并第一时间联系患者表达歉意。 经调查，该事件因涉事工程师未严格执行医院相关制度违规进入检查室造成，暴露出当班医务人员对患者隐私保护意识淡薄的问题。经东莞市中医院研究决定，对当班医务人员、涉事科室负责同志作出通报批评、深刻检查、取消年度评优等处理；责成第三方公司对涉事工程师作出严肃处理，并加强人员培训、管理，坚决杜绝此类事情再次发生。目前，医院已得到该患者的沟通谅解，东莞市中医院将全力协助该患者做好下阶段的诊疗。 接下来，东莞市中医院将通过完善机制、优化流程、强化培训、设立隐私保护监督小组等措施，坚决杜绝类似事情发生，着力改善群众就医感受、大力提升患者就医体验，竭尽全力守护患者身心健康。 【编辑:张燕玲】 更多精彩内容请进入社会新闻 发表评论文明上网理性发言，请遵守新闻评论服务协议 社会新闻精选： 重庆永川山洪地灾已导致9人死亡11人失联 2026年05月25日 18:10:35 15个高价值长江场景机会清单在深发布 向全球发出合作邀约 2026年05月25日 16:55:28 笔墨牵缘40载：草原母亲都贵玛 ||| 用微信扫码二维码 分享至好友和朋友圈 新京报讯 12月8日，东莞市中医院官微发布情况通报，内容如下： 近日，某患者在我院进行心脏彩超检查时，第三方设备维保公司一工程师违规进入检查室与医务人员沟通调试检查设备事宜，导致患者产生不良就医感受并引发投诉。事件发生后，我院高度重视，立即对全过程进行复盘调查，并第一时间联系患者表达歉意！ 经调查，该事件因涉事工程师未严格执行医院相关制度违规进入检查室造成，暴露出当班医务人员对患者隐私保护意识淡薄的问题。经我院研究决定，对当班医务人员、涉事科室负责同志作出通报批评、深刻检查、取消年度评优等处理；责成第三方公司对涉事工程师作出严肃处理，并加强人员培训、管理，坚决杜绝此类事情再次发生。目前，医院已得到该患者的沟通谅解，我们将全力协助该患者做好下阶段的诊疗。 接下来，我院将通过完善机制、优化流程、强化培训、设立隐私保护监督小组等措施，坚决杜绝类似事情发生，着力改善群众就医感受、大力提升患者就医体验，竭尽全力守护患者身心健康。 东莞市中医院 2024年12月8日 近日有网友发帖称，她此前在广东东莞市中医院裸露上半身做心脏彩超时，一名自称工程师的男子突然闯入，医生却任由其在病房内停留。 编辑 李忆林子 特别声明：以上内容(如有图片或视频亦包括在内)为自媒体平台“网易号”用户上传并发布，本平台仅提供信息存储服务。 Notice: The content a ||| 新京报 2024-12-09 08:26发布于北京新京报官方账号 新京报讯 12月8日，东莞市中医院官微发布情况通报，内容如下： 近日，某患者在我院进行心脏彩超检查时，第三方设备维保公司一工程师违规进入检查室与医务人员沟通调试检查设备事宜，导致患者产生不良就医感受并引发投诉。事件发生后，我院高度重视，立即对全过程进行复盘调查，并第一时间联系患者表达歉意！ 经调查，该事件因涉事工程师未严格执行医院相关制度违规进入检查室造成，暴露出当班医务人员对患者隐私保护意识淡薄的问题。经我院研究决定，对当班医务人员、涉事科室负责同志作出通报批评、深刻检查、取消年度评优等处理；责成第三方公司对涉事工程师作出严肃处理，并加强人员培训、管理，坚决杜绝此类事情再次发生。目前，医院已得到该患者的沟通谅解，我们将全力协助该患者做好下阶段的诊疗。 接下来，我院将通过完善机制、优化流程、强化培训、设立隐私保护监督小组等措施，坚决杜绝类似事情发生，着力改善群众就医感受、大力提升患者就医体验，竭尽全力守护患者身心健康。 东莞市中医院 2024年12月8日 近日有网友发帖称，她此前在广东东莞市中医院裸露上半身做心脏彩超时，一名自称工程师的男子突然闯入，医生却任由其在病房内停留。 编辑 李忆林子 ||| 央视网消息：据东莞市中医院微信公众号消息，东莞市中医院发布情况通报，近日，某患者在该院进行心脏彩超检查时，第三方设备维保公司一工程师违规进入检查室与医务人员沟通调试检查设备事宜，导致患者产生不良就医感受并引发投诉。事件发生后，医院立即对全过程进行复盘调查，并第一时间联系患者表达歉意。 经调查，该事件因涉事工程师未严格执行医院相关制度违规进入检查室造成，暴露出当班医务人员对患者隐私保护意识淡薄的问题。经研究决定，对当班医务人员、涉事科室负责同志作出通报批评、深刻检查、取消年度评优等处理；责成第三方公司对涉事工程师作出严肃处理，并加强人员培训、管理，坚决杜绝此类事情再次发生。目前，医院已得到该患者的沟通谅解。 （责任编辑：郭文培) ||| 据东莞市中医院微信公众号消息，东莞市中医院发布情况通报，近日，某患者在该院进行心脏彩超检查时，第三方设备维保公司一工程师违规进入检查室与医务人员沟通调试检查设备事宜，导致患者产生不良就医感受并引发投诉。事件发生后，医院立即对全过程进行复盘调查，并第一时间联系患者表达歉意。 经调查，该事件因涉事工程师未严格执行医院相关制度违规进入检查室造成，暴露出当班医务人员对患者隐私保护意识淡薄的问题。经研究决定，对当班医务人员、涉事科室负责同志作出通报批评、深刻检查、取消年度评优等处理；责成第三方公司对涉事工程师作出严肃处理，并加强人员培训、管理，坚决杜绝此类事情再次发生。目前，医院已得到该患者的沟通谅解。 ||| 医院作为看病的场所 每天都有大量的人员走动 男女老少进进出出 在就诊的时侯 一般都是和医生单独面对面 如果有外人在旁边 肯定尴尬、坐立不安 也会在意隐私问题 近日，有网友发帖爆料，她此前在广东东莞市中医院裸露上半身做心脏彩超时，一名自称工程师的男子突然闯入，医生却任由其在病房内停留。 12月6日，记者向院方工作人员了解到，此事已在调查处理。 网友多女士（化姓）在12月4日发布的帖子中表示，此前她在东莞市中医院进行心脏彩超检查，过程中需要将上衣全部撩起，裸露上半身。然而就在检查期间，一名男子不顾门外护士“里面在做检查，请勿进入”的提示，突然闯入检查室。该男子自称是工程师，走进来坐下了。多女士立即把衣服往下拉，但彩超医生让其把衣服拉上去继续做检查，且一边检查一边与该工程师聊天。 事后，多女士立即电话投诉至医院客服中心。客服回访称，进入病房的工程师是维修彩超设备的，是去工作而非窥探。对此多女士质疑，非医护人员为何非要在病人检查期间闯入维修设备，并且围观病人检查过程，这是否涉及侵犯病人隐私？目前，她已向有关部门投诉。 12月6日，记者就此事咨询东莞市中医院，多个科室表示该院已接到此事投诉。其中一名工作人员告诉记者，院方十分重视此事，正在调查处理中，并与投诉人积极沟通。对于前述工程师为何随意进入病房，具体如何处理等问题，该工作人员表示涉及病人隐私，无法回复。 东莞市卫健局工作人员表示，如接到 ||| 用微信扫码二维码 分享至好友和朋友圈 民声天下12月9日东莞快讯 疫情发生之后，更加凸显医疗机构的作用之重要性。在提供诊疗服务的同时，也在践行着治病救人、救死扶伤的初心。然而，也有一些不和谐之音频繁见诸媒体报端。日前，一女患者在广东东莞中医院接受心脏彩超检查时遭遇设备维护人员侵入导致隐私暴露的消息，引发社会广泛关注。对此，院方及时介入给予处置。 “民声君”从东莞市中医院了解到，针对近日某患者在该院进行心脏彩超检查时，第三方设备维保公司一工程师违规进入检查室与医务人员沟通调试检查设备事宜，导致患者产生不良就医感受并引发投诉的舆情，事件发生后，院方高度重视，立即对全过程进行复盘调查，并第一时间联系患者表达歉意。 据院方介绍，经调查，该事件因涉事工程师未严格执行医院相关制度违规进入检查室造成，暴露出当班医务人员对患者隐私保护意识淡薄的问题。经院内研究决定，对当班医务人员、涉事科室负责同志作出通报批评、深刻检查、取消年度评优等处理；责成第三方公司对涉事工程师作出严肃处理，并加强人员培训、管理，坚决杜绝此类事情再次发生。目前，医院已得到该患者的沟通谅解，将全力协助该患者做好下阶段的诊疗。 院方表示，将通过完善机制、优化流程、强化培训、设立隐私保护监督小组等措施，坚决杜绝类似事情发生，着力改善群众就医感受、大力提升患者就医体验，竭尽全力守护患者身心健康。 东莞市中医院始建于1965年，是东莞地,social_media ||| social_media ||| mainstream_news ||| social_media ||| social_media ||| public_web ||| social_media,https://www.chinanews.com.cn/sh/2024/12-09/10333157.shtml ||| https://www.163.com/dy/article/JIV1PS0V0512D3VJ.html ||| https://view.inews.qq.com/a/20241209A01DID00 ||| http://www.ce.cn/cysc/yy/hydt/202412/09/t20241209_39229404.shtml ||| https://health.ycwb.com/2024-12/09/content_53109229.htm ||| https://world.huanqiu.com/article/4KYX4eb168Z ||| https://www.163.com/dy/article/JIV9140L0525PDMG.html,6,silver_candidate,standard_review,0.000,low,low_risk,accept,,,,,,通报明确工程师违规事实及院方对第三方公司的处理要求，证据匹配度高。,annotator_A,adjudicated_final,annotator_A
E024,LLM_CANON_E024_001,受害人家属（李女士）,反映父亲在养老院遭捆绑殴打致脑出血住院，对院方行为表示强烈愤慨与质疑，认为送老人去养老院是养老而非受罪。,negative,证据显示李女士发布视频反映父亲被绑铁柱、浑身是伤并住院，受访时表示“气得手抖”，并质问院方为何如此对待老人。,SC_E024_001,李女士;受害人家属;女子;老人女儿,True,,ev-00582;ev-00583;ev-00584;ev-01760;ev-01762;ev-01763;ev-01764;ev-01766;ev-01768;ev-01770,"近日，山西曲沃县女子反映六旬父亲在乐昌镇一养老院遭捆绑疑被虐待。25日，警方通报称，涉事护工曾多次对老人捆绑、殴打，曲沃公安对涉事护工处以行拘十五日并处500元罚款。 4月25日，山西曲沃县有网友反映，其父亲在乐昌镇天慈养老院遭捆绑疑被虐待。女子称，查看监控发现，父亲多次被捆绑到养老院铁柱子上，近期住院被诊断有脑出血。女子受访时表示看到监控时“气得手抖”。辖区派出所民警回应大河报·豫视频《看见》记者，案件正在调查。记者从曲沃县人民政府获悉，当地多部门已介入此事。 随后当地发布警情通报：该局民警工作中在网上发现，曲沃县“某养老院”服务对象李某石被捆绑的视频。受害人家属也已报案，该案已调查完结。经查，曲沃县“某养老院”护工赵某发在对李某石护理期间，先后多次对李某石捆绑、殴打。根据相关规定，该局于2024年4月25日对赵某发处以行政拘留十五日并处500元罚款。 通报全文： 近日，我局民警工作中在网上发现：曲沃县“某养老院”服务对象李某石被捆绑的视频，受害人家属也已报案，该案已调查完结。 经查，曲沃县“某养老院”护工赵某发在对李某石护理期间，先后多次对李某石捆绑、殴打。根据《中华人民共和国治安管理处罚法》第四十三条之规定，我局于2024年4月25日对赵某发处以行政拘留十五日并处500元罚款。 大河报·豫视频记者 刘永恒 来源：大河报返回搜狐，查看更多 ||| 扫描二维码下载APP ⁺ 历史 ⁺ 收藏 ⁺ 订阅 4月24日，有网民发布视频称，山西临汾市曲沃县李女士反映其爸爸在曲沃县天慈养老院被捆绑，浑身是伤。4月25日，曲沃县公安局发布通报称，养老院护工被行政拘留。 警情通报 近日，我局民警工作中在网上发现：曲沃县“某养老院”服务对象李某石被捆绑的视频，受害人家属也已报案，该案已调查完结。 经查，曲沃县“某养老院”护工赵某发在对李某石护理期间，先后多次对李某石捆绑、殴打。根据《中华人民共和国治安管理处罚法》第四十三条之规定，我局于2024年4月25日对赵某发处以行政拘留十五日并处500元罚款。 暂无评论，快来发表你的评论吧 举报电话：021-62870000 举报邮箱：service@kankanews.com 剑网行动举报电话：12318（市文化执法总队）、021-64334547（市版权局） Copyright © 2016 Kankanews.com Inc. All Rights Reserved. 看东方（上海）传媒有限公司 版权所有 ||| 4月24日，有网民发布视频称，山西临汾市曲沃县李女士反映其爸爸在曲沃县天慈养老院被捆绑，浑身是伤，并且目前老人脑出血在住院。4月25日下午，乐昌镇政府回应记者称，目前此事由民政局牵头和辖区派出所正在调查。 2024年4月25日，曲沃县公安局发布警情通报： 近日，我局民警工作中在网上发现：曲沃县“某养老院”服务对象李某石被捆绑的视频，受害人家属也已报案，该案已调查完结。 经查，曲沃县“某养老院”护工赵某发在对李某石护理期间，先后多次对李某石捆绑、殴打。根据《中华人民共和国治安管理处罚法》第四十三条之规定，我局于2024年4月25日对赵某发处以行政拘留十五日并处500元罚款。 【此前报道】 山西曲沃县一老人 在养老院被捆铁柱浑身伤痕？ 镇政府回应 4月24日，有网民发布视频称，山西临汾市曲沃县李女士反映其爸爸在曲沃县天慈养老院被捆绑，浑身是伤，并且目前老人脑出血在住院。4月25日下午，乐昌镇政府回应记者称，目前此事由民政局牵头和辖区派出所正在调查。 一老人坐在轮椅上，双手靠在头上被捆绑。“我见到的时候非常气愤，手抖得不行。”视频中，老人女儿李女士提出疑问，为什么养老院会这样对待她爸爸？为什么将她爸爸绑起来？ 李女士称，她进养老院看到她爸爸被绑起来的时候，她的左手边有两三个养老院的护工站在一旁。李女士表示，她查看了两三天的监控发现，每天她爸爸都被绑在铁柱子上。 视频截图 视频中，李女士说 ||| 近日，山西曲沃县女子反映六旬父亲在乐昌镇一养老院遭捆绑疑被虐待。25日，警方通报称，涉事护工曾多次对老人捆绑、殴打，对涉事护工处以行拘十五日并处500元罚款。 通报全文如下： 近日，我局民警工作中在网上发现：曲沃县“某养老院”服务对象李某石被捆绑的视频，受害人家属也已报案，该案已调查完结。 经查，曲沃县“某养老院”护工赵某发在对李某石护理期间，先后多次对李某石捆绑、殴打。根据《中华人民共和国治安管理处罚法》第四十三条之规定，我局于2024年4月25日对赵某发处以行政拘留十五日并处500元罚款。 4月25日，山西曲沃县女子反映六旬父亲在乐昌镇一养老院遭捆绑疑被虐待。 女子称，父亲多次被捆绑到铁柱子上，近期住院被诊断有脑出血。女子在视频中控诉称：“掏钱送我爸是去养老的，不是去受罪的。”记者从曲沃县官方人士处获悉，老人小脑萎缩生活无法自理，同时患有皮肤病，养老院辩称捆绑系为防其自伤。 原标题：《老人在养老院被护工绑铁柱、殴打，警方通报→》 阅读原文 ||| 登录 4月24日，有网民发布视频称，山西临汾市曲沃县李女士反映其爸爸在曲沃县天慈养老院被捆绑，浑身是伤，并且目前老人脑出血在住院。4月25日下午，乐昌镇政府回应记者称，目前此事由民政局牵头和辖区派出所正在调查。 视频截图 视频开头，一老人坐在轮椅上，双手靠在头上被捆绑。“我见到的时候非常气愤，手抖得不行。”视频中，老人女儿李女士提出疑问，为什么养老院会这样对待她爸爸？为什么将她爸爸绑起来？ 李女士称，她进养老院看到她爸爸被绑起来的时候，她的左手边有两三个养老院的护工站在一旁。李女士表示，她查看了两三天的监控发现，每天她爸爸都被绑在铁柱子上。 视频中，李女士说第二天她接到养老院电话称她爸爸住院了，她去医院看到爸爸躺在病床上身上都是伤，医生说她爸爸大脑两侧出血。李女士称，现在她爸爸还在医院治疗，不知道大脑出血原因是被殴打还是碰撞。 4月25日，记者联系视频发布者，但对方暂未回应。对此，记者联系曲沃县天慈养老院，一名自称是该养老院“老院长”的人员回应称，李女士的爸爸来养老院才一个多月时间，有专门的服务人员照顾，具体情况她不清楚。 随后，记者也将视频情况反映给辖区乐昌镇政府，工作人员表示将向领导汇报。曲沃县民政局工作人员表示已经接到相关反映，并派人调查，目前正在调查中。 4月25日下午，乐昌镇政府回应记者称，目前此事由民政局牵头和辖区派出所正在调查。 Android版 iPhone版 iP ||| 日前,一位来自山西临汾的李女士在网上发布称自己六十多岁的老父亲,在山西临汾曲沃县乐昌镇的一家养老院里遭到养老院的捆绑殴打等虐待行为,现在因为脑出血转到医院住院治疗。 在李女士发布的视频里,她说有一天她 ||| 大连晚报 2024-04-26 08:42发布于辽宁 李女士称其父亲两侧大脑出血。 阅读 HAI DAN XIN WEN 来源：红星新闻 ||| 4月25日 山西曲沃 女子反映六旬父亲在乐昌镇一养老院遭捆绑疑被虐待（来源：沸点视频） ||| 用微信扫描二维码 分享至好友和朋友圈 警方通报养老院老人被捆绑殴打 山西曲沃县一名女子近日揭露其六旬父亲在乐昌镇某养老院遭受捆绑虐待。警方于25日发布通报，确认涉事护工对老人实施了多次捆绑与殴打行为，依法对该护工处以行政拘留十五日，并处罚款500元。警方通报养老院老人被捆绑殴打。 通报详细情况如下： 警方在网络巡查中发现一则关于曲沃县某养老院服务对象李某石被捆绑的视频，同时接到受害人家属报案。经全面调查，现已查明该养老院护工赵某发在对李某石进行护理时，存在多次捆绑及殴打老人的行为。依据《中华人民共和国治安管理处罚法》第四十三条之规定，警方于2024年4月25日对赵某发作出行政拘留十五日、罚款500元的处罚决定。警方通报养老院老人被捆绑殴打。 近日，我局民警工作中在网上发现：曲沃县“某养老院”服务对象李某石被捆绑的视频，受害人家属也已报案，该案已调查完结。 近日，山西曲沃县一名女子曝光其六旬父亲在乐昌镇某养老院遭受捆绑虐待。警方迅速回应，证实家属已就此事报案，案件现已调查完毕。据警方通报，网络上流传的一段视频显示，曲沃县某养老院的服务对象李某石遭到捆绑 5月28日傍晚，一起关于学生遭殴打事件的视频在网络上引发关注，随后当地警方迅速介入调查。据警方通报，该事件发生在5月26日周日下午3时30分左右，地点位于市职教中心的男生宿舍 4月12日，海口市公安局龙华分局发布警情通报，针对“男子电 ||| 用微信扫描二维码 分享至好友和朋友圈 近日，山西曲沃县一名女子曝光其六旬父亲在乐昌镇某养老院遭受捆绑虐待。警方迅速回应，证实家属已就此事报案，案件现已调查完毕。 据警方通报，网络上流传的一段视频显示，曲沃县某养老院的服务对象李某石遭到捆绑。经核实，该养老院护工赵某发在照顾李某石期间，曾多次对其进行捆绑及殴打。依据《中华人民共和国治安管理处罚法》第四十三条，警方已于2024年4月25日对赵某发处以行政拘留十五日并处以500元罚款的处罚。 近日，我局民警工作中在网上发现：曲沃县“某养老院”服务对象李某石被捆绑的视频，受害人家属也已报案，该案已调查完结。 山西曲沃县一名女子近日揭露其六旬父亲在乐昌镇某养老院遭受捆绑虐待。警方于25日发布通报，确认涉事护工对老人实施了多次捆绑与殴打行为，依法对该护工处以行政拘留十五日，并处罚款500元 6月10日，一段关于医院护工虐待老人的视频被网友曝光。画面中，护工多次对老人施以掌掴，老人在遭受击打时全身颤抖，这一幕甚至连拍摄者都感到难以忍受，随即向医院反映了情况 护工宋某在护理一名因车祸受伤的老年患者赵某期间，多次实施虐待行为，包括殴打、辱骂等，以此作为自己情绪的发泄渠道 重庆市江津区人民法院最近审理了一起养老机构护理人员虐待被看护人的案件，这是该地区首例此类案件。案件主角是患有阿尔兹海默症的老人张某某，由于家人工作繁忙无法周全照顾，选择了一家设施齐全",mainstream_news ||| mainstream_news ||| public_web ||| mainstream_news ||| mainstream_news ||| social_media ||| mainstream_news ||| mainstream_news ||| mainstream_news ||| mainstream_news,https://www.sohu.com/a/774376028_162758 ||| https://www.kankanews.com/detail/dVwrPG5eDy0 ||| https://www.my399.com/p/333310.html ||| https://m.thepaper.cn/newsDetail_forward_27165056 ||| https://www.thepaper.cn/newsDetail_forward_27160480 ||| https://m.toutiao.com/article/7361973423150531091/ ||| https://new.qq.com/rain/a/20240426A016JE00 ||| https://www.sohu.com/a/845668552_100114195 ||| https://news.china.com/socialgd/10000169/20240426/46429330.html ||| https://news.china.com/socialgd/10000169/20240425/46424981.html,8,silver_candidate,standard_review,0.000,low,low_risk,accept,,,,,,家属发声、愤怒情绪及核心诉求均有直接证据引语支持，表述准确。,annotator_A,adjudicated_final,annotator_A
E024,LLM_CANON_E024_003,曲沃县公安局（警方）,经调查确认护工多次对老人实施捆绑、殴打，依法对涉事护工作出行政拘留十五日并处罚款500元的处罚，通报案件已调查完结。,neutral,警方发布警情通报，明确查实护工赵某发多次捆绑殴打老人，并依据治安管理处罚法作出行政处罚。,SC_E024_003,曲沃县公安局;警方;辖区派出所;曲沃公安,True,,ev-00582;ev-00583;ev-00584;ev-00585;ev-00586;ev-00588;ev-00589;ev-00591;ev-01755;ev-01756;ev-01758;ev-01759;ev-01760;ev-01762;ev-01765;ev-01768;ev-01769;ev-01770,"近日，山西曲沃县女子反映六旬父亲在乐昌镇一养老院遭捆绑疑被虐待。25日，警方通报称，涉事护工曾多次对老人捆绑、殴打，曲沃公安对涉事护工处以行拘十五日并处500元罚款。 4月25日，山西曲沃县有网友反映，其父亲在乐昌镇天慈养老院遭捆绑疑被虐待。女子称，查看监控发现，父亲多次被捆绑到养老院铁柱子上，近期住院被诊断有脑出血。女子受访时表示看到监控时“气得手抖”。辖区派出所民警回应大河报·豫视频《看见》记者，案件正在调查。记者从曲沃县人民政府获悉，当地多部门已介入此事。 随后当地发布警情通报：该局民警工作中在网上发现，曲沃县“某养老院”服务对象李某石被捆绑的视频。受害人家属也已报案，该案已调查完结。经查，曲沃县“某养老院”护工赵某发在对李某石护理期间，先后多次对李某石捆绑、殴打。根据相关规定，该局于2024年4月25日对赵某发处以行政拘留十五日并处500元罚款。 通报全文： 近日，我局民警工作中在网上发现：曲沃县“某养老院”服务对象李某石被捆绑的视频，受害人家属也已报案，该案已调查完结。 经查，曲沃县“某养老院”护工赵某发在对李某石护理期间，先后多次对李某石捆绑、殴打。根据《中华人民共和国治安管理处罚法》第四十三条之规定，我局于2024年4月25日对赵某发处以行政拘留十五日并处500元罚款。 大河报·豫视频记者 刘永恒 来源：大河报返回搜狐，查看更多 ||| 扫描二维码下载APP ⁺ 历史 ⁺ 收藏 ⁺ 订阅 4月24日，有网民发布视频称，山西临汾市曲沃县李女士反映其爸爸在曲沃县天慈养老院被捆绑，浑身是伤。4月25日，曲沃县公安局发布通报称，养老院护工被行政拘留。 警情通报 近日，我局民警工作中在网上发现：曲沃县“某养老院”服务对象李某石被捆绑的视频，受害人家属也已报案，该案已调查完结。 经查，曲沃县“某养老院”护工赵某发在对李某石护理期间，先后多次对李某石捆绑、殴打。根据《中华人民共和国治安管理处罚法》第四十三条之规定，我局于2024年4月25日对赵某发处以行政拘留十五日并处500元罚款。 暂无评论，快来发表你的评论吧 举报电话：021-62870000 举报邮箱：service@kankanews.com 剑网行动举报电话：12318（市文化执法总队）、021-64334547（市版权局） Copyright © 2016 Kankanews.com Inc. All Rights Reserved. 看东方（上海）传媒有限公司 版权所有 ||| 4月24日，有网民发布视频称，山西临汾市曲沃县李女士反映其爸爸在曲沃县天慈养老院被捆绑，浑身是伤，并且目前老人脑出血在住院。4月25日下午，乐昌镇政府回应记者称，目前此事由民政局牵头和辖区派出所正在调查。 2024年4月25日，曲沃县公安局发布警情通报： 近日，我局民警工作中在网上发现：曲沃县“某养老院”服务对象李某石被捆绑的视频，受害人家属也已报案，该案已调查完结。 经查，曲沃县“某养老院”护工赵某发在对李某石护理期间，先后多次对李某石捆绑、殴打。根据《中华人民共和国治安管理处罚法》第四十三条之规定，我局于2024年4月25日对赵某发处以行政拘留十五日并处500元罚款。 【此前报道】 山西曲沃县一老人 在养老院被捆铁柱浑身伤痕？ 镇政府回应 4月24日，有网民发布视频称，山西临汾市曲沃县李女士反映其爸爸在曲沃县天慈养老院被捆绑，浑身是伤，并且目前老人脑出血在住院。4月25日下午，乐昌镇政府回应记者称，目前此事由民政局牵头和辖区派出所正在调查。 一老人坐在轮椅上，双手靠在头上被捆绑。“我见到的时候非常气愤，手抖得不行。”视频中，老人女儿李女士提出疑问，为什么养老院会这样对待她爸爸？为什么将她爸爸绑起来？ 李女士称，她进养老院看到她爸爸被绑起来的时候，她的左手边有两三个养老院的护工站在一旁。李女士表示，她查看了两三天的监控发现，每天她爸爸都被绑在铁柱子上。 视频截图 视频中，李女士说 ||| 中国网4月26日讯 山西省曲沃县公安局4月25日发布警情通报称,近日,曲沃县公安局民警工作中在网上发现,曲沃县“某养老院”服务对象李某石被捆绑的视频,受害人家属也已报案,该案已调查完结。经查,曲沃县“ ||| 中新网4月25日电 山西省曲沃县公安局4月25日发布警情通报称，近日，曲沃县公安局民警工作中在网上发现，曲沃县“某养老院”服务对象李某石被捆绑的视频，受害人家属也已报案，该案已调查完结。经查，曲沃县“某养老院”护工赵某发在对李某石护理期间，先后多次对李某石捆绑、殴打。 根据《中华人民共和国治安管理处罚法》第四十三条之规定，曲沃县公安局于2024年4月25日对赵某发处以行政拘留十五日并处500元罚款。 被网暴女干部，这四段视频，让人泪目 中新网评：安全生产 不能只靠“开会看监控” 为何今年暴雨来得又早又强？气象专家详解 紧急提醒！汛期，这些危险地区要远离！ 神二十三任务新亮点：港人飞天、太空“种稻”、飞船舷窗升级 武契奇访华首站登长城：购熊猫玩偶 笑谈“577”昵称 贾永婕喊“不当台湾人可以离开” 岛内舆论怒怼 中新网评：安全责任，不能总用生命来“检验” 想吃烧烤哪家强？西北藏着一个适合“撸串”的小城 复古经济兴起：年轻人愿为“回忆”买单 民生应用场景“多点开花” 低空经济正走向普惠阶段 “东北超”开踢，为东北全面振兴注入鲜活动能 中国“离境退税2.0”为打造国际化消费环境添动力 港人飞天，星辰可及 美联储新主席宣誓就任 “沃什时代”政策迷雾待解 抓科创、强产业，长三角一体化发展再提速 你身上穿的T恤，大概率来自这个北方小城 美军导弹告急，韩国日本更急？ 灾区女干部戴耳环遭网暴 本人 ||| 近日,在某养老院内,一位老人被绑在铁柱上引起了广泛关注。经过警方的调查,我们了解到涉事护工曾多次对老人捆绑、殴打,行拘十五日并处500元罚款。据悉,该护工因情绪激动等原因,多次对老人实施捆绑和殴打等行 ||| 近日,山西曲沃县女子反映六旬父亲在乐昌镇一养老院遭捆绑疑被虐待。25日,警方通报称,涉事护工曾多次对老人捆绑、殴打,曲沃公安对涉事护工处以行拘十 ||| 法治 【老人在養老院被捆綁毆打】山西省曲沃縣公安局4月25日發佈警情通報稱，近日，曲沃縣公安局民警工作中在網上發現，曲沃縣“某養老院”服務對象李某石被捆綁的視頻，受害人家屬也已報案，該案已調查完結。經查，曲沃縣“某養老院”護工趙某發在對李某石護理期間，先後多次對李某石捆綁、毆打。 根據《中華人民共和國治安管理處罰法》第四十三條之規定，曲沃縣公安局于2024年4月25日對趙某發處以行政拘留十五日並處500元罰款。 責任編輯：李海嘯 ||| 近日, 有网民发布视频称, 山西曲沃县一女子反映,其 六旬父亲在乐昌镇一养老院遭捆绑疑被虐待 。 4月25日,警方通报称, 涉事护工曾多次对老人捆绑、殴打 ,曲沃公安对涉事护工处以 行拘15日并处50 ||| 投稿 退出 大皖新闻讯 4月24日，有网民发布视频称，山西临汾市曲沃县李女士反映其爸爸在曲沃县天慈养老院被捆绑，浑身是伤，并且目前老人脑出血在住院。4月25日下午，乐昌镇政府回应大皖新闻记者称，目前此事由民政局牵头和辖区派出所正在调查。 大皖新闻记者注意到，2024年4月25日，曲沃县公安局发布警情通报。 近日，该局民警工作中在网上发现:曲沃县""某养老院""服务对象李某石被捆绑的视频，受害人家属也已报案，该案已调查完结。 经查，曲沃县""某养老院""护工赵某发在对李某石护理期间，先后多次对李某石捆绑、殴打。根据《中华人民共和国治安管理处罚法》第四十三条之规定，该局于2024年4月25日对赵某发处以行政拘留十五日并处500元罚款。 大皖新闻记者 余康生 编辑 陶娜 大皖新闻讯 4月24日，有网民发布视频称，山西临汾市曲沃县李女士反映其爸爸在曲沃县天慈养老院被捆绑，浑身是伤，并且目前老人脑出血在住院。4月25日下午，乐昌镇政府回应大皖新闻记者称，目前此事由民政局牵头和辖区派出所正在调查。 大皖新闻记者注意到，2024年4月25日，曲沃县公安局发布警情通报。 近日，该局民警工作中在网上发现:曲沃县""某养老院""服务对象李某石被捆绑的视频，受害人家属也已报案，该案已调查完结。 经查，曲沃县""某养老院""护工赵某发在对李某石护理期间，先后多次对李某石捆绑、殴打。根据《中华人民共和国治安管理处罚法》第四 ||| 山西曲沃县一老人在养老院遭捆绑疑被虐待，警方通报：涉事护工行拘 来源：央视网 2024-04-26 08:29 ||| 时间：2024-04-25 17:36:37 来源：央视网 分享到微信朋友圈 近日，曲沃县公安局民警工作中在网上发现曲沃县“某养老院”服务对象李某石被捆绑的视频，受害人家属也已报案，该案已调查完结。 央视网消息：曲沃县公安局4月25日通报：近日，曲沃县公安局民警工作中在网上发现曲沃县“某养老院”服务对象李某石被捆绑的视频，受害人家属也已报案，该案已调查完结。 经查，曲沃县“某养老院”护工赵某发在对李某石护理期间，先后多次对李某石捆绑、殴打。根据《中华人民共和国治安管理处罚法》第四十三条之规定，曲沃县公安局于2024年4月25日对赵某发处以行政拘留十五日并处500元罚款。 编辑：秦秦 发现｜硬核科技云集第十届丝博会 打造“陕亮”新体验 发现｜汇聚丝路奇珍 共探丝路优品展（国家馆） ||| 近日，山西曲沃县女子反映六旬父亲在乐昌镇一养老院遭捆绑疑被虐待。25日，警方通报称，涉事护工曾多次对老人捆绑、殴打，对涉事护工处以行拘十五日并处500元罚款。 通报全文如下： 近日，我局民警工作中在网上发现：曲沃县“某养老院”服务对象李某石被捆绑的视频，受害人家属也已报案，该案已调查完结。 经查，曲沃县“某养老院”护工赵某发在对李某石护理期间，先后多次对李某石捆绑、殴打。根据《中华人民共和国治安管理处罚法》第四十三条之规定，我局于2024年4月25日对赵某发处以行政拘留十五日并处500元罚款。 4月25日，山西曲沃县女子反映六旬父亲在乐昌镇一养老院遭捆绑疑被虐待。 女子称，父亲多次被捆绑到铁柱子上，近期住院被诊断有脑出血。女子在视频中控诉称：“掏钱送我爸是去养老的，不是去受罪的。”记者从曲沃县官方人士处获悉，老人小脑萎缩生活无法自理，同时患有皮肤病，养老院辩称捆绑系为防其自伤。 原标题：《老人在养老院被护工绑铁柱、殴打，警方通报→》 阅读原文 ||| 登录 4月24日，有网民发布视频称，山西临汾市曲沃县李女士反映其爸爸在曲沃县天慈养老院被捆绑，浑身是伤，并且目前老人脑出血在住院。4月25日下午，乐昌镇政府回应记者称，目前此事由民政局牵头和辖区派出所正在调查。 视频截图 视频开头，一老人坐在轮椅上，双手靠在头上被捆绑。“我见到的时候非常气愤，手抖得不行。”视频中，老人女儿李女士提出疑问，为什么养老院会这样对待她爸爸？为什么将她爸爸绑起来？ 李女士称，她进养老院看到她爸爸被绑起来的时候，她的左手边有两三个养老院的护工站在一旁。李女士表示，她查看了两三天的监控发现，每天她爸爸都被绑在铁柱子上。 视频中，李女士说第二天她接到养老院电话称她爸爸住院了，她去医院看到爸爸躺在病床上身上都是伤，医生说她爸爸大脑两侧出血。李女士称，现在她爸爸还在医院治疗，不知道大脑出血原因是被殴打还是碰撞。 4月25日，记者联系视频发布者，但对方暂未回应。对此，记者联系曲沃县天慈养老院，一名自称是该养老院“老院长”的人员回应称，李女士的爸爸来养老院才一个多月时间，有专门的服务人员照顾，具体情况她不清楚。 随后，记者也将视频情况反映给辖区乐昌镇政府，工作人员表示将向领导汇报。曲沃县民政局工作人员表示已经接到相关反映，并派人调查，目前正在调查中。 4月25日下午，乐昌镇政府回应记者称，目前此事由民政局牵头和辖区派出所正在调查。 Android版 iPhone版 iP ||| 用微信扫码二维码 分享至好友和朋友圈 近日，临汾市曲沃县一女子反映其六旬父亲在乐昌镇一养老院遭捆绑疑被虐待。25日，警方发布了通报，内容如下： 近日，我局民警工作中在网上发现：曲沃县“某养老院”服务对象李某石被捆绑的视频，受害人家属也已报案，该案已调查完结。 经查，曲沃县“某养老院”护工赵某发在对李某石护理期间，先后多次对李某石捆绑、殴打。根据《中华人民共和国治安管理处罚法》第四十三条之规定，我局于2024年4月25日对赵某发处以行政拘留十五日并处500元罚款。 曲沃县公安局 2024年4月25日 （来源：壹点号@社会万象） ||| 用微信扫描二维码 分享至好友和朋友圈 警方通报养老院老人被捆绑殴打 山西曲沃县一名女子近日揭露其六旬父亲在乐昌镇某养老院遭受捆绑虐待。警方于25日发布通报，确认涉事护工对老人实施了多次捆绑与殴打行为，依法对该护工处以行政拘留十五日，并处罚款500元。警方通报养老院老人被捆绑殴打。 通报详细情况如下： 警方在网络巡查中发现一则关于曲沃县某养老院服务对象李某石被捆绑的视频，同时接到受害人家属报案。经全面调查，现已查明该养老院护工赵某发在对李某石进行护理时，存在多次捆绑及殴打老人的行为。依据《中华人民共和国治安管理处罚法》第四十三条之规定，警方于2024年4月25日对赵某发作出行政拘留十五日、罚款500元的处罚决定。警方通报养老院老人被捆绑殴打。 近日，我局民警工作中在网上发现：曲沃县“某养老院”服务对象李某石被捆绑的视频，受害人家属也已报案，该案已调查完结。 近日，山西曲沃县一名女子曝光其六旬父亲在乐昌镇某养老院遭受捆绑虐待。警方迅速回应，证实家属已就此事报案，案件现已调查完毕。据警方通报，网络上流传的一段视频显示，曲沃县某养老院的服务对象李某石遭到捆绑 5月28日傍晚，一起关于学生遭殴打事件的视频在网络上引发关注，随后当地警方迅速介入调查。据警方通报，该事件发生在5月26日周日下午3时30分左右，地点位于市职教中心的男生宿舍 4月12日，海口市公安局龙华分局发布警情通报，针对“男子电 ||| 南宁晚报 2024-04-25 20:59发布于广西南宁晚报官方账号 近日，该局民警工作中在网上发现：曲沃县“某养老院”服务对象李某石被捆绑的视频，受害人家属也已报案，该案已调查完结。 经查，曲沃县“某养老院”护工赵某发在对李某石护理期间，先后多次对李某石捆绑、殴打。根据《中华人民共和国治安管理处罚法》第四十三条之规定，该局于2024年4月25日对赵某发处以行政拘留十五日并处500元罚款。 ||| 用微信扫描二维码 分享至好友和朋友圈 近日，山西曲沃县一名女子曝光其六旬父亲在乐昌镇某养老院遭受捆绑虐待。警方迅速回应，证实家属已就此事报案，案件现已调查完毕。 据警方通报，网络上流传的一段视频显示，曲沃县某养老院的服务对象李某石遭到捆绑。经核实，该养老院护工赵某发在照顾李某石期间，曾多次对其进行捆绑及殴打。依据《中华人民共和国治安管理处罚法》第四十三条，警方已于2024年4月25日对赵某发处以行政拘留十五日并处以500元罚款的处罚。 近日，我局民警工作中在网上发现：曲沃县“某养老院”服务对象李某石被捆绑的视频，受害人家属也已报案，该案已调查完结。 山西曲沃县一名女子近日揭露其六旬父亲在乐昌镇某养老院遭受捆绑虐待。警方于25日发布通报，确认涉事护工对老人实施了多次捆绑与殴打行为，依法对该护工处以行政拘留十五日，并处罚款500元 6月10日，一段关于医院护工虐待老人的视频被网友曝光。画面中，护工多次对老人施以掌掴，老人在遭受击打时全身颤抖，这一幕甚至连拍摄者都感到难以忍受，随即向医院反映了情况 护工宋某在护理一名因车祸受伤的老年患者赵某期间，多次实施虐待行为，包括殴打、辱骂等，以此作为自己情绪的发泄渠道 重庆市江津区人民法院最近审理了一起养老机构护理人员虐待被看护人的案件，这是该地区首例此类案件。案件主角是患有阿尔兹海默症的老人张某某，由于家人工作繁忙无法周全照顾，选择了一家设施齐全",mainstream_news ||| mainstream_news ||| public_web ||| public_web ||| public_web ||| social_media ||| social_media ||| mainstream_news ||| mainstream_news ||| mainstream_news ||| mainstream_news ||| mainstream_news ||| mainstream_news ||| mainstream_news ||| mainstream_news ||| mainstream_news ||| mainstream_news ||| mainstream_news,https://www.sohu.com/a/774376028_162758 ||| https://www.kankanews.com/detail/dVwrPG5eDy0 ||| https://www.my399.com/p/333310.html ||| http://www.hxxkw.org/dujia/jj/247901.html ||| https://www.chinanews.com.cn/sh/2024/04-25/10205935.shtml ||| https://www.toutiao.com/article/7361750138928546341/ ||| https://www.toutiao.com/article/7361954234067223066/ ||| http://big5.china.com.cn/gate/big5/henan.china.com.cn/legal/2024-04/26/content_42771075.htm ||| https://www.sohu.com/a/774296913_120711264 ||| http://m.ahwang.cn/newsflash/20240425/2674044.html ||| https://www.syd.com.cn/newscenter/content/2024-04/26/content_77735.html ||| http://news.cnwest.com/tianxia/a/2024/04/25/22553294.html ||| https://m.thepaper.cn/newsDetail_forward_27165056 ||| https://www.thepaper.cn/newsDetail_forward_27160480 ||| https://sd.china.com/shms/20000934/20240426/25869910.html ||| https://news.china.com/socialgd/10000169/20240426/46429330.html ||| https://new.qq.com/rain/a/20240425A09EPT00 ||| https://news.china.com/socialgd/10000169/20240425/46424981.html,15,silver_candidate,standard_review,0.000,low,low_risk,accept,,,,,,警方通报事实、处罚依据及结果与意见完全吻合，证据确凿。,annotator_A,adjudicated_final,annotator_A
E024,LLM_CANON_E024_004,乐昌镇政府及民政部门,回应称已介入此事，目前由民政局牵头联合辖区派出所开展调查。,neutral,镇政府工作人员回应记者询问，明确事件正由民政局牵头和派出所联合调查中。,SC_E024_004,乐昌镇政府;民政局;当地多部门,True,,ev-00582;ev-00584;ev-01756;ev-01762,"近日，山西曲沃县女子反映六旬父亲在乐昌镇一养老院遭捆绑疑被虐待。25日，警方通报称，涉事护工曾多次对老人捆绑、殴打，曲沃公安对涉事护工处以行拘十五日并处500元罚款。 4月25日，山西曲沃县有网友反映，其父亲在乐昌镇天慈养老院遭捆绑疑被虐待。女子称，查看监控发现，父亲多次被捆绑到养老院铁柱子上，近期住院被诊断有脑出血。女子受访时表示看到监控时“气得手抖”。辖区派出所民警回应大河报·豫视频《看见》记者，案件正在调查。记者从曲沃县人民政府获悉，当地多部门已介入此事。 随后当地发布警情通报：该局民警工作中在网上发现，曲沃县“某养老院”服务对象李某石被捆绑的视频。受害人家属也已报案，该案已调查完结。经查，曲沃县“某养老院”护工赵某发在对李某石护理期间，先后多次对李某石捆绑、殴打。根据相关规定，该局于2024年4月25日对赵某发处以行政拘留十五日并处500元罚款。 通报全文： 近日，我局民警工作中在网上发现：曲沃县“某养老院”服务对象李某石被捆绑的视频，受害人家属也已报案，该案已调查完结。 经查，曲沃县“某养老院”护工赵某发在对李某石护理期间，先后多次对李某石捆绑、殴打。根据《中华人民共和国治安管理处罚法》第四十三条之规定，我局于2024年4月25日对赵某发处以行政拘留十五日并处500元罚款。 大河报·豫视频记者 刘永恒 来源：大河报返回搜狐，查看更多 ||| 4月24日，有网民发布视频称，山西临汾市曲沃县李女士反映其爸爸在曲沃县天慈养老院被捆绑，浑身是伤，并且目前老人脑出血在住院。4月25日下午，乐昌镇政府回应记者称，目前此事由民政局牵头和辖区派出所正在调查。 2024年4月25日，曲沃县公安局发布警情通报： 近日，我局民警工作中在网上发现：曲沃县“某养老院”服务对象李某石被捆绑的视频，受害人家属也已报案，该案已调查完结。 经查，曲沃县“某养老院”护工赵某发在对李某石护理期间，先后多次对李某石捆绑、殴打。根据《中华人民共和国治安管理处罚法》第四十三条之规定，我局于2024年4月25日对赵某发处以行政拘留十五日并处500元罚款。 【此前报道】 山西曲沃县一老人 在养老院被捆铁柱浑身伤痕？ 镇政府回应 4月24日，有网民发布视频称，山西临汾市曲沃县李女士反映其爸爸在曲沃县天慈养老院被捆绑，浑身是伤，并且目前老人脑出血在住院。4月25日下午，乐昌镇政府回应记者称，目前此事由民政局牵头和辖区派出所正在调查。 一老人坐在轮椅上，双手靠在头上被捆绑。“我见到的时候非常气愤，手抖得不行。”视频中，老人女儿李女士提出疑问，为什么养老院会这样对待她爸爸？为什么将她爸爸绑起来？ 李女士称，她进养老院看到她爸爸被绑起来的时候，她的左手边有两三个养老院的护工站在一旁。李女士表示，她查看了两三天的监控发现，每天她爸爸都被绑在铁柱子上。 视频截图 视频中，李女士说 ||| 投稿 退出 大皖新闻讯 4月24日，有网民发布视频称，山西临汾市曲沃县李女士反映其爸爸在曲沃县天慈养老院被捆绑，浑身是伤，并且目前老人脑出血在住院。4月25日下午，乐昌镇政府回应大皖新闻记者称，目前此事由民政局牵头和辖区派出所正在调查。 大皖新闻记者注意到，2024年4月25日，曲沃县公安局发布警情通报。 近日，该局民警工作中在网上发现:曲沃县""某养老院""服务对象李某石被捆绑的视频，受害人家属也已报案，该案已调查完结。 经查，曲沃县""某养老院""护工赵某发在对李某石护理期间，先后多次对李某石捆绑、殴打。根据《中华人民共和国治安管理处罚法》第四十三条之规定，该局于2024年4月25日对赵某发处以行政拘留十五日并处500元罚款。 大皖新闻记者 余康生 编辑 陶娜 大皖新闻讯 4月24日，有网民发布视频称，山西临汾市曲沃县李女士反映其爸爸在曲沃县天慈养老院被捆绑，浑身是伤，并且目前老人脑出血在住院。4月25日下午，乐昌镇政府回应大皖新闻记者称，目前此事由民政局牵头和辖区派出所正在调查。 大皖新闻记者注意到，2024年4月25日，曲沃县公安局发布警情通报。 近日，该局民警工作中在网上发现:曲沃县""某养老院""服务对象李某石被捆绑的视频，受害人家属也已报案，该案已调查完结。 经查，曲沃县""某养老院""护工赵某发在对李某石护理期间，先后多次对李某石捆绑、殴打。根据《中华人民共和国治安管理处罚法》第四 ||| 登录 4月24日，有网民发布视频称，山西临汾市曲沃县李女士反映其爸爸在曲沃县天慈养老院被捆绑，浑身是伤，并且目前老人脑出血在住院。4月25日下午，乐昌镇政府回应记者称，目前此事由民政局牵头和辖区派出所正在调查。 视频截图 视频开头，一老人坐在轮椅上，双手靠在头上被捆绑。“我见到的时候非常气愤，手抖得不行。”视频中，老人女儿李女士提出疑问，为什么养老院会这样对待她爸爸？为什么将她爸爸绑起来？ 李女士称，她进养老院看到她爸爸被绑起来的时候，她的左手边有两三个养老院的护工站在一旁。李女士表示，她查看了两三天的监控发现，每天她爸爸都被绑在铁柱子上。 视频中，李女士说第二天她接到养老院电话称她爸爸住院了，她去医院看到爸爸躺在病床上身上都是伤，医生说她爸爸大脑两侧出血。李女士称，现在她爸爸还在医院治疗，不知道大脑出血原因是被殴打还是碰撞。 4月25日，记者联系视频发布者，但对方暂未回应。对此，记者联系曲沃县天慈养老院，一名自称是该养老院“老院长”的人员回应称，李女士的爸爸来养老院才一个多月时间，有专门的服务人员照顾，具体情况她不清楚。 随后，记者也将视频情况反映给辖区乐昌镇政府，工作人员表示将向领导汇报。曲沃县民政局工作人员表示已经接到相关反映，并派人调查，目前正在调查中。 4月25日下午，乐昌镇政府回应记者称，目前此事由民政局牵头和辖区派出所正在调查。 Android版 iPhone版 iP",mainstream_news ||| public_web ||| mainstream_news ||| mainstream_news,https://www.sohu.com/a/774376028_162758 ||| https://www.my399.com/p/333310.html ||| http://m.ahwang.cn/newsflash/20240425/2674044.html ||| https://www.thepaper.cn/newsDetail_forward_27160480,4,silver_candidate,standard_review,0.000,low,low_risk,accept,,,,,,镇政府及民政局介入调查的回应有明确媒体报道佐证，信息一致。,annotator_A,adjudicated_final,annotator_A
E025,LLM_CANON_E025_001,上海市东方医院,立即暂停涉事医生孙某新的医疗工作，配合医院及相关部门调查，承诺依法依规严肃处理，并强调“一切为了患者”将持续改进。,neutral,医院官网及多家权威媒体发布了《关于孙某新医生相关舆情的说明》，明确列出暂停工作、配合调查、依法处理及持续改进三项官方措施。,SC_E025_001,院方;东方医院;上海市东方医院,True,,ev-00602;ev-00605;ev-01777;ev-01782;ev-01783;ev-01785;ev-01787,"广东各地市 南方网 南方日报 南方都市报 南方杂志 南方日报出版社 近日，有网民举报称，上海市东方医院孙某新医生“泄露患者隐私”，引发关注。 7月3日，上海市东方医院网站发布《关于孙某新医生相关舆情的说明》，其中指出，针对近日网传孙某新医生“泄露患者隐私”的问题，该院采取如下措施： 1.立即暂停孙某新医生医疗工作，配合医院和相关部门调查； 2.医院将本着严肃认真和客观公正的态度，依法依规严肃处理； 3.一切为了患者，这是医院秉持的和应有的宗旨，并将持续改进！ 图源：上海市东方医院网站 南方网、粤学习记者 黎洁婵 扫二维码分享 南方报业传媒集团简介- 网站简介- 广告服务- 招标投标- 物资采购- 联系我们- 法律声明- 友情链接 本网站由南方新闻网版权所有，未经授权禁止复制或建立镜像 广东南方网络信息科技有限公司负责制作维护 违法和不良信息举报电话：020-87373397 18122015068 ICP备案号：粤B-20050235 ||| 针对近日网传孙某新医生“泄露患者隐私”的问题,上海市东方医院在官网上发布公告称,将采取如下措施:1、立即暂停孙某新医生医疗工作,配合医院和相关部门调查;2、医院将本着严肃认真和客观公正的态度,依法依规 ||| 7月3日，记者联系到举报人余女士，她称，其本人曾是孙某新的患者。余女士提供的相关信息显示，2022年11月至12月，孙某新曾向其发送过一位女性患者被麻醉后接受治疗的照片和视频，2023年6月，孙某新又向其发送了一位患者被麻醉后接受治疗的照片。余女士告诉记者，这些照片和视频在发送给她时，均未打码，暴露了病人的隐私部位。此外，孙某新还在2022年、2023年分别向其发送过多份病人个人信息表的图片，信息中包含身份证号码等。 7月3日，上海市东方医院相关负责人回应记者称，医院将本着严肃认真和客观公正的态度，依法依规严肃处理此事。同日下午，上海市浦东新区卫健委一工作人员称，已接到举报信息，相关部门正在调查处理此事。 7月3日，上海市东方医院发布关于孙某新医生相关舆情的说明。以下为全文： 针对近日网传孙某新医生“泄露患者隐私”的问题，医院采取如下措施： 1、立即暂停孙某新医生医疗工作，配合医院和相关部门调查； 2、医院将本着严肃认真和客观公正的态度，依法依规严肃处理； 3、一切为了患者，这是医院秉持的和应有的宗旨，上海市东方医院将持续改进。 诚挚感谢社会各界的关切、监督和批评。 来源 | 新京报返回搜狐，查看更多 ||| 电子报 网站地图 当前位置： 京报网首页 > 社会 > 正文 来源： 上海市东方医院 2024-07-03 20:09 关于孙某新医生相关舆情的说明 针对近日网传孙某新医生“泄露患者隐私”的问题，我院采取如下措施：1，立即暂停孙某新医生医疗工作，配合医院和相关部门调查；2，医院将本着严肃认真和客观公正的态度，依法依规严肃处理；3，一切为了患者，这是医院秉持的和应有的宗旨，我们上海市东方医院将持续改进！ 诚挚感谢社会各界的关切、监督和批评！ 上海市东方医院 2024年7月3日 来源：上海市东方医院 流程编辑：U032 如遇作品内容、版权等问题，请在相关文章刊发之日起30日内与本网联系。版权侵权联系电话：010-85202353 扫描二维码 下载手机客户端 分享到 未登录 0条 未登录 0条 欢迎下载“北京日报”客户端发表评论 ' + curr.saytext + ' ' + curr.smalltext + ' 热门 图集 第九届中国（日照）新闻摄影周启幕 博物馆日，北展“如是莫高”大展公益开放，迎参观热潮 雨后首钢园，蓝天白云，花开正艳 精品 赏冰乐雪 京彩新春 氢能领航 双碳助力 山水印象 不止青绿 唯有奋发 不负时代 主管：北京日报报业集团主办：京报移动传媒有限公司Copyright ©1996-2026 Beijing Daily Group, All Rights Rese ||| 针对近日网传孙某新医生“泄露患者隐私”的问题，我院采取如下措施：1，立即暂停孙某新医生医疗工作，配合医院和相关部门调查；2，医院将本着严肃认真和客观公正的态度，依法依规严肃处理；3，一切为了患者，这是医院秉持的和应有的宗旨，我们上海市东方医院将持续改进！ 诚挚感谢社会各界的关切、监督和批评！ 上海市东方医院 2024年7月3日 ||| 来源/医院官网 近日，有媒体报道称：上海市东方医院创伤外科主任、主任医师孙某新私下传播病人信息，引发关注。 上海市东方医院今天傍晚回应称，医院采取如下措施： 1.立即暂停孙某新医生医疗工作，配合医院和相关部门调查； 2.医院将本着严肃认真和客观公正的态度，依法依规严肃处理； 3.一切为了患者，这是医院秉持的和应有的宗旨，上海市东方医院将持续改进！ 诚挚感谢社会各界的关切、监督和批评！ 新民晚报记者 郜阳 新民报系成员|客户端|官方微博|微信矩阵|新民网|广告刊例|战略合作伙伴 新民晚报|新民网|新民周刊|新民晚报社区版 新民晚报数字报|新民晚报ipad版|新民网客户端 关于新民网|联系方式|工作机会|知识产权声明 北大方正|上海音乐厅|中卫普信|今日头条|钱报网|中国网信网|中国禁毒网 增值电信业务经营许可证（ICP）：沪B2-20110022号|互联网新闻信息服务许可证：31120170003|信息网络传播视听节目许可证：0909381 广电节目制作经营许可证:(沪)字第536号|违法与不良信息举报电话15900430043|网络敲诈和有偿删帖跟帖评论自律管理承诺书 |沪公网安备 31010602000044号|沪公网安备 31010602000590号|沪公网安备 31010602000579号 新民晚报官方网站 xinmin.cn ©2024 All rights reser ||| 针对近日网传孙某新医生“泄露患者隐私”的问题，上海市东方医院在官网上发布公告称，将采取如下措施： 1、立即暂停孙某新医生医疗工作，配合医院和相关部门调查； 2、医院将本着严肃认真和客观公正的态度，依法依规严肃处理； 3、一切为了患者，这是医院秉持的和应有的宗旨，我们上海市东方医院将持续改进。 作者：李晨琰 文：李晨琰 图：官网截图 编辑：李晨琰 责任编辑：樊丽萍 转载此文请注明出处。返回搜狐，查看更多",public_web ||| social_media ||| mainstream_news ||| public_web ||| public_web ||| public_web ||| mainstream_news,https://news.southcn.com/node_179d29f1ce/3d95bdead1.shtml ||| https://www.toutiao.com/article/7387609897807987212/ ||| https://police.news.sohu.com/a/790695310_121860344 ||| https://news.bjd.com.cn/2024/07/03/10824292.shtml ||| https://www.easthospital.cn/news/content/id/266/pid/264/fid/4384.shtml ||| https://news.xinmin.cn/2024/07/04/32685709.html ||| https://www.sohu.com/a/790456178_120244154,7,silver_candidate,standard_review,0.000,low,low_risk,accept,,,,,,医院官方说明的三项措施与意见表述一致，证据覆盖完整。,annotator_A,adjudicated_final,annotator_A
E025,LLM_CANON_E025_004,上海市浦东新区卫生健康委员会,接获举报后已正式立案调查，初步核实泄露信息规模，表示将按法定程序与周期进行处理。,neutral,卫健委工作人员向媒体证实已介入调查，并向举报人反馈初步核实结果（涉及211名患者信息及2人裸照）及法定处理流程。,SC_E025_004,浦东新区卫健委;卫健委;卫生监督执法部门,True,,ev-00604;ev-00606;ev-01777;ev-01788,"用微信扫码二维码 分享至好友和朋友圈 7月13日,上海东方医院一名医生被人举报存在泄露患者隐私信息的情况,甚 至还拍摄了患者的隐私照片泄露出去。当天晚上,上海市东方医院发布了最新通 报,并表示:立即暂停孙某医疗工作,配合医院和相关部门调查。 医生 事件来到了7月19日,上海市浦东新区卫健委针对此事,公布了最新进展;针 对其涉嫌泄露患者隐私的问题,卫健委的卫生监督执法部门正在立案调查当中,处 理周期为2个月,后续如果想要公开处理结果,需要申请信息公开,“都有相关规 定的”。不得不说,该医生简直就是禽兽不如,居然泄露患者的隐私信息、照片, 而网友都希望该医生能够被重判。文章来源于：股城网www.gucheng.com 特别声明：以上内容(如有图片或视频亦包括在内)为自媒体平台“网易号”用户上传并发布，本平台仅提供信息存储服务。 Notice: The content above (including the pictures and videos if any) is uploaded and posted by a user of NetEase Hao, which is a social media platform and only provides information storage services. 上游新闻 2026-05-25 14:46:47 中国新闻周刊 20 ||| 举报者余女士自述曾为孙某新的患者，她提供的证据表明，在2022年11月至12月以及2023年6月期间，孙某新多次通过微信向她发送了这些隐私照片和视频。此外，孙某新还分两次向她转发了包含患者身份证号码在内的多份病人个人信息表格图片。这些行为严重违反了医疗行业的职业道德和法律法规，对患者的隐私权造成了极大的侵害。 事件曝光后，上海市东方医院迅速作出反应。7月3日，医院官方网站发布《关于孙某新医生相关舆情的说明》，表示已立即暂停孙某新医生的所有医疗工作，并全力配合医院及相关部门的调查工作。医院承诺将本着严肃认真和客观公正的态度，依法依规严肃处理此事，确保患者的合法权益得到保护。 浦东新区卫健委也证实已接获相关举报，并表示相关调查工作已经在进行中。据南方都市报等媒体报道，孙某新不仅是同济大学教授、主任医师、医学博士，还是同济大学及南京医科大学博士生导师，曾入选浦东新区医学领先人才及优秀医学学科带头人计划。然而，此次事件让这位曾经备受尊敬的医生陷入了舆论的漩涡。 对于孙某新的行为，法律界人士指出，其侵害了患者的人格尊严、隐私权及个人信息保护权。《中华人民共和国民法典》明确规定，自然人的隐私权和个人信息受法律保护，任何组织或者个人不得非法收集、使用、加工、传输他人个人信息。孙某新的行为已经涉嫌违法，将承担相应的法律责任。 此次事件再次敲响了医疗行业保护患者隐私的警钟。医疗机构及其医务人员应当严 ||| 7月3日，记者联系到举报人余女士，她称，其本人曾是孙某新的患者。余女士提供的相关信息显示，2022年11月至12月，孙某新曾向其发送过一位女性患者被麻醉后接受治疗的照片和视频，2023年6月，孙某新又向其发送了一位患者被麻醉后接受治疗的照片。余女士告诉记者，这些照片和视频在发送给她时，均未打码，暴露了病人的隐私部位。此外，孙某新还在2022年、2023年分别向其发送过多份病人个人信息表的图片，信息中包含身份证号码等。 7月3日，上海市东方医院相关负责人回应记者称，医院将本着严肃认真和客观公正的态度，依法依规严肃处理此事。同日下午，上海市浦东新区卫健委一工作人员称，已接到举报信息，相关部门正在调查处理此事。 7月3日，上海市东方医院发布关于孙某新医生相关舆情的说明。以下为全文： 针对近日网传孙某新医生“泄露患者隐私”的问题，医院采取如下措施： 1、立即暂停孙某新医生医疗工作，配合医院和相关部门调查； 2、医院将本着严肃认真和客观公正的态度，依法依规严肃处理； 3、一切为了患者，这是医院秉持的和应有的宗旨，上海市东方医院将持续改进。 诚挚感谢社会各界的关切、监督和批评。 来源 | 新京报返回搜狐，查看更多 ||| 7月3日，上海市东方医院（同济大学附属东方医院）创伤专科主任医师孙某被举报传播多名病人手术信息及隐私图片。 当天晚上，上海市东方医院发布通报称，立即暂停孙某医疗工作，配合医院和相关部门调查。 7月19日，上海市浦东新区卫健委针对此事最新进展做出了回应。 7月15日，举报人余女士对《看见》记者说，上海市浦东新区卫健委告知她，根据她提供的相关信息，卫健委的执法部门已确认孙某传播的内容包括211名患者信息和2人的裸照。 《中华人民共和国医师法》规定，医师在执业活动中有泄露患者隐私或者个人信息等行为的，由县级以上人民政府卫生健康主管部门责令改正，给予警告，没收违法所得，并处一万元以上三万元以下的罚款；情节严重的，责令暂停六个月以上一年以下执业活动直至吊销医师执业证书。 24小时滚动播报最新的财经资讯和视频，更多粉丝福利扫描二维码关注（sinafinance） 网友提问：@@=value.question$$ 老师回答：@@=value.answer$$ @@=value.title$$ 新浪财经意见反馈留言板 新浪简介|广告服务|About Sina 联系我们|招聘信息|通行证注册 产品答疑|网站律师|SINA English Copyright © 1996-2024 SINA Corporation All Rights Reserved 新浪公司 版权所有",social_media ||| public_web ||| mainstream_news ||| mainstream_news,https://www.163.com/dy/article/J7HUEA5K05568O4K.html ||| https://www.bangqike.com/read/1328433.html ||| https://police.news.sohu.com/a/790695310_121860344 ||| https://finance.sina.com.cn/roll/2024-07-20/doc-incetuqk1481226.shtml,4,silver_candidate,standard_review,0.000,low,low_risk,accept,,,,,,卫健委立案调查、核实泄露规模及法定流程均有证据支持，逻辑严密。,annotator_A,adjudicated_final,annotator_A
E025,LLM_CANON_E025_005,网友与公众,强烈谴责泄露患者隐私行为，呼吁依法严惩涉事医生，并高度关注医患信任危机与患者隐私保护红线。,negative,多条评论报道及舆论分析指出公众对医生失德行为表示愤慨，希望依法重判，并引发对医疗行业隐私保护机制的广泛讨论。,SC_E025_005,网民;公众;社会各界,True,,ev-00604;ev-00607;ev-00609;ev-00611;ev-01786;ev-01789,"用微信扫码二维码 分享至好友和朋友圈 7月13日,上海东方医院一名医生被人举报存在泄露患者隐私信息的情况,甚 至还拍摄了患者的隐私照片泄露出去。当天晚上,上海市东方医院发布了最新通 报,并表示:立即暂停孙某医疗工作,配合医院和相关部门调查。 医生 事件来到了7月19日,上海市浦东新区卫健委针对此事,公布了最新进展;针 对其涉嫌泄露患者隐私的问题,卫健委的卫生监督执法部门正在立案调查当中,处 理周期为2个月,后续如果想要公开处理结果,需要申请信息公开,“都有相关规 定的”。不得不说,该医生简直就是禽兽不如,居然泄露患者的隐私信息、照片, 而网友都希望该医生能够被重判。文章来源于：股城网www.gucheng.com 特别声明：以上内容(如有图片或视频亦包括在内)为自媒体平台“网易号”用户上传并发布，本平台仅提供信息存储服务。 Notice: The content above (including the pictures and videos if any) is uploaded and posted by a user of NetEase Hao, which is a social media platform and only provides information storage services. 上游新闻 2026-05-25 14:46:47 中国新闻周刊 20 ||| 用微信扫码二维码 分享至好友和朋友圈 评论员 李长需 女性患者就医时最怕什么？ 7月3日，一网友实名举报称，上海市东方医院创伤外科主任、主任医师孙某新私下传播病人麻醉时裸照及180份病人手术信息，引发关注。当日晚上，新京报记者从上海市东方医院获悉，院方已经接到举报。目前，孙某新已被暂停工作，并配合医院和相关部门调查。 这样的信息，让人担忧。因为在医疗场景中，患者让渡个人隐私是出于疾病诊疗的需要，前提是基于对医生执业操守的信任。但患者尤其是女性患者隐私被泄事件的频频发生，很可能击穿这种信任。 （图源：上海市东方医院官网） 2022年，山东省日照市某医院一名男性麻醉师在妇科手术时进行直播；去年，江苏昆山市某医院一名男性妇科医生，在社交平台发布女患者接受治疗时的私密部位照片；同年，周海媚生前送医抢救的电子病历截图也在网上传播，都曾引起轩然大波。 此次被举报的孙某新，做得也是相当过分：2022年和2023年，他两次向举报者发送女性患者被麻醉后接受治疗的照片、视频等，且都是未打码的暴露患者隐私部位的照片；此外还发送过多份病人个人信息表的图片。 尽管医院在最初的回应中，称举报者的举报行为是“私人恩怨”，但“私人恩怨”如果被查实，并不影响其性质的恶劣性，以及公众心目中的忧虑。患者在手术台上为何被拍照？拍摄患者隐私部位为何没人制止？患者的隐私信息为何能被随意传播？医院在此方面有无明确规范规定？ 传 ||| 来源标题：“医生私传病人裸照”，德若不配位法也不轻纵 近日，一网友实名举报称，上海市东方医院创伤外科主任、主任医师孙某新私下传播病人麻醉时裸照及180份病人手术信息，引发关注。据新京报7月4日报道，目前，院方已暂停孙某新医生医疗工作，并配合相关部门调查。 隐私权基于人类天生的羞耻本能而产生，是一项重要的人格权，医师对患者隐私权的保护既是医德底线要求也是其应尽的法律义务。 鉴于医生在其执业活动中，不可避免会掌握着患者的一些隐私，我国医师法明确，医师在执业活动中，应当尊重、关心、爱护患者，依法保护患者的隐私和个人信息，造成严重后果的，吊销其执业证书。 据悉，被举报的孙某新拥有主任医师、医学博士等诸多头衔，如其执业行为真的如此令人不齿，也令人费解。 而且，孙某新为何多次给余女士发送患者的信息？孙某新和余女士之间究竟是什么关系？余女士为何要实名举报孙某新？孙某新还有没有向其他人发送过患者信息？传播180份病人手术信息，意欲何为？ 这些被举报的问题，涉及孙某新的主观动机、客观影响以及性质的恶劣程度，这些问号也亟待通过相关调查来一一拉直。 如若此事属实，则无论事出何因，也不能改变孙某新这一行为的性质。我国民法典规定，除权利人明确同意外，任何组织或者个人不得拍摄、窥视他人身体的私密部位。 医生也只能在执业规则的范围内，为了疾病的诊治使用“患者的隐私或者个人信息”，如有外泄，则无论是否故意、是否获 ||| 重塑信任:医患关系的隐私红线 在现代社会,医院不仅是治疗疾病的场所,更是人们对生命与健康寄托的地方。然而,最近上海东方医院孙贵新医生涉嫌泄露患者隐私的事件,引发了广泛关注和深思。医患关系作为社会最为敏 ||| 用微信扫描二维码 分享至好友和朋友圈 医生泄露患者隐私？医院：暂停工作 近日，关于上海市东方医院创伤外科主任、主任医师孙某涉嫌私下泄露病人信息的事件，引起了公众的广泛关注。对此，东方医院在最近的傍晚时间作出了官方回应，采取了一系列应对措施： 首先，医院立即暂停了孙某的医疗工作，以配合院方及相关部门进行全面调查。这一举措旨在迅速应对公众关切，确保事件得到妥善处理。 其次，东方医院强调将秉承严肃认真和客观公正的原则，依据法律法规对事件进行严正处理，显示了医院对此类事件零容忍的态度以及维护医疗行业道德规范的决心。 同时，医院重申其核心宗旨为“一切为了患者”，并承诺将持续改进服务与管理，努力维护患者的隐私权益与医疗安全，重建公众信任。 最后，东方医院向社会各界表达了诚挚的感谢，特别是对那些提出关切、监督和批评声音的人士，认为这是促进医院自我完善与进步的重要动力。 通过这一系列行动，东方医院明确展现了其对医疗职业道德违规行为的坚决反对，以及对提升医疗服务质量和保护患者隐私的坚定承诺。医生泄露患者隐私？医院：暂停工作！ 7月3日，一名网友实名举报上海市东方医院创伤外科主任、主任医师孙某新，指控其私下传播病患麻醉期间的裸照及180份手术信息，此事件迅速引起公众关注 7月3日，一名网友实名举报上海市东方医院创伤外科主任、主任医师孙某新，指控其私下传播病患麻醉期间的裸照及180份手术信息，此事件迅速 ||| 近日,一则关于上海市东方医院医生孙某新涉嫌泄露患者隐私的消息在网络上迅速传播,犹如平静的湖面被投入了一颗石子,激起了层层涟漪。面对这一突如其来的挑战,东方医院以高度的责任感和敏锐的洞察力,迅速作出反应",social_media ||| social_media ||| mainstream_news ||| social_media ||| mainstream_news ||| social_media,https://www.163.com/dy/article/J7HUEA5K05568O4K.html ||| https://www.163.com/dy/article/J697OT9K0550B6IS.html ||| https://review.qianlong.com/2024/0705/8297065.shtml ||| https://m.toutiao.com/article/7387833372795486759/ ||| https://news.china.com/socialgd/10000169/20240704/46795199.html ||| https://www.toutiao.com/article/7387388406789112383/,5,silver_candidate,standard_review,0.000,low,low_risk,accept,,,,,,舆论谴责、严惩呼吁及隐私保护讨论在证据文本中充分体现，情感判定准确。,annotator_A,adjudicated_final,annotator_A
E026,LLM_CANON_E026_001,邓州市卫生健康委员会,初步认定事件为既有患者未如实说明病情又有医疗人员漏诊误诊造成的医疗事故，对死者死亡深表惋惜、同情、自责与不安，已牵头成立工作专班调查，并联合纪检、公安等部门依法依规追究相关人员责任。,negative,官方通报明确指出事故双重原因，表达自责不安，并承诺多部门联合追责。,SC_E026_001,邓州市卫健委;卫健委,True,,ev-00622;ev-00624;ev-00625;ev-00626;ev-00627;ev-01792;ev-01796;ev-01797;ev-01798;ev-01799;ev-01800;ev-01802;ev-01804;ev-01805;ev-01810,"6月1日,河南邓州市卫生健康委员会迅速介入调查,并发布了情况说明,证实这是一起严重的医疗事故,将依法追究相关人员的责任。 ||| □张叶 (青岛大学) 6月1日，河南省邓州市卫生健康委员会发布情况说明：5月31日，媒体报道“怀胎7月女大学生被当肾病医治后身亡”一事，引发社会关注。初步查明，2024年2月7日，患者庞某某因“水肿三天”入住邓州市人民医院接受治疗，因病情加重，2月12日先后转至南阳市第一人民医院、南阳市中心医院治疗，于2月20日上午死亡。事件发生后，邓州市卫健委牵头，成立工作专班，调查事故原因，初步认为，这是一起既有患者未能真实说明病情，又有医疗人员漏诊误诊造成的医疗事故。 目前，邓州市人民医院与死者家属已达成赔偿协议，并获取对方谅解。进一步的事件调查及责任追究仍在继续，我们还有不少疑问有待回答。 患者本人为何隐瞒自己怀孕七个月的事实？为何在初期问诊时谎称自己约一周前才来过月经？七个月的时间如此之久，孕期反应也逐步明显，说女孩对自己的身体异常毫不知情的观点实在是站不住脚跟。或许是患者本人觉得难以启齿，又或许还有其他不为人知的深层原因，但不论何种，我们都需明确，患者在就医时应如实告知医生自己的病情和病史，这是建立医患信任的基础。该女大学生隐瞒怀孕事实，无疑给医生的诊断带来了极大的困难和风险。也是引发后续悲剧的开端。 医院为何不在怀疑妊娠时及时排查？一方面，作为医生，其判断能力实在欠缺，入院查体受主观因素影响较大，且患者全身水肿很可能合并了大量腹水，肾病医生经验不足没能及时发现也是有可能的。再者，进行 ||| （来源：四川政法声音） 四川政法声音 聚焦政法热点，发布权威信息 5月31日，有媒体报道，一名女大学生怀孕七个月被误诊患肾病，于今年2月份不治身亡，此事引发关注。 6月1日，河南南阳邓州市卫生健康委员会发布情况说明： 5月31日，媒体报道“怀胎7月女大学生被当肾病医治后身亡”一事，引发社会关注。初步查明，2024年2月7日，患者庞某某因“水肿三天”入住邓州市人民医院接受治疗，因病情加重，2月12日先后转至南阳市第一人民医院、南阳市中心医院治疗，于2月20日上午死亡。事件发生后，邓州市卫健委牵头，成立工作专班，调查事故原因，初步认为，这是一起既有患者未能真实说明病情，又有医疗人员漏诊误诊造成的医疗事故。 目前，邓州市人民医院与死者家属已达成赔偿协议，并获取对方谅解。作为医疗行政主管部门，我们对患者的死亡深表惋惜和同情，深感自责和不安。 同时，邓州市纪检、公安、卫健等部门正在对事件做进一步调查，依法依规追究相关人员责任。 来源：邓州市卫生健康委员会 ◇省委政法工作会议召开 奋力谱写政法工作现代化四川篇章 ◇为谱写中国式现代化四川新篇章贡献政法力量——2023 年全省政法工作综述 ◇这些热词 “秒懂”四川政法的2023 ◇2023，四川政法新闻大事记 ◇2023，这些瞬间值得铭记 更多四川政法系统讯息 扫码访问✍ 官方微信 长按关注 官 方网站返回搜狐，查看更多 ||| 用微信扫码二维码 分享至好友和朋友圈 5月31日，有媒体报道，一名女大学生怀孕七个月被误诊患肾病，于今年2月份不治身亡，此事引发关注。 6月1日，河南南阳邓州市卫生健康委员会发布情况说明： 5月31日，媒体报道“怀胎7月女大学生被当肾病医治后身亡”一事，引发社会关注。初步查明，2024年2月7日，患者庞某某因“水肿三天”入住邓州市人民医院接受治疗，因病情加重，2月12日先后转至南阳市第一人民医院、南阳市中心医院治疗，于2月20日上午死亡。事件发生后，邓州市卫健委牵头，成立工作专班，调查事故原因，初步认为，这是一起既有患者未能真实说明病情，又有医疗人员漏诊误诊造成的医疗事故。 目前，邓州市人民医院与死者家属已达成赔偿协议，并获取对方谅解。作为医疗行政主管部门，我们对患者的死亡深表惋惜和同情，深感自责和不安。 同时，邓州市纪检、公安、卫健等部门正在对事件做进一步调查，依法依规追究相关人员责任。 来源丨“邓州市卫生健康委员会”微信公众号 ▍法律顾问：曹俊羽律师，手机&微信15896195556 ▍免责声明：此文是出于传递更多信息之目的，淮安零距离网网友发布爆料不代表本网赞同其观点和对其真实性负责。若有来源标注错误或侵犯了您的合法权益，请作者持权属证明与本网联系，我们将及时更正、删除，谢谢。 为淮安打Call 特别声明：以上内容(如有图片或视频亦包括在内)为自媒体平台“网易号”用户上传并发 ||| 经过事情的发酵后, 邓州市卫健委牵头,成立了工作专案组, 调查事故原因,经过将近4个月的调查取证,初步认为 这是一起患者未能真实说明病情,然后医疗人员漏诊误诊所造成的医疗事故 。 医院通报 目前, 邓 ||| 用微信扫码二维码 分享至好友和朋友圈 5月31日，“怀胎7月女大学生被当肾病医治后身亡”一事，引发社会关注。6月1日，记者从河南邓州卫生健康委员会获悉，这是一起既有患者未能真实说明病情，又有医疗人员漏诊误诊造成的医疗事故。目前，邓州市人民医院与死者家属已达成赔偿协议，并获取对方谅解。 据通报，初步查明，2024年2月7日，患者庞某某因“水肿三天”入住邓州市人民医院接受治疗，因病情加重，2月12日先后转至南阳市第一人民医院、南阳市中心医院治疗，于2月20日上午死亡。事件发生后，邓州市卫健委牵头，成立工作专班，调查事故原因，初步认为，这是一起既有患者未能真实说明病情，又有医疗人员漏诊误诊造成的医疗事故。 ▲邓州市人民医院。 目前，邓州市人民医院与死者家属已达成赔偿协议，并获取对方谅解。同时，邓州市纪检、公安、卫健等部门正在对事件做进一步调查，依法依规追究相关人员责任。 今年2月，寒假回家的丽丽因身体发胖，在家人的带领下去河南南阳邓州市人民医院检查，被确诊为肾病综合征。住院治疗五天，因病情严重转院抢救，最后不治身亡。 令家人不解的是，在转至上级医院的救治时，丽丽并没有被确诊为肾病综合征，而是怀孕七个多月胎死腹中。“女儿被当肾病误诊、误治、误用大量激素治疗，直接进行肾穿刺手术，最后导致失去生命。” 为了查明女儿的死因，父亲庞先生申请了医疗事故技术鉴定，但是邓州市人民医院没有提交鉴定材料，导 ||| 邓州市卫生健康委员会6月1日发布情况说明：5月31日，媒体报道“怀胎7月女大学生被当肾病医治后身亡”一事，引发社会关注。 初步查明，2024年2月7日，患者庞某某因“水肿三天”入住邓州市人民医院接受治疗，因病情加重，2月12日先后转至南阳市第一人民医院、南阳市中心医院治疗，于2月20日上午死亡。事件发生后，邓州市卫健委牵头，成立工作专班，调查事故原因，初步认为，这是一起既有患者未能真实说明病情，又有医疗人员漏诊误诊造成的医疗事故。 目前，邓州市人民医院与死者家属已达成赔偿协议，并获取对方谅解。作为医疗行政主管部门，我们对患者的死亡深表惋惜和同情，深感自责和不安。 同时，邓州市纪检、公安、卫健等部门正在对事件做进一步调查，依法依规追究相关人员责任。 科学与健康|读懂情绪信号 守护心理健康 中国在世卫大会期间联合举办“同一健康共护全球公卫”主题边会 健康舒适度夏 这份指南请收好 2026年医保商保“双目录”调整方案“划重点” 聚焦失能、高龄等重点人群 家庭病床服务有了指南 科学与健康|科学看待汉坦病毒 2025年我国药品审批质效双升 “十五五”期间力争全国定点医药机构现场检查全覆盖 “00后”白衣天使 书写闪光青春 中疾控：我国无安第斯病毒人类感染病例报告 ||| 原标题：“怀胎7月女大学生被当肾病医治后身亡”，官方通报 5月31日，有媒体报道“怀胎7月女大学生被当肾病医治后身亡”一事，引发社会关注。6月1日，邓州市卫生健康委员会发布情况说明，全文如下： 情况说明 5月31日，媒体报道“怀胎7月女大学生被当肾病医治后身亡”一事，引发社会关注。初步查明，2024年2月7日，患者庞某某因“水肿三天”入住邓州市人民医院接受治疗，因病情加重，2月12日先后转至南阳市第一人民医院、南阳市中心医院治疗，于2月20日上午死亡。事件发生后，邓州市卫健委牵头，成立工作专班，调查事故原因，初步认为，这是一起既有患者未能真实说明病情，又有医疗人员漏诊误诊造成的医疗事故。 目前，邓州市人民医院与死者家属已达成赔偿协议，并获取对方谅解。作为医疗行政主管部门，我们对患者的死亡深表惋惜和同情，深感自责和不安。 同时，邓州市纪检、公安、卫健等部门正在对事件做进一步调查，依法依规追究相关人员责任。 邓州市卫生健康委员会 2024年6月1日 来源 | 邓州市卫生健康委员会 审核 | 卢长银 编辑 | 李迅典 校对 | 徐璐明 了解《环球时报》的三观 请长按下方二维码关注我们or回到文章顶部，点击环球时报 （微信公众号ID：hqsbwx） 更多猛料！欢迎扫描左方二维码关注新浪军事官方微信（sinamilnews） 热门推荐 相关新闻 加载中 点击加载更多 推荐新闻 【 新闻 】胡 ||| 新京报讯 据邓州卫健委官微消息，5月31日，媒体报道“怀胎7月女大学生被当肾病医治后身亡”一事，引发社会关注。初步查明，2024年2月7日，患者庞某某因“水肿三天”入住邓州市人民医院接受治疗，因病情加重，2月12日先后转至南阳市第一人民医院、南阳市中心医院治疗，于2月20日上午死亡。事件发生后，邓州市卫健委牵头，成立工作专班，调查事故原因，初步认为，这是一起既有患者未能真实说明病情，又有医疗人员漏诊误诊造成的医疗事故。 目前，邓州市人民医院与死者家属已达成赔偿协议，并获取对方谅解。作为医疗行政主管部门，我们对患者的死亡深表惋惜和同情，深感自责和不安。同时，邓州市纪检、公安、卫健等部门正在对事件做进一步调查，依法依规追究相关人员责任。 编辑 赵熹 想要发表评论，阅读更多精彩内容，快来下 载新京报客户端吧 新浪网 | 网易 | 搜狐 | UC头条 | 新华网 | 中新网 | 慧科讯业 | 今日头条 | 一点资讯 | 千龙网 | 贝壳财经| 腾讯网| 百度 经营许可证编号：京ICP证090533号 |京ICP备18053894号| 国新办网备字[2006]7号 | 广播电视节目制作经营许可证：(京)字第02592号 京公网安备11010102004542号|互联网新闻信息服务许可证11120180005号 关于我们版权声明联系我们工作机会友情链接服务协议 Copy Right © 200 ||| 扫一扫 下载观察者APP 据邓州市卫生健康委员会微信公众号消息，河南邓州市卫健委6月1日发布情况通报： 5月31日，媒体报道“怀胎7月女大学生被当肾病医治后身亡”一事，引发社会关注。初步查明，2024年2月7日，患者庞某某因“水肿三天”入住邓州市人民医院接受治疗，因病情加重，2月12日先后转至南阳市第一人民医院、南阳市中心医院治疗，于2月20日上午死亡。事件发生后，邓州市卫健委牵头，成立工作专班，调查事故原因，初步认为，这是一起既有患者未能真实说明病情，又有医疗人员漏诊误诊造成的医疗事故。 目前，邓州市人民医院与死者家属已达成赔偿协议，并获取对方谅解。作为医疗行政主管部门，我们对患者的死亡深表惋惜和同情，深感自责和不安。 同时，邓州市纪检、公安、卫健等部门正在对事件做进一步调查，依法依规追究相关人员责任。 邓州市卫生健康委员会微信公众号截图 据奔流新闻此前报道，今年2月，寒假回家的大学生丽丽（化名）因身体发胖，在家人的带领下去河南南阳邓州市人民医院检查，被确诊为肾病综合征。住院治疗五天，因病情严重转院抢救，最后不治身亡。 令家人不解的是，在转至上级医院的救治时，丽丽并没有被确诊为肾病综合征，而是在怀孕七个多月胎死腹中。“女儿被当肾病误诊、误治、误用大量激素治疗，直接进行肾穿刺手术，最后导致失去生命。” 为了查明女儿的死因，父亲庞先生申请了医疗事故技术鉴定，但是邓州市人民医院没有提交 ||| 扫描二维码下载APP ⁺ 历史 ⁺ 收藏 ⁺ 订阅 6月1日，河南邓州市卫生健康委员会发布情况说明:5月31日，媒体报道“怀胎7月女大学生被当肾病医治后身亡”一事，引发社会关注。初步查明，2024年2月7日，患者庞某某因“水肿三天”入住邓州市人民医院接受治疗，因病情加重，2月12日先后转至南阳市第一人民医院、南阳市中心医院治疗，于2月20日上午死亡。事件发生后，邓州市卫健委牵头，成立工作专班，调查事故原因，初步认为，这是一起既有患者未能真实说明病情，又有医疗人员漏诊误诊造成的医疗事故。 目前，邓州市人民医院与死者家属已达成赔偿协议，并获取对方谅解。同时，邓州市纪检、公安、卫健等部门正在对事件做进一步调查，依法依规追究相关人员责任。 暂无评论，快来发表你的评论吧 举报电话：021-62870000 举报邮箱：service@kankanews.com 剑网行动举报电话：12318（市文化执法总队）、021-64334547（市版权局） Copyright © 2016 Kankanews.com Inc. All Rights Reserved. 看东方（上海）传媒有限公司 版权所有 ||| 5月31日,有媒体报道,一名女大学生怀孕七个月被误诊患肾病,于今年2月份不治身亡,此事引发关注。 6月1日,河南南阳邓州市卫生健康委员会发布情况说明: 5月31日,媒体报道“怀胎7月女大学生被当肾病医 ||| 用微信扫码二维码 分享至好友和朋友圈 5月31日，媒体报道“怀胎7月女大学生被当肾病医治后身亡”一事，引发社会关注。初步查明，2024年2月7日，患者庞某某因“水肿三天”入住邓州市人民医院接受治疗，因病情加重，2月12日先后转至南阳市第一人民医院、南阳市中心医院治疗，于2月20日上午死亡。事件发生后，邓州市卫健委牵头，成立工作专班，调查事故原因，初步认为，这是一起既有患者未能真实说明病情，又有医疗人员漏诊误诊造成的医疗事故。 目前，邓州市人民医院与死者家属已达成赔偿协议，并获取对方谅解。作为医疗行政主管部门，我们对患者的死亡深表惋惜和同情，深感自责和不安。 同时，邓州市纪检、公安、卫健等部门正在对事件做进一步调查，依法依规追究相关人员责任。 邓州市卫生健康委员会 2024年6月1日 来 源：邓州市卫生健康委员会、大河报 特别声明：以上内容(如有图片或视频亦包括在内)为自媒体平台“网易号”用户上传并发布，本平台仅提供信息存储服务。 Notice: The content above (including the pictures and videos if any) is uploaded and posted by a user of NetEase Hao, which is a social media platform and only provides informatio ||| 用微信扫码二维码 分享至好友和朋友圈 情况说明 5月31日，媒体报道“怀胎7月女大学生被当肾病医治后身亡”一事，引发社会关注。初步查明，2024年2月7日，患者庞某某因“水肿三天”入住邓州市人民医院接受治疗，因病情加重，2月12日先后转至南阳市第一人民医院、南阳市中心医院治疗，于2月20日上午死亡。事件发生后，邓州市卫健委牵头，成立工作专班，调查事故原因，初步认为，这是一起既有患者未能真实说明病情，又有医疗人员漏诊误诊造成的医疗事故。 目前，邓州市人民医院与死者家属已达成赔偿协议，并获取对方谅解。作为医疗行政主管部门，我们对患者的死亡深表惋惜和同情，深感自责和不安。 同时，邓州市纪检、公安、卫健等部门正在对事件做进一步调查，依法依规追究相关人员责任。 邓州市卫生健康委员会 2024年6月1日 来源：邓州市卫生健康委员会 征集：如您在开办企业、企业注销、工程建设项目审批、不动产登记、用电报装、用气报装、用水报装、缴纳税费、惠企政策、知识产权、金融服务、人才服务、监管执法服务、政府采购、招标投票等营商过程中遇到烦心事、堵心事，请留言。 昨日阅读榜 【免责声明】：本公众号对转载、分享的内容、陈述、观点判断保持中立，不对所包含内容的准确性、可靠性或完善性提供任何明示或暗示的保证，仅供微友参考！分享此文出于传播更多资讯之目的，如著作权人发现本公众号转载了其拥有著作权的作品时，请及时留言通知我 ||| 5月31日，媒体报道，一名女大学生怀孕七个月被误诊患肾病，于今年2月份不治身亡，此事引发关注。 6月1日，河南南阳邓州市卫生健康委员会发布情况说明： 5月31日，媒体报道“怀胎7月女大学生被当肾病医治后身亡”一事，引发社会关注。初步查明，2024年2月7日，患者庞某某因“水肿三天”入住邓州市人民医院接受治疗，因病情加重，2月12日先后转至南阳市第一人民医院、南阳市中心医院治疗，于2月20日上午死亡。事件发生后，邓州市卫健委牵头，成立工作专班，调查事故原因，初步认为，这是一起既有患者未能真实说明病情，又有医疗人员漏诊误诊造成的医疗事故。 目前，邓州市人民医院与死者家属已达成赔偿协议，并获取对方谅解。作为医疗行政主管部门，我们对患者的死亡深表惋惜和同情，深感自责和不安。 同时，邓州市纪检、公安、卫健等部门正在对事件做进一步调查，依法依规追究相关人员责任。 此前报道—— 今年2月，放寒假回家的丽丽因身体发胖，在家人的带领下去河南南阳邓州市人民医院检查，被确诊为肾病综合征。住院治疗后，因病情严重转院抢救，最后不治身亡。 令人意外的是，在转至上级医院救治时，丽丽并未被确诊为肾病综合征，医生发现，丽丽已怀孕7个多月，且胎死腹中。 “女儿被当肾病误诊、误治、误用大量激素治疗，直接进行肾穿刺手术，最终失去生命。”为了查明丽丽的死因，父亲庞先生申请了医疗事故技术鉴定，但邓州市人民医院没有提交鉴定材料",social_media ||| mainstream_news ||| mainstream_news ||| social_media ||| social_media ||| social_media ||| public_web ||| mainstream_news ||| mainstream_news ||| social_media ||| mainstream_news ||| mainstream_news ||| social_media ||| social_media ||| mainstream_news,https://www.toutiao.com/article/7375569640669381156/ ||| https://moment.rednet.cn/content/646840/83/13961961.html ||| https://www.sohu.com/a/783063667_121106884 ||| https://www.163.com/dy/article/J3K6TASD0525BI41.html ||| https://www.toutiao.com/article/7375379006025220635/ ||| https://www.163.com/dy/article/J3K9JLKV0514EA02.html ||| http://www.nmgcb.com.cn/jiankang/r-284072.html ||| https://mil.news.sina.com.cn/2024-06-01/doc-inaxfenc9766413.shtml ||| https://www.bjnews.com.cn/detail/1717219391129772.html ||| https://www.guancha.cn/politics/2024_06_01_736736.shtml ||| https://www.kankanews.com/detail/6ryd8gvWmyK ||| https://new.qq.com/rain/a/20240601A069AO00 ||| https://www.163.com/dy/article/J3JR91C405148M7V.html ||| https://www.163.com/dy/article/J3KC5QGA05329WZS.html ||| https://k.sina.com.cn/article_2011075080_77de920801901drye.html,11,silver_candidate,standard_review,0.000,low,low_risk,accept,,,,,,卫健委通报的事故定性、情感表态及联合追责机制均有原文支撑，无误。,annotator_A,adjudicated_final,annotator_A
E026,LLM_CANON_E026_002,邓州市人民医院,与死者家属达成赔偿协议并获取对方谅解，配合相关部门后续调查。,neutral,卫健委通报及多家媒体均确认医院已与家属完成赔偿及谅解程序。,SC_E026_002,医院,True,,ev-00624;ev-00625;ev-00626;ev-00627;ev-01792;ev-01796;ev-01797;ev-01798;ev-01799;ev-01800;ev-01804;ev-01805;ev-01810,"□张叶 (青岛大学) 6月1日，河南省邓州市卫生健康委员会发布情况说明：5月31日，媒体报道“怀胎7月女大学生被当肾病医治后身亡”一事，引发社会关注。初步查明，2024年2月7日，患者庞某某因“水肿三天”入住邓州市人民医院接受治疗，因病情加重，2月12日先后转至南阳市第一人民医院、南阳市中心医院治疗，于2月20日上午死亡。事件发生后，邓州市卫健委牵头，成立工作专班，调查事故原因，初步认为，这是一起既有患者未能真实说明病情，又有医疗人员漏诊误诊造成的医疗事故。 目前，邓州市人民医院与死者家属已达成赔偿协议，并获取对方谅解。进一步的事件调查及责任追究仍在继续，我们还有不少疑问有待回答。 患者本人为何隐瞒自己怀孕七个月的事实？为何在初期问诊时谎称自己约一周前才来过月经？七个月的时间如此之久，孕期反应也逐步明显，说女孩对自己的身体异常毫不知情的观点实在是站不住脚跟。或许是患者本人觉得难以启齿，又或许还有其他不为人知的深层原因，但不论何种，我们都需明确，患者在就医时应如实告知医生自己的病情和病史，这是建立医患信任的基础。该女大学生隐瞒怀孕事实，无疑给医生的诊断带来了极大的困难和风险。也是引发后续悲剧的开端。 医院为何不在怀疑妊娠时及时排查？一方面，作为医生，其判断能力实在欠缺，入院查体受主观因素影响较大，且患者全身水肿很可能合并了大量腹水，肾病医生经验不足没能及时发现也是有可能的。再者，进行 ||| （来源：四川政法声音） 四川政法声音 聚焦政法热点，发布权威信息 5月31日，有媒体报道，一名女大学生怀孕七个月被误诊患肾病，于今年2月份不治身亡，此事引发关注。 6月1日，河南南阳邓州市卫生健康委员会发布情况说明： 5月31日，媒体报道“怀胎7月女大学生被当肾病医治后身亡”一事，引发社会关注。初步查明，2024年2月7日，患者庞某某因“水肿三天”入住邓州市人民医院接受治疗，因病情加重，2月12日先后转至南阳市第一人民医院、南阳市中心医院治疗，于2月20日上午死亡。事件发生后，邓州市卫健委牵头，成立工作专班，调查事故原因，初步认为，这是一起既有患者未能真实说明病情，又有医疗人员漏诊误诊造成的医疗事故。 目前，邓州市人民医院与死者家属已达成赔偿协议，并获取对方谅解。作为医疗行政主管部门，我们对患者的死亡深表惋惜和同情，深感自责和不安。 同时，邓州市纪检、公安、卫健等部门正在对事件做进一步调查，依法依规追究相关人员责任。 来源：邓州市卫生健康委员会 ◇省委政法工作会议召开 奋力谱写政法工作现代化四川篇章 ◇为谱写中国式现代化四川新篇章贡献政法力量——2023 年全省政法工作综述 ◇这些热词 “秒懂”四川政法的2023 ◇2023，四川政法新闻大事记 ◇2023，这些瞬间值得铭记 更多四川政法系统讯息 扫码访问✍ 官方微信 长按关注 官 方网站返回搜狐，查看更多 ||| 用微信扫码二维码 分享至好友和朋友圈 5月31日，有媒体报道，一名女大学生怀孕七个月被误诊患肾病，于今年2月份不治身亡，此事引发关注。 6月1日，河南南阳邓州市卫生健康委员会发布情况说明： 5月31日，媒体报道“怀胎7月女大学生被当肾病医治后身亡”一事，引发社会关注。初步查明，2024年2月7日，患者庞某某因“水肿三天”入住邓州市人民医院接受治疗，因病情加重，2月12日先后转至南阳市第一人民医院、南阳市中心医院治疗，于2月20日上午死亡。事件发生后，邓州市卫健委牵头，成立工作专班，调查事故原因，初步认为，这是一起既有患者未能真实说明病情，又有医疗人员漏诊误诊造成的医疗事故。 目前，邓州市人民医院与死者家属已达成赔偿协议，并获取对方谅解。作为医疗行政主管部门，我们对患者的死亡深表惋惜和同情，深感自责和不安。 同时，邓州市纪检、公安、卫健等部门正在对事件做进一步调查，依法依规追究相关人员责任。 来源丨“邓州市卫生健康委员会”微信公众号 ▍法律顾问：曹俊羽律师，手机&微信15896195556 ▍免责声明：此文是出于传递更多信息之目的，淮安零距离网网友发布爆料不代表本网赞同其观点和对其真实性负责。若有来源标注错误或侵犯了您的合法权益，请作者持权属证明与本网联系，我们将及时更正、删除，谢谢。 为淮安打Call 特别声明：以上内容(如有图片或视频亦包括在内)为自媒体平台“网易号”用户上传并发 ||| 经过事情的发酵后, 邓州市卫健委牵头,成立了工作专案组, 调查事故原因,经过将近4个月的调查取证,初步认为 这是一起患者未能真实说明病情,然后医疗人员漏诊误诊所造成的医疗事故 。 医院通报 目前, 邓 ||| 用微信扫码二维码 分享至好友和朋友圈 5月31日，“怀胎7月女大学生被当肾病医治后身亡”一事，引发社会关注。6月1日，记者从河南邓州卫生健康委员会获悉，这是一起既有患者未能真实说明病情，又有医疗人员漏诊误诊造成的医疗事故。目前，邓州市人民医院与死者家属已达成赔偿协议，并获取对方谅解。 据通报，初步查明，2024年2月7日，患者庞某某因“水肿三天”入住邓州市人民医院接受治疗，因病情加重，2月12日先后转至南阳市第一人民医院、南阳市中心医院治疗，于2月20日上午死亡。事件发生后，邓州市卫健委牵头，成立工作专班，调查事故原因，初步认为，这是一起既有患者未能真实说明病情，又有医疗人员漏诊误诊造成的医疗事故。 ▲邓州市人民医院。 目前，邓州市人民医院与死者家属已达成赔偿协议，并获取对方谅解。同时，邓州市纪检、公安、卫健等部门正在对事件做进一步调查，依法依规追究相关人员责任。 今年2月，寒假回家的丽丽因身体发胖，在家人的带领下去河南南阳邓州市人民医院检查，被确诊为肾病综合征。住院治疗五天，因病情严重转院抢救，最后不治身亡。 令家人不解的是，在转至上级医院的救治时，丽丽并没有被确诊为肾病综合征，而是怀孕七个多月胎死腹中。“女儿被当肾病误诊、误治、误用大量激素治疗，直接进行肾穿刺手术，最后导致失去生命。” 为了查明女儿的死因，父亲庞先生申请了医疗事故技术鉴定，但是邓州市人民医院没有提交鉴定材料，导 ||| 邓州市卫生健康委员会6月1日发布情况说明：5月31日，媒体报道“怀胎7月女大学生被当肾病医治后身亡”一事，引发社会关注。 初步查明，2024年2月7日，患者庞某某因“水肿三天”入住邓州市人民医院接受治疗，因病情加重，2月12日先后转至南阳市第一人民医院、南阳市中心医院治疗，于2月20日上午死亡。事件发生后，邓州市卫健委牵头，成立工作专班，调查事故原因，初步认为，这是一起既有患者未能真实说明病情，又有医疗人员漏诊误诊造成的医疗事故。 目前，邓州市人民医院与死者家属已达成赔偿协议，并获取对方谅解。作为医疗行政主管部门，我们对患者的死亡深表惋惜和同情，深感自责和不安。 同时，邓州市纪检、公安、卫健等部门正在对事件做进一步调查，依法依规追究相关人员责任。 科学与健康|读懂情绪信号 守护心理健康 中国在世卫大会期间联合举办“同一健康共护全球公卫”主题边会 健康舒适度夏 这份指南请收好 2026年医保商保“双目录”调整方案“划重点” 聚焦失能、高龄等重点人群 家庭病床服务有了指南 科学与健康|科学看待汉坦病毒 2025年我国药品审批质效双升 “十五五”期间力争全国定点医药机构现场检查全覆盖 “00后”白衣天使 书写闪光青春 中疾控：我国无安第斯病毒人类感染病例报告 ||| 原标题：“怀胎7月女大学生被当肾病医治后身亡”，官方通报 5月31日，有媒体报道“怀胎7月女大学生被当肾病医治后身亡”一事，引发社会关注。6月1日，邓州市卫生健康委员会发布情况说明，全文如下： 情况说明 5月31日，媒体报道“怀胎7月女大学生被当肾病医治后身亡”一事，引发社会关注。初步查明，2024年2月7日，患者庞某某因“水肿三天”入住邓州市人民医院接受治疗，因病情加重，2月12日先后转至南阳市第一人民医院、南阳市中心医院治疗，于2月20日上午死亡。事件发生后，邓州市卫健委牵头，成立工作专班，调查事故原因，初步认为，这是一起既有患者未能真实说明病情，又有医疗人员漏诊误诊造成的医疗事故。 目前，邓州市人民医院与死者家属已达成赔偿协议，并获取对方谅解。作为医疗行政主管部门，我们对患者的死亡深表惋惜和同情，深感自责和不安。 同时，邓州市纪检、公安、卫健等部门正在对事件做进一步调查，依法依规追究相关人员责任。 邓州市卫生健康委员会 2024年6月1日 来源 | 邓州市卫生健康委员会 审核 | 卢长银 编辑 | 李迅典 校对 | 徐璐明 了解《环球时报》的三观 请长按下方二维码关注我们or回到文章顶部，点击环球时报 （微信公众号ID：hqsbwx） 更多猛料！欢迎扫描左方二维码关注新浪军事官方微信（sinamilnews） 热门推荐 相关新闻 加载中 点击加载更多 推荐新闻 【 新闻 】胡 ||| 新京报讯 据邓州卫健委官微消息，5月31日，媒体报道“怀胎7月女大学生被当肾病医治后身亡”一事，引发社会关注。初步查明，2024年2月7日，患者庞某某因“水肿三天”入住邓州市人民医院接受治疗，因病情加重，2月12日先后转至南阳市第一人民医院、南阳市中心医院治疗，于2月20日上午死亡。事件发生后，邓州市卫健委牵头，成立工作专班，调查事故原因，初步认为，这是一起既有患者未能真实说明病情，又有医疗人员漏诊误诊造成的医疗事故。 目前，邓州市人民医院与死者家属已达成赔偿协议，并获取对方谅解。作为医疗行政主管部门，我们对患者的死亡深表惋惜和同情，深感自责和不安。同时，邓州市纪检、公安、卫健等部门正在对事件做进一步调查，依法依规追究相关人员责任。 编辑 赵熹 想要发表评论，阅读更多精彩内容，快来下 载新京报客户端吧 新浪网 | 网易 | 搜狐 | UC头条 | 新华网 | 中新网 | 慧科讯业 | 今日头条 | 一点资讯 | 千龙网 | 贝壳财经| 腾讯网| 百度 经营许可证编号：京ICP证090533号 |京ICP备18053894号| 国新办网备字[2006]7号 | 广播电视节目制作经营许可证：(京)字第02592号 京公网安备11010102004542号|互联网新闻信息服务许可证11120180005号 关于我们版权声明联系我们工作机会友情链接服务协议 Copy Right © 200 ||| 扫一扫 下载观察者APP 据邓州市卫生健康委员会微信公众号消息，河南邓州市卫健委6月1日发布情况通报： 5月31日，媒体报道“怀胎7月女大学生被当肾病医治后身亡”一事，引发社会关注。初步查明，2024年2月7日，患者庞某某因“水肿三天”入住邓州市人民医院接受治疗，因病情加重，2月12日先后转至南阳市第一人民医院、南阳市中心医院治疗，于2月20日上午死亡。事件发生后，邓州市卫健委牵头，成立工作专班，调查事故原因，初步认为，这是一起既有患者未能真实说明病情，又有医疗人员漏诊误诊造成的医疗事故。 目前，邓州市人民医院与死者家属已达成赔偿协议，并获取对方谅解。作为医疗行政主管部门，我们对患者的死亡深表惋惜和同情，深感自责和不安。 同时，邓州市纪检、公安、卫健等部门正在对事件做进一步调查，依法依规追究相关人员责任。 邓州市卫生健康委员会微信公众号截图 据奔流新闻此前报道，今年2月，寒假回家的大学生丽丽（化名）因身体发胖，在家人的带领下去河南南阳邓州市人民医院检查，被确诊为肾病综合征。住院治疗五天，因病情严重转院抢救，最后不治身亡。 令家人不解的是，在转至上级医院的救治时，丽丽并没有被确诊为肾病综合征，而是在怀孕七个多月胎死腹中。“女儿被当肾病误诊、误治、误用大量激素治疗，直接进行肾穿刺手术，最后导致失去生命。” 为了查明女儿的死因，父亲庞先生申请了医疗事故技术鉴定，但是邓州市人民医院没有提交 ||| 扫描二维码下载APP ⁺ 历史 ⁺ 收藏 ⁺ 订阅 6月1日，河南邓州市卫生健康委员会发布情况说明:5月31日，媒体报道“怀胎7月女大学生被当肾病医治后身亡”一事，引发社会关注。初步查明，2024年2月7日，患者庞某某因“水肿三天”入住邓州市人民医院接受治疗，因病情加重，2月12日先后转至南阳市第一人民医院、南阳市中心医院治疗，于2月20日上午死亡。事件发生后，邓州市卫健委牵头，成立工作专班，调查事故原因，初步认为，这是一起既有患者未能真实说明病情，又有医疗人员漏诊误诊造成的医疗事故。 目前，邓州市人民医院与死者家属已达成赔偿协议，并获取对方谅解。同时，邓州市纪检、公安、卫健等部门正在对事件做进一步调查，依法依规追究相关人员责任。 暂无评论，快来发表你的评论吧 举报电话：021-62870000 举报邮箱：service@kankanews.com 剑网行动举报电话：12318（市文化执法总队）、021-64334547（市版权局） Copyright © 2016 Kankanews.com Inc. All Rights Reserved. 看东方（上海）传媒有限公司 版权所有 ||| 用微信扫码二维码 分享至好友和朋友圈 5月31日，媒体报道“怀胎7月女大学生被当肾病医治后身亡”一事，引发社会关注。初步查明，2024年2月7日，患者庞某某因“水肿三天”入住邓州市人民医院接受治疗，因病情加重，2月12日先后转至南阳市第一人民医院、南阳市中心医院治疗，于2月20日上午死亡。事件发生后，邓州市卫健委牵头，成立工作专班，调查事故原因，初步认为，这是一起既有患者未能真实说明病情，又有医疗人员漏诊误诊造成的医疗事故。 目前，邓州市人民医院与死者家属已达成赔偿协议，并获取对方谅解。作为医疗行政主管部门，我们对患者的死亡深表惋惜和同情，深感自责和不安。 同时，邓州市纪检、公安、卫健等部门正在对事件做进一步调查，依法依规追究相关人员责任。 邓州市卫生健康委员会 2024年6月1日 来 源：邓州市卫生健康委员会、大河报 特别声明：以上内容(如有图片或视频亦包括在内)为自媒体平台“网易号”用户上传并发布，本平台仅提供信息存储服务。 Notice: The content above (including the pictures and videos if any) is uploaded and posted by a user of NetEase Hao, which is a social media platform and only provides informatio ||| 用微信扫码二维码 分享至好友和朋友圈 情况说明 5月31日，媒体报道“怀胎7月女大学生被当肾病医治后身亡”一事，引发社会关注。初步查明，2024年2月7日，患者庞某某因“水肿三天”入住邓州市人民医院接受治疗，因病情加重，2月12日先后转至南阳市第一人民医院、南阳市中心医院治疗，于2月20日上午死亡。事件发生后，邓州市卫健委牵头，成立工作专班，调查事故原因，初步认为，这是一起既有患者未能真实说明病情，又有医疗人员漏诊误诊造成的医疗事故。 目前，邓州市人民医院与死者家属已达成赔偿协议，并获取对方谅解。作为医疗行政主管部门，我们对患者的死亡深表惋惜和同情，深感自责和不安。 同时，邓州市纪检、公安、卫健等部门正在对事件做进一步调查，依法依规追究相关人员责任。 邓州市卫生健康委员会 2024年6月1日 来源：邓州市卫生健康委员会 征集：如您在开办企业、企业注销、工程建设项目审批、不动产登记、用电报装、用气报装、用水报装、缴纳税费、惠企政策、知识产权、金融服务、人才服务、监管执法服务、政府采购、招标投票等营商过程中遇到烦心事、堵心事，请留言。 昨日阅读榜 【免责声明】：本公众号对转载、分享的内容、陈述、观点判断保持中立，不对所包含内容的准确性、可靠性或完善性提供任何明示或暗示的保证，仅供微友参考！分享此文出于传播更多资讯之目的，如著作权人发现本公众号转载了其拥有著作权的作品时，请及时留言通知我 ||| 5月31日，媒体报道，一名女大学生怀孕七个月被误诊患肾病，于今年2月份不治身亡，此事引发关注。 6月1日，河南南阳邓州市卫生健康委员会发布情况说明： 5月31日，媒体报道“怀胎7月女大学生被当肾病医治后身亡”一事，引发社会关注。初步查明，2024年2月7日，患者庞某某因“水肿三天”入住邓州市人民医院接受治疗，因病情加重，2月12日先后转至南阳市第一人民医院、南阳市中心医院治疗，于2月20日上午死亡。事件发生后，邓州市卫健委牵头，成立工作专班，调查事故原因，初步认为，这是一起既有患者未能真实说明病情，又有医疗人员漏诊误诊造成的医疗事故。 目前，邓州市人民医院与死者家属已达成赔偿协议，并获取对方谅解。作为医疗行政主管部门，我们对患者的死亡深表惋惜和同情，深感自责和不安。 同时，邓州市纪检、公安、卫健等部门正在对事件做进一步调查，依法依规追究相关人员责任。 此前报道—— 今年2月，放寒假回家的丽丽因身体发胖，在家人的带领下去河南南阳邓州市人民医院检查，被确诊为肾病综合征。住院治疗后，因病情严重转院抢救，最后不治身亡。 令人意外的是，在转至上级医院救治时，丽丽并未被确诊为肾病综合征，医生发现，丽丽已怀孕7个多月，且胎死腹中。 “女儿被当肾病误诊、误治、误用大量激素治疗，直接进行肾穿刺手术，最终失去生命。”为了查明丽丽的死因，父亲庞先生申请了医疗事故技术鉴定，但邓州市人民医院没有提交鉴定材料",mainstream_news ||| mainstream_news ||| social_media ||| social_media ||| social_media ||| public_web ||| mainstream_news ||| mainstream_news ||| social_media ||| mainstream_news ||| social_media ||| social_media ||| mainstream_news,https://moment.rednet.cn/content/646840/83/13961961.html ||| https://www.sohu.com/a/783063667_121106884 ||| https://www.163.com/dy/article/J3K6TASD0525BI41.html ||| https://www.toutiao.com/article/7375379006025220635/ ||| https://www.163.com/dy/article/J3K9JLKV0514EA02.html ||| http://www.nmgcb.com.cn/jiankang/r-284072.html ||| https://mil.news.sina.com.cn/2024-06-01/doc-inaxfenc9766413.shtml ||| https://www.bjnews.com.cn/detail/1717219391129772.html ||| https://www.guancha.cn/politics/2024_06_01_736736.shtml ||| https://www.kankanews.com/detail/6ryd8gvWmyK ||| https://www.163.com/dy/article/J3JR91C405148M7V.html ||| https://www.163.com/dy/article/J3KC5QGA05329WZS.html ||| https://k.sina.com.cn/article_2011075080_77de920801901drye.html,10,silver_candidate,standard_review,0.000,low,low_risk,accept,,,,,,医院赔偿谅解事实与通报内容一致，证据覆盖完整，可直接作为金标准。,annotator_A,adjudicated_final,annotator_A
E026,LLM_CANON_E026_003,死者家属,接受医院赔偿方案并出具谅解书，未继续公开追究医院民事赔偿责任。,neutral,官方通报明确记载家属已达成赔偿协议并予以谅解。,SC_E026_003,家属;老庞一家三口,True,,ev-00624;ev-00625;ev-00626;ev-01792;ev-01796;ev-01797;ev-01798;ev-01799;ev-01800;ev-01804;ev-01805;ev-01810,"□张叶 (青岛大学) 6月1日，河南省邓州市卫生健康委员会发布情况说明：5月31日，媒体报道“怀胎7月女大学生被当肾病医治后身亡”一事，引发社会关注。初步查明，2024年2月7日，患者庞某某因“水肿三天”入住邓州市人民医院接受治疗，因病情加重，2月12日先后转至南阳市第一人民医院、南阳市中心医院治疗，于2月20日上午死亡。事件发生后，邓州市卫健委牵头，成立工作专班，调查事故原因，初步认为，这是一起既有患者未能真实说明病情，又有医疗人员漏诊误诊造成的医疗事故。 目前，邓州市人民医院与死者家属已达成赔偿协议，并获取对方谅解。进一步的事件调查及责任追究仍在继续，我们还有不少疑问有待回答。 患者本人为何隐瞒自己怀孕七个月的事实？为何在初期问诊时谎称自己约一周前才来过月经？七个月的时间如此之久，孕期反应也逐步明显，说女孩对自己的身体异常毫不知情的观点实在是站不住脚跟。或许是患者本人觉得难以启齿，又或许还有其他不为人知的深层原因，但不论何种，我们都需明确，患者在就医时应如实告知医生自己的病情和病史，这是建立医患信任的基础。该女大学生隐瞒怀孕事实，无疑给医生的诊断带来了极大的困难和风险。也是引发后续悲剧的开端。 医院为何不在怀疑妊娠时及时排查？一方面，作为医生，其判断能力实在欠缺，入院查体受主观因素影响较大，且患者全身水肿很可能合并了大量腹水，肾病医生经验不足没能及时发现也是有可能的。再者，进行 ||| （来源：四川政法声音） 四川政法声音 聚焦政法热点，发布权威信息 5月31日，有媒体报道，一名女大学生怀孕七个月被误诊患肾病，于今年2月份不治身亡，此事引发关注。 6月1日，河南南阳邓州市卫生健康委员会发布情况说明： 5月31日，媒体报道“怀胎7月女大学生被当肾病医治后身亡”一事，引发社会关注。初步查明，2024年2月7日，患者庞某某因“水肿三天”入住邓州市人民医院接受治疗，因病情加重，2月12日先后转至南阳市第一人民医院、南阳市中心医院治疗，于2月20日上午死亡。事件发生后，邓州市卫健委牵头，成立工作专班，调查事故原因，初步认为，这是一起既有患者未能真实说明病情，又有医疗人员漏诊误诊造成的医疗事故。 目前，邓州市人民医院与死者家属已达成赔偿协议，并获取对方谅解。作为医疗行政主管部门，我们对患者的死亡深表惋惜和同情，深感自责和不安。 同时，邓州市纪检、公安、卫健等部门正在对事件做进一步调查，依法依规追究相关人员责任。 来源：邓州市卫生健康委员会 ◇省委政法工作会议召开 奋力谱写政法工作现代化四川篇章 ◇为谱写中国式现代化四川新篇章贡献政法力量——2023 年全省政法工作综述 ◇这些热词 “秒懂”四川政法的2023 ◇2023，四川政法新闻大事记 ◇2023，这些瞬间值得铭记 更多四川政法系统讯息 扫码访问✍ 官方微信 长按关注 官 方网站返回搜狐，查看更多 ||| 用微信扫码二维码 分享至好友和朋友圈 5月31日，有媒体报道，一名女大学生怀孕七个月被误诊患肾病，于今年2月份不治身亡，此事引发关注。 6月1日，河南南阳邓州市卫生健康委员会发布情况说明： 5月31日，媒体报道“怀胎7月女大学生被当肾病医治后身亡”一事，引发社会关注。初步查明，2024年2月7日，患者庞某某因“水肿三天”入住邓州市人民医院接受治疗，因病情加重，2月12日先后转至南阳市第一人民医院、南阳市中心医院治疗，于2月20日上午死亡。事件发生后，邓州市卫健委牵头，成立工作专班，调查事故原因，初步认为，这是一起既有患者未能真实说明病情，又有医疗人员漏诊误诊造成的医疗事故。 目前，邓州市人民医院与死者家属已达成赔偿协议，并获取对方谅解。作为医疗行政主管部门，我们对患者的死亡深表惋惜和同情，深感自责和不安。 同时，邓州市纪检、公安、卫健等部门正在对事件做进一步调查，依法依规追究相关人员责任。 来源丨“邓州市卫生健康委员会”微信公众号 ▍法律顾问：曹俊羽律师，手机&微信15896195556 ▍免责声明：此文是出于传递更多信息之目的，淮安零距离网网友发布爆料不代表本网赞同其观点和对其真实性负责。若有来源标注错误或侵犯了您的合法权益，请作者持权属证明与本网联系，我们将及时更正、删除，谢谢。 为淮安打Call 特别声明：以上内容(如有图片或视频亦包括在内)为自媒体平台“网易号”用户上传并发 ||| 用微信扫码二维码 分享至好友和朋友圈 5月31日，“怀胎7月女大学生被当肾病医治后身亡”一事，引发社会关注。6月1日，记者从河南邓州卫生健康委员会获悉，这是一起既有患者未能真实说明病情，又有医疗人员漏诊误诊造成的医疗事故。目前，邓州市人民医院与死者家属已达成赔偿协议，并获取对方谅解。 据通报，初步查明，2024年2月7日，患者庞某某因“水肿三天”入住邓州市人民医院接受治疗，因病情加重，2月12日先后转至南阳市第一人民医院、南阳市中心医院治疗，于2月20日上午死亡。事件发生后，邓州市卫健委牵头，成立工作专班，调查事故原因，初步认为，这是一起既有患者未能真实说明病情，又有医疗人员漏诊误诊造成的医疗事故。 ▲邓州市人民医院。 目前，邓州市人民医院与死者家属已达成赔偿协议，并获取对方谅解。同时，邓州市纪检、公安、卫健等部门正在对事件做进一步调查，依法依规追究相关人员责任。 今年2月，寒假回家的丽丽因身体发胖，在家人的带领下去河南南阳邓州市人民医院检查，被确诊为肾病综合征。住院治疗五天，因病情严重转院抢救，最后不治身亡。 令家人不解的是，在转至上级医院的救治时，丽丽并没有被确诊为肾病综合征，而是怀孕七个多月胎死腹中。“女儿被当肾病误诊、误治、误用大量激素治疗，直接进行肾穿刺手术，最后导致失去生命。” 为了查明女儿的死因，父亲庞先生申请了医疗事故技术鉴定，但是邓州市人民医院没有提交鉴定材料，导 ||| 邓州市卫生健康委员会6月1日发布情况说明：5月31日，媒体报道“怀胎7月女大学生被当肾病医治后身亡”一事，引发社会关注。 初步查明，2024年2月7日，患者庞某某因“水肿三天”入住邓州市人民医院接受治疗，因病情加重，2月12日先后转至南阳市第一人民医院、南阳市中心医院治疗，于2月20日上午死亡。事件发生后，邓州市卫健委牵头，成立工作专班，调查事故原因，初步认为，这是一起既有患者未能真实说明病情，又有医疗人员漏诊误诊造成的医疗事故。 目前，邓州市人民医院与死者家属已达成赔偿协议，并获取对方谅解。作为医疗行政主管部门，我们对患者的死亡深表惋惜和同情，深感自责和不安。 同时，邓州市纪检、公安、卫健等部门正在对事件做进一步调查，依法依规追究相关人员责任。 科学与健康|读懂情绪信号 守护心理健康 中国在世卫大会期间联合举办“同一健康共护全球公卫”主题边会 健康舒适度夏 这份指南请收好 2026年医保商保“双目录”调整方案“划重点” 聚焦失能、高龄等重点人群 家庭病床服务有了指南 科学与健康|科学看待汉坦病毒 2025年我国药品审批质效双升 “十五五”期间力争全国定点医药机构现场检查全覆盖 “00后”白衣天使 书写闪光青春 中疾控：我国无安第斯病毒人类感染病例报告 ||| 原标题：“怀胎7月女大学生被当肾病医治后身亡”，官方通报 5月31日，有媒体报道“怀胎7月女大学生被当肾病医治后身亡”一事，引发社会关注。6月1日，邓州市卫生健康委员会发布情况说明，全文如下： 情况说明 5月31日，媒体报道“怀胎7月女大学生被当肾病医治后身亡”一事，引发社会关注。初步查明，2024年2月7日，患者庞某某因“水肿三天”入住邓州市人民医院接受治疗，因病情加重，2月12日先后转至南阳市第一人民医院、南阳市中心医院治疗，于2月20日上午死亡。事件发生后，邓州市卫健委牵头，成立工作专班，调查事故原因，初步认为，这是一起既有患者未能真实说明病情，又有医疗人员漏诊误诊造成的医疗事故。 目前，邓州市人民医院与死者家属已达成赔偿协议，并获取对方谅解。作为医疗行政主管部门，我们对患者的死亡深表惋惜和同情，深感自责和不安。 同时，邓州市纪检、公安、卫健等部门正在对事件做进一步调查，依法依规追究相关人员责任。 邓州市卫生健康委员会 2024年6月1日 来源 | 邓州市卫生健康委员会 审核 | 卢长银 编辑 | 李迅典 校对 | 徐璐明 了解《环球时报》的三观 请长按下方二维码关注我们or回到文章顶部，点击环球时报 （微信公众号ID：hqsbwx） 更多猛料！欢迎扫描左方二维码关注新浪军事官方微信（sinamilnews） 热门推荐 相关新闻 加载中 点击加载更多 推荐新闻 【 新闻 】胡 ||| 新京报讯 据邓州卫健委官微消息，5月31日，媒体报道“怀胎7月女大学生被当肾病医治后身亡”一事，引发社会关注。初步查明，2024年2月7日，患者庞某某因“水肿三天”入住邓州市人民医院接受治疗，因病情加重，2月12日先后转至南阳市第一人民医院、南阳市中心医院治疗，于2月20日上午死亡。事件发生后，邓州市卫健委牵头，成立工作专班，调查事故原因，初步认为，这是一起既有患者未能真实说明病情，又有医疗人员漏诊误诊造成的医疗事故。 目前，邓州市人民医院与死者家属已达成赔偿协议，并获取对方谅解。作为医疗行政主管部门，我们对患者的死亡深表惋惜和同情，深感自责和不安。同时，邓州市纪检、公安、卫健等部门正在对事件做进一步调查，依法依规追究相关人员责任。 编辑 赵熹 想要发表评论，阅读更多精彩内容，快来下 载新京报客户端吧 新浪网 | 网易 | 搜狐 | UC头条 | 新华网 | 中新网 | 慧科讯业 | 今日头条 | 一点资讯 | 千龙网 | 贝壳财经| 腾讯网| 百度 经营许可证编号：京ICP证090533号 |京ICP备18053894号| 国新办网备字[2006]7号 | 广播电视节目制作经营许可证：(京)字第02592号 京公网安备11010102004542号|互联网新闻信息服务许可证11120180005号 关于我们版权声明联系我们工作机会友情链接服务协议 Copy Right © 200 ||| 扫一扫 下载观察者APP 据邓州市卫生健康委员会微信公众号消息，河南邓州市卫健委6月1日发布情况通报： 5月31日，媒体报道“怀胎7月女大学生被当肾病医治后身亡”一事，引发社会关注。初步查明，2024年2月7日，患者庞某某因“水肿三天”入住邓州市人民医院接受治疗，因病情加重，2月12日先后转至南阳市第一人民医院、南阳市中心医院治疗，于2月20日上午死亡。事件发生后，邓州市卫健委牵头，成立工作专班，调查事故原因，初步认为，这是一起既有患者未能真实说明病情，又有医疗人员漏诊误诊造成的医疗事故。 目前，邓州市人民医院与死者家属已达成赔偿协议，并获取对方谅解。作为医疗行政主管部门，我们对患者的死亡深表惋惜和同情，深感自责和不安。 同时，邓州市纪检、公安、卫健等部门正在对事件做进一步调查，依法依规追究相关人员责任。 邓州市卫生健康委员会微信公众号截图 据奔流新闻此前报道，今年2月，寒假回家的大学生丽丽（化名）因身体发胖，在家人的带领下去河南南阳邓州市人民医院检查，被确诊为肾病综合征。住院治疗五天，因病情严重转院抢救，最后不治身亡。 令家人不解的是，在转至上级医院的救治时，丽丽并没有被确诊为肾病综合征，而是在怀孕七个多月胎死腹中。“女儿被当肾病误诊、误治、误用大量激素治疗，直接进行肾穿刺手术，最后导致失去生命。” 为了查明女儿的死因，父亲庞先生申请了医疗事故技术鉴定，但是邓州市人民医院没有提交 ||| 扫描二维码下载APP ⁺ 历史 ⁺ 收藏 ⁺ 订阅 6月1日，河南邓州市卫生健康委员会发布情况说明:5月31日，媒体报道“怀胎7月女大学生被当肾病医治后身亡”一事，引发社会关注。初步查明，2024年2月7日，患者庞某某因“水肿三天”入住邓州市人民医院接受治疗，因病情加重，2月12日先后转至南阳市第一人民医院、南阳市中心医院治疗，于2月20日上午死亡。事件发生后，邓州市卫健委牵头，成立工作专班，调查事故原因，初步认为，这是一起既有患者未能真实说明病情，又有医疗人员漏诊误诊造成的医疗事故。 目前，邓州市人民医院与死者家属已达成赔偿协议，并获取对方谅解。同时，邓州市纪检、公安、卫健等部门正在对事件做进一步调查，依法依规追究相关人员责任。 暂无评论，快来发表你的评论吧 举报电话：021-62870000 举报邮箱：service@kankanews.com 剑网行动举报电话：12318（市文化执法总队）、021-64334547（市版权局） Copyright © 2016 Kankanews.com Inc. All Rights Reserved. 看东方（上海）传媒有限公司 版权所有 ||| 用微信扫码二维码 分享至好友和朋友圈 5月31日，媒体报道“怀胎7月女大学生被当肾病医治后身亡”一事，引发社会关注。初步查明，2024年2月7日，患者庞某某因“水肿三天”入住邓州市人民医院接受治疗，因病情加重，2月12日先后转至南阳市第一人民医院、南阳市中心医院治疗，于2月20日上午死亡。事件发生后，邓州市卫健委牵头，成立工作专班，调查事故原因，初步认为，这是一起既有患者未能真实说明病情，又有医疗人员漏诊误诊造成的医疗事故。 目前，邓州市人民医院与死者家属已达成赔偿协议，并获取对方谅解。作为医疗行政主管部门，我们对患者的死亡深表惋惜和同情，深感自责和不安。 同时，邓州市纪检、公安、卫健等部门正在对事件做进一步调查，依法依规追究相关人员责任。 邓州市卫生健康委员会 2024年6月1日 来 源：邓州市卫生健康委员会、大河报 特别声明：以上内容(如有图片或视频亦包括在内)为自媒体平台“网易号”用户上传并发布，本平台仅提供信息存储服务。 Notice: The content above (including the pictures and videos if any) is uploaded and posted by a user of NetEase Hao, which is a social media platform and only provides informatio ||| 用微信扫码二维码 分享至好友和朋友圈 情况说明 5月31日，媒体报道“怀胎7月女大学生被当肾病医治后身亡”一事，引发社会关注。初步查明，2024年2月7日，患者庞某某因“水肿三天”入住邓州市人民医院接受治疗，因病情加重，2月12日先后转至南阳市第一人民医院、南阳市中心医院治疗，于2月20日上午死亡。事件发生后，邓州市卫健委牵头，成立工作专班，调查事故原因，初步认为，这是一起既有患者未能真实说明病情，又有医疗人员漏诊误诊造成的医疗事故。 目前，邓州市人民医院与死者家属已达成赔偿协议，并获取对方谅解。作为医疗行政主管部门，我们对患者的死亡深表惋惜和同情，深感自责和不安。 同时，邓州市纪检、公安、卫健等部门正在对事件做进一步调查，依法依规追究相关人员责任。 邓州市卫生健康委员会 2024年6月1日 来源：邓州市卫生健康委员会 征集：如您在开办企业、企业注销、工程建设项目审批、不动产登记、用电报装、用气报装、用水报装、缴纳税费、惠企政策、知识产权、金融服务、人才服务、监管执法服务、政府采购、招标投票等营商过程中遇到烦心事、堵心事，请留言。 昨日阅读榜 【免责声明】：本公众号对转载、分享的内容、陈述、观点判断保持中立，不对所包含内容的准确性、可靠性或完善性提供任何明示或暗示的保证，仅供微友参考！分享此文出于传播更多资讯之目的，如著作权人发现本公众号转载了其拥有著作权的作品时，请及时留言通知我 ||| 5月31日，媒体报道，一名女大学生怀孕七个月被误诊患肾病，于今年2月份不治身亡，此事引发关注。 6月1日，河南南阳邓州市卫生健康委员会发布情况说明： 5月31日，媒体报道“怀胎7月女大学生被当肾病医治后身亡”一事，引发社会关注。初步查明，2024年2月7日，患者庞某某因“水肿三天”入住邓州市人民医院接受治疗，因病情加重，2月12日先后转至南阳市第一人民医院、南阳市中心医院治疗，于2月20日上午死亡。事件发生后，邓州市卫健委牵头，成立工作专班，调查事故原因，初步认为，这是一起既有患者未能真实说明病情，又有医疗人员漏诊误诊造成的医疗事故。 目前，邓州市人民医院与死者家属已达成赔偿协议，并获取对方谅解。作为医疗行政主管部门，我们对患者的死亡深表惋惜和同情，深感自责和不安。 同时，邓州市纪检、公安、卫健等部门正在对事件做进一步调查，依法依规追究相关人员责任。 此前报道—— 今年2月，放寒假回家的丽丽因身体发胖，在家人的带领下去河南南阳邓州市人民医院检查，被确诊为肾病综合征。住院治疗后，因病情严重转院抢救，最后不治身亡。 令人意外的是，在转至上级医院救治时，丽丽并未被确诊为肾病综合征，医生发现，丽丽已怀孕7个多月，且胎死腹中。 “女儿被当肾病误诊、误治、误用大量激素治疗，直接进行肾穿刺手术，最终失去生命。”为了查明丽丽的死因，父亲庞先生申请了医疗事故技术鉴定，但邓州市人民医院没有提交鉴定材料",mainstream_news ||| mainstream_news ||| social_media ||| social_media ||| public_web ||| mainstream_news ||| mainstream_news ||| social_media ||| mainstream_news ||| social_media ||| social_media ||| mainstream_news,https://moment.rednet.cn/content/646840/83/13961961.html ||| https://www.sohu.com/a/783063667_121106884 ||| https://www.163.com/dy/article/J3K6TASD0525BI41.html ||| https://www.163.com/dy/article/J3K9JLKV0514EA02.html ||| http://www.nmgcb.com.cn/jiankang/r-284072.html ||| https://mil.news.sina.com.cn/2024-06-01/doc-inaxfenc9766413.shtml ||| https://www.bjnews.com.cn/detail/1717219391129772.html ||| https://www.guancha.cn/politics/2024_06_01_736736.shtml ||| https://www.kankanews.com/detail/6ryd8gvWmyK ||| https://www.163.com/dy/article/J3JR91C405148M7V.html ||| https://www.163.com/dy/article/J3KC5QGA05329WZS.html ||| https://k.sina.com.cn/article_2011075080_77de920801901drye.html,9,silver_candidate,standard_review,0.000,low,low_risk,accept,,,,,,证据充分支持家属达成赔偿协议并出具谅解书的事实，表述准确，情感中性合理。,annotator_A,adjudicated_final,annotator_A
E026,LLM_CANON_E026_004,涉事医疗人员,因漏诊误诊被初步认定负有责任，正面临纪检、公安、卫健等部门的进一步调查与依法依规追责。,negative,卫健委通报明确指出医疗人员存在漏诊误诊行为，多部门已介入启动追责程序。,SC_E026_004,医疗人员;医生,True,,ev-00624;ev-00625;ev-00626;ev-00627;ev-01792;ev-01796;ev-01797;ev-01798;ev-01799;ev-01800;ev-01804;ev-01805;ev-01810,"□张叶 (青岛大学) 6月1日，河南省邓州市卫生健康委员会发布情况说明：5月31日，媒体报道“怀胎7月女大学生被当肾病医治后身亡”一事，引发社会关注。初步查明，2024年2月7日，患者庞某某因“水肿三天”入住邓州市人民医院接受治疗，因病情加重，2月12日先后转至南阳市第一人民医院、南阳市中心医院治疗，于2月20日上午死亡。事件发生后，邓州市卫健委牵头，成立工作专班，调查事故原因，初步认为，这是一起既有患者未能真实说明病情，又有医疗人员漏诊误诊造成的医疗事故。 目前，邓州市人民医院与死者家属已达成赔偿协议，并获取对方谅解。进一步的事件调查及责任追究仍在继续，我们还有不少疑问有待回答。 患者本人为何隐瞒自己怀孕七个月的事实？为何在初期问诊时谎称自己约一周前才来过月经？七个月的时间如此之久，孕期反应也逐步明显，说女孩对自己的身体异常毫不知情的观点实在是站不住脚跟。或许是患者本人觉得难以启齿，又或许还有其他不为人知的深层原因，但不论何种，我们都需明确，患者在就医时应如实告知医生自己的病情和病史，这是建立医患信任的基础。该女大学生隐瞒怀孕事实，无疑给医生的诊断带来了极大的困难和风险。也是引发后续悲剧的开端。 医院为何不在怀疑妊娠时及时排查？一方面，作为医生，其判断能力实在欠缺，入院查体受主观因素影响较大，且患者全身水肿很可能合并了大量腹水，肾病医生经验不足没能及时发现也是有可能的。再者，进行 ||| （来源：四川政法声音） 四川政法声音 聚焦政法热点，发布权威信息 5月31日，有媒体报道，一名女大学生怀孕七个月被误诊患肾病，于今年2月份不治身亡，此事引发关注。 6月1日，河南南阳邓州市卫生健康委员会发布情况说明： 5月31日，媒体报道“怀胎7月女大学生被当肾病医治后身亡”一事，引发社会关注。初步查明，2024年2月7日，患者庞某某因“水肿三天”入住邓州市人民医院接受治疗，因病情加重，2月12日先后转至南阳市第一人民医院、南阳市中心医院治疗，于2月20日上午死亡。事件发生后，邓州市卫健委牵头，成立工作专班，调查事故原因，初步认为，这是一起既有患者未能真实说明病情，又有医疗人员漏诊误诊造成的医疗事故。 目前，邓州市人民医院与死者家属已达成赔偿协议，并获取对方谅解。作为医疗行政主管部门，我们对患者的死亡深表惋惜和同情，深感自责和不安。 同时，邓州市纪检、公安、卫健等部门正在对事件做进一步调查，依法依规追究相关人员责任。 来源：邓州市卫生健康委员会 ◇省委政法工作会议召开 奋力谱写政法工作现代化四川篇章 ◇为谱写中国式现代化四川新篇章贡献政法力量——2023 年全省政法工作综述 ◇这些热词 “秒懂”四川政法的2023 ◇2023，四川政法新闻大事记 ◇2023，这些瞬间值得铭记 更多四川政法系统讯息 扫码访问✍ 官方微信 长按关注 官 方网站返回搜狐，查看更多 ||| 用微信扫码二维码 分享至好友和朋友圈 5月31日，有媒体报道，一名女大学生怀孕七个月被误诊患肾病，于今年2月份不治身亡，此事引发关注。 6月1日，河南南阳邓州市卫生健康委员会发布情况说明： 5月31日，媒体报道“怀胎7月女大学生被当肾病医治后身亡”一事，引发社会关注。初步查明，2024年2月7日，患者庞某某因“水肿三天”入住邓州市人民医院接受治疗，因病情加重，2月12日先后转至南阳市第一人民医院、南阳市中心医院治疗，于2月20日上午死亡。事件发生后，邓州市卫健委牵头，成立工作专班，调查事故原因，初步认为，这是一起既有患者未能真实说明病情，又有医疗人员漏诊误诊造成的医疗事故。 目前，邓州市人民医院与死者家属已达成赔偿协议，并获取对方谅解。作为医疗行政主管部门，我们对患者的死亡深表惋惜和同情，深感自责和不安。 同时，邓州市纪检、公安、卫健等部门正在对事件做进一步调查，依法依规追究相关人员责任。 来源丨“邓州市卫生健康委员会”微信公众号 ▍法律顾问：曹俊羽律师，手机&微信15896195556 ▍免责声明：此文是出于传递更多信息之目的，淮安零距离网网友发布爆料不代表本网赞同其观点和对其真实性负责。若有来源标注错误或侵犯了您的合法权益，请作者持权属证明与本网联系，我们将及时更正、删除，谢谢。 为淮安打Call 特别声明：以上内容(如有图片或视频亦包括在内)为自媒体平台“网易号”用户上传并发 ||| 经过事情的发酵后, 邓州市卫健委牵头,成立了工作专案组, 调查事故原因,经过将近4个月的调查取证,初步认为 这是一起患者未能真实说明病情,然后医疗人员漏诊误诊所造成的医疗事故 。 医院通报 目前, 邓 ||| 用微信扫码二维码 分享至好友和朋友圈 5月31日，“怀胎7月女大学生被当肾病医治后身亡”一事，引发社会关注。6月1日，记者从河南邓州卫生健康委员会获悉，这是一起既有患者未能真实说明病情，又有医疗人员漏诊误诊造成的医疗事故。目前，邓州市人民医院与死者家属已达成赔偿协议，并获取对方谅解。 据通报，初步查明，2024年2月7日，患者庞某某因“水肿三天”入住邓州市人民医院接受治疗，因病情加重，2月12日先后转至南阳市第一人民医院、南阳市中心医院治疗，于2月20日上午死亡。事件发生后，邓州市卫健委牵头，成立工作专班，调查事故原因，初步认为，这是一起既有患者未能真实说明病情，又有医疗人员漏诊误诊造成的医疗事故。 ▲邓州市人民医院。 目前，邓州市人民医院与死者家属已达成赔偿协议，并获取对方谅解。同时，邓州市纪检、公安、卫健等部门正在对事件做进一步调查，依法依规追究相关人员责任。 今年2月，寒假回家的丽丽因身体发胖，在家人的带领下去河南南阳邓州市人民医院检查，被确诊为肾病综合征。住院治疗五天，因病情严重转院抢救，最后不治身亡。 令家人不解的是，在转至上级医院的救治时，丽丽并没有被确诊为肾病综合征，而是怀孕七个多月胎死腹中。“女儿被当肾病误诊、误治、误用大量激素治疗，直接进行肾穿刺手术，最后导致失去生命。” 为了查明女儿的死因，父亲庞先生申请了医疗事故技术鉴定，但是邓州市人民医院没有提交鉴定材料，导 ||| 邓州市卫生健康委员会6月1日发布情况说明：5月31日，媒体报道“怀胎7月女大学生被当肾病医治后身亡”一事，引发社会关注。 初步查明，2024年2月7日，患者庞某某因“水肿三天”入住邓州市人民医院接受治疗，因病情加重，2月12日先后转至南阳市第一人民医院、南阳市中心医院治疗，于2月20日上午死亡。事件发生后，邓州市卫健委牵头，成立工作专班，调查事故原因，初步认为，这是一起既有患者未能真实说明病情，又有医疗人员漏诊误诊造成的医疗事故。 目前，邓州市人民医院与死者家属已达成赔偿协议，并获取对方谅解。作为医疗行政主管部门，我们对患者的死亡深表惋惜和同情，深感自责和不安。 同时，邓州市纪检、公安、卫健等部门正在对事件做进一步调查，依法依规追究相关人员责任。 科学与健康|读懂情绪信号 守护心理健康 中国在世卫大会期间联合举办“同一健康共护全球公卫”主题边会 健康舒适度夏 这份指南请收好 2026年医保商保“双目录”调整方案“划重点” 聚焦失能、高龄等重点人群 家庭病床服务有了指南 科学与健康|科学看待汉坦病毒 2025年我国药品审批质效双升 “十五五”期间力争全国定点医药机构现场检查全覆盖 “00后”白衣天使 书写闪光青春 中疾控：我国无安第斯病毒人类感染病例报告 ||| 原标题：“怀胎7月女大学生被当肾病医治后身亡”，官方通报 5月31日，有媒体报道“怀胎7月女大学生被当肾病医治后身亡”一事，引发社会关注。6月1日，邓州市卫生健康委员会发布情况说明，全文如下： 情况说明 5月31日，媒体报道“怀胎7月女大学生被当肾病医治后身亡”一事，引发社会关注。初步查明，2024年2月7日，患者庞某某因“水肿三天”入住邓州市人民医院接受治疗，因病情加重，2月12日先后转至南阳市第一人民医院、南阳市中心医院治疗，于2月20日上午死亡。事件发生后，邓州市卫健委牵头，成立工作专班，调查事故原因，初步认为，这是一起既有患者未能真实说明病情，又有医疗人员漏诊误诊造成的医疗事故。 目前，邓州市人民医院与死者家属已达成赔偿协议，并获取对方谅解。作为医疗行政主管部门，我们对患者的死亡深表惋惜和同情，深感自责和不安。 同时，邓州市纪检、公安、卫健等部门正在对事件做进一步调查，依法依规追究相关人员责任。 邓州市卫生健康委员会 2024年6月1日 来源 | 邓州市卫生健康委员会 审核 | 卢长银 编辑 | 李迅典 校对 | 徐璐明 了解《环球时报》的三观 请长按下方二维码关注我们or回到文章顶部，点击环球时报 （微信公众号ID：hqsbwx） 更多猛料！欢迎扫描左方二维码关注新浪军事官方微信（sinamilnews） 热门推荐 相关新闻 加载中 点击加载更多 推荐新闻 【 新闻 】胡 ||| 新京报讯 据邓州卫健委官微消息，5月31日，媒体报道“怀胎7月女大学生被当肾病医治后身亡”一事，引发社会关注。初步查明，2024年2月7日，患者庞某某因“水肿三天”入住邓州市人民医院接受治疗，因病情加重，2月12日先后转至南阳市第一人民医院、南阳市中心医院治疗，于2月20日上午死亡。事件发生后，邓州市卫健委牵头，成立工作专班，调查事故原因，初步认为，这是一起既有患者未能真实说明病情，又有医疗人员漏诊误诊造成的医疗事故。 目前，邓州市人民医院与死者家属已达成赔偿协议，并获取对方谅解。作为医疗行政主管部门，我们对患者的死亡深表惋惜和同情，深感自责和不安。同时，邓州市纪检、公安、卫健等部门正在对事件做进一步调查，依法依规追究相关人员责任。 编辑 赵熹 想要发表评论，阅读更多精彩内容，快来下 载新京报客户端吧 新浪网 | 网易 | 搜狐 | UC头条 | 新华网 | 中新网 | 慧科讯业 | 今日头条 | 一点资讯 | 千龙网 | 贝壳财经| 腾讯网| 百度 经营许可证编号：京ICP证090533号 |京ICP备18053894号| 国新办网备字[2006]7号 | 广播电视节目制作经营许可证：(京)字第02592号 京公网安备11010102004542号|互联网新闻信息服务许可证11120180005号 关于我们版权声明联系我们工作机会友情链接服务协议 Copy Right © 200 ||| 扫一扫 下载观察者APP 据邓州市卫生健康委员会微信公众号消息，河南邓州市卫健委6月1日发布情况通报： 5月31日，媒体报道“怀胎7月女大学生被当肾病医治后身亡”一事，引发社会关注。初步查明，2024年2月7日，患者庞某某因“水肿三天”入住邓州市人民医院接受治疗，因病情加重，2月12日先后转至南阳市第一人民医院、南阳市中心医院治疗，于2月20日上午死亡。事件发生后，邓州市卫健委牵头，成立工作专班，调查事故原因，初步认为，这是一起既有患者未能真实说明病情，又有医疗人员漏诊误诊造成的医疗事故。 目前，邓州市人民医院与死者家属已达成赔偿协议，并获取对方谅解。作为医疗行政主管部门，我们对患者的死亡深表惋惜和同情，深感自责和不安。 同时，邓州市纪检、公安、卫健等部门正在对事件做进一步调查，依法依规追究相关人员责任。 邓州市卫生健康委员会微信公众号截图 据奔流新闻此前报道，今年2月，寒假回家的大学生丽丽（化名）因身体发胖，在家人的带领下去河南南阳邓州市人民医院检查，被确诊为肾病综合征。住院治疗五天，因病情严重转院抢救，最后不治身亡。 令家人不解的是，在转至上级医院的救治时，丽丽并没有被确诊为肾病综合征，而是在怀孕七个多月胎死腹中。“女儿被当肾病误诊、误治、误用大量激素治疗，直接进行肾穿刺手术，最后导致失去生命。” 为了查明女儿的死因，父亲庞先生申请了医疗事故技术鉴定，但是邓州市人民医院没有提交 ||| 扫描二维码下载APP ⁺ 历史 ⁺ 收藏 ⁺ 订阅 6月1日，河南邓州市卫生健康委员会发布情况说明:5月31日，媒体报道“怀胎7月女大学生被当肾病医治后身亡”一事，引发社会关注。初步查明，2024年2月7日，患者庞某某因“水肿三天”入住邓州市人民医院接受治疗，因病情加重，2月12日先后转至南阳市第一人民医院、南阳市中心医院治疗，于2月20日上午死亡。事件发生后，邓州市卫健委牵头，成立工作专班，调查事故原因，初步认为，这是一起既有患者未能真实说明病情，又有医疗人员漏诊误诊造成的医疗事故。 目前，邓州市人民医院与死者家属已达成赔偿协议，并获取对方谅解。同时，邓州市纪检、公安、卫健等部门正在对事件做进一步调查，依法依规追究相关人员责任。 暂无评论，快来发表你的评论吧 举报电话：021-62870000 举报邮箱：service@kankanews.com 剑网行动举报电话：12318（市文化执法总队）、021-64334547（市版权局） Copyright © 2016 Kankanews.com Inc. All Rights Reserved. 看东方（上海）传媒有限公司 版权所有 ||| 用微信扫码二维码 分享至好友和朋友圈 5月31日，媒体报道“怀胎7月女大学生被当肾病医治后身亡”一事，引发社会关注。初步查明，2024年2月7日，患者庞某某因“水肿三天”入住邓州市人民医院接受治疗，因病情加重，2月12日先后转至南阳市第一人民医院、南阳市中心医院治疗，于2月20日上午死亡。事件发生后，邓州市卫健委牵头，成立工作专班，调查事故原因，初步认为，这是一起既有患者未能真实说明病情，又有医疗人员漏诊误诊造成的医疗事故。 目前，邓州市人民医院与死者家属已达成赔偿协议，并获取对方谅解。作为医疗行政主管部门，我们对患者的死亡深表惋惜和同情，深感自责和不安。 同时，邓州市纪检、公安、卫健等部门正在对事件做进一步调查，依法依规追究相关人员责任。 邓州市卫生健康委员会 2024年6月1日 来 源：邓州市卫生健康委员会、大河报 特别声明：以上内容(如有图片或视频亦包括在内)为自媒体平台“网易号”用户上传并发布，本平台仅提供信息存储服务。 Notice: The content above (including the pictures and videos if any) is uploaded and posted by a user of NetEase Hao, which is a social media platform and only provides informatio ||| 用微信扫码二维码 分享至好友和朋友圈 情况说明 5月31日，媒体报道“怀胎7月女大学生被当肾病医治后身亡”一事，引发社会关注。初步查明，2024年2月7日，患者庞某某因“水肿三天”入住邓州市人民医院接受治疗，因病情加重，2月12日先后转至南阳市第一人民医院、南阳市中心医院治疗，于2月20日上午死亡。事件发生后，邓州市卫健委牵头，成立工作专班，调查事故原因，初步认为，这是一起既有患者未能真实说明病情，又有医疗人员漏诊误诊造成的医疗事故。 目前，邓州市人民医院与死者家属已达成赔偿协议，并获取对方谅解。作为医疗行政主管部门，我们对患者的死亡深表惋惜和同情，深感自责和不安。 同时，邓州市纪检、公安、卫健等部门正在对事件做进一步调查，依法依规追究相关人员责任。 邓州市卫生健康委员会 2024年6月1日 来源：邓州市卫生健康委员会 征集：如您在开办企业、企业注销、工程建设项目审批、不动产登记、用电报装、用气报装、用水报装、缴纳税费、惠企政策、知识产权、金融服务、人才服务、监管执法服务、政府采购、招标投票等营商过程中遇到烦心事、堵心事，请留言。 昨日阅读榜 【免责声明】：本公众号对转载、分享的内容、陈述、观点判断保持中立，不对所包含内容的准确性、可靠性或完善性提供任何明示或暗示的保证，仅供微友参考！分享此文出于传播更多资讯之目的，如著作权人发现本公众号转载了其拥有著作权的作品时，请及时留言通知我 ||| 5月31日，媒体报道，一名女大学生怀孕七个月被误诊患肾病，于今年2月份不治身亡，此事引发关注。 6月1日，河南南阳邓州市卫生健康委员会发布情况说明： 5月31日，媒体报道“怀胎7月女大学生被当肾病医治后身亡”一事，引发社会关注。初步查明，2024年2月7日，患者庞某某因“水肿三天”入住邓州市人民医院接受治疗，因病情加重，2月12日先后转至南阳市第一人民医院、南阳市中心医院治疗，于2月20日上午死亡。事件发生后，邓州市卫健委牵头，成立工作专班，调查事故原因，初步认为，这是一起既有患者未能真实说明病情，又有医疗人员漏诊误诊造成的医疗事故。 目前，邓州市人民医院与死者家属已达成赔偿协议，并获取对方谅解。作为医疗行政主管部门，我们对患者的死亡深表惋惜和同情，深感自责和不安。 同时，邓州市纪检、公安、卫健等部门正在对事件做进一步调查，依法依规追究相关人员责任。 此前报道—— 今年2月，放寒假回家的丽丽因身体发胖，在家人的带领下去河南南阳邓州市人民医院检查，被确诊为肾病综合征。住院治疗后，因病情严重转院抢救，最后不治身亡。 令人意外的是，在转至上级医院救治时，丽丽并未被确诊为肾病综合征，医生发现，丽丽已怀孕7个多月，且胎死腹中。 “女儿被当肾病误诊、误治、误用大量激素治疗，直接进行肾穿刺手术，最终失去生命。”为了查明丽丽的死因，父亲庞先生申请了医疗事故技术鉴定，但邓州市人民医院没有提交鉴定材料",mainstream_news ||| mainstream_news ||| social_media ||| social_media ||| social_media ||| public_web ||| mainstream_news ||| mainstream_news ||| social_media ||| mainstream_news ||| social_media ||| social_media ||| mainstream_news,https://moment.rednet.cn/content/646840/83/13961961.html ||| https://www.sohu.com/a/783063667_121106884 ||| https://www.163.com/dy/article/J3K6TASD0525BI41.html ||| https://www.toutiao.com/article/7375379006025220635/ ||| https://www.163.com/dy/article/J3K9JLKV0514EA02.html ||| http://www.nmgcb.com.cn/jiankang/r-284072.html ||| https://mil.news.sina.com.cn/2024-06-01/doc-inaxfenc9766413.shtml ||| https://www.bjnews.com.cn/detail/1717219391129772.html ||| https://www.guancha.cn/politics/2024_06_01_736736.shtml ||| https://www.kankanews.com/detail/6ryd8gvWmyK ||| https://www.163.com/dy/article/J3JR91C405148M7V.html ||| https://www.163.com/dy/article/J3KC5QGA05329WZS.html ||| https://k.sina.com.cn/article_2011075080_77de920801901drye.html,10,silver_candidate,standard_review,0.000,low,low_risk,accept,,,,,,官方通报明确医疗人员漏诊误诊及多部门介入追责，证据链完整，负面情感恰当。,annotator_A,adjudicated_final,annotator_A
E026,LLM_CANON_E026_005,公众与媒体,对怀孕七个月被误诊为肾病致死的医疗事件表示震惊与愤怒，质疑医院诊疗水平与流程，呼吁彻查并追究责任。,negative,社交媒体与新闻报道反映公众对明显孕期症状未被识别的强烈质疑与愤慨，要求明确责任归属。,SC_E026_005,网友;社会舆论;媒体报道,True,,ev-00623;ev-01801;ev-01803,"5月31日,河南邓州市人民医院就诊怀胎7月女大学生,误诊为肾病,最终导致不幸身亡!一则令人痛心的消息在河南邓州市引起了广泛关注。一名怀有7个月身孕的女大学生,在邓州市人民医院就诊时,竟被误诊为肾病并接 ||| 医疗乌龙事件再度发生,这次直接让一位孕妇失去生命,令人难以接受!根据报道,丽丽正在上大二,今年二月份回家因身体发胖到河南南阳邓州市人民医院检查,经过检查被医生诊断为肾病综合征。孕妇 住院治疗五天,因病 ||| 用微信扫码二维码 分享至好友和朋友圈 前言 你敢相信？现在竟然有医院把怀孕当“肾病”治疗，让女孕妇不幸身亡！ 最近在河南南阳邓州人民医院，就发生了这样一起离谱的“误诊”恶性医疗事件。 一名怀孕的大学生在医院做检查，竟被误诊为“肾病综合征”，在医院接受了一系列不当治疗后,最终胎儿惨死腹中，孕妇也不幸身亡。这起事件不仅让家属悲伤难过,更是引发了社会的广泛关注。 人们愤怒地质疑:这么明显的怀孕症状,医院怎么能检查不出来?年轻生命就这样无辜失去,谁来为此买单? 事情经过 2024年2月7日,老庞一家三口从外地打工回到老家邓州南阳过年。他们上大二的女儿玲玲(化名)平日里身材苗条,此次回家却发现全身有点发胖,走路的时候还时不时气喘。 玲玲对老庞说自己的肚子有些疼,老庞还以为女儿玲玲是得了什么病,便赶紧带她到离自己家最近的邓州市人民医院进行检查。 在进行常规检查和检验后,玲玲被医院诊断为""肾病综合征""并当天就办理了住院手续治疗,诊断结论为""肾病综合征""、还伴随有，胸腔积液、心包积液、肺炎、贫血等一系列疾病症状。 医院为玲玲进行了肾脏穿刺活检,并使用激素、抗凝、保护肾功能等药物治疗。 病历记录中多次提及""肾病综合征较重""、""肾病面容""等字眼。就连过年那天,一家人也是在医院里度过。 谁也没想到,就在大年初二的晚上,玲玲突然呼吸困难昏迷。肾内科医生随即邀请其他科室会诊,商量建议采取静脉注射、静点治疗等",social_media ||| public_web ||| social_media,https://www.toutiao.com/article/7375312304100868627/ ||| https://finance.gucheng.com/202405/4387823.shtml ||| https://www.163.com/dy/article/J3L8I8V4055634L3.html,3,silver_candidate,standard_review,0.000,low,low_risk,accept,,,,,,媒体报道与社交舆论均体现公众对误诊的愤怒与追责诉求，证据覆盖充分。,annotator_A,adjudicated_final,annotator_A
E027,LLM_CANON_E027_001,上海市公安局浦东分局,成功捣毁医院周边“医托”诈骗团伙，刑事拘留34名嫌疑人并采取强制措施，公布团伙分工与作案手法以警示公众。,positive,证据显示警方于2024年1月19日开展行动，抓获40余名涉案人员，涉案金额超450万元，并通过监控与审讯详细披露了“搭讪-打配合-高价卖药”的诈骗链条。,SC_E027_001,浦东警方;塘桥派出所治安民警,True,,ev-00643;ev-00645;ev-00649;ev-01814;ev-01821;ev-01826,"2024年1月19日,上海浦东警方成功捣毁了一个专门实施医托诈骗的团伙。这个团伙由40名成员组成,他们在短短半年时间内,通过在全市三甲医院的门诊等候区或挂号区搭讪并引诱近千名患者,实施了诈骗,涉案金额 ||| 扫描二维码下载APP ⁺ 历史 ⁺ 收藏 ⁺ 订阅 近日，上海警方捣毁一个在各大医院实施“医托”诈骗的团伙，这一团伙内部分工明确，谎称有从重点医院退休的知名中医看诊，最终将高于市场价数倍的中药卖给被害人，从中牟利。 从监控视频中可以看到，医托分工明确，先有人搭讪，再有人打配合。一唱一和，都跟被害人谎称 自己是被名医治好的。等到被害人到了所谓的中医诊所后，继续有医托在那里打配合，被害人最终相信，并支付高昂的中医药费。这笔费用一般高于市场价的7到8倍。 审讯中，犯罪嫌疑人交代，医托主要对慢性病患者下手，比如咽喉炎、鼻炎患者。被害人缴费后，去掉成本，余下的收入中，55%分成给医托，剩余的部分以及被害人复诊的费用由团伙主犯收取。 目前，这一诈骗团伙的34名犯罪嫌疑人，因涉嫌诈骗罪被依法刑事拘留，另外3人被依法采取刑事强制措施。 （看看新闻Knews编辑 秦雯） 暂无评论，快来发表你的评论吧 举报电话：021-62870000 举报邮箱：service@kankanews.com 剑网行动举报电话：12318（市文化执法总队）、021-64334547（市版权局） Copyright © 2016 Kankanews.com Inc. All Rights Reserved. 看东方（上海）传媒有限公司 版权所有 ||| 民警：这个就是一开始来的那个医托，后面那个医托是个女的，来了后马上坐在她（被害人）旁边。 从视频中可以看到， 医托分工明确， 先有人搭讪， 再有人打配合。 桂翼飞上海市公安局浦东分局塘桥派出所治安民警： 我们发现这个团伙大概有30名组员组成，然后他们就是一一搭配，先是有一个人去搭讪被害人，然后被害人有可能一开始不是这么相信，然后旁边的（另一个）医托看到以后会来搭讪，然后打配合，跟他（被害人）说我也是过来看这个病的，也是在这个名医那我看好了，这样一讲，被害人其实心里上可能已经有点相信对方了。 上一页1...345678下一页 声明：本网站所提供的信息仅供参考之用,并不代表本网赞同其观点，也不代表本网对其真实性负责。您若对该稿件内容有任何疑问或质疑，请尽快与上海热线联系，本网将迅速给您回应并做相关处理。联系方式:shzixun@online.sh.cn 打造全新口味苏式月饼 虹口的这些""颜值""书店 这条马路兼具烟火气和文艺范 走进赵津羽的""昆曲+""人生 三鲜日本豆腐5元，虎皮青椒5元，卷心菜2元……8月18日，在定海路街道时运苑小区里新开辟了一个小食堂，提供早餐和午餐服务，餐食品种多样，方便实惠，贴近居民实际需求，受到大家的交口称赞。 ©1996- 上海热线信息网络有限公司版权所有 许可证编号：31220180001 沪ICP备09025212号 沪网文[2017]6486-491号  ||| 记者19日从上海市公安局浦东分局获悉，近日，当地警方捣毁一个专门在各个知名医院周边实施“医托”诈骗的团伙。经初步查证，该案涉及被害人近千名，涉案金额达450余万元。 记者：陈杰、兰天鸣 报道员：吴一凡 新华社音视频部制作返回搜狐，查看更多 ||| 登录 在医院周边，若有“好心人”推荐某中医馆名医，一定要小心！近日，上海浦东警方捣毁了“医托”诈骗团伙，40余人被抓，被害人近千名，涉案金额450余万元。 澎湃新闻记者 邹桥 编辑 何羽茜 视频来源 上海浦东公安 Android版 iPhone版 iPad版 沪ICP备14003370号 沪公网安备31010602000299号 互联网新闻信息服务许可证：31120170006 增值电信业务经营许可证：沪B2-2017116 © 2014-2026 上海东方报业有限公司 ||| 近日,浦东警方捣毁一个在各大医院实施&quot;医托&quot;诈骗的团伙,该团伙内部分工明确,谎称有从重点医院退休的知名中医看诊,最终将高于市场价数倍的中药卖给被害人,从中牟利。凌晨四点半,天还没亮",social_media ||| mainstream_news ||| public_web ||| mainstream_news ||| mainstream_news ||| social_media,https://www.toutiao.com/article/7326165855321031168/ ||| https://www.kankanews.com/detail/Gr21mgvZ12e ||| https://hi.online.sh.cn/content/2023-08/21/content_10109033_5.htm ||| https://www.sohu.com/a/753024734_267106 ||| https://www.thepaper.cn/newsDetail_forward_26067366 ||| https://www.toutiao.com/article/7269399887987704376/,5,silver_candidate,standard_review,0.000,low,low_risk,accept,,,,,,警方通报与新闻报道详实记录捣毁团伙、刑拘人数及作案手法，事实与情感均准确。,annotator_A,adjudicated_final,annotator_A
E027,LLM_CANON_E027_002,上海市浦东新区人民检察院及法院,依法对“医托”诈骗团伙提起公诉并作出判决，23名被告人获刑，两名主犯被判处十年以上有期徒刑。,positive,检方办理该案并依法提起公诉，法院最终对23名被告人作出有罪判决，主犯获重刑，体现司法机关对医疗诈骗的严惩态度。,SC_E027_002,浦东新区检察院;法院,True,,ev-01812;ev-01818,在上海各大医院进行“医托”诈骗，共涉及被害人1800余人，涉案金额达700余万元……近日，上海市浦东新区人民检察院（以下简称“浦东新区检察院”）办理了一起“医托”团伙诈骗案。 1月31日，澎湃新闻（www.thepaper.cn）记者从浦东新区检察院获悉，目前，经该院提起公诉，该团伙的23名被告人因犯诈骗罪被法院作出判决。 “同病相怜” 2023年5月，赵先生陪同母亲在上海某三甲医院看胃病。挂号候诊时，一名男子上前与赵先生搭讪。交流病情过程中，此人透露自己也曾患有胃病，就是这家医院的一位老专家治好的，不过老专家已经退休了，目前在一家中医馆坐诊。此时，一名陌生女子也凑了上来，“同病相怜”的她表示，听到这位老专家的高超医术后很想去求医问诊，并邀请赵先生及其家人一同前去。 抱着试一试的心态，赵先生及家人与这名女子一起来到了“老中医”所在的中医馆。在前台挂号后，诊室里一名头发花白、身穿白大褂的医生为赵先生的母亲诊疗，并为其开具一份处方，另有一名医助在处方上写明疗程。挂号费加上药费，赵先生竟然需要支付8303元。 赵先生发觉自己可能被骗，当天前往派出所报案。除了赵先生，另有多名被害人陆续因相同经历报案。一个流窜在上海多家重点医院诈骗病患的“医托”团伙浮出了水面。 2023年7月，公安机关将以该团伙老板易某、邓某波为首的数十名犯罪嫌疑人抓获归案，并于同年8月移送浦东新区检察院审查起诉。 以假乱 ||| 分享到微信X 打开微信，点击底部的“发现”，使用 “扫一扫” 即可将网页分享到我的朋友圈。 中国经济网版权所有 中国经济网新媒体矩阵 网络传播视听节目许可证(0107190) (京ICP040090) 近期，上海公安机关破获了一起“医托”团伙诈骗案，涉及被害人1800余人，涉案金额达700余万元。（7月17日《中国青年报》） 根据媒体披露的相关信息，这个医托团伙队伍庞大、分工明确，游走于多个沪上知名三甲医院。他们先伪装成病友搭讪患者，再将其推荐到特定的中医诊所就诊、开药，借此收取高额提成。但患者可能怎么都没想到，整个过程不仅病友是假扮的、医师是串通好的、药是动过手脚的，甚至连诊室都可能是租的！招牌高挂的正规诊所本是治病救人的地方，岂能将诊室租给医疗骗子，任凭医托骗局压榨患者“钱包”、耽误患者病情。这些诊所沦为医疗诈骗的帮凶，也有损医疗行业的公信力。 据判决，两名主犯均被判处十年以上有期徒刑，结果大快人心，但根治医托犯罪不能只靠秋后算账。正规诊所何以出租诊室？医托连续租用多家诊所的诊室并非短期行为，为何监管机构一直没有察觉？诸多有待追问的细节，暴露出一些医疗机构管理失序、缺乏职业操守，同时也说明监管仍存漏洞。 个别正规诊所、医院成了医托骗局生长的温床，让老百姓如何防范？可见，要想打到医托骗局的“七寸”，必须找到“巢穴”、严加监管，让医托无所“依托”。 （责任编辑：邓浩）,mainstream_news ||| public_web,https://finance.sina.com.cn/jjxw/2024-01-31/doc-inafmpiw1469884.shtml ||| http://views.ce.cn/view/ent/202407/19/t20240719_39075110.shtml,2,silver_candidate,standard_review,0.000,low,low_risk,accept,,,,,,检方公诉与法院判决信息在证据中明确记载，23人获刑及主犯重刑均有据可查。,annotator_A,adjudicated_final,annotator_A
E027,LLM_CANON_E027_003,受骗患者/被害人,遭受“医托”诱导至指定中医馆就诊，被迫支付高于市场价数倍至七八倍的药费，蒙受重大经济损失。,negative,证据指出近千至1800余名被害人被骗，涉案金额达450万至700余万元，受害者因轻信“同病相怜”话术及假专家而支付高昂费用。,SC_E027_003,患者;被害人;赵先生等家属,True,,ev-00643;ev-00645;ev-01812;ev-01814;ev-01818;ev-01821,"2024年1月19日,上海浦东警方成功捣毁了一个专门实施医托诈骗的团伙。这个团伙由40名成员组成,他们在短短半年时间内,通过在全市三甲医院的门诊等候区或挂号区搭讪并引诱近千名患者,实施了诈骗,涉案金额 ||| 扫描二维码下载APP ⁺ 历史 ⁺ 收藏 ⁺ 订阅 近日，上海警方捣毁一个在各大医院实施“医托”诈骗的团伙，这一团伙内部分工明确，谎称有从重点医院退休的知名中医看诊，最终将高于市场价数倍的中药卖给被害人，从中牟利。 从监控视频中可以看到，医托分工明确，先有人搭讪，再有人打配合。一唱一和，都跟被害人谎称 自己是被名医治好的。等到被害人到了所谓的中医诊所后，继续有医托在那里打配合，被害人最终相信，并支付高昂的中医药费。这笔费用一般高于市场价的7到8倍。 审讯中，犯罪嫌疑人交代，医托主要对慢性病患者下手，比如咽喉炎、鼻炎患者。被害人缴费后，去掉成本，余下的收入中，55%分成给医托，剩余的部分以及被害人复诊的费用由团伙主犯收取。 目前，这一诈骗团伙的34名犯罪嫌疑人，因涉嫌诈骗罪被依法刑事拘留，另外3人被依法采取刑事强制措施。 （看看新闻Knews编辑 秦雯） 暂无评论，快来发表你的评论吧 举报电话：021-62870000 举报邮箱：service@kankanews.com 剑网行动举报电话：12318（市文化执法总队）、021-64334547（市版权局） Copyright © 2016 Kankanews.com Inc. All Rights Reserved. 看东方（上海）传媒有限公司 版权所有 ||| 在上海各大医院进行“医托”诈骗，共涉及被害人1800余人，涉案金额达700余万元……近日，上海市浦东新区人民检察院（以下简称“浦东新区检察院”）办理了一起“医托”团伙诈骗案。 1月31日，澎湃新闻（www.thepaper.cn）记者从浦东新区检察院获悉，目前，经该院提起公诉，该团伙的23名被告人因犯诈骗罪被法院作出判决。 “同病相怜” 2023年5月，赵先生陪同母亲在上海某三甲医院看胃病。挂号候诊时，一名男子上前与赵先生搭讪。交流病情过程中，此人透露自己也曾患有胃病，就是这家医院的一位老专家治好的，不过老专家已经退休了，目前在一家中医馆坐诊。此时，一名陌生女子也凑了上来，“同病相怜”的她表示，听到这位老专家的高超医术后很想去求医问诊，并邀请赵先生及其家人一同前去。 抱着试一试的心态，赵先生及家人与这名女子一起来到了“老中医”所在的中医馆。在前台挂号后，诊室里一名头发花白、身穿白大褂的医生为赵先生的母亲诊疗，并为其开具一份处方，另有一名医助在处方上写明疗程。挂号费加上药费，赵先生竟然需要支付8303元。 赵先生发觉自己可能被骗，当天前往派出所报案。除了赵先生，另有多名被害人陆续因相同经历报案。一个流窜在上海多家重点医院诈骗病患的“医托”团伙浮出了水面。 2023年7月，公安机关将以该团伙老板易某、邓某波为首的数十名犯罪嫌疑人抓获归案，并于同年8月移送浦东新区检察院审查起诉。 以假乱 ||| 记者19日从上海市公安局浦东分局获悉，近日，当地警方捣毁一个专门在各个知名医院周边实施“医托”诈骗的团伙。经初步查证，该案涉及被害人近千名，涉案金额达450余万元。 记者：陈杰、兰天鸣 报道员：吴一凡 新华社音视频部制作返回搜狐，查看更多 ||| 分享到微信X 打开微信，点击底部的“发现”，使用 “扫一扫” 即可将网页分享到我的朋友圈。 中国经济网版权所有 中国经济网新媒体矩阵 网络传播视听节目许可证(0107190) (京ICP040090) 近期，上海公安机关破获了一起“医托”团伙诈骗案，涉及被害人1800余人，涉案金额达700余万元。（7月17日《中国青年报》） 根据媒体披露的相关信息，这个医托团伙队伍庞大、分工明确，游走于多个沪上知名三甲医院。他们先伪装成病友搭讪患者，再将其推荐到特定的中医诊所就诊、开药，借此收取高额提成。但患者可能怎么都没想到，整个过程不仅病友是假扮的、医师是串通好的、药是动过手脚的，甚至连诊室都可能是租的！招牌高挂的正规诊所本是治病救人的地方，岂能将诊室租给医疗骗子，任凭医托骗局压榨患者“钱包”、耽误患者病情。这些诊所沦为医疗诈骗的帮凶，也有损医疗行业的公信力。 据判决，两名主犯均被判处十年以上有期徒刑，结果大快人心，但根治医托犯罪不能只靠秋后算账。正规诊所何以出租诊室？医托连续租用多家诊所的诊室并非短期行为，为何监管机构一直没有察觉？诸多有待追问的细节，暴露出一些医疗机构管理失序、缺乏职业操守，同时也说明监管仍存漏洞。 个别正规诊所、医院成了医托骗局生长的温床，让老百姓如何防范？可见，要想打到医托骗局的“七寸”，必须找到“巢穴”、严加监管，让医托无所“依托”。 （责任编辑：邓浩） ||| 登录 在医院周边，若有“好心人”推荐某中医馆名医，一定要小心！近日，上海浦东警方捣毁了“医托”诈骗团伙，40余人被抓，被害人近千名，涉案金额450余万元。 澎湃新闻记者 邹桥 编辑 何羽茜 视频来源 上海浦东公安 Android版 iPhone版 iPad版 沪ICP备14003370号 沪公网安备31010602000299号 互联网新闻信息服务许可证：31120170006 增值电信业务经营许可证：沪B2-2017116 © 2014-2026 上海东方报业有限公司",social_media ||| mainstream_news ||| mainstream_news ||| mainstream_news ||| public_web ||| mainstream_news,https://www.toutiao.com/article/7326165855321031168/ ||| https://www.kankanews.com/detail/Gr21mgvZ12e ||| https://finance.sina.com.cn/jjxw/2024-01-31/doc-inafmpiw1469884.shtml ||| https://www.sohu.com/a/753024734_267106 ||| http://views.ce.cn/view/ent/202407/19/t20240719_39075110.shtml ||| https://www.thepaper.cn/newsDetail_forward_26067366,6,silver_candidate,standard_review,0.000,low,low_risk,accept,,,,,,证据清晰反映被害人受诱导、支付高价药费及经济损失，负面情感与事实匹配。,annotator_A,adjudicated_final,annotator_A
E027,LLM_CANON_E027_005,媒体与公众评论,肯定警方打击成果与司法判决，同时谴责诊所出租行为，呼吁不能仅靠“秋后算账”，需加强源头治理与日常监管以根治医托犯罪。,mixed,报道与评论在赞扬执法行动的同时，指出诊室出租漏洞，强调需建立长效管理机制，防止骗局复发。,SC_E027_005,媒体;公众;评论者,True,,ev-01818;ev-00645,分享到微信X 打开微信，点击底部的“发现”，使用 “扫一扫” 即可将网页分享到我的朋友圈。 中国经济网版权所有 中国经济网新媒体矩阵 网络传播视听节目许可证(0107190) (京ICP040090) 近期，上海公安机关破获了一起“医托”团伙诈骗案，涉及被害人1800余人，涉案金额达700余万元。（7月17日《中国青年报》） 根据媒体披露的相关信息，这个医托团伙队伍庞大、分工明确，游走于多个沪上知名三甲医院。他们先伪装成病友搭讪患者，再将其推荐到特定的中医诊所就诊、开药，借此收取高额提成。但患者可能怎么都没想到，整个过程不仅病友是假扮的、医师是串通好的、药是动过手脚的，甚至连诊室都可能是租的！招牌高挂的正规诊所本是治病救人的地方，岂能将诊室租给医疗骗子，任凭医托骗局压榨患者“钱包”、耽误患者病情。这些诊所沦为医疗诈骗的帮凶，也有损医疗行业的公信力。 据判决，两名主犯均被判处十年以上有期徒刑，结果大快人心，但根治医托犯罪不能只靠秋后算账。正规诊所何以出租诊室？医托连续租用多家诊所的诊室并非短期行为，为何监管机构一直没有察觉？诸多有待追问的细节，暴露出一些医疗机构管理失序、缺乏职业操守，同时也说明监管仍存漏洞。 个别正规诊所、医院成了医托骗局生长的温床，让老百姓如何防范？可见，要想打到医托骗局的“七寸”，必须找到“巢穴”、严加监管，让医托无所“依托”。 （责任编辑：邓浩） ||| 扫描二维码下载APP ⁺ 历史 ⁺ 收藏 ⁺ 订阅 近日，上海警方捣毁一个在各大医院实施“医托”诈骗的团伙，这一团伙内部分工明确，谎称有从重点医院退休的知名中医看诊，最终将高于市场价数倍的中药卖给被害人，从中牟利。 从监控视频中可以看到，医托分工明确，先有人搭讪，再有人打配合。一唱一和，都跟被害人谎称 自己是被名医治好的。等到被害人到了所谓的中医诊所后，继续有医托在那里打配合，被害人最终相信，并支付高昂的中医药费。这笔费用一般高于市场价的7到8倍。 审讯中，犯罪嫌疑人交代，医托主要对慢性病患者下手，比如咽喉炎、鼻炎患者。被害人缴费后，去掉成本，余下的收入中，55%分成给医托，剩余的部分以及被害人复诊的费用由团伙主犯收取。 目前，这一诈骗团伙的34名犯罪嫌疑人，因涉嫌诈骗罪被依法刑事拘留，另外3人被依法采取刑事强制措施。 （看看新闻Knews编辑 秦雯） 暂无评论，快来发表你的评论吧 举报电话：021-62870000 举报邮箱：service@kankanews.com 剑网行动举报电话：12318（市文化执法总队）、021-64334547（市版权局） Copyright © 2016 Kankanews.com Inc. All Rights Reserved. 看东方（上海）传媒有限公司 版权所有,public_web ||| mainstream_news,http://views.ce.cn/view/ent/202407/19/t20240719_39075110.shtml ||| https://www.kankanews.com/detail/Gr21mgvZ12e,2,silver_candidate,standard_review,0.000,low,low_risk,accept,,,,,,评论文章既肯定执法成果又指出监管漏洞，混合情感定位准确，证据支持充分。,annotator_A,adjudicated_final,annotator_A
E028,LLM_CANON_E028_001,福州疾控/福州市卫健委,上线紧缺疫苗排队预约系统，通过官方平台、人脸识别实名验证、属地管理及按排队顺序公平分配号源，旨在解决HPV疫苗“一针难求”问题，提升预约透明度与接种便利性，并打击黄牛代排乱象。,positive,官方多次通报系统上线目的与四大亮点（官方平台、属地管理、身份验证、公平公正），明确回应群众对公平预约的需求，并强调系统优化与后续轮次发放。,SC_E028_001,福州疾控;福州市卫健委;鼓楼区卫健局;官方平台,True,,ev-00667;ev-00668;ev-00669;ev-01260;ev-01261;ev-01262;ev-01263;ev-01264;ev-01265;ev-01271;ev-01272,用微信扫码二维码 分享至好友和朋友圈 （人民日报健康客户端记者 陈琳辉）“福州紧缺疫苗排队预约新系统已上线，今后福州市紧缺疫苗都将在此平台统一预约，全程可查。”5月5日，福建省福州市疾控中心工作人员告诉人民日报健康客户端记者，全新升级的新系统已经过多次调整优化，更加便于市民使用。 “目前主要用于较为紧缺的4价或者9价宫颈癌疫苗的预约，其他疫苗社区卫生服务中心较为充足。”工作人员介绍，市民通过“福州疾控”微信公众号，进入紧缺疫苗排队系统专区，按需选择4价宫颈癌疫苗或者9价宫颈癌疫苗进行排队预约即可。 如果目前系统内仍有充足剩余可预约号源，可直接获得预约资格，当即跳转至门诊列表，进行接种门诊和接种时间的选择，无需排队等待。如果目前系统内无剩余可预约号源或系统内排队人数大于剩余可预约号源，则仍需进行排队等待。系统每日上午10点，会自动根据辖区剩余可预约号源数按排队次序分配预约资格，获得预约资格的群众可在当天进行预约，大大缩短了排队等候的时间。 “预约成功后，若有任何问题可咨询福州市疾控中心工作人员，或前往居住地卫生服务中心，了解后续疫苗接种相关问题。” 特别声明：以上内容(如有图片或视频亦包括在内)为自媒体平台“网易号”用户上传并发布，本平台仅提供信息存储服务。 Notice: The content above (including the pictures and videos if ||| 本报讯 （记者 张静雯 通讯员 林文婧） 近日，“福州疾控”微信公众号上线“紧缺疫苗排队预约”系统。目前已推出HPV疫苗排队预约，今后将视情况推出其他紧缺疫苗排队服务。 据介绍，该排队预约系统是依托我省免疫规划信息系统开发建设的官方平台。排队预约成功后，除支付国家规定费用外，无其他费用。预防接种实行居住地管理原则，按照居住地或接种档案所在县（市、区）进行预约。此外，该系统采用人脸识别验证功能，通过申请人填写的证件信息，与本人人脸验证，避免一人多号、身份证冒用等问题。 系统按照排队先后顺序发放预约接种资格，进入排队队列者可登录系统实时查看进度；已登记排队的群众可在每月1日10时—3日24时、16日10时—18日24时通过“福州疾控”微信公众号查看是否获得接种资格。获得接种资格者须在系统提示的规定时间内通过线上选择相应县（市、区）任一接种单位预约首针接种时间，后续针次接种由首针接种单位安排。未在规定时限内预约的，预约资格将失效，失效后需要重新排队。 24小时滚动播报最新的财经资讯和视频，更多粉丝福利扫描二维码关注（sinafinance） 网友提问：@@=value.question$$ 老师回答：@@=value.answer$$ @@=value.title$$ 新浪财经意见反馈留言板 新浪简介|广告服务|About Sina 联系我们|招聘信息|通行证注册 产品答疑|网站律师|S ||| 东南网12月25日讯（福建日报记者 张静雯 通讯员 林文婧）近日，“福州疾控”微信公众号上线“紧缺疫苗排队预约”系统。目前已推出HPV疫苗排队预约，今后将视情况推出其他紧缺疫苗排队服务。 据介绍，该排队预约系统是依托我省免疫规划信息系统开发建设的官方平台。排队预约成功后，除支付国家规定费用外，无其他费用。预防接种实行居住地管理原则，按照居住地或接种档案所在县（市、区）进行预约。此外，该系统采用人脸识别验证功能，通过申请人填写的证件信息，与本人人脸验证，避免一人多号、身份证冒用等问题。 系统按照排队先后顺序发放预约接种资格，进入排队队列者可登录系统实时查看进度；已登记排队的群众可在每月1日10时—3日24时、16日10时—18日24时通过“福州疾控”微信公众号查看是否获得接种资格。获得接种资格者须在系统提示的规定时间内通过线上选择相应县（市、区）任一接种单位预约首针接种时间，后续针次接种由首针接种单位安排。未在规定时限内预约的，预约资格将失效，失效后需要重新排队。 相关阅读: 山野为邻 书香栖怀 裂痕之上 匠心生花 第二十八届海交会开幕 山海之间，遇见星辰——“同心筑梦·星耀三明”航天展为孩子点亮科学梦想 走，到福建“串个门” 刚刚！福州队1:0战胜泉州队 ||| 重磅！ 福州疾控今日上线 “紧缺疫苗排队预约”系统 目前推出HPV疫苗排队预约 今后将视情况推出 其他紧缺疫苗排队服务 排队预约系统四大亮点 01 | 官方平台 该系统是依托福建省免疫规划信息系统开发建设的官方平台。排队预约成功后，在接种单位除支付国家规定费用外，无其他费用。 02 | 排队预约属地管理原则 根据《疫苗管理法》第47条和《预防接种工作规范》等要求，预防接种实行居住地管理原则，按照居住地或接种档案所在县（市）区进行预约。 03 | 身份验证预约 系统采用人脸识别验证功能，通过填写的证件信息，与本人人脸进行验证，避免一人多号、身份证冒用等问题。接种时需现场再次核验身份证，保证身份信息的真实性。 04 | 公平公正公开原则 对未接种过HPV疫苗（含2、4、9价）或全程接种完4价HPV疫苗满一年的9—45周岁女性，系统按照排队先后顺序发放预约接种资格，进入排队队列者可登录系统实时查看排队进度。 已登记排队的群众可在每月1日10时—3日24时、16日10时—18日24时时限内通过“福州疾控”微信公众号访问“预防接种”—“紧缺疫苗排队预约”查看是否获得接种资格。 获得接种资格者须在系统提示的规定时间内通过线上选择相应县（市）区任一接种单位预约首针接种时间，后续针次接种由首针接种单位安排。 操作流程 （点击图片可放大） 排队预约常见问题 01 为什么要进行实名验证？ 因9价HPV ||| 为方便市民朋友优化疫苗资源配置，在上级部门指导下，福州疾控今日上线“紧缺疫苗排队预约”系统，目前推出HPV疫苗排队预约，今后将视情况推出其他紧缺疫苗排队服务。 自9价HPV疫苗上市以来备受社会广泛关注，想要接种，却苦于“一针难求”，参与摇号却是个中奖绝缘体…… 宝子们别慌！！！ 为提升疫苗接种的便利性，体现公平公正公开的接种原则，福州市9价HPV疫苗线上排队预约系统上线啦，统一的预约入口实时查看排队进度，大大提升预约接种效率，排队预约系统四大亮点。 01 | 官方平台 该系统是依托福建省免疫规划信息系统开发建设的官方平台。排队预约成功后，在接种单位除支付国家规定费用外，无其他费用。 02 | 排队预约属地管理原则 根据《疫苗管理法》第47条和《预防接种工作规范》等要求，预防接种实行居住地管理原则，按照居住地或接种档案所在县（市）区进行预约。 03 | 身份验证预约 系统采用人脸识别验证功能，通过填写的证件信息，与本人人脸进行验证，避免一人多号、身份证冒用等问题。接种时需现场再次核验身份证，保证身份信息的真实性。 04 | 公平公正公开原则 对未接种过HPV疫苗（含2、4、9价）或全程接种完4价HPV疫苗满一年的9-45周岁女性，系统按照排队先后顺序发放预约接种资格，进入排队队列者可登录系统实时查看排队进度。 已登记排队的群众可在每月1日10时-3日24时、16日10时-18日24时 ||| 用微信扫码二维码 分享至好友和朋友圈 自9价HPV疫苗上市以来 备受社会广泛关注 想要接种 却苦于“一针难求” 参与摇号 却是个中奖绝缘体 宝子们 别慌！！！ 为提升疫苗接种的便利性 体现公平公正公开的接种原则 福州市“紧缺疫苗排队预约”系统 12月20日上线啦 根据福州市统一部署 我市九价HPV疫苗改为线上排队预约 统一的预约入口 实时查看排队进度 大大提升预约接种效率 排队预约系统四大亮点 01 | 官方平台 该系统是依托福建省免疫规划信息系统开发建设的官方平台。排队预约成功后，在接种单位除支付国家规定费用外，无其他费用。 02 | 排队预约属地管理原则 根据《疫苗管理法》第47条和《预防接种工作规范》等要求，预防接种实行居住地管理原则，按照居住地或接种档案所在县（市、区）进行预约。 03 | 身份验证预约 系统采用人脸识别验证功能，通过填写的证件信息，与本人人脸进行验证，避免一人多号、身份证冒用等问题。接种时需现场再次核验身份证，保证身份信息的真实性。 04 | 公平公正公开原则 对未接种过HPV疫苗（含2、4、9价）或全程接种完4价HPV疫苗满一年的9-45周岁女性，系统按照排队先后顺序发放预约接种资格，进入排队队列者可登录系统实时查看排队进度。 已登记排队的群众可在每月1日10时-3日24时、16日10时-18日24时时限内通过“福州疾控”微信公众号访问“预防接种”—“紧 ||| 【导语】：福州疾控于2023年12月20日，上线“紧缺疫苗排队预约”系统，目前推出HPV疫苗排队预约。 福州HPV疫苗线上排队预约系统四大亮点 1、官方平台 该系统是依托福建省免疫规划信息系统开发建设的官方平台。排队预约成功后，在接种单位除支付国家规定费用外，无其他费用。 2、排队预约属地管理原则 根据《疫苗管理法》第47条和《预防接种工作规范》等要求，预防接种实行居住地管理原则，按照居住地或接种档案所在县（市）区进行预约。 3、身份验证预约 系统采用人脸识别验证功能，通过填写的证件信息，与本人人脸进行验证，避免一人多号、身份证冒用等问题。接种时需现场再次核验身份证，保证身份信息的真实性。 4、公平公正公开原则 对未接种过HPV疫苗（含2、4、9价）或全程接种完4价HPV疫苗满一年的9-45周岁女性，系统按照排队先后顺序发放预约接种资格，进入排队队列者可登录系统实时查看排队进度。 已登记排队的群众可在每月1日10时-3日24时、16日10时-18日24时时限内通过“福州疾控”微信公众号访问“预防接种”—“紧缺疫苗排队预约”查看是否获得接种资格。 获得接种资格者须在系统提示的规定时间内通过线上选择相应县（市）区任一接种单位预约首针接种时间，后续针次接种由首针接种单位安排。 温馨提示：微信搜索公众号【福州本地宝】，关注后在对话框回复【HPV排队】可获取福州hpv疫苗排队预约入口+操作流 ||| 为方便市民朋友优化疫苗资源配置，在上级部门指导下，福州疾控今日上线“紧缺疫苗排队预约”系统，目前推出HPV疫苗排队预约，今后将视情况推出其他紧缺疫苗排队服务。 自9价HPV疫苗上市以来备受社会广泛关注，想要接种，却苦于“一针难求”，参与摇号却是个中奖绝缘体…… 宝子们别慌！！！ 为提升疫苗接种的便利性，体现公平公正公开的接种原则，福州市9价HPV疫苗线上排队预约系统上线啦，统一的预约入口实时查看排队进度，大大提升预约接种效率，排队预约系统四大亮点。 01 | 官方平台 该系统是依托福建省免疫规划信息系统开发建设的官方平台。排队预约成功后，在接种单位除支付国家规定费用外，无其他费用。 02 | 排队预约属地管理原则 根据《疫苗管理法》第47条和《预防接种工作规范》等要求，预防接种实行居住地管理原则，按照居住地或接种档案所在县（市）区进行预约。 03 | 身份验证预约 系统采用人脸识别验证功能，通过填写的证件信息，与本人人脸进行验证，避免一人多号、身份证冒用等问题。接种时需现场再次核验身份证，保证身份信息的真实性。 04 | 公平公正公开原则 对未接种过HPV疫苗（含2、4、9价）或全程接种完4价HPV疫苗满一年的9-45周岁女性，系统按照排队先后顺序发放预约接种资格，进入排队队列者可登录系统实时查看排队进度。 已登记排队的群众可在每月1日10时-3日24时、16日10时-18日24时 ||| 记者获悉，为方便市民、优化资源配置，福州疾控20日上线“紧缺疫苗排队预约”系统，目前已推出HPV疫苗排队预约，今后将视情况推出其他紧缺疫苗排队服务。 据了解，9价HPV疫苗上市以来，备受社会关注，不少市民想接种却苦于“一针难求”，而参与摇号也难以摇中。为提升疫苗接种便利性，体现公平公正公开的原则，我市首先推出9价HPV疫苗线上排队预约，并可实时查看排队进度，将大大提升预约接种效率。 据介绍，9价HPV疫苗排队预约对象为：首次接种、常住福州市、既往未接种过HPV疫苗（含2、4、9价）或全程接种完4价HPV疫苗满一年的9周岁至45周岁女性。符合以上条件人群才可参与排队。 据介绍，排队预约系统是依托我省免疫规划信息系统开发建设的官方平台。排队预约成功后，除支付国家规定费用外，无其他费用。预防接种实行居住地管理原则，按照居住地或接种档案所在县（市）区进行预约。此外，该系统采用人脸识别验证功能，通过申请人填写的证件信息，与本人人脸验证，避免一人多号、身份证冒用等问题。接种时需现场再次核验身份证，保证身份信息的真实性。 系统按照排队先后顺序发放预约接种资格，进入排队队列者可登录系统实时查看进度；已登记排队的群众可在每月1日10时~3日24时、16日10时~18日24时通过“福州疾控”微信公众号访问“预防接种—紧缺疫苗排队预约”，查看是否获得接种资格。获得接种资格者须在系统提示的规定时间内通过线 ||| 用微信扫码二维码 分享至好友和朋友圈 12.21早播报 晴4-12℃ 1、 福州市紧缺疫苗排队预约系统上线 重磅！ 福州疾控今日上线 “紧缺疫苗排队预约”系统 目前推出HPV疫苗排队预约 今后将视情况推出 其他紧缺疫苗排队服务预约系统四大亮 01 | 官方平台 该系统是依托福建省免疫规划信息系统开发建设的官方平台。排队预约成功后，在接种单位除支付国家规定费用外，无其他费用。 02 | 排队预约属地管理原则 根据《疫苗管理法》第47条和《预防接种工作规范》等要求，预防接种实行居住地管理原则，按照居住地或接种档案所在县（市）区进行预约。 03 | 身份验证预约 系统采用人脸识别验证功能，通过填写的证件信息，与本人人脸进行验证，避免一人多号、身份证冒用等问题。接种时需现场再次核验身份证，保证身份信息的真实性。 04 | 公平公正公开原则 对未接种过HPV疫苗（含2、4、9价）或全程接种完4价HPV疫苗满一年的9-45周岁女性，系统按照排队先后顺序发放预约接种资格，进入排队队列者可登录系统实时查看排队进度。 已登记排队的群众可在每月1日10时-3日24时、16日10时-18日24时时限内通过“福州疾控”微信公众号访问“预防接种”—“紧缺疫苗排队预约”查看是否获得接种资格。 获得接种资格者须在系统提示的规定时间内通过线上选择相应县（市）区任一接种单位预约首针接种时间，后续针次接种由首针接种单 ||| 导语 福州疾控于2023年12月20日，上线“紧缺疫苗排队预约”系统，目前推出HPV疫苗排队预约，今后将视情况推出其他紧缺疫苗排队服务。 2023年12月20日福州市上线紧缺疫苗排队预约系统 为方便市民朋友优化疫苗资源配置，在上级部门指导下福州疾控于2023年12月20日上线“紧缺疫苗排队预约”系统，目前推出HPV疫苗排队预约，今后将视情况推出其他紧缺疫苗排队服务。 为提升疫苗接种的便利性，体现公平公正公开的接种原则，福州市9价HPV疫苗线上排队预约系统上线啦！统一的预约入口，实时查看排队进度，大大提升预约接种效率。 系统入口：点击进入 排队预约系统四大亮点 01 官方平台 该系统是依托福建省免疫规划信息系统开发建设的官方平台。排队预约成功后，在接种单位除支付国家规定费用外，无其他费用。 02 排队预约属地管理原则 根据《疫苗管理法》第47条和《预防接种工作规范》等要求，预防接种实行居住地管理原则，按照居住地或接种档案所在县（市）区进行预约。 03 身份验证预约 系统采用人脸识别验证功能，通过填写的证件信息，与本人人脸进行验证，避免一人多号、身份证冒用等问题。接种时需现场再次核验身份证，保证身份信息的真实性。 04 公平公正公开原则 对未接种过HPV疫苗（含2、4、9价）或全程接种完4价HPV疫苗满一年的9-45周岁女性，系统按照排队先后顺序发放预约接种资格，进入排队队列者可登录系,social_media ||| social_media ||| social_media ||| mainstream_news ||| mainstream_news ||| social_media ||| public_web ||| public_web ||| mainstream_news ||| mainstream_news ||| public_web,https://www.163.com/dy/article/J1ELBIOS052583KJ.html ||| https://finance.sina.com.cn/jjxw/2023-12-25/doc-imzzenmk1249744.shtml ||| http://fjnews.fjsen.com/2023-12/25/content_31487387.htm ||| https://www.sohu.com/a/745722326_121106994 ||| https://news.fznews.com.cn/fzxw/20231220/6XZ891d69P.shtml ||| https://www.163.com/dy/article/IMGA28NH05129AQO.html ||| http://fz.bendibao.com/news/20231220/72161.shtm ||| https://www.xxf315.com/index.php?c=show&id=135598 ||| http://fj.news.cn/20231221/4425b480c53b420e82627a2589213e7e/c.html ||| https://fj.news.163.com/23/1220/17/IMDURSTM04419AC4.html ||| https://m.fz.bendibao.com/news/72151.shtm,10,silver_candidate,standard_review,0.000,low,low_risk,accept,,,,,,官方通报四大亮点与系统上线目的在证据中高度一致，正面情感合理。,annotator_A,adjudicated_final,annotator_A
E028,LLM_CANON_E028_002,福州市民/适龄女性/预约群众,长期面临HPV疫苗“一针难求”、排队周期长（超一年）、超龄焦虑及黄牛诈骗困扰，对新上线的排队预约系统表示欢迎与期待，认为其提升了公平性与透明度，但仍对排队进度缓慢、预约时限严格（3天内需预约否则失效）及属地限制存在实际使用中的担忧与适应过程。,mixed,证据显示市民此前排队数万人、等待近一年且遭遇黄牛诈骗；系统上线后市民积极登记排队，但部分人因超时未预约需重新排队，整体态度为支持新规但伴随对等待时长和规则限制的焦虑。,SC_E028_002,市民;群众;适龄女性;受种对象;宝子们;预约者,True,,ev-01257;ev-01258;ev-01280;ev-01266;ev-00667;ev-00668,"用微信扫码二维码 分享至好友和朋友圈 预约数量达数万人 排队注射需等一年 …… 近日，不少市民反映称 福州地区四价和九价 宫颈癌（HPV）疫苗一针难求 记者走访了多家社区卫生服务中心 了解情况 约苗近一年还排在1.45万位之后 小王今年24岁，最近遇到一件烦心事。她对宫颈癌疫苗知识有一些了解后，想在26岁之前预约注射九价疫苗。不过，疫苗的注射并没有想象中顺利。“我年初预约的，到现在快一年了，第一针还没有开打。”小王说，当时她就排在一万多位，现在前面还有14500多人排队。她担心自己在等待过程中超龄了。小王的朋友，本月初刚刚预约注射九价疫苗，目前排在53683位。 四价HPV疫苗预约的人数 同样也达到了数万人 今年40岁的刘女士 在12日预约了，排名在28974位 如今过了一周过去了 就动了100多位 上述都是“福州成人疫苗”平台上 排队的情况 由上海街道社区卫生服务中心 提供预防接种服务 该中心作为福州最大的 一个成人疫苗接种服务点 服务人群面向全市乃至全国 该中心的刘主任告诉记者，上月底，四价、九价HPV疫苗到了一批苗，但数量仍然不足。目前，仅能供应11月1日之前在该中心接种过第一针的第二、三针到期的女性朋友接种，11月1日之后第二、三针到期的，仍要顺延30天接种。刘主任表示，因四价、九价HPV疫苗配送数量一直不充足，受新冠疫情影响，下半年到苗量更少。为保证首针在该中心接种的人群 ||| 预约数量达数万人、排队注射需等一年......近日不少市民反映称福州地区四价和九价宫颈癌(HPV)疫苗一针难求约苗近一年还排在1. ||| 用微信扫码二维码 分享至好友和朋友圈 在3·15的节目中，我们曝光了福州一些诊所及医院人员利用“九价宫颈癌疫苗”一针难求的情况，开展非法疫苗业务。 （点击图片回看详情） 其实不仅仅是这些诊所及医院的人员，还有一些人也“瞄准”九价HPV 疫苗供需紧张当起了黄牛。 交一万多元给中介 疫苗却无踪影 福州的小张说，她想打九价HPV疫苗，但社区卫生服务中心的排队接种人数排到了十几万人。正当她焦虑的时候，突然听说福州的一名康某可以提供代排服务，免排队就能打上九价HPV疫苗。 没过多求证，小张及其朋友一共交了一万多元，并与康某签了一份合同。可没想到等待了数月，疫苗却始终没见影子。 小张才意识到自己有可能被骗。记者在现场也看到了小张与康某签订的合同。记者注意到，合同没有填写金额，双方也没有盖手印。同时，小张作为合同乙方，合作内容竟然写着乙方要根据甲方的需求，为甲方进行九价疫苗代预约排号服务。 因此小张希望康某退钱，但从去年催款到现在，康某都以各种理由推脱还款。 康某承诺分批还钱但至今未还完 记者在现场也联系了康某。 截稿前，记者从小张处得到反馈，康某有给她写了一份退款计划，表示会每日退款一千元。但小张表示，目前康某还剩五千多元还没退。接下来，小张将考虑运用法律武器维护自身权益。 不要轻信黄牛代排队 应到正规渠道预约 此外，记者了解到，其实像小张一样轻信黄牛的年轻女生还有很多。记者在网络上搜索“九价 ||| 您需要 登录 才可以下载或查看，没有账号？立即注册| 第一期（1月1日）已排队的478人全部获得预约资格，遗憾的是有287人因超时未预约需要重新排队。 排队预约操作流程： 165939bflzp9vu6px666lp.png(0 Bytes, 下载次数: 285) 下载附件 2024-1-11 16:59 上传 165939a5y1ehbyabqgqg81.png(0 Bytes, 下载次数: 303) 下载附件 2024-1-11 16:59 上传 165939ej1zr13j1m9umd1x.png(0 Bytes, 下载次数: 278) 下载附件 2024-1-11 16:59 上传 使用道具举报 5045 主题 5 粉丝 2026-05-20 2026-05-22 2026-05-19 2026-05-22 2026-05-21 手机访问|手机App|Archiver|手机版|小黑屋|关于我们 © 2026 FQLOOK.cn|国家高新技术企业|福清市互联网示范企业|福清市IP访问量前三企业 |网站地图 闽工商网备第350181100079485号|闽B2-20250200|闽公网安备35018102000007号|闽ICP备07503243号 侵权举报：本页面所涉内容为用户发表并上传，相应的法律责任由用户自行承担；本网站仅提供存储服务；如存在侵权问题，请权利人与本网站联系 ||| 用微信扫码二维码 分享至好友和朋友圈 （人民日报健康客户端记者 陈琳辉）“福州紧缺疫苗排队预约新系统已上线，今后福州市紧缺疫苗都将在此平台统一预约，全程可查。”5月5日，福建省福州市疾控中心工作人员告诉人民日报健康客户端记者，全新升级的新系统已经过多次调整优化，更加便于市民使用。 “目前主要用于较为紧缺的4价或者9价宫颈癌疫苗的预约，其他疫苗社区卫生服务中心较为充足。”工作人员介绍，市民通过“福州疾控”微信公众号，进入紧缺疫苗排队系统专区，按需选择4价宫颈癌疫苗或者9价宫颈癌疫苗进行排队预约即可。 如果目前系统内仍有充足剩余可预约号源，可直接获得预约资格，当即跳转至门诊列表，进行接种门诊和接种时间的选择，无需排队等待。如果目前系统内无剩余可预约号源或系统内排队人数大于剩余可预约号源，则仍需进行排队等待。系统每日上午10点，会自动根据辖区剩余可预约号源数按排队次序分配预约资格，获得预约资格的群众可在当天进行预约，大大缩短了排队等候的时间。 “预约成功后，若有任何问题可咨询福州市疾控中心工作人员，或前往居住地卫生服务中心，了解后续疫苗接种相关问题。” 特别声明：以上内容(如有图片或视频亦包括在内)为自媒体平台“网易号”用户上传并发布，本平台仅提供信息存储服务。 Notice: The content above (including the pictures and videos if ||| 本报讯 （记者 张静雯 通讯员 林文婧） 近日，“福州疾控”微信公众号上线“紧缺疫苗排队预约”系统。目前已推出HPV疫苗排队预约，今后将视情况推出其他紧缺疫苗排队服务。 据介绍，该排队预约系统是依托我省免疫规划信息系统开发建设的官方平台。排队预约成功后，除支付国家规定费用外，无其他费用。预防接种实行居住地管理原则，按照居住地或接种档案所在县（市、区）进行预约。此外，该系统采用人脸识别验证功能，通过申请人填写的证件信息，与本人人脸验证，避免一人多号、身份证冒用等问题。 系统按照排队先后顺序发放预约接种资格，进入排队队列者可登录系统实时查看进度；已登记排队的群众可在每月1日10时—3日24时、16日10时—18日24时通过“福州疾控”微信公众号查看是否获得接种资格。获得接种资格者须在系统提示的规定时间内通过线上选择相应县（市、区）任一接种单位预约首针接种时间，后续针次接种由首针接种单位安排。未在规定时限内预约的，预约资格将失效，失效后需要重新排队。 24小时滚动播报最新的财经资讯和视频，更多粉丝福利扫描二维码关注（sinafinance） 网友提问：@@=value.question$$ 老师回答：@@=value.answer$$ @@=value.title$$ 新浪财经意见反馈留言板 新浪简介|广告服务|About Sina 联系我们|招聘信息|通行证注册 产品答疑|网站律师|S",social_media ||| social_media ||| social_media ||| public_web ||| social_media ||| social_media,https://www.163.com/dy/article/FU5Q7RM00550HO04.html ||| https://www.toutiao.com/article/6907631309435175432/ ||| https://www.163.com/dy/article/I0FN8PNM0512EFR8.html ||| https://www.fqlook.cn/thread-107476-1-1.html ||| https://www.163.com/dy/article/J1ELBIOS052583KJ.html ||| https://finance.sina.com.cn/jjxw/2023-12-25/doc-imzzenmk1249744.shtml,4,silver_candidate,standard_review,0.000,low,low_risk,accept,,,,,,证据涵盖排队难、黄牛诈骗、新规欢迎及超时重排等细节，混合情感概括精准。,annotator_A,adjudicated_final,annotator_A
E028,LLM_CANON_E028_003,社区卫生服务中心/接种门诊,配合疾控部门执行线上排队预约系统，负责疫苗库存管理、现场身份核验、超龄疫苗替换及属地居民资格人工审核，同时需应对预约规则变更带来的门诊调度与咨询压力。,neutral,证据指出各接种点按系统分配号源执行接种，提供人工核实渠道，处理超龄换苗，并公布门诊名单与时间以配合系统运行。,SC_E028_003,接种点;卫生院;社区卫生服务中心;门诊,True,,ev-00663;ev-00665;ev-01284;ev-01273;ev-01274,【导语】：福州市部分hpv疫苗接种点开放线上排队，登记成功不代表预约成功，只是将您的信息加入排队等候队列，需要等待接种通知。 台江区上海街道社区卫生服务中心： 疫苗类型：九价hpv疫苗 本预约通道仅为登记个人信息，登记成功不代表预约成功，只是将您的信息加入排队等候队列;需要等待接种通知 门诊将根据疫苗到库情况及用户登记成功的时间先后顺序给予发送“预约成功通知信息”，用户只有收到“预约成功通知信息”才表示预约成功，凭“预约成功通知信息”及时前往门诊接种; 》》福州上海街道卫生服务中心宫颈癌疫苗登记流程 福州福兴妇产医院： ☑疫苗类型：九价hpv疫苗 接种对象： 二价HPV疫苗：9岁-45岁女性 九价HPV疫苗：16岁-26岁女性 》》福州福兴妇产医院九价疫苗线上排队预约指南 鼓楼区hpv疫苗： ☑疫苗类型：九价、四价、二价hpv疫苗 预约对象 凡居住在鼓楼辖区居民均可通过该系统进行排队预约。如系统无法自动判断且确实是鼓楼区居民，可由接种者本人和/或监护人携带有效身份证明及辖区居住证明材料，经居住地所在的社区卫生服务中心接种门诊核实后，获取排队预约资格。具体时间和方式等要求以各接种门诊通知为准。 》》2022福州市鼓楼区hpv疫苗排队攻略 温馨提示：微信搜索公众号【福州本地宝】，关注后在对话框回复【HPV排队】可获取福州hpv疫苗排队预约入口+操作流程、预约接种指南、接种点汇总、常见疑 ||| 要说到小姐妹们最关心的事是什么 那HPV疫苗肯定能上榜！ 约苗不易 每次预约数量也不多 有没有不拼手速的呢？ 这不，今天雯子就为大家整理了 福州HPV疫 苗 登记排队 指南 赶紧来看看吧！ 台江上海街道社卫中心 预约排队对象 二价HPV疫苗的年龄适用范围为9~45岁女性（3针需在45周岁内接种完）， 进口四价HPV 疫苗的年龄适用范围为9~45岁女性（3针需在45周岁内接种完）， 进口九价HPV疫苗的年龄适用范围为16~26岁女性（3针需在26周岁内接种完）。 排到了超过年龄怎么办？ 由于平台九价HPV疫苗登记用户众多，如果您在排队成功收到微信通知时，因年龄超过26周岁而无法接种九价，接种名额依然有效，可现场更换四价或二价接种。 登记排队方式 通过“圣医通医养”平台登记 福州本地宝公众号 菜单栏点击【进出|疫苗】-【HPV登记排队】 获取线上预约排队入口及流程等信息 预约须知 1、用户登记排队后，平台将根据区疾控配送的疫苗数量，和排队顺序，发送不等数量的二价/四价/九价微信通知； 2、收到微信“服务通知”中“排队成功通知”的用户，请于7日内及时取号，取号通道7日内有效；（可通过微信“服务通知”→排队成功通知→点击取号） 3、预约接种名额仅限本人，不得更改替换，未在预约时间接种者，视为逾期放弃； 4、首针预约成功，其余针次不再预约，只需按公众号“福州成人疫苗”公告时间或门诊通知时间前 ||| 【导语】：福州HPV疫苗预约线上排队系统，无法加入排队可能存在以下几种情况：①不符合本次排队预约资格；②正在其他地方排着队；③系统后台可能有多个档案。 福州HPV疫苗预约线上排队系统已成功关联档案，但在进行排队预约时，无法加入排队可能存在以下几种情况： ①不符合本次排队预约资格； ②正在其他地方排着队； ③系统后台可能有多个档案。 若系统无法自动判断受种者身份，受种者可携带有效身份证明及辖区居住证明材料（如学生证、居住证、医保缴纳证明等），经居住地所在的社区卫生服务中心或卫生院接种门诊核实后，获取排队预约资格（具体可详询接种门诊）。 推荐阅读>>>福州HPV疫苗线上排队预约入口+操作流程 温馨提示：微信搜索公众号【福州本地宝】，关注后在对话框回复【HPV排队】可获取福州hpv疫苗排队预约入口+操作流程、预约接种指南、接种点汇总、常见疑问解答等内容。 手机访问福州本地宝首页 适龄女性接种前可提前与接种门诊电话联系，咨询了解接种门诊惠民HPV疫苗供应情况，根据接种点提供的服务时间直接前往就近接种点接种。 此项民生举措将提升受种对象人群宫颈疾病防控意识，有效降低受种对象宫颈癌和癌前病变发病率，减少因罹患疾病导致的家庭、社会负担，提高女性健康水平。 区卫健局会同区教育局、区总工会、区妇联及区财政等部门，制定针对马尾区适龄女性 HPV 疫苗优惠接种政策，并开展惠民接种活动 区卫健局会同区教育 ||| 19日，福州市卫健委在“福州卫生健康”微信公众号上公布了全市200家HPV疫苗接种单位名单及相关信息，包括地址、联系方式、门诊时间等。 据了解，去年底，“福州疾控”微信公众号上线了“紧缺疫苗排队预约系统”，目前正推出HPV疫苗排队预约。该系统要实名验证，可实时查看排队进度。“目前，紧缺疫苗第六轮预约接种资格已发放了。”福州疾控相关工作人员介绍。（记者 陈丹 通讯员 缪露） 责任编辑：赵睿 已有0人发表了评论 您需要登录后才可以评论，登录| 注册 {content} 福州华大街道屏山社区开展“肝愿为你 守护到2024-03-20 职业道德监督、违法和不良信息举报电话：0591-87095414 举报邮箱：service@hxnews.com 本站游戏频道作品版权归作者所有，如果侵犯了您的版权，请联系我们，本站将在3个工作日内删除。 温馨提示：抵制不良游戏，拒绝盗版游戏，注意自我保护，谨防受骗上当，适度游戏益脑，沉迷游戏伤身，合理安排时间，享受健康生活。 CopyRight ©2016 海峡网(福建日报主管主办) 版权所有 闽ICP备15008128号-2 闽互联网新闻信息服务备案编号：20070802号 福建日报报业集团拥有海峡都市报(海峡网)采编人员所创作作品之版权，未经报业集团书面授权，不得转载、摘编或以其他方式使用和传播。 版权说明| 海峡网全媒体广告价| 联系我们| 法律顾问 ||| 3月19日，福州市卫健委在“福州卫生健康”微信公众号上公布了全市200家HPV疫苗接种单位名单及相关信息，包括地址、联系方式、门诊时间等。 据了解，去年底，“福州疾控”微信公众号上线了“紧缺疫苗排队预约系统”，目前正推出HPV疫苗排队预约。该系统要实名验证，可实时查看排队进度。“目前，紧缺疫苗第六轮预约接种资格已发放了。”福州疾控相关工作人员介绍。（记者 陈丹 通讯员 缪露）,forum ||| mainstream_news ||| public_web ||| social_media ||| social_media,http://fz.bendibao.com/news/202283/63840.shtm ||| https://news.sohu.com/a/575243356_121123813 ||| http://fz.bendibao.com/news/20231221/72166.shtm ||| http://www.hxnews.com/news/fj/fz/202403/20/2156788.shtml ||| http://women.fjsen.com/2024-03/21/content_31543133.htm,4,silver_candidate,standard_review,0.000,low,low_risk,accept,,,,,,接种门诊配合系统执行、人工核验及超龄换苗等操作细节均有证据支撑，中性客观。,annotator_A,adjudicated_final,annotator_A
E029,LLM_CANON_E029_001,广西医科大学第一附属医院,发布官方通报说明坠楼经过与调查结果，确认无医疗纠纷，配合公安机关调查，并呼吁公众尊重逝者隐私、不传播现场影像资料。,neutral,医院于4月20日连续发布情况通报，详细还原事件经过，澄清不存在医疗投诉及纠纷，并明确提出保护逝者隐私的诉求。,SC_E029_001,医院;院方;广西医科大一附院,True,,ev-00691;ev-00693;ev-00694;ev-00695;ev-00696;ev-00697;ev-00699;ev-00700;ev-01832;ev-01833;ev-01837;ev-01844;ev-01845,登录 广西医科大学第一附属医院4月20日下午发布“4·19门诊大楼男子坠楼事件”后续情况通报。 1、坠楼经过 2024年4月19日15时许，广西医科大学第一附属医院门诊大楼五楼一名男子跨过防护栏，意欲跳楼。该院一名职工冲出科室，伸手试图拉住该男子，但未成功。不幸事件发生后，该院第一时间组织积极抢救并报警，配合公安机关调查工作。目前该男子经抢救无效死亡。 2、情况调查 事后，广西医科大学第一附属医院配合公安机关展开调查。监控显示该男子15时03分进入门诊大楼，15时25分自主翻越防护围栏外跳楼。 公安机关查验核实身份为南宁市居民，某物流公司员工。 经了解，该男子为广西壮族自治区区直医保患者，曾在该院就诊，并非肿瘤患者，已规范治疗。近三个月其在该院无就诊记录，不存在医疗投诉及纠纷情况。 目前事件仍在调查处理中，相关善后处置工作正依法依规进行。 ·· · 原标题：《广西医科大学第一附属医院通报男子坠楼事件》 阅读原文 本文为澎湃号作者或机构在澎湃新闻上传并发布，仅代表该作者或机构观点，不代表澎湃新闻的观点或立场，澎湃新闻仅提供信息发布平台。申请澎湃号请用电脑访问http://renzheng.thepaper.cn。 Android版 iPhone版 iPad版 沪ICP备14003370号 沪公网安备31010602000299号 互联网新闻信息服务许可证：31120170006 增值 ||| 广西医科大学第一附属医院4月20日下午发布“4·19门诊大楼男子坠楼事件”后续情况通报。 一、坠楼经过 2024年4月19日15时许，广西医科大学第一附属医院门诊大楼五楼一名男子跨过防护栏，意欲跳楼。该院一名职工冲出科室，伸手试图拉住该男子，但未成功。不幸事件发生后，该院第一时间组织积极抢救并报警，配合公安机关调查工作。目前该男子经抢救无效死亡。 二、情况调查 事后，广西医科大学第一附属医院配合公安机关展开调查。监控显示该男子15时03分进入门诊大楼，15时25分自主翻越防护围栏外跳楼。 公安机关查验核实身份为南宁市居民，某物流公司员工。 经了解，该男子为广西壮族自治区区直医保患者，曾在该院就诊，并非肿瘤患者，已规范治疗。近三个月其在该院无就诊记录，不存在医疗投诉及纠纷情况。 目前事件仍在调查处理中，相关善后处置工作正依法依规进行。 此前，该院在官网发布了《情况通报》称，2024年4月19日15时许，该院门诊大楼发生一起男子坠楼事件。事件发生后，医院第一时间组织抢救并报警，配合公安机关开展调查。 来源：广西医科大学第一附属医院 ||| 广西医科大学第一附属医院4月20日下午发布“4·19门诊大楼男子坠楼事件”后续情况通报。 1、坠楼经过 2024年4月19日15时许，广西医科大学第一附属医院门诊大楼五楼一名男子跨过防护栏，意欲跳楼。该院一名职工冲出科室，伸手试图拉住该男子，但未成功。不幸事件发生后，该院第一时间组织积极抢救并报警，配合公安机关调查工作。目前该男子经抢救无效死亡。 2、情况调查 事后，广西医科大学第一附属医院配合公安机关展开调查。监控显示该男子15时03分进入门诊大楼，15时25分自主翻越防护围栏外跳楼。 公安机关查验核实身份为南宁市居民，某物流公司员工。 经了解，该男子为广西壮族自治区区直医保患者，曾在该院就诊，并非肿瘤患者，已规范治疗。近三个月其在该院无就诊记录，不存在医疗投诉及纠纷情况。 目前事件仍在调查处理中，相关善后处置工作正依法依规进行。 ·· · 原标题：《广西医科大学第一附属医院通报男子坠楼事件》 阅读原文 ||| 广西医科大学第一附属医院通报“4•19门诊大楼男子坠楼事件”，再次引起了社会的广泛关注。为回应社会关切，医院方面向社会通报了事件的后续情况和调查进展。 #坠楼经过# 2024年4月19日15时许，广西医科大学第一附属医院门诊大楼五楼发生了一起男子坠楼事件。据目击者称，一名男子跨过防护栏，试图跳楼。医院的一名职工试图阻止，但未成功。不幸事件发生后，医院第一时间进行了抢救并报警，但最终该男子还是因抢救无效死亡。 #情况调查# 医院随即配合公安机关展开调查。监控显示，该男子于15点03分进入门诊大楼，15点25分从五楼自主翻越防护围栏跳楼。经过身份核实，该男子是南宁市的一名物流公司员工，同时也是广西区直医保患者。调查显示，他曾在该院就诊，但并非肿瘤患者，而且近三个月没有再次就诊，也没有医疗投诉和纠纷情况。 #善后处理# 目前，事件仍在调查处理中，相关善后处置工作正依法依规进行。医院方面也希望广大市民及网友尊重逝者尊严和隐私，不传播现场图片、视频及相关资料，避免让家属受到二次伤害。 #社会反响# 这起事件引起了社会的广泛讨论和反思。人们纷纷对事件的原因进行猜测，并呼吁加强对心理健康的关注，以及提升对患者的关怀和治疗服务。同时也提出了对医院安全防护措施的质疑和建议，希望医院方面能够加强安全管理，防止类似事件再次发生。 #关于心理健康# 心理健康问题一直是社会关注的焦点。人们希望通过这起事件的 ||| Hospital profile News center Hospital Disclosure Discipline Construction Medical Care Education scientific research Careers 您的位置： 首页>院务公开>通知公告 来源：广西医科大学第一附属医院发布时间：2024-04-19编辑：校对：审核：点击： 次 2024年4月19日15时许，我院门诊大楼发生一起男子坠楼事件。事件发生后，医院第一时间组织抢救并报警，配合公安机关开展调查。 广西医科大学第一附属医院 2024年4月19日 根据《党政领导干部选拔任用工作条例》《事业单位领导人员管理规定》和《公立医院领导人员管理暂行办法》的有关规定，经研究决定，对王可同志进行考察，现将有关事宜预告如下：一、考... 一、项目名称：2025年度内部控制评价和风险评估服务 二、成交信息： 成交人名称：广西同瑞会计师事务所有限公司 成交人地址：南宁市民族大道83－6号11楼 成交... 预约挂号 联系我们 出诊门诊 就医指南 友情链接Links: 中华人民共和国国家卫生健康委员会广西壮族自治区卫生健康委员会广西医科大学广西壮族自治区教育厅广西壮族自治区科学技术厅中华医学会明厨亮灶 院区地址：广西南宁市双拥路6号(Add:No 6 SHUANGYONG ROAD NANNING GUA ||| Hospital profile News center Hospital Disclosure Discipline Construction Medical Care Education scientific research Careers 您的位置： 首页>院务公开>通知公告 来源：广西医科大学第一附属医院发布时间：2024-04-20编辑：校对：审核：点击： 次 为回应社会关切，进一步通报事件后续情况。 一、坠楼经过 2024年4月19日15时许，我院门诊大楼五楼一名男子跨过防护栏，意欲跳楼。我院一名职工冲出科室，伸手试图拉住该男子，但未成功。不幸事件发生后，我院第一时间组织积极抢救并报警，配合公安机关调查工作。目前该男子经抢救无效死亡。 二、情况调查 事后，我院立即配合公安机关展开调查。监控显示该男子15点03分进入门诊大楼，15点25分自主翻越防护围栏外跳楼。 公安机关查验核实身份为南宁市居民，某物流公司员工。 经了解，该男子为广西区直医保患者，曾在我院就诊，并非肿瘤患者，已规范治疗。近三个月其在我院无就诊记录，不存在医疗投诉及纠纷情况。 目前事件仍在调查处理中，相关善后处置工作正依法依规进行。 请广大市民及网友尊重逝者尊严和隐私，不传播现场图片、视频及相关资料，避免让家属受到二次伤害。 广西医科大学第一附属医院 2024年4月20日 根据《党政领导干部选拔任用工作条 ||| ©原创 20日下午，广西医科大学第一附属医院发布“4·19门诊大楼男子坠楼事件”后续情况通报： 一、坠楼经过 2024年4月19日15时许，我院门诊大楼五楼一名男子跨过防护栏，意欲跳楼。我院一名职工冲出科室，伸手试图拉住该男子，但未成功。不幸事件发生后，我院第一时间组织积极抢救并报警，配合公安机关调查工作。目前该男子经抢救无效死亡。 二、情况调查 事后，我院立即配合公安机关展开调查。监控显示该男子15点03分进入门诊大楼，15点25分自主翻越防护围栏外跳楼。 公安机关查验核实身份为南宁市居民，某物流公司员工。 经了解，该男子为广西区直医保患者，曾在我院就诊，并非肿瘤患者，已规范治疗。近三个月其在我院无就诊记录，不存在医疗投诉及纠纷情况。 目前事件仍在调查处理中，相关善后处置工作正依法依规进行。 （越牛新闻综合长安街知事） 评论 [[item.content]] [[item.ip_location_area]] · [[setTime(item.create_time)]] · 回复 [[item.content]] [[item.ip_location_area]] · [[setTime(item.create_time)]] · 回复 '+item.content+' '+ item.ip_location_area +' · '+setTime(item.create_ti ||| 登录 20日下午，广西医科大学第一附属医院发布“4·19门诊大楼男子坠楼事件”后续情况通报： 4·19门诊大楼男子坠楼事件后续情况通报 一、坠楼经过2024年4月19日15时许，我院门诊大楼五楼一名男子跨过防护栏，意欲跳楼。我院一名职工冲出科室，伸手试图拉住该男子，但未成功。不幸事件发生后，我院第一时间组织积极抢救并报警，配合公安机关调查工作。目前该男子经抢救无效死亡。 二、情况调查事后，我院立即配合公安机关展开调查。监控显示该男子15点03分进入门诊大楼，15点25分自主翻越防护围栏外跳楼。 公安机关查验核实身份为南宁市居民，某物流公司员工。 经了解，该男子为广西区直医保患者，曾在我院就诊，并非肿瘤患者，已规范治疗。近三个月其在我院无就诊记录，不存在医疗投诉及纠纷情况。 目前事件仍在调查处理中，相关善后处置工作正依法依规进行。 广西医科大学第一附属医院 2024年4月20日 原标题：《男子从医院门诊大楼5楼跳下，官方通报→》 阅读原文 本文为澎湃号作者或机构在澎湃新闻上传并发布，仅代表该作者或机构观点，不代表澎湃新闻的观点或立场，澎湃新闻仅提供信息发布平台。申请澎湃号请用电脑访问http://renzheng.thepaper.cn。 Android版 iPhone版 iPad版 沪ICP备14003370号 沪公网安备31010602000299号 互联网新闻信息服务许可证：3 ||| 广西医科大学第一附属医院通报“4•19门诊大楼男子坠楼事件”，再次引起了社会的广泛关注。为回应社会关切，医院方面向社会通报了事件的后续情况和调查进展。 #坠楼经过# 2024年4月19日15时许，广西医科大学第一附属医院门诊大楼五楼发生了一起男子坠楼事件。据目击者称，一名男子跨过防护栏，试图跳楼。医院的一名职工试图阻止，但未成功。不幸事件发生后，医院第一时间进行了抢救并报警，但最终该男子还是因抢救无效死亡。 #情况调查# 医院随即配合公安机关展开调查。监控显示，该男子于15点03分进入门诊大楼，15点25分从五楼自主翻越防护围栏跳楼。经过身份核实，该男子是南宁市的一名物流公司员工，同时也是广西区直医保患者。调查显示，他曾在该院就诊，但并非肿瘤患者，而且近三个月没有再次就诊，也没有医疗投诉和纠纷情况。 #善后处理# 目前，事件仍在调查处理中，相关善后处置工作正依法依规进行。医院方面也希望广大市民及网友尊重逝者尊严和隐私，不传播现场图片、视频及相关资料，避免让家属受到二次伤害。 #社会反响# 这起事件引起了社会的广泛讨论和反思。人们纷纷对事件的原因进行猜测，并呼吁加强对心理健康的关注，以及提升对患者的关怀和治疗服务。同时也提出了对医院安全防护措施的质疑和建议，希望医院方面能够加强安全管理，防止类似事件再次发生。 #关于心理健康# 心理健康问题一直是社会关注的焦点。人们希望通过这起事件的 ||| 为回应社会关切，进一步通报事件后续情况。 一、坠楼经过 2024年4月19日15时许，我院门诊大楼五楼一名男子跨过防护栏，意欲跳楼。我院一名职工冲出科室，伸手试图拉住该男子，但未成功。不幸事件发生后，我院第一时间组织积极抢救并报警，配合公安机关调查工作。目前该男子经抢救无效死亡。 二、情况调查 事后，我院立即配合公安机关展开调查。监控显示该男子15点03分进入门诊大楼，15点25分自主翻越防护围栏外跳楼。 公安机关查验核实身份为南宁市居民，某物流公司员工。 经了解，该男子为广西区直医保患者，曾在我院就诊，并非肿瘤患者，已规范治疗。近三个月其在我院无就诊记录，不存在医疗投诉及纠纷情况。 目前事件仍在调查处理中，相关善后处置工作正依法依规进行。 请广大市民及网友尊重逝者尊严和隐私，不传播现场图片、视频及相关资料，避免让家属受到二次伤害。 广西医科大学第一附属医院 2024年4月20日 24小时滚动播报最新的财经资讯和视频，更多粉丝福利扫描二维码关注（sinafinance） 网友提问：@@=value.question$$ 老师回答：@@=value.answer$$ @@=value.title$$ 新浪财经意见反馈留言板 新浪简介|广告服务|About Sina 联系我们|招聘信息|通行证注册 产品答疑|网站律师|SINA English Copyright © 1996-2024 ||| 20日下午，广西医科大学第一附属医院发布“4·19门诊大楼男子坠楼事件”后续情况通报： 一、坠楼经过 2024年4月19日15时许，我院门诊大楼五楼一名男子跨过防护栏，意欲跳楼。我院一名职工冲出科室，伸手试图拉住该男子，但未成功。不幸事件发生后，我院第一时间组织积极抢救并报警，配合公安机关调查工作。目前该男子经抢救无效死亡。 二、情况调查 事后，我院立即配合公安机关展开调查。监控显示该男子15点03分进入门诊大楼，15点25分自主翻越防护围栏外跳楼。 公安机关查验核实身份为南宁市居民，某物流公司员工。 经了解，该男子为广西区直医保患者，曾在我院就诊，并非肿瘤患者，已规范治疗。近三个月其在我院无就诊记录，不存在医疗投诉及纠纷情况。 目前事件仍在调查处理中，相关善后处置工作正依法依规进行。 来源：广西医科大学第一附属医院 原标题：《4·19门诊大楼男子坠楼事件后续情况通报》 <%:=name%> 本词含有多个义项，请点击查看 <%:=list[i].tag_title%> <%:=list[i].tag_type%> 您要举报的内容为 “本词含有多个义项，请点击查看” 收藏 扫描小程序查看详情 微信扫码分享 ||| 4月20日，广西南宁。广西医科大学第一附属医院发布4·19门诊大楼男子坠楼事件后续情况通报。_腾讯新闻 ||| 4月20日，广西南宁。广西医科大学第一附属医院发布4·19门诊大楼男子坠楼事件后续情况通报。_腾讯新闻,mainstream_news ||| mainstream_news ||| mainstream_news ||| mainstream_news ||| public_web ||| public_web ||| public_web ||| mainstream_news ||| mainstream_news ||| mainstream_news ||| public_web ||| mainstream_news ||| mainstream_news,https://www.thepaper.cn/newsDetail_forward_27091536 ||| https://m.163.com/dy/article/J08A10K00530JPVV.html ||| https://m.thepaper.cn/newsDetail_forward_27091536 ||| https://m.sohu.com/a/773203349_121908701/?pvid=000115_3w_a ||| https://www.gxmuyfy.cn/notice/noticetzgg/27120.html ||| https://www.gxmuyfy.cn/notice/noticetzgg/27123.html ||| http://m.shaoxing.com.cn/p/3187898.html ||| https://www.thepaper.cn/newsDetail_forward_27107815 ||| http://m.sohu.com/a/773203349_121908701/?pvid=000115_3w_a ||| https://finance.sina.com.cn/jjxw/2024-04-20/doc-inasnqhq8405724.shtml ||| https://news.medlive.cn/all/info-news/show-210250_97.html ||| https://new.qq.com/rain/a/20240420V06PEZ00?media_id=&openApp=false&suid=&web_channel=wap ||| https://new.qq.com/rain/a/20240420V06PEZ00?media_id=&suid=,9,silver_candidate,standard_review,0.000,low,low_risk,accept,,,,,,医院两次通报内容完整覆盖坠楼经过、无纠纷结论及隐私保护呼吁，证据确凿。,annotator_A,adjudicated_final,annotator_A
E030,LLM_CANON_E030_001,深圳市人民检察院,针对医疗机构挂号系统无障碍适老化缺失问题立案调查，向卫健部门发出检察建议，督促开通电话预约热线、完成线上平台无障碍改造及预留现场号源，推动整改落地。,positive,证据显示检察院收到线索后立案调查，召开听证会，并向卫健部门发出检察建议，最终推动全市医疗机构完成多项无障碍改造。,SC_E030_001,深圳市检察院;广东深圳检察机关;市检察院第六检察部,True,,ev-00711;ev-00712;ev-00713;ev-00714;ev-00715;ev-00716;ev-00718;ev-01286;ev-01287;ev-01289;ev-01290;ev-01308;ev-01309;ev-01310;ev-01319,"第一财经 2025-11-12 21:24发布于上海第一财经官方账号 医疗机构不提供电话预约的挂号方式，挂号平台及自助挂号机也没有实现无障碍功能，那些不会上网、不会使用智能手机和存在视力障碍的老年人与残疾人该如何便捷就医呢？ 2024年5月，广东省深圳市人民检察院收到志愿者提供的上述线索，决定立案调查。同年7月2日，深圳市检察院向市卫生健康主管部门发出检察建议，建议其督促相关医疗机构完善就医挂号无障碍适老化改造。目前，已督促全市所有医疗机构开通预约挂号直拨电话，并在全市设立统一短号热线，实现预约挂号一键查询或转接服务。截至2025年6月，热线已提供查转服务5122次；还要求各医疗机构于2025年底前完成线上预约平台的无障碍改造，截至2025年6月，全市38家医疗机构已完成线上预约平台无障碍改造，累计布设无障碍自助终端机1039台。 这是今年9月，最高检发布的一批无障碍和适老化检察公益诉讼典型案例中的一个，也是近年来检察机关进行检察公益诉讼工作、守护公共利益的缩影。 检察公益诉讼，是指人民检察院根据民事诉讼法、行政诉讼法等法律规定，对在履行职责中发现的生态环境和资源保护、食品药品安全、国有财产保护等领域损害国家利益或者社会公共利益的案件，向有关主体发出检察建议或向人民法院提起诉讼的法律制度，是我国一项原创性司法制度。 自2014年党的十八届四中全会首次提出“探索建立检察机关提起公益诉 ||| 打开微信，点击底部的“发现”， 使用“扫一扫”即可将网页分享至朋友圈。 第一财经2025-11-12 21:17:34听新闻 作者：安然然 责编：任绍敏 {{aisd}} AI生成 免责声明 医疗机构不提供电话预约的挂号方式，挂号平台及自助挂号机也没有实现无障碍功能，那些不会上网、不会使用智能手机和存在视力障碍的老年人与残疾人该如何便捷就医呢？ 2024年5月，广东省深圳市人民检察院收到志愿者提供的上述线索，决定立案调查。同年7月2日，深圳市检察院向市卫生健康主管部门发出检察建议，建议其督促相关医疗机构完善就医挂号无障碍适老化改造。目前，已督促全市所有医疗机构开通预约挂号直拨电话，并在全市设立统一短号热线，实现预约挂号一键查询或转接服务。截至2025年6月，热线已提供查转服务5122次；还要求各医疗机构于2025年底前完成线上预约平台的无障碍改造，截至2025年6月，全市38家医疗机构已完成线上预约平台无障碍改造，累计布设无障碍自助终端机1039台。 这是今年9月，最高检发布的一批无障碍和适老化检察公益诉讼典型案例中的一个，也是近年来检察机关进行检察公益诉讼工作、守护公共利益的缩影。 检察公益诉讼，是指人民检察院根据民事诉讼法、行政诉讼法等法律规定，对在履行职责中发现的生态环境和资源保护、食品药品安全、国有财产保护等领域损害国家利益或者社会公共利益的案件，向有关主体发出检察建议或向 ||| 线上预约挂号就医，对于熟练使用电子设备的年轻人来说易如反掌，但对于残障人士、老年人等特殊群体而言，却不是一件容易的事。今年4月，深圳市检察院收到一条无障碍挂号就医的公益诉讼线索，反映我市部分医院线上及线下挂号就医未完善无障碍环境建设，影响特定群体的就医需求。 “创造无障碍就医环境，是保障残疾人、老年人等特定群体平等、充分、便捷参与、融入社会生活的重要条件，检察机关义不容辞。”为进一步了解公益受损事实，市检察院第六检察部通过抽样调查方式，先后对深圳8家市级医院就电话热线、线上预约平台等情况进行了调查，并与行政主管部门进行座谈，了解全市就医无障碍环境建设基本情况。 同时，市检察院与市盲协开展联合调查，对深圳4家市级医院、6家区级医院的线下自助业务办理终端设备以及现场号源预留等情况进行实地勘察。 经调查发现，确实存在部分线上预约挂号平台未达到无障碍设计标准、部分医疗机构未提供电话预约挂号方式、自助挂号终端设备未配备无障碍功能、医疗机构未按要求预留专门现场号源等问题。 6月25日，市检察院召开推动就医挂号无障碍环境建设行政公益诉讼案件听证会，针对案涉情形是否对残障人士、老年人等特殊群体便捷就医权益造成损害听取参会代表与听证员意见。 会议由市检察院第六检察部副主任梁媛主持，市人大代表陈家发、刘宝瑞、曾迈担任听证员，相关行政主管部门负责人出席听证，市残疾人联合会代表陈雷，市老年协会党支部书记、 ||| 2020年08月31日 星期- 线上预约挂号就医，对于熟练使用电子设备的年轻人来说易如反掌，但对于残障人士、老年人等特殊群体而言，却不是一件容易的事。今年4月，深圳市检察院收到一条无障碍挂号就医的公益诉讼线索，反映我市部分医院线上及线下挂号就医未完善无障碍环境建设，影响特定群体的就医需求。 “创造无障碍就医环境，是保障残疾人、老年人等特定群体平等、充分、便捷参与、融入社会生活的重要条件，检察机关义不容辞。”为进一步了解公益受损事实，市检察院第六检察部通过抽样调查方式，先后对深圳8家市级医院就电话热线、线上预约平台等情况进行了调查，并与行政主管部门进行座谈，了解全市就医无障碍环境建设基本情况。 同时，市检察院与市盲协开展联合调查，对深圳4家市级医院、6家区级医院的线下自助业务办理终端设备以及现场号源预留等情况进行实地勘察。 经调查发现，确实存在部分线上预约挂号平台未达到无障碍设计标准、部分医疗机构未提供电话预约挂号方式、自助挂号终端设备未配备无障碍功能、医疗机构未按要求预留专门现场号源等问题。 6月25日，市检察院召开推动就医挂号无障碍环境建设行政公益诉讼案件听证会，针对案涉情形是否对残障人士、老年人等特殊群体便捷就医权益造成损害听取参会代表与听证员意见。 会议由市检察院第六检察部副主任梁媛主持，市人大代表陈家发、刘宝瑞、曾迈担任听证员，相关行政主管部门负责人出席听证，市残疾人联合会 ||| 第一财经资讯 2025-11-12 21:18·上海·第一财经资讯官方网易号 医疗机构不提供电话预约的挂号方式，挂号平台及自助挂号机也没有实现无障碍功能，那些不会上网、不会使用智能手机和存在视力障碍的老年人与残疾人该如何便捷就医呢？ 2024年5月，广东省深圳市人民检察院收到志愿者提供的上述线索，决定立案调查。同年7月2日，深圳市检察院向市卫生健康主管部门发出检察建议，建议其督促相关医疗机构完善就医挂号无障碍适老化改造。目前，已督促全市所有医疗机构开通预约挂号直拨电话，并在全市设立统一短号热线，实现预约挂号一键查询或转接服务。截至2025年6月，热线已提供查转服务5122次；还要求各医疗机构于2025年底前完成线上预约平台的无障碍改造，截至2025年6月，全市38家医疗机构已完成线上预约平台无障碍改造，累计布设无障碍自助终端机1039台。 这是今年9月，最高检发布的一批无障碍和适老化检察公益诉讼典型案例中的一个，也是近年来检察机关进行检察公益诉讼工作、守护公共利益的缩影。 检察公益诉讼，是指人民检察院根据民事诉讼法、行政诉讼法等法律规定，对在履行职责中发现的生态环境和资源保护、食品药品安全、国有财产保护等领域损害国家利益或者社会公共利益的案件，向有关主体发出检察建议或向人民法院提起诉讼的法律制度，是我国一项原创性司法制度。 自2014年党的十八届四中全会首次提出“探索建立检察机关提 ||| 中国青年报客户端讯（中青报·中青网记者 韩飏）今天，最高人民检察院与民政部、中国残疾人联合会联合发布一批无障碍和适老化检察公益诉讼典型案例，""广东省深圳市人民检察院督促实施就医挂号无障碍、适老化改造行政公益诉讼""是其中一例。 据介绍，广东省深圳市大部分医疗机构未提供电话预约等多渠道挂号方式，挂号平台及自助挂号机亦未实现无障碍功能，致使不会上网、不会使用智能手机及存在视力障碍的老年人与残疾人无法及时、独立、便捷就医，影响其身体健康与生命安全，损害社会公共利益。 2024年5月，广东省深圳市人民检察院收到“益心为公”志愿者提供的上述线索后，决定立案调查。通过对辖区内医疗机构进行现场走访、挂号平台或电话试用、询问医疗机构工作人员等方式，查明该市大部分医疗机构存在未提供电话等多渠道预约挂号方式，线上预约挂号平台未达到无障碍设计标准，线下自助挂号取号终端设备未实现大字、语音等无障碍功能，亦未按要求为老年人、残疾人预留专门现场号源等问题，违反了《中华人民共和国无障碍环境建设法》《中华人民共和国老年人权益保障法》和《国家卫生健康委办公厅关于实施进一步便利老年人就医举措的通知》等有关规定。 2024年6月25日，深圳市人民检察院组织召开公开听证会，邀请市残联与市老协代表、市人大代表、人民监督员、“益心为公”志愿者进行听证。听证员一致认为，就医挂号难问题已影响老年人、残疾人等特定群体平等就医的合法权 ||| 中国青年报 2025-09-17 18:14发布于北京中国青年报官方账号 中国青年报客户端讯（中青报·中青网记者 韩飏）今天，最高人民检察院与民政部、中国残疾人联合会联合发布一批无障碍和适老化检察公益诉讼典型案例，""广东省深圳市人民检察院督促实施就医挂号无障碍、适老化改造行政公益诉讼""是其中一例。 据介绍，广东省深圳市大部分医疗机构未提供电话预约等多渠道挂号方式，挂号平台及自助挂号机亦未实现无障碍功能，致使不会上网、不会使用智能手机及存在视力障碍的老年人与残疾人无法及时、独立、便捷就医，影响其身体健康与生命安全，损害社会公共利益。 2024年5月，广东省深圳市人民检察院收到“益心为公”志愿者提供的上述线索后，决定立案调查。通过对辖区内医疗机构进行现场走访、挂号平台或电话试用、询问医疗机构工作人员等方式，查明该市大部分医疗机构存在未提供电话等多渠道预约挂号方式，线上预约挂号平台未达到无障碍设计标准，线下自助挂号取号终端设备未实现大字、语音等无障碍功能，亦未按要求为老年人、残疾人预留专门现场号源等问题，违反了《中华人民共和国无障碍环境建设法》《中华人民共和国老年人权益保障法》和《国家卫生健康委办公厅关于实施进一步便利老年人就医举措的通知》等有关规定。 2024年6月25日，深圳市人民检察院组织召开公开听证会，邀请市残联与市老协代表、市人大代表、人民监督员、“益心为公”志愿者进行听证。听 ||| 点击右上角微信好友 朋友圈 点击浏览器下方“”分享微信好友Safari浏览器请点击“”按钮 请使用浏览器分享功能进行分享 出行、就医挂号……残疾人、老年人等特定群体在日常生活中遇到“障碍”怎么办？9月17日，最高人民检察院与民政部、中国残疾人联合会共同发布一批无障碍和适老化检察公益诉讼典型案例，从中可见多地检察机关助力“无障碍”建设的不懈努力。 老人挂号只能上网“抢”？改进！ 2024年5月，广东深圳检察机关接到线索反映，当地大部分医疗机构未提供电话预约等多渠道挂号方式，挂号平台及自助挂号机也未实现无障碍功能，致使不会上网、不会使用智能手机及存在视力障碍的老年人与残疾人无法及时、独立、便捷就医，医疗机构未按有关要求为老年人、残疾人预留专门现场号源。 无障碍环境建设法明确规定，医疗卫生机构应当结合所提供的服务内容，为残疾人、老年人就医提供便利。 深圳市人民检察院立案调查后，通过召开听证会等方式了解这一情况对公共利益造成的损害，并于同年7月向当地卫生健康主管部门发出检察建议。 此举推动深圳有关医疗机构对预约渠道、服务终端等进行了改进。现在，当地老年人、残疾人等可以通过拨打电话等多种方式预约挂号，医疗机构还通过加号等方式为老年人、残疾人保障现场号源。 除了就医挂号，一些老年人、残疾人常用的社会服务也存在无法满足无障碍需求的情况。 2024年，有线索反映，陕西社会保险、陕西医保的APP不符 ||| 首页 > 正文 出行、就医挂号……残疾人、老年人等特定群体在日常生活中遇到“障碍”怎么办？9月17日，最高人民检察院与民政部、中国残疾人联合会共同发布一批无障碍和适老化检察公益诉讼典型案例，从中可见多地检察机关助力“无障碍”建设的不懈努力。 老人挂号只能上网“抢”？改进！ 2024年5月，广东深圳检察机关接到线索反映，当地大部分医疗机构未提供电话预约等多渠道挂号方式，挂号平台及自助挂号机也未实现无障碍功能，致使不会上网、不会使用智能手机及存在视力障碍的老年人与残疾人无法及时、独立、便捷就医，医疗机构未按有关要求为老年人、残疾人预留专门现场号源。 无障碍环境建设法明确规定，医疗卫生机构应当结合所提供的服务内容，为残疾人、老年人就医提供便利。 深圳市人民检察院立案调查后，通过召开听证会等方式了解这一情况对公共利益造成的损害，并于同年7月向当地卫生健康主管部门发出检察建议。 此举推动深圳有关医疗机构对预约渠道、服务终端等进行了改进。现在，当地老年人、残疾人等可以通过拨打电话等多种方式预约挂号，医疗机构还通过加号等方式为老年人、残疾人保障现场号源。 除了就医挂号，一些老年人、残疾人常用的社会服务也存在无法满足无障碍需求的情况。 2024年，有线索反映，陕西社会保险、陕西医保的APP不符合国家信息无障碍标准。陕西检察机关通过邀请第三方机构测评和残疾人体验等方式，确定了无障碍服务存在的问题。经 ||| 点击右上角微信好友 朋友圈 点击浏览器下方“”分享微信好友Safari浏览器请点击“”按钮 请使用浏览器分享功能进行分享 出行、就医挂号……残疾人、老年人等特定群体在日常生活中遇到“障碍”怎么办？9月17日，最高人民检察院与民政部、中国残疾人联合会共同发布一批无障碍和适老化检察公益诉讼典型案例，从中可见多地检察机关助力“无障碍”建设的不懈努力。 老人挂号只能上网“抢”？改进！ 2024年5月，广东深圳检察机关接到线索反映，当地大部分医疗机构未提供电话预约等多渠道挂号方式，挂号平台及自助挂号机也未实现无障碍功能，致使不会上网、不会使用智能手机及存在视力障碍的老年人与残疾人无法及时、独立、便捷就医，医疗机构未按有关要求为老年人、残疾人预留专门现场号源。 无障碍环境建设法明确规定，医疗卫生机构应当结合所提供的服务内容，为残疾人、老年人就医提供便利。 深圳市人民检察院立案调查后，通过召开听证会等方式了解这一情况对公共利益造成的损害，并于同年7月向当地卫生健康主管部门发出检察建议。 此举推动深圳有关医疗机构对预约渠道、服务终端等进行了改进。现在，当地老年人、残疾人等可以通过拨打电话等多种方式预约挂号，医疗机构还通过加号等方式为老年人、残疾人保障现场号源。 除了就医挂号，一些老年人、残疾人常用的社会服务也存在无法满足无障碍需求的情况。 2024年，有线索反映，陕西社会保险、陕西医保的APP不符 ||| 点击右上角微信好友 朋友圈 点击浏览器下方“”分享微信好友Safari浏览器请点击“”按钮 请使用浏览器分享功能进行分享 出行、就医挂号……残疾人、老年人等特定群体在日常生活中遇到“障碍”怎么办？9月17日，最高人民检察院与民政部、中国残疾人联合会共同发布一批无障碍和适老化检察公益诉讼典型案例，从中可见多地检察机关助力“无障碍”建设的不懈努力。 老人挂号只能上网“抢”？改进！ 2024年5月，广东深圳检察机关接到线索反映，当地大部分医疗机构未提供电话预约等多渠道挂号方式，挂号平台及自助挂号机也未实现无障碍功能，致使不会上网、不会使用智能手机及存在视力障碍的老年人与残疾人无法及时、独立、便捷就医，医疗机构未按有关要求为老年人、残疾人预留专门现场号源。 无障碍环境建设法明确规定，医疗卫生机构应当结合所提供的服务内容，为残疾人、老年人就医提供便利。 深圳市人民检察院立案调查后，通过召开听证会等方式了解这一情况对公共利益造成的损害，并于同年7月向当地卫生健康主管部门发出检察建议。 此举推动深圳有关医疗机构对预约渠道、服务终端等进行了改进。现在，当地老年人、残疾人等可以通过拨打电话等多种方式预约挂号，医疗机构还通过加号等方式为老年人、残疾人保障现场号源。 除了就医挂号，一些老年人、残疾人常用的社会服务也存在无法满足无障碍需求的情况。 2024年，有线索反映，陕西社会保险、陕西医保的APP不符 ||| 老年人、残疾人等遇到“障碍”怎么办？检察机关助力“有爱无碍” 出行、就医挂号……残疾人、老年人等特定群体在日常生活中遇到“障碍”怎么办？9月17日，最高人民检察院与民政部、中国残疾人联合会共同发布一批无障碍和适老化检察公益诉讼典型案例，从中可见多地检察机关助力“无障碍”建设的不懈努力。 老人挂号只能上网“抢”？改进！ 2024年5月，广东深圳检察机关接到线索反映，当地大部分医疗机构未提供电话预约等多渠道挂号方式，挂号平台及自助挂号机也未实现无障碍功能，致使不会上网、不会使用智能手机及存在视力障碍的老年人与残疾人无法及时、独立、便捷就医，医疗机构未按有关要求为老年人、残疾人预留专门现场号源。 无障碍环境建设法明确规定，医疗卫生机构应当结合所提供的服务内容，为残疾人、老年人就医提供便利。 深圳市人民检察院立案调查后，通过召开听证会等方式了解这一情况对公共利益造成的损害，并于同年7月向当地卫生健康主管部门发出检察建议。 此举推动深圳有关医疗机构对预约渠道、服务终端等进行了改进。现在，当地老年人、残疾人等可以通过拨打电话等多种方式预约挂号，医疗机构还通过加号等方式为老年人、残疾人保障现场号源。 除了就医挂号，一些老年人、残疾人常用的社会服务也存在无法满足无障碍需求的情况。 2024年，有线索反映，陕西社会保险、陕西医保的APP不符合国家信息无障碍标准。陕西检察机关通过邀请第三方机构测评和残 ||| 出行、就医挂号……残疾人、老年人等特定群体在日常生活中遇到“障碍”怎么办？9月17日，最高人民检察院与民政部、中国残疾人联合会共同发布一批无障碍和适老化检察公益诉讼典型案例，从中可见多地检察机关助力“无障碍”建设的不懈努力。 老人挂号只能上网“抢”？改进！ 2024年5月，广东深圳检察机关接到线索反映，当地大部分医疗机构未提供电话预约等多渠道挂号方式，挂号平台及自助挂号机也未实现无障碍功能，致使不会上网、不会使用智能手机及存在视力障碍的老年人与残疾人无法及时、独立、便捷就医，医疗机构未按有关要求为老年人、残疾人预留专门现场号源。 无障碍环境建设法明确规定，医疗卫生机构应当结合所提供的服务内容，为残疾人、老年人就医提供便利。 深圳市人民检察院立案调查后，通过召开听证会等方式了解这一情况对公共利益造成的损害，并于同年7月向当地卫生健康主管部门发出检察建议。 此举推动深圳有关医疗机构对预约渠道、服务终端等进行了改进。现在，当地老年人、残疾人等可以通过拨打电话等多种方式预约挂号，医疗机构还通过加号等方式为老年人、残疾人保障现场号源。 除了就医挂号，一些老年人、残疾人常用的社会服务也存在无法满足无障碍需求的情况。 2024年，有线索反映，陕西社会保险、陕西医保的APP不符合国家信息无障碍标准。陕西检察机关通过邀请第三方机构测评和残疾人体验等方式，确定了无障碍服务存在的问题。经过检察机关督促推 ||| 出行、就医挂号……残疾人、老年人等特定群体在日常生活中遇到“障碍”怎么办？9月17日，最高人民检察院与民政部、中国残疾人联合会共同发布一批无障碍和适老化检察公益诉讼典型案例，从中可见多地检察机关助力“无障碍”建设的不懈努力。 老人挂号只能上网“抢”？改进！ 2024年5月，广东深圳检察机关接到线索反映，当地大部分医疗机构未提供电话预约等多渠道挂号方式，挂号平台及自助挂号机也未实现无障碍功能，致使不会上网、不会使用智能手机及存在视力障碍的老年人与残疾人无法及时、独立、便捷就医，医疗机构未按有关要求为老年人、残疾人预留专门现场号源。 无障碍环境建设法明确规定，医疗卫生机构应当结合所提供的服务内容，为残疾人、老年人就医提供便利。 深圳市人民检察院立案调查后，通过召开听证会等方式了解这一情况对公共利益造成的损害，并于同年7月向当地卫生健康主管部门发出检察建议。 此举推动深圳有关医疗机构对预约渠道、服务终端等进行了改进。现在，当地老年人、残疾人等可以通过拨打电话等多种方式预约挂号，医疗机构还通过加号等方式为老年人、残疾人保障现场号源。 除了就医挂号，一些老年人、残疾人常用的社会服务也存在无法满足无障碍需求的情况。 2024年，有线索反映，陕西社会保险、陕西医保的APP不符合国家信息无障碍标准。陕西检察机关通过邀请第三方机构测评和残疾人体验等方式，确定了无障碍服务存在的问题。经过检察机关督促推 ||| [ 2015年7月至今年9月，全国检察机关共办理公益诉讼案件122.4万余件，其中行政公益诉讼110.2万件、民事公益诉讼12.2万余件。 ] 医疗机构不提供电话预约的挂号方式，挂号平台及自助挂号机也没有实现无障碍功能，那些不会上网、不会使用智能手机和存在视力障碍的老年人与残疾人该如何便捷就医呢？ 2024年5月，广东省深圳市人民检察院收到志愿者提供的上述线索，决定立案调查。同年7月2日，深圳市检察院向市卫生健康主管部门发出检察建议，建议其督促相关医疗机构完善就医挂号无障碍适老化改造。目前，已督促全市所有医疗机构开通预约挂号直拨电话，并在全市设立统一短号热线，实现预约挂号一键查询或转接服务。截至2025年6月，热线已提供查转服务5122次；还要求各医疗机构于2025年底前完成线上预约平台的无障碍改造，截至2025年6月，全市38家医疗机构已完成线上预约平台无障碍改造，累计布设无障碍自助终端机1039台。 这是今年9月，最高检发布的一批无障碍和适老化检察公益诉讼典型案例中的一个，也是近年来检察机关进行检察公益诉讼工作、守护公共利益的缩影。 检察公益诉讼，是指人民检察院根据民事诉讼法、行政诉讼法等法律规定，对在履行职责中发现的生态环境和资源保护、食品药品安全、国有财产保护等领域损害国家利益或者社会公共利益的案件，向有关主体发出检察建议或向人民法院提起诉讼的法律制度，是我国一项原创性司法",mainstream_news ||| public_web ||| mainstream_news ||| official ||| mainstream_news ||| mainstream_news ||| mainstream_news ||| public_web ||| public_web ||| public_web ||| public_web ||| public_web ||| mainstream_news ||| mainstream_news ||| public_web,https://news.qq.com/rain/a/20251112A067EI00 ||| https://www.yicai.com/news/102909029.html ||| https://m.sohu.com/a/789009588_161795/?pvid=000115_3w_a ||| https://www.shenzhen.jcy.gov.cn/Dynamic/Media/8465.html ||| https://c.m.163.com/news/a/KE6NRBQE0519DDQ2.html ||| https://www.sohu.com/a/935904190_119038?scm=10001.8085_13-8085_13.0.0.0 ||| https://news.qq.com/rain/a/20250917A07C8Q00 ||| https://difang.gmw.cn/cq/2025-09/19/content_38296348.htm ||| https://elderly.qianlong.com/2025/0918/8555832.shtml ||| https://gongyi.gmw.cn/2025-09/18/content_38294614.htm ||| https://legal.gmw.cn/2025-09/18/content_38294585.htm ||| https://news.cpd.com.cn/n3569/925/t_1201731.html ||| http://www.hxnews.com/news/gn/gnxw/202509/18/2218432.shtml ||| https://www.news.cn/legal/20250918/58e252b4cf7f4c38a4ccd4eccf00a169/c.html ||| https://www.yicai.com/epaper/m/202511/13/content_47942.html,13,silver_candidate,standard_review,0.000,low,low_risk,accept,,,,,,检察院立案、发建议、促整改的全过程在多篇报道中详实记录，正面情感恰当。,annotator_A,adjudicated_final,annotator_A
E030,LLM_CANON_E030_002,深圳市卫生健康委员会,接收检察机关建议后履行监管职责，督促全市医疗机构完善就医挂号无障碍适老化改造，落实电话直拨热线、统一短号及线上平台改造要求。,positive,证据明确指出市检察院向市卫生健康主管部门发出检察建议，卫健部门随后督促相关医疗机构落实各项无障碍改造措施。,SC_E030_002,市卫生健康主管部门;卫健部门;深圳市卫健委,True,,ev-00711;ev-00712;ev-00715;ev-01286;ev-01287;ev-01289;ev-01290;ev-01308;ev-01309;ev-01310;ev-01319,第一财经 2025-11-12 21:24发布于上海第一财经官方账号 医疗机构不提供电话预约的挂号方式，挂号平台及自助挂号机也没有实现无障碍功能，那些不会上网、不会使用智能手机和存在视力障碍的老年人与残疾人该如何便捷就医呢？ 2024年5月，广东省深圳市人民检察院收到志愿者提供的上述线索，决定立案调查。同年7月2日，深圳市检察院向市卫生健康主管部门发出检察建议，建议其督促相关医疗机构完善就医挂号无障碍适老化改造。目前，已督促全市所有医疗机构开通预约挂号直拨电话，并在全市设立统一短号热线，实现预约挂号一键查询或转接服务。截至2025年6月，热线已提供查转服务5122次；还要求各医疗机构于2025年底前完成线上预约平台的无障碍改造，截至2025年6月，全市38家医疗机构已完成线上预约平台无障碍改造，累计布设无障碍自助终端机1039台。 这是今年9月，最高检发布的一批无障碍和适老化检察公益诉讼典型案例中的一个，也是近年来检察机关进行检察公益诉讼工作、守护公共利益的缩影。 检察公益诉讼，是指人民检察院根据民事诉讼法、行政诉讼法等法律规定，对在履行职责中发现的生态环境和资源保护、食品药品安全、国有财产保护等领域损害国家利益或者社会公共利益的案件，向有关主体发出检察建议或向人民法院提起诉讼的法律制度，是我国一项原创性司法制度。 自2014年党的十八届四中全会首次提出“探索建立检察机关提起公益诉 ||| 打开微信，点击底部的“发现”， 使用“扫一扫”即可将网页分享至朋友圈。 第一财经2025-11-12 21:17:34听新闻 作者：安然然 责编：任绍敏 {{aisd}} AI生成 免责声明 医疗机构不提供电话预约的挂号方式，挂号平台及自助挂号机也没有实现无障碍功能，那些不会上网、不会使用智能手机和存在视力障碍的老年人与残疾人该如何便捷就医呢？ 2024年5月，广东省深圳市人民检察院收到志愿者提供的上述线索，决定立案调查。同年7月2日，深圳市检察院向市卫生健康主管部门发出检察建议，建议其督促相关医疗机构完善就医挂号无障碍适老化改造。目前，已督促全市所有医疗机构开通预约挂号直拨电话，并在全市设立统一短号热线，实现预约挂号一键查询或转接服务。截至2025年6月，热线已提供查转服务5122次；还要求各医疗机构于2025年底前完成线上预约平台的无障碍改造，截至2025年6月，全市38家医疗机构已完成线上预约平台无障碍改造，累计布设无障碍自助终端机1039台。 这是今年9月，最高检发布的一批无障碍和适老化检察公益诉讼典型案例中的一个，也是近年来检察机关进行检察公益诉讼工作、守护公共利益的缩影。 检察公益诉讼，是指人民检察院根据民事诉讼法、行政诉讼法等法律规定，对在履行职责中发现的生态环境和资源保护、食品药品安全、国有财产保护等领域损害国家利益或者社会公共利益的案件，向有关主体发出检察建议或向 ||| 第一财经资讯 2025-11-12 21:18·上海·第一财经资讯官方网易号 医疗机构不提供电话预约的挂号方式，挂号平台及自助挂号机也没有实现无障碍功能，那些不会上网、不会使用智能手机和存在视力障碍的老年人与残疾人该如何便捷就医呢？ 2024年5月，广东省深圳市人民检察院收到志愿者提供的上述线索，决定立案调查。同年7月2日，深圳市检察院向市卫生健康主管部门发出检察建议，建议其督促相关医疗机构完善就医挂号无障碍适老化改造。目前，已督促全市所有医疗机构开通预约挂号直拨电话，并在全市设立统一短号热线，实现预约挂号一键查询或转接服务。截至2025年6月，热线已提供查转服务5122次；还要求各医疗机构于2025年底前完成线上预约平台的无障碍改造，截至2025年6月，全市38家医疗机构已完成线上预约平台无障碍改造，累计布设无障碍自助终端机1039台。 这是今年9月，最高检发布的一批无障碍和适老化检察公益诉讼典型案例中的一个，也是近年来检察机关进行检察公益诉讼工作、守护公共利益的缩影。 检察公益诉讼，是指人民检察院根据民事诉讼法、行政诉讼法等法律规定，对在履行职责中发现的生态环境和资源保护、食品药品安全、国有财产保护等领域损害国家利益或者社会公共利益的案件，向有关主体发出检察建议或向人民法院提起诉讼的法律制度，是我国一项原创性司法制度。 自2014年党的十八届四中全会首次提出“探索建立检察机关提 ||| 点击右上角微信好友 朋友圈 点击浏览器下方“”分享微信好友Safari浏览器请点击“”按钮 请使用浏览器分享功能进行分享 出行、就医挂号……残疾人、老年人等特定群体在日常生活中遇到“障碍”怎么办？9月17日，最高人民检察院与民政部、中国残疾人联合会共同发布一批无障碍和适老化检察公益诉讼典型案例，从中可见多地检察机关助力“无障碍”建设的不懈努力。 老人挂号只能上网“抢”？改进！ 2024年5月，广东深圳检察机关接到线索反映，当地大部分医疗机构未提供电话预约等多渠道挂号方式，挂号平台及自助挂号机也未实现无障碍功能，致使不会上网、不会使用智能手机及存在视力障碍的老年人与残疾人无法及时、独立、便捷就医，医疗机构未按有关要求为老年人、残疾人预留专门现场号源。 无障碍环境建设法明确规定，医疗卫生机构应当结合所提供的服务内容，为残疾人、老年人就医提供便利。 深圳市人民检察院立案调查后，通过召开听证会等方式了解这一情况对公共利益造成的损害，并于同年7月向当地卫生健康主管部门发出检察建议。 此举推动深圳有关医疗机构对预约渠道、服务终端等进行了改进。现在，当地老年人、残疾人等可以通过拨打电话等多种方式预约挂号，医疗机构还通过加号等方式为老年人、残疾人保障现场号源。 除了就医挂号，一些老年人、残疾人常用的社会服务也存在无法满足无障碍需求的情况。 2024年，有线索反映，陕西社会保险、陕西医保的APP不符 ||| 首页 > 正文 出行、就医挂号……残疾人、老年人等特定群体在日常生活中遇到“障碍”怎么办？9月17日，最高人民检察院与民政部、中国残疾人联合会共同发布一批无障碍和适老化检察公益诉讼典型案例，从中可见多地检察机关助力“无障碍”建设的不懈努力。 老人挂号只能上网“抢”？改进！ 2024年5月，广东深圳检察机关接到线索反映，当地大部分医疗机构未提供电话预约等多渠道挂号方式，挂号平台及自助挂号机也未实现无障碍功能，致使不会上网、不会使用智能手机及存在视力障碍的老年人与残疾人无法及时、独立、便捷就医，医疗机构未按有关要求为老年人、残疾人预留专门现场号源。 无障碍环境建设法明确规定，医疗卫生机构应当结合所提供的服务内容，为残疾人、老年人就医提供便利。 深圳市人民检察院立案调查后，通过召开听证会等方式了解这一情况对公共利益造成的损害，并于同年7月向当地卫生健康主管部门发出检察建议。 此举推动深圳有关医疗机构对预约渠道、服务终端等进行了改进。现在，当地老年人、残疾人等可以通过拨打电话等多种方式预约挂号，医疗机构还通过加号等方式为老年人、残疾人保障现场号源。 除了就医挂号，一些老年人、残疾人常用的社会服务也存在无法满足无障碍需求的情况。 2024年，有线索反映，陕西社会保险、陕西医保的APP不符合国家信息无障碍标准。陕西检察机关通过邀请第三方机构测评和残疾人体验等方式，确定了无障碍服务存在的问题。经 ||| 点击右上角微信好友 朋友圈 点击浏览器下方“”分享微信好友Safari浏览器请点击“”按钮 请使用浏览器分享功能进行分享 出行、就医挂号……残疾人、老年人等特定群体在日常生活中遇到“障碍”怎么办？9月17日，最高人民检察院与民政部、中国残疾人联合会共同发布一批无障碍和适老化检察公益诉讼典型案例，从中可见多地检察机关助力“无障碍”建设的不懈努力。 老人挂号只能上网“抢”？改进！ 2024年5月，广东深圳检察机关接到线索反映，当地大部分医疗机构未提供电话预约等多渠道挂号方式，挂号平台及自助挂号机也未实现无障碍功能，致使不会上网、不会使用智能手机及存在视力障碍的老年人与残疾人无法及时、独立、便捷就医，医疗机构未按有关要求为老年人、残疾人预留专门现场号源。 无障碍环境建设法明确规定，医疗卫生机构应当结合所提供的服务内容，为残疾人、老年人就医提供便利。 深圳市人民检察院立案调查后，通过召开听证会等方式了解这一情况对公共利益造成的损害，并于同年7月向当地卫生健康主管部门发出检察建议。 此举推动深圳有关医疗机构对预约渠道、服务终端等进行了改进。现在，当地老年人、残疾人等可以通过拨打电话等多种方式预约挂号，医疗机构还通过加号等方式为老年人、残疾人保障现场号源。 除了就医挂号，一些老年人、残疾人常用的社会服务也存在无法满足无障碍需求的情况。 2024年，有线索反映，陕西社会保险、陕西医保的APP不符 ||| 点击右上角微信好友 朋友圈 点击浏览器下方“”分享微信好友Safari浏览器请点击“”按钮 请使用浏览器分享功能进行分享 出行、就医挂号……残疾人、老年人等特定群体在日常生活中遇到“障碍”怎么办？9月17日，最高人民检察院与民政部、中国残疾人联合会共同发布一批无障碍和适老化检察公益诉讼典型案例，从中可见多地检察机关助力“无障碍”建设的不懈努力。 老人挂号只能上网“抢”？改进！ 2024年5月，广东深圳检察机关接到线索反映，当地大部分医疗机构未提供电话预约等多渠道挂号方式，挂号平台及自助挂号机也未实现无障碍功能，致使不会上网、不会使用智能手机及存在视力障碍的老年人与残疾人无法及时、独立、便捷就医，医疗机构未按有关要求为老年人、残疾人预留专门现场号源。 无障碍环境建设法明确规定，医疗卫生机构应当结合所提供的服务内容，为残疾人、老年人就医提供便利。 深圳市人民检察院立案调查后，通过召开听证会等方式了解这一情况对公共利益造成的损害，并于同年7月向当地卫生健康主管部门发出检察建议。 此举推动深圳有关医疗机构对预约渠道、服务终端等进行了改进。现在，当地老年人、残疾人等可以通过拨打电话等多种方式预约挂号，医疗机构还通过加号等方式为老年人、残疾人保障现场号源。 除了就医挂号，一些老年人、残疾人常用的社会服务也存在无法满足无障碍需求的情况。 2024年，有线索反映，陕西社会保险、陕西医保的APP不符 ||| 老年人、残疾人等遇到“障碍”怎么办？检察机关助力“有爱无碍” 出行、就医挂号……残疾人、老年人等特定群体在日常生活中遇到“障碍”怎么办？9月17日，最高人民检察院与民政部、中国残疾人联合会共同发布一批无障碍和适老化检察公益诉讼典型案例，从中可见多地检察机关助力“无障碍”建设的不懈努力。 老人挂号只能上网“抢”？改进！ 2024年5月，广东深圳检察机关接到线索反映，当地大部分医疗机构未提供电话预约等多渠道挂号方式，挂号平台及自助挂号机也未实现无障碍功能，致使不会上网、不会使用智能手机及存在视力障碍的老年人与残疾人无法及时、独立、便捷就医，医疗机构未按有关要求为老年人、残疾人预留专门现场号源。 无障碍环境建设法明确规定，医疗卫生机构应当结合所提供的服务内容，为残疾人、老年人就医提供便利。 深圳市人民检察院立案调查后，通过召开听证会等方式了解这一情况对公共利益造成的损害，并于同年7月向当地卫生健康主管部门发出检察建议。 此举推动深圳有关医疗机构对预约渠道、服务终端等进行了改进。现在，当地老年人、残疾人等可以通过拨打电话等多种方式预约挂号，医疗机构还通过加号等方式为老年人、残疾人保障现场号源。 除了就医挂号，一些老年人、残疾人常用的社会服务也存在无法满足无障碍需求的情况。 2024年，有线索反映，陕西社会保险、陕西医保的APP不符合国家信息无障碍标准。陕西检察机关通过邀请第三方机构测评和残 ||| 出行、就医挂号……残疾人、老年人等特定群体在日常生活中遇到“障碍”怎么办？9月17日，最高人民检察院与民政部、中国残疾人联合会共同发布一批无障碍和适老化检察公益诉讼典型案例，从中可见多地检察机关助力“无障碍”建设的不懈努力。 老人挂号只能上网“抢”？改进！ 2024年5月，广东深圳检察机关接到线索反映，当地大部分医疗机构未提供电话预约等多渠道挂号方式，挂号平台及自助挂号机也未实现无障碍功能，致使不会上网、不会使用智能手机及存在视力障碍的老年人与残疾人无法及时、独立、便捷就医，医疗机构未按有关要求为老年人、残疾人预留专门现场号源。 无障碍环境建设法明确规定，医疗卫生机构应当结合所提供的服务内容，为残疾人、老年人就医提供便利。 深圳市人民检察院立案调查后，通过召开听证会等方式了解这一情况对公共利益造成的损害，并于同年7月向当地卫生健康主管部门发出检察建议。 此举推动深圳有关医疗机构对预约渠道、服务终端等进行了改进。现在，当地老年人、残疾人等可以通过拨打电话等多种方式预约挂号，医疗机构还通过加号等方式为老年人、残疾人保障现场号源。 除了就医挂号，一些老年人、残疾人常用的社会服务也存在无法满足无障碍需求的情况。 2024年，有线索反映，陕西社会保险、陕西医保的APP不符合国家信息无障碍标准。陕西检察机关通过邀请第三方机构测评和残疾人体验等方式，确定了无障碍服务存在的问题。经过检察机关督促推 ||| 出行、就医挂号……残疾人、老年人等特定群体在日常生活中遇到“障碍”怎么办？9月17日，最高人民检察院与民政部、中国残疾人联合会共同发布一批无障碍和适老化检察公益诉讼典型案例，从中可见多地检察机关助力“无障碍”建设的不懈努力。 老人挂号只能上网“抢”？改进！ 2024年5月，广东深圳检察机关接到线索反映，当地大部分医疗机构未提供电话预约等多渠道挂号方式，挂号平台及自助挂号机也未实现无障碍功能，致使不会上网、不会使用智能手机及存在视力障碍的老年人与残疾人无法及时、独立、便捷就医，医疗机构未按有关要求为老年人、残疾人预留专门现场号源。 无障碍环境建设法明确规定，医疗卫生机构应当结合所提供的服务内容，为残疾人、老年人就医提供便利。 深圳市人民检察院立案调查后，通过召开听证会等方式了解这一情况对公共利益造成的损害，并于同年7月向当地卫生健康主管部门发出检察建议。 此举推动深圳有关医疗机构对预约渠道、服务终端等进行了改进。现在，当地老年人、残疾人等可以通过拨打电话等多种方式预约挂号，医疗机构还通过加号等方式为老年人、残疾人保障现场号源。 除了就医挂号，一些老年人、残疾人常用的社会服务也存在无法满足无障碍需求的情况。 2024年，有线索反映，陕西社会保险、陕西医保的APP不符合国家信息无障碍标准。陕西检察机关通过邀请第三方机构测评和残疾人体验等方式，确定了无障碍服务存在的问题。经过检察机关督促推 ||| [ 2015年7月至今年9月，全国检察机关共办理公益诉讼案件122.4万余件，其中行政公益诉讼110.2万件、民事公益诉讼12.2万余件。 ] 医疗机构不提供电话预约的挂号方式，挂号平台及自助挂号机也没有实现无障碍功能，那些不会上网、不会使用智能手机和存在视力障碍的老年人与残疾人该如何便捷就医呢？ 2024年5月，广东省深圳市人民检察院收到志愿者提供的上述线索，决定立案调查。同年7月2日，深圳市检察院向市卫生健康主管部门发出检察建议，建议其督促相关医疗机构完善就医挂号无障碍适老化改造。目前，已督促全市所有医疗机构开通预约挂号直拨电话，并在全市设立统一短号热线，实现预约挂号一键查询或转接服务。截至2025年6月，热线已提供查转服务5122次；还要求各医疗机构于2025年底前完成线上预约平台的无障碍改造，截至2025年6月，全市38家医疗机构已完成线上预约平台无障碍改造，累计布设无障碍自助终端机1039台。 这是今年9月，最高检发布的一批无障碍和适老化检察公益诉讼典型案例中的一个，也是近年来检察机关进行检察公益诉讼工作、守护公共利益的缩影。 检察公益诉讼，是指人民检察院根据民事诉讼法、行政诉讼法等法律规定，对在履行职责中发现的生态环境和资源保护、食品药品安全、国有财产保护等领域损害国家利益或者社会公共利益的案件，向有关主体发出检察建议或向人民法院提起诉讼的法律制度，是我国一项原创性司法,mainstream_news ||| public_web ||| mainstream_news ||| public_web ||| public_web ||| public_web ||| public_web ||| public_web ||| mainstream_news ||| mainstream_news ||| public_web,https://news.qq.com/rain/a/20251112A067EI00 ||| https://www.yicai.com/news/102909029.html ||| https://c.m.163.com/news/a/KE6NRBQE0519DDQ2.html ||| https://difang.gmw.cn/cq/2025-09/19/content_38296348.htm ||| https://elderly.qianlong.com/2025/0918/8555832.shtml ||| https://gongyi.gmw.cn/2025-09/18/content_38294614.htm ||| https://legal.gmw.cn/2025-09/18/content_38294585.htm ||| https://news.cpd.com.cn/n3569/925/t_1201731.html ||| http://www.hxnews.com/news/gn/gnxw/202509/18/2218432.shtml ||| https://www.news.cn/legal/20250918/58e252b4cf7f4c38a4ccd4eccf00a169/c.html ||| https://www.yicai.com/epaper/m/202511/13/content_47942.html,10,silver_candidate,standard_review,0.000,low,low_risk,accept,,,,,,证据充分支持卫健部门接收检察建议并督促全市医疗机构落实适老化改造的履职行为，语义与情感准确。,annotator_A,adjudicated_final,annotator_A
E030,LLM_CANON_E030_003,深圳市医疗机构,初期存在未提供电话预约、线上平台未达无障碍标准、自助终端缺乏无障碍功能及未预留现场号源等问题；经督促后开通直拨电话、完成38家机构线上平台改造并布设千余台无障碍自助终端。,mixed,证据反映医疗机构前期存在无障碍服务缺失问题，在检察建议与卫健部门督促下逐步完成电话预约开通、平台改造及终端布设等整改要求。,SC_E030_003,相关医疗机构;全市医疗机构;部分医院,True,,ev-00711;ev-00712;ev-00713;ev-00714;ev-00715;ev-00716;ev-00718;ev-01286;ev-01287;ev-01289;ev-01290;ev-01308;ev-01309;ev-01310;ev-01319,"第一财经 2025-11-12 21:24发布于上海第一财经官方账号 医疗机构不提供电话预约的挂号方式，挂号平台及自助挂号机也没有实现无障碍功能，那些不会上网、不会使用智能手机和存在视力障碍的老年人与残疾人该如何便捷就医呢？ 2024年5月，广东省深圳市人民检察院收到志愿者提供的上述线索，决定立案调查。同年7月2日，深圳市检察院向市卫生健康主管部门发出检察建议，建议其督促相关医疗机构完善就医挂号无障碍适老化改造。目前，已督促全市所有医疗机构开通预约挂号直拨电话，并在全市设立统一短号热线，实现预约挂号一键查询或转接服务。截至2025年6月，热线已提供查转服务5122次；还要求各医疗机构于2025年底前完成线上预约平台的无障碍改造，截至2025年6月，全市38家医疗机构已完成线上预约平台无障碍改造，累计布设无障碍自助终端机1039台。 这是今年9月，最高检发布的一批无障碍和适老化检察公益诉讼典型案例中的一个，也是近年来检察机关进行检察公益诉讼工作、守护公共利益的缩影。 检察公益诉讼，是指人民检察院根据民事诉讼法、行政诉讼法等法律规定，对在履行职责中发现的生态环境和资源保护、食品药品安全、国有财产保护等领域损害国家利益或者社会公共利益的案件，向有关主体发出检察建议或向人民法院提起诉讼的法律制度，是我国一项原创性司法制度。 自2014年党的十八届四中全会首次提出“探索建立检察机关提起公益诉 ||| 打开微信，点击底部的“发现”， 使用“扫一扫”即可将网页分享至朋友圈。 第一财经2025-11-12 21:17:34听新闻 作者：安然然 责编：任绍敏 {{aisd}} AI生成 免责声明 医疗机构不提供电话预约的挂号方式，挂号平台及自助挂号机也没有实现无障碍功能，那些不会上网、不会使用智能手机和存在视力障碍的老年人与残疾人该如何便捷就医呢？ 2024年5月，广东省深圳市人民检察院收到志愿者提供的上述线索，决定立案调查。同年7月2日，深圳市检察院向市卫生健康主管部门发出检察建议，建议其督促相关医疗机构完善就医挂号无障碍适老化改造。目前，已督促全市所有医疗机构开通预约挂号直拨电话，并在全市设立统一短号热线，实现预约挂号一键查询或转接服务。截至2025年6月，热线已提供查转服务5122次；还要求各医疗机构于2025年底前完成线上预约平台的无障碍改造，截至2025年6月，全市38家医疗机构已完成线上预约平台无障碍改造，累计布设无障碍自助终端机1039台。 这是今年9月，最高检发布的一批无障碍和适老化检察公益诉讼典型案例中的一个，也是近年来检察机关进行检察公益诉讼工作、守护公共利益的缩影。 检察公益诉讼，是指人民检察院根据民事诉讼法、行政诉讼法等法律规定，对在履行职责中发现的生态环境和资源保护、食品药品安全、国有财产保护等领域损害国家利益或者社会公共利益的案件，向有关主体发出检察建议或向 ||| 线上预约挂号就医，对于熟练使用电子设备的年轻人来说易如反掌，但对于残障人士、老年人等特殊群体而言，却不是一件容易的事。今年4月，深圳市检察院收到一条无障碍挂号就医的公益诉讼线索，反映我市部分医院线上及线下挂号就医未完善无障碍环境建设，影响特定群体的就医需求。 “创造无障碍就医环境，是保障残疾人、老年人等特定群体平等、充分、便捷参与、融入社会生活的重要条件，检察机关义不容辞。”为进一步了解公益受损事实，市检察院第六检察部通过抽样调查方式，先后对深圳8家市级医院就电话热线、线上预约平台等情况进行了调查，并与行政主管部门进行座谈，了解全市就医无障碍环境建设基本情况。 同时，市检察院与市盲协开展联合调查，对深圳4家市级医院、6家区级医院的线下自助业务办理终端设备以及现场号源预留等情况进行实地勘察。 经调查发现，确实存在部分线上预约挂号平台未达到无障碍设计标准、部分医疗机构未提供电话预约挂号方式、自助挂号终端设备未配备无障碍功能、医疗机构未按要求预留专门现场号源等问题。 6月25日，市检察院召开推动就医挂号无障碍环境建设行政公益诉讼案件听证会，针对案涉情形是否对残障人士、老年人等特殊群体便捷就医权益造成损害听取参会代表与听证员意见。 会议由市检察院第六检察部副主任梁媛主持，市人大代表陈家发、刘宝瑞、曾迈担任听证员，相关行政主管部门负责人出席听证，市残疾人联合会代表陈雷，市老年协会党支部书记、 ||| 2020年08月31日 星期- 线上预约挂号就医，对于熟练使用电子设备的年轻人来说易如反掌，但对于残障人士、老年人等特殊群体而言，却不是一件容易的事。今年4月，深圳市检察院收到一条无障碍挂号就医的公益诉讼线索，反映我市部分医院线上及线下挂号就医未完善无障碍环境建设，影响特定群体的就医需求。 “创造无障碍就医环境，是保障残疾人、老年人等特定群体平等、充分、便捷参与、融入社会生活的重要条件，检察机关义不容辞。”为进一步了解公益受损事实，市检察院第六检察部通过抽样调查方式，先后对深圳8家市级医院就电话热线、线上预约平台等情况进行了调查，并与行政主管部门进行座谈，了解全市就医无障碍环境建设基本情况。 同时，市检察院与市盲协开展联合调查，对深圳4家市级医院、6家区级医院的线下自助业务办理终端设备以及现场号源预留等情况进行实地勘察。 经调查发现，确实存在部分线上预约挂号平台未达到无障碍设计标准、部分医疗机构未提供电话预约挂号方式、自助挂号终端设备未配备无障碍功能、医疗机构未按要求预留专门现场号源等问题。 6月25日，市检察院召开推动就医挂号无障碍环境建设行政公益诉讼案件听证会，针对案涉情形是否对残障人士、老年人等特殊群体便捷就医权益造成损害听取参会代表与听证员意见。 会议由市检察院第六检察部副主任梁媛主持，市人大代表陈家发、刘宝瑞、曾迈担任听证员，相关行政主管部门负责人出席听证，市残疾人联合会 ||| 第一财经资讯 2025-11-12 21:18·上海·第一财经资讯官方网易号 医疗机构不提供电话预约的挂号方式，挂号平台及自助挂号机也没有实现无障碍功能，那些不会上网、不会使用智能手机和存在视力障碍的老年人与残疾人该如何便捷就医呢？ 2024年5月，广东省深圳市人民检察院收到志愿者提供的上述线索，决定立案调查。同年7月2日，深圳市检察院向市卫生健康主管部门发出检察建议，建议其督促相关医疗机构完善就医挂号无障碍适老化改造。目前，已督促全市所有医疗机构开通预约挂号直拨电话，并在全市设立统一短号热线，实现预约挂号一键查询或转接服务。截至2025年6月，热线已提供查转服务5122次；还要求各医疗机构于2025年底前完成线上预约平台的无障碍改造，截至2025年6月，全市38家医疗机构已完成线上预约平台无障碍改造，累计布设无障碍自助终端机1039台。 这是今年9月，最高检发布的一批无障碍和适老化检察公益诉讼典型案例中的一个，也是近年来检察机关进行检察公益诉讼工作、守护公共利益的缩影。 检察公益诉讼，是指人民检察院根据民事诉讼法、行政诉讼法等法律规定，对在履行职责中发现的生态环境和资源保护、食品药品安全、国有财产保护等领域损害国家利益或者社会公共利益的案件，向有关主体发出检察建议或向人民法院提起诉讼的法律制度，是我国一项原创性司法制度。 自2014年党的十八届四中全会首次提出“探索建立检察机关提 ||| 中国青年报客户端讯（中青报·中青网记者 韩飏）今天，最高人民检察院与民政部、中国残疾人联合会联合发布一批无障碍和适老化检察公益诉讼典型案例，""广东省深圳市人民检察院督促实施就医挂号无障碍、适老化改造行政公益诉讼""是其中一例。 据介绍，广东省深圳市大部分医疗机构未提供电话预约等多渠道挂号方式，挂号平台及自助挂号机亦未实现无障碍功能，致使不会上网、不会使用智能手机及存在视力障碍的老年人与残疾人无法及时、独立、便捷就医，影响其身体健康与生命安全，损害社会公共利益。 2024年5月，广东省深圳市人民检察院收到“益心为公”志愿者提供的上述线索后，决定立案调查。通过对辖区内医疗机构进行现场走访、挂号平台或电话试用、询问医疗机构工作人员等方式，查明该市大部分医疗机构存在未提供电话等多渠道预约挂号方式，线上预约挂号平台未达到无障碍设计标准，线下自助挂号取号终端设备未实现大字、语音等无障碍功能，亦未按要求为老年人、残疾人预留专门现场号源等问题，违反了《中华人民共和国无障碍环境建设法》《中华人民共和国老年人权益保障法》和《国家卫生健康委办公厅关于实施进一步便利老年人就医举措的通知》等有关规定。 2024年6月25日，深圳市人民检察院组织召开公开听证会，邀请市残联与市老协代表、市人大代表、人民监督员、“益心为公”志愿者进行听证。听证员一致认为，就医挂号难问题已影响老年人、残疾人等特定群体平等就医的合法权 ||| 中国青年报 2025-09-17 18:14发布于北京中国青年报官方账号 中国青年报客户端讯（中青报·中青网记者 韩飏）今天，最高人民检察院与民政部、中国残疾人联合会联合发布一批无障碍和适老化检察公益诉讼典型案例，""广东省深圳市人民检察院督促实施就医挂号无障碍、适老化改造行政公益诉讼""是其中一例。 据介绍，广东省深圳市大部分医疗机构未提供电话预约等多渠道挂号方式，挂号平台及自助挂号机亦未实现无障碍功能，致使不会上网、不会使用智能手机及存在视力障碍的老年人与残疾人无法及时、独立、便捷就医，影响其身体健康与生命安全，损害社会公共利益。 2024年5月，广东省深圳市人民检察院收到“益心为公”志愿者提供的上述线索后，决定立案调查。通过对辖区内医疗机构进行现场走访、挂号平台或电话试用、询问医疗机构工作人员等方式，查明该市大部分医疗机构存在未提供电话等多渠道预约挂号方式，线上预约挂号平台未达到无障碍设计标准，线下自助挂号取号终端设备未实现大字、语音等无障碍功能，亦未按要求为老年人、残疾人预留专门现场号源等问题，违反了《中华人民共和国无障碍环境建设法》《中华人民共和国老年人权益保障法》和《国家卫生健康委办公厅关于实施进一步便利老年人就医举措的通知》等有关规定。 2024年6月25日，深圳市人民检察院组织召开公开听证会，邀请市残联与市老协代表、市人大代表、人民监督员、“益心为公”志愿者进行听证。听 ||| 点击右上角微信好友 朋友圈 点击浏览器下方“”分享微信好友Safari浏览器请点击“”按钮 请使用浏览器分享功能进行分享 出行、就医挂号……残疾人、老年人等特定群体在日常生活中遇到“障碍”怎么办？9月17日，最高人民检察院与民政部、中国残疾人联合会共同发布一批无障碍和适老化检察公益诉讼典型案例，从中可见多地检察机关助力“无障碍”建设的不懈努力。 老人挂号只能上网“抢”？改进！ 2024年5月，广东深圳检察机关接到线索反映，当地大部分医疗机构未提供电话预约等多渠道挂号方式，挂号平台及自助挂号机也未实现无障碍功能，致使不会上网、不会使用智能手机及存在视力障碍的老年人与残疾人无法及时、独立、便捷就医，医疗机构未按有关要求为老年人、残疾人预留专门现场号源。 无障碍环境建设法明确规定，医疗卫生机构应当结合所提供的服务内容，为残疾人、老年人就医提供便利。 深圳市人民检察院立案调查后，通过召开听证会等方式了解这一情况对公共利益造成的损害，并于同年7月向当地卫生健康主管部门发出检察建议。 此举推动深圳有关医疗机构对预约渠道、服务终端等进行了改进。现在，当地老年人、残疾人等可以通过拨打电话等多种方式预约挂号，医疗机构还通过加号等方式为老年人、残疾人保障现场号源。 除了就医挂号，一些老年人、残疾人常用的社会服务也存在无法满足无障碍需求的情况。 2024年，有线索反映，陕西社会保险、陕西医保的APP不符 ||| 首页 > 正文 出行、就医挂号……残疾人、老年人等特定群体在日常生活中遇到“障碍”怎么办？9月17日，最高人民检察院与民政部、中国残疾人联合会共同发布一批无障碍和适老化检察公益诉讼典型案例，从中可见多地检察机关助力“无障碍”建设的不懈努力。 老人挂号只能上网“抢”？改进！ 2024年5月，广东深圳检察机关接到线索反映，当地大部分医疗机构未提供电话预约等多渠道挂号方式，挂号平台及自助挂号机也未实现无障碍功能，致使不会上网、不会使用智能手机及存在视力障碍的老年人与残疾人无法及时、独立、便捷就医，医疗机构未按有关要求为老年人、残疾人预留专门现场号源。 无障碍环境建设法明确规定，医疗卫生机构应当结合所提供的服务内容，为残疾人、老年人就医提供便利。 深圳市人民检察院立案调查后，通过召开听证会等方式了解这一情况对公共利益造成的损害，并于同年7月向当地卫生健康主管部门发出检察建议。 此举推动深圳有关医疗机构对预约渠道、服务终端等进行了改进。现在，当地老年人、残疾人等可以通过拨打电话等多种方式预约挂号，医疗机构还通过加号等方式为老年人、残疾人保障现场号源。 除了就医挂号，一些老年人、残疾人常用的社会服务也存在无法满足无障碍需求的情况。 2024年，有线索反映，陕西社会保险、陕西医保的APP不符合国家信息无障碍标准。陕西检察机关通过邀请第三方机构测评和残疾人体验等方式，确定了无障碍服务存在的问题。经 ||| 点击右上角微信好友 朋友圈 点击浏览器下方“”分享微信好友Safari浏览器请点击“”按钮 请使用浏览器分享功能进行分享 出行、就医挂号……残疾人、老年人等特定群体在日常生活中遇到“障碍”怎么办？9月17日，最高人民检察院与民政部、中国残疾人联合会共同发布一批无障碍和适老化检察公益诉讼典型案例，从中可见多地检察机关助力“无障碍”建设的不懈努力。 老人挂号只能上网“抢”？改进！ 2024年5月，广东深圳检察机关接到线索反映，当地大部分医疗机构未提供电话预约等多渠道挂号方式，挂号平台及自助挂号机也未实现无障碍功能，致使不会上网、不会使用智能手机及存在视力障碍的老年人与残疾人无法及时、独立、便捷就医，医疗机构未按有关要求为老年人、残疾人预留专门现场号源。 无障碍环境建设法明确规定，医疗卫生机构应当结合所提供的服务内容，为残疾人、老年人就医提供便利。 深圳市人民检察院立案调查后，通过召开听证会等方式了解这一情况对公共利益造成的损害，并于同年7月向当地卫生健康主管部门发出检察建议。 此举推动深圳有关医疗机构对预约渠道、服务终端等进行了改进。现在，当地老年人、残疾人等可以通过拨打电话等多种方式预约挂号，医疗机构还通过加号等方式为老年人、残疾人保障现场号源。 除了就医挂号，一些老年人、残疾人常用的社会服务也存在无法满足无障碍需求的情况。 2024年，有线索反映，陕西社会保险、陕西医保的APP不符 ||| 点击右上角微信好友 朋友圈 点击浏览器下方“”分享微信好友Safari浏览器请点击“”按钮 请使用浏览器分享功能进行分享 出行、就医挂号……残疾人、老年人等特定群体在日常生活中遇到“障碍”怎么办？9月17日，最高人民检察院与民政部、中国残疾人联合会共同发布一批无障碍和适老化检察公益诉讼典型案例，从中可见多地检察机关助力“无障碍”建设的不懈努力。 老人挂号只能上网“抢”？改进！ 2024年5月，广东深圳检察机关接到线索反映，当地大部分医疗机构未提供电话预约等多渠道挂号方式，挂号平台及自助挂号机也未实现无障碍功能，致使不会上网、不会使用智能手机及存在视力障碍的老年人与残疾人无法及时、独立、便捷就医，医疗机构未按有关要求为老年人、残疾人预留专门现场号源。 无障碍环境建设法明确规定，医疗卫生机构应当结合所提供的服务内容，为残疾人、老年人就医提供便利。 深圳市人民检察院立案调查后，通过召开听证会等方式了解这一情况对公共利益造成的损害，并于同年7月向当地卫生健康主管部门发出检察建议。 此举推动深圳有关医疗机构对预约渠道、服务终端等进行了改进。现在，当地老年人、残疾人等可以通过拨打电话等多种方式预约挂号，医疗机构还通过加号等方式为老年人、残疾人保障现场号源。 除了就医挂号，一些老年人、残疾人常用的社会服务也存在无法满足无障碍需求的情况。 2024年，有线索反映，陕西社会保险、陕西医保的APP不符 ||| 老年人、残疾人等遇到“障碍”怎么办？检察机关助力“有爱无碍” 出行、就医挂号……残疾人、老年人等特定群体在日常生活中遇到“障碍”怎么办？9月17日，最高人民检察院与民政部、中国残疾人联合会共同发布一批无障碍和适老化检察公益诉讼典型案例，从中可见多地检察机关助力“无障碍”建设的不懈努力。 老人挂号只能上网“抢”？改进！ 2024年5月，广东深圳检察机关接到线索反映，当地大部分医疗机构未提供电话预约等多渠道挂号方式，挂号平台及自助挂号机也未实现无障碍功能，致使不会上网、不会使用智能手机及存在视力障碍的老年人与残疾人无法及时、独立、便捷就医，医疗机构未按有关要求为老年人、残疾人预留专门现场号源。 无障碍环境建设法明确规定，医疗卫生机构应当结合所提供的服务内容，为残疾人、老年人就医提供便利。 深圳市人民检察院立案调查后，通过召开听证会等方式了解这一情况对公共利益造成的损害，并于同年7月向当地卫生健康主管部门发出检察建议。 此举推动深圳有关医疗机构对预约渠道、服务终端等进行了改进。现在，当地老年人、残疾人等可以通过拨打电话等多种方式预约挂号，医疗机构还通过加号等方式为老年人、残疾人保障现场号源。 除了就医挂号，一些老年人、残疾人常用的社会服务也存在无法满足无障碍需求的情况。 2024年，有线索反映，陕西社会保险、陕西医保的APP不符合国家信息无障碍标准。陕西检察机关通过邀请第三方机构测评和残 ||| 出行、就医挂号……残疾人、老年人等特定群体在日常生活中遇到“障碍”怎么办？9月17日，最高人民检察院与民政部、中国残疾人联合会共同发布一批无障碍和适老化检察公益诉讼典型案例，从中可见多地检察机关助力“无障碍”建设的不懈努力。 老人挂号只能上网“抢”？改进！ 2024年5月，广东深圳检察机关接到线索反映，当地大部分医疗机构未提供电话预约等多渠道挂号方式，挂号平台及自助挂号机也未实现无障碍功能，致使不会上网、不会使用智能手机及存在视力障碍的老年人与残疾人无法及时、独立、便捷就医，医疗机构未按有关要求为老年人、残疾人预留专门现场号源。 无障碍环境建设法明确规定，医疗卫生机构应当结合所提供的服务内容，为残疾人、老年人就医提供便利。 深圳市人民检察院立案调查后，通过召开听证会等方式了解这一情况对公共利益造成的损害，并于同年7月向当地卫生健康主管部门发出检察建议。 此举推动深圳有关医疗机构对预约渠道、服务终端等进行了改进。现在，当地老年人、残疾人等可以通过拨打电话等多种方式预约挂号，医疗机构还通过加号等方式为老年人、残疾人保障现场号源。 除了就医挂号，一些老年人、残疾人常用的社会服务也存在无法满足无障碍需求的情况。 2024年，有线索反映，陕西社会保险、陕西医保的APP不符合国家信息无障碍标准。陕西检察机关通过邀请第三方机构测评和残疾人体验等方式，确定了无障碍服务存在的问题。经过检察机关督促推 ||| 出行、就医挂号……残疾人、老年人等特定群体在日常生活中遇到“障碍”怎么办？9月17日，最高人民检察院与民政部、中国残疾人联合会共同发布一批无障碍和适老化检察公益诉讼典型案例，从中可见多地检察机关助力“无障碍”建设的不懈努力。 老人挂号只能上网“抢”？改进！ 2024年5月，广东深圳检察机关接到线索反映，当地大部分医疗机构未提供电话预约等多渠道挂号方式，挂号平台及自助挂号机也未实现无障碍功能，致使不会上网、不会使用智能手机及存在视力障碍的老年人与残疾人无法及时、独立、便捷就医，医疗机构未按有关要求为老年人、残疾人预留专门现场号源。 无障碍环境建设法明确规定，医疗卫生机构应当结合所提供的服务内容，为残疾人、老年人就医提供便利。 深圳市人民检察院立案调查后，通过召开听证会等方式了解这一情况对公共利益造成的损害，并于同年7月向当地卫生健康主管部门发出检察建议。 此举推动深圳有关医疗机构对预约渠道、服务终端等进行了改进。现在，当地老年人、残疾人等可以通过拨打电话等多种方式预约挂号，医疗机构还通过加号等方式为老年人、残疾人保障现场号源。 除了就医挂号，一些老年人、残疾人常用的社会服务也存在无法满足无障碍需求的情况。 2024年，有线索反映，陕西社会保险、陕西医保的APP不符合国家信息无障碍标准。陕西检察机关通过邀请第三方机构测评和残疾人体验等方式，确定了无障碍服务存在的问题。经过检察机关督促推 ||| [ 2015年7月至今年9月，全国检察机关共办理公益诉讼案件122.4万余件，其中行政公益诉讼110.2万件、民事公益诉讼12.2万余件。 ] 医疗机构不提供电话预约的挂号方式，挂号平台及自助挂号机也没有实现无障碍功能，那些不会上网、不会使用智能手机和存在视力障碍的老年人与残疾人该如何便捷就医呢？ 2024年5月，广东省深圳市人民检察院收到志愿者提供的上述线索，决定立案调查。同年7月2日，深圳市检察院向市卫生健康主管部门发出检察建议，建议其督促相关医疗机构完善就医挂号无障碍适老化改造。目前，已督促全市所有医疗机构开通预约挂号直拨电话，并在全市设立统一短号热线，实现预约挂号一键查询或转接服务。截至2025年6月，热线已提供查转服务5122次；还要求各医疗机构于2025年底前完成线上预约平台的无障碍改造，截至2025年6月，全市38家医疗机构已完成线上预约平台无障碍改造，累计布设无障碍自助终端机1039台。 这是今年9月，最高检发布的一批无障碍和适老化检察公益诉讼典型案例中的一个，也是近年来检察机关进行检察公益诉讼工作、守护公共利益的缩影。 检察公益诉讼，是指人民检察院根据民事诉讼法、行政诉讼法等法律规定，对在履行职责中发现的生态环境和资源保护、食品药品安全、国有财产保护等领域损害国家利益或者社会公共利益的案件，向有关主体发出检察建议或向人民法院提起诉讼的法律制度，是我国一项原创性司法",mainstream_news ||| public_web ||| mainstream_news ||| official ||| mainstream_news ||| mainstream_news ||| mainstream_news ||| public_web ||| public_web ||| public_web ||| public_web ||| public_web ||| mainstream_news ||| mainstream_news ||| public_web,https://news.qq.com/rain/a/20251112A067EI00 ||| https://www.yicai.com/news/102909029.html ||| https://m.sohu.com/a/789009588_161795/?pvid=000115_3w_a ||| https://www.shenzhen.jcy.gov.cn/Dynamic/Media/8465.html ||| https://c.m.163.com/news/a/KE6NRBQE0519DDQ2.html ||| https://www.sohu.com/a/935904190_119038?scm=10001.8085_13-8085_13.0.0.0 ||| https://news.qq.com/rain/a/20250917A07C8Q00 ||| https://difang.gmw.cn/cq/2025-09/19/content_38296348.htm ||| https://elderly.qianlong.com/2025/0918/8555832.shtml ||| https://gongyi.gmw.cn/2025-09/18/content_38294614.htm ||| https://legal.gmw.cn/2025-09/18/content_38294585.htm ||| https://news.cpd.com.cn/n3569/925/t_1201731.html ||| http://www.hxnews.com/news/gn/gnxw/202509/18/2218432.shtml ||| https://www.news.cn/legal/20250918/58e252b4cf7f4c38a4ccd4eccf00a169/c.html ||| https://www.yicai.com/epaper/m/202511/13/content_47942.html,13,silver_candidate,standard_review,0.000,low,low_risk,accept,,,,,,证据明确记载医疗机构前期无障碍服务缺失问题及整改后的具体数据，混合情感与事实描述准确。,annotator_A,adjudicated_final,annotator_A
E030,LLM_CANON_E030_004,志愿者与深圳市盲人协会,提供医疗机构挂号无障碍服务不到位线索，配合检察机关开展联合实地调查，推动无障碍就医环境建设。,positive,证据显示志愿者提供线索促使检察院立案，市盲协与检察院联合对多家医院自助终端及号源预留情况进行实地勘察。,SC_E030_004,“益心为公”志愿者;市盲协;志愿者,True,,ev-00713;ev-00714;ev-00716;ev-00718;ev-01314,"线上预约挂号就医，对于熟练使用电子设备的年轻人来说易如反掌，但对于残障人士、老年人等特殊群体而言，却不是一件容易的事。今年4月，深圳市检察院收到一条无障碍挂号就医的公益诉讼线索，反映我市部分医院线上及线下挂号就医未完善无障碍环境建设，影响特定群体的就医需求。 “创造无障碍就医环境，是保障残疾人、老年人等特定群体平等、充分、便捷参与、融入社会生活的重要条件，检察机关义不容辞。”为进一步了解公益受损事实，市检察院第六检察部通过抽样调查方式，先后对深圳8家市级医院就电话热线、线上预约平台等情况进行了调查，并与行政主管部门进行座谈，了解全市就医无障碍环境建设基本情况。 同时，市检察院与市盲协开展联合调查，对深圳4家市级医院、6家区级医院的线下自助业务办理终端设备以及现场号源预留等情况进行实地勘察。 经调查发现，确实存在部分线上预约挂号平台未达到无障碍设计标准、部分医疗机构未提供电话预约挂号方式、自助挂号终端设备未配备无障碍功能、医疗机构未按要求预留专门现场号源等问题。 6月25日，市检察院召开推动就医挂号无障碍环境建设行政公益诉讼案件听证会，针对案涉情形是否对残障人士、老年人等特殊群体便捷就医权益造成损害听取参会代表与听证员意见。 会议由市检察院第六检察部副主任梁媛主持，市人大代表陈家发、刘宝瑞、曾迈担任听证员，相关行政主管部门负责人出席听证，市残疾人联合会代表陈雷，市老年协会党支部书记、 ||| 2020年08月31日 星期- 线上预约挂号就医，对于熟练使用电子设备的年轻人来说易如反掌，但对于残障人士、老年人等特殊群体而言，却不是一件容易的事。今年4月，深圳市检察院收到一条无障碍挂号就医的公益诉讼线索，反映我市部分医院线上及线下挂号就医未完善无障碍环境建设，影响特定群体的就医需求。 “创造无障碍就医环境，是保障残疾人、老年人等特定群体平等、充分、便捷参与、融入社会生活的重要条件，检察机关义不容辞。”为进一步了解公益受损事实，市检察院第六检察部通过抽样调查方式，先后对深圳8家市级医院就电话热线、线上预约平台等情况进行了调查，并与行政主管部门进行座谈，了解全市就医无障碍环境建设基本情况。 同时，市检察院与市盲协开展联合调查，对深圳4家市级医院、6家区级医院的线下自助业务办理终端设备以及现场号源预留等情况进行实地勘察。 经调查发现，确实存在部分线上预约挂号平台未达到无障碍设计标准、部分医疗机构未提供电话预约挂号方式、自助挂号终端设备未配备无障碍功能、医疗机构未按要求预留专门现场号源等问题。 6月25日，市检察院召开推动就医挂号无障碍环境建设行政公益诉讼案件听证会，针对案涉情形是否对残障人士、老年人等特殊群体便捷就医权益造成损害听取参会代表与听证员意见。 会议由市检察院第六检察部副主任梁媛主持，市人大代表陈家发、刘宝瑞、曾迈担任听证员，相关行政主管部门负责人出席听证，市残疾人联合会 ||| 中国青年报客户端讯（中青报·中青网记者 韩飏）今天，最高人民检察院与民政部、中国残疾人联合会联合发布一批无障碍和适老化检察公益诉讼典型案例，""广东省深圳市人民检察院督促实施就医挂号无障碍、适老化改造行政公益诉讼""是其中一例。 据介绍，广东省深圳市大部分医疗机构未提供电话预约等多渠道挂号方式，挂号平台及自助挂号机亦未实现无障碍功能，致使不会上网、不会使用智能手机及存在视力障碍的老年人与残疾人无法及时、独立、便捷就医，影响其身体健康与生命安全，损害社会公共利益。 2024年5月，广东省深圳市人民检察院收到“益心为公”志愿者提供的上述线索后，决定立案调查。通过对辖区内医疗机构进行现场走访、挂号平台或电话试用、询问医疗机构工作人员等方式，查明该市大部分医疗机构存在未提供电话等多渠道预约挂号方式，线上预约挂号平台未达到无障碍设计标准，线下自助挂号取号终端设备未实现大字、语音等无障碍功能，亦未按要求为老年人、残疾人预留专门现场号源等问题，违反了《中华人民共和国无障碍环境建设法》《中华人民共和国老年人权益保障法》和《国家卫生健康委办公厅关于实施进一步便利老年人就医举措的通知》等有关规定。 2024年6月25日，深圳市人民检察院组织召开公开听证会，邀请市残联与市老协代表、市人大代表、人民监督员、“益心为公”志愿者进行听证。听证员一致认为，就医挂号难问题已影响老年人、残疾人等特定群体平等就医的合法权 ||| 中国青年报 2025-09-17 18:14发布于北京中国青年报官方账号 中国青年报客户端讯（中青报·中青网记者 韩飏）今天，最高人民检察院与民政部、中国残疾人联合会联合发布一批无障碍和适老化检察公益诉讼典型案例，""广东省深圳市人民检察院督促实施就医挂号无障碍、适老化改造行政公益诉讼""是其中一例。 据介绍，广东省深圳市大部分医疗机构未提供电话预约等多渠道挂号方式，挂号平台及自助挂号机亦未实现无障碍功能，致使不会上网、不会使用智能手机及存在视力障碍的老年人与残疾人无法及时、独立、便捷就医，影响其身体健康与生命安全，损害社会公共利益。 2024年5月，广东省深圳市人民检察院收到“益心为公”志愿者提供的上述线索后，决定立案调查。通过对辖区内医疗机构进行现场走访、挂号平台或电话试用、询问医疗机构工作人员等方式，查明该市大部分医疗机构存在未提供电话等多渠道预约挂号方式，线上预约挂号平台未达到无障碍设计标准，线下自助挂号取号终端设备未实现大字、语音等无障碍功能，亦未按要求为老年人、残疾人预留专门现场号源等问题，违反了《中华人民共和国无障碍环境建设法》《中华人民共和国老年人权益保障法》和《国家卫生健康委办公厅关于实施进一步便利老年人就医举措的通知》等有关规定。 2024年6月25日，深圳市人民检察院组织召开公开听证会，邀请市残联与市老协代表、市人大代表、人民监督员、“益心为公”志愿者进行听证。听 ||| 深圳新闻网2024年11月20日讯（深圳特区报记者 戚金城）“您好，我是宝安中医院志愿者，今天我来陪诊。”在深圳市宝安中医院门口，一位志愿者引导马景阳朝门诊大楼走去。“这里要过安检”“等一下电梯”“麻烦拿下您证件来取号”……在志愿者带引下，马景阳顺利来到诊室外。这是日前发生在宝安中医院，志愿者为视障人士提供全程陪诊服务的一幕。 马景阳是深圳市盲人协会主席，也是一名视障人士。“我们独自到医院看病是件特别不方便的事。志愿者会陪一下或指个路，但不能全程陪同。”马景阳说，今年3月，他到宝安区检察院进行公益诉讼交流时，提供了无障碍就医亟待完善的线索。 宝安区检察院检察官王梅获知后马上到医院调研，并找到志愿者交流：“如果医院来了盲人看病，你们可不可以陪诊？”志愿者们表示很乐意提供这项服务，但还没有专门为视障者提供全程陪诊的岗位。此外，现有陪诊服务也不够专业、成熟。 “听完志愿者们的话后，我很感动。”王梅说，她觉得发动志愿者提供全程陪诊服务的方案可行。于是，她又和宝安卫健部门联络：“志愿者们愿意提供服务，那我们是不是可以做些相应培训？”在王梅建议下，卫健部门建立管理制度，并协同市盲人协会为志愿者开展视障人士门诊陪诊服务的模拟演练和“导盲随行”专业培训。 今年9月起，宝安中医院、宝安区妇幼保健院作为试点医院，提供志愿者院外指定地点迎接、陪同挂号检查、送离医院的全程陪诊服务。视障人士电话预约即可。在",mainstream_news ||| official ||| mainstream_news ||| mainstream_news ||| mainstream_news,https://m.sohu.com/a/789009588_161795/?pvid=000115_3w_a ||| https://www.shenzhen.jcy.gov.cn/Dynamic/Media/8465.html ||| https://www.sohu.com/a/935904190_119038?scm=10001.8085_13-8085_13.0.0.0 ||| https://news.qq.com/rain/a/20250917A07C8Q00 ||| https://www.sznews.com/news/content/2024-11/20/content_31349517.htm,5,silver_candidate,standard_review,0.000,low,low_risk,accept,,,,,,证据清晰反映志愿者提供线索促使立案，以及市盲协配合检察机关开展联合实地调查的过程，支持充分。,annotator_A,adjudicated_final,annotator_A
E030,LLM_CANON_E030_005,老年人与残疾人等特殊群体,因不会使用智能手机或存在视力障碍，面临线上挂号难、就医不便问题；整改后受益于电话预约、无障碍终端及现场号源预留等适老化服务。,mixed,证据指出该群体因数字鸿沟无法便捷就医，损害公共利益；改造后通过多渠道预约及无障碍设施获得平等就医便利。,SC_E030_005,老年人;残疾人;视障人士;特殊群体,True,,ev-00711;ev-00712;ev-00713;ev-00714;ev-00715;ev-00716;ev-00718;ev-01286;ev-01287;ev-01289;ev-01290;ev-01308;ev-01309;ev-01310;ev-01319,"第一财经 2025-11-12 21:24发布于上海第一财经官方账号 医疗机构不提供电话预约的挂号方式，挂号平台及自助挂号机也没有实现无障碍功能，那些不会上网、不会使用智能手机和存在视力障碍的老年人与残疾人该如何便捷就医呢？ 2024年5月，广东省深圳市人民检察院收到志愿者提供的上述线索，决定立案调查。同年7月2日，深圳市检察院向市卫生健康主管部门发出检察建议，建议其督促相关医疗机构完善就医挂号无障碍适老化改造。目前，已督促全市所有医疗机构开通预约挂号直拨电话，并在全市设立统一短号热线，实现预约挂号一键查询或转接服务。截至2025年6月，热线已提供查转服务5122次；还要求各医疗机构于2025年底前完成线上预约平台的无障碍改造，截至2025年6月，全市38家医疗机构已完成线上预约平台无障碍改造，累计布设无障碍自助终端机1039台。 这是今年9月，最高检发布的一批无障碍和适老化检察公益诉讼典型案例中的一个，也是近年来检察机关进行检察公益诉讼工作、守护公共利益的缩影。 检察公益诉讼，是指人民检察院根据民事诉讼法、行政诉讼法等法律规定，对在履行职责中发现的生态环境和资源保护、食品药品安全、国有财产保护等领域损害国家利益或者社会公共利益的案件，向有关主体发出检察建议或向人民法院提起诉讼的法律制度，是我国一项原创性司法制度。 自2014年党的十八届四中全会首次提出“探索建立检察机关提起公益诉 ||| 打开微信，点击底部的“发现”， 使用“扫一扫”即可将网页分享至朋友圈。 第一财经2025-11-12 21:17:34听新闻 作者：安然然 责编：任绍敏 {{aisd}} AI生成 免责声明 医疗机构不提供电话预约的挂号方式，挂号平台及自助挂号机也没有实现无障碍功能，那些不会上网、不会使用智能手机和存在视力障碍的老年人与残疾人该如何便捷就医呢？ 2024年5月，广东省深圳市人民检察院收到志愿者提供的上述线索，决定立案调查。同年7月2日，深圳市检察院向市卫生健康主管部门发出检察建议，建议其督促相关医疗机构完善就医挂号无障碍适老化改造。目前，已督促全市所有医疗机构开通预约挂号直拨电话，并在全市设立统一短号热线，实现预约挂号一键查询或转接服务。截至2025年6月，热线已提供查转服务5122次；还要求各医疗机构于2025年底前完成线上预约平台的无障碍改造，截至2025年6月，全市38家医疗机构已完成线上预约平台无障碍改造，累计布设无障碍自助终端机1039台。 这是今年9月，最高检发布的一批无障碍和适老化检察公益诉讼典型案例中的一个，也是近年来检察机关进行检察公益诉讼工作、守护公共利益的缩影。 检察公益诉讼，是指人民检察院根据民事诉讼法、行政诉讼法等法律规定，对在履行职责中发现的生态环境和资源保护、食品药品安全、国有财产保护等领域损害国家利益或者社会公共利益的案件，向有关主体发出检察建议或向 ||| 线上预约挂号就医，对于熟练使用电子设备的年轻人来说易如反掌，但对于残障人士、老年人等特殊群体而言，却不是一件容易的事。今年4月，深圳市检察院收到一条无障碍挂号就医的公益诉讼线索，反映我市部分医院线上及线下挂号就医未完善无障碍环境建设，影响特定群体的就医需求。 “创造无障碍就医环境，是保障残疾人、老年人等特定群体平等、充分、便捷参与、融入社会生活的重要条件，检察机关义不容辞。”为进一步了解公益受损事实，市检察院第六检察部通过抽样调查方式，先后对深圳8家市级医院就电话热线、线上预约平台等情况进行了调查，并与行政主管部门进行座谈，了解全市就医无障碍环境建设基本情况。 同时，市检察院与市盲协开展联合调查，对深圳4家市级医院、6家区级医院的线下自助业务办理终端设备以及现场号源预留等情况进行实地勘察。 经调查发现，确实存在部分线上预约挂号平台未达到无障碍设计标准、部分医疗机构未提供电话预约挂号方式、自助挂号终端设备未配备无障碍功能、医疗机构未按要求预留专门现场号源等问题。 6月25日，市检察院召开推动就医挂号无障碍环境建设行政公益诉讼案件听证会，针对案涉情形是否对残障人士、老年人等特殊群体便捷就医权益造成损害听取参会代表与听证员意见。 会议由市检察院第六检察部副主任梁媛主持，市人大代表陈家发、刘宝瑞、曾迈担任听证员，相关行政主管部门负责人出席听证，市残疾人联合会代表陈雷，市老年协会党支部书记、 ||| 2020年08月31日 星期- 线上预约挂号就医，对于熟练使用电子设备的年轻人来说易如反掌，但对于残障人士、老年人等特殊群体而言，却不是一件容易的事。今年4月，深圳市检察院收到一条无障碍挂号就医的公益诉讼线索，反映我市部分医院线上及线下挂号就医未完善无障碍环境建设，影响特定群体的就医需求。 “创造无障碍就医环境，是保障残疾人、老年人等特定群体平等、充分、便捷参与、融入社会生活的重要条件，检察机关义不容辞。”为进一步了解公益受损事实，市检察院第六检察部通过抽样调查方式，先后对深圳8家市级医院就电话热线、线上预约平台等情况进行了调查，并与行政主管部门进行座谈，了解全市就医无障碍环境建设基本情况。 同时，市检察院与市盲协开展联合调查，对深圳4家市级医院、6家区级医院的线下自助业务办理终端设备以及现场号源预留等情况进行实地勘察。 经调查发现，确实存在部分线上预约挂号平台未达到无障碍设计标准、部分医疗机构未提供电话预约挂号方式、自助挂号终端设备未配备无障碍功能、医疗机构未按要求预留专门现场号源等问题。 6月25日，市检察院召开推动就医挂号无障碍环境建设行政公益诉讼案件听证会，针对案涉情形是否对残障人士、老年人等特殊群体便捷就医权益造成损害听取参会代表与听证员意见。 会议由市检察院第六检察部副主任梁媛主持，市人大代表陈家发、刘宝瑞、曾迈担任听证员，相关行政主管部门负责人出席听证，市残疾人联合会 ||| 第一财经资讯 2025-11-12 21:18·上海·第一财经资讯官方网易号 医疗机构不提供电话预约的挂号方式，挂号平台及自助挂号机也没有实现无障碍功能，那些不会上网、不会使用智能手机和存在视力障碍的老年人与残疾人该如何便捷就医呢？ 2024年5月，广东省深圳市人民检察院收到志愿者提供的上述线索，决定立案调查。同年7月2日，深圳市检察院向市卫生健康主管部门发出检察建议，建议其督促相关医疗机构完善就医挂号无障碍适老化改造。目前，已督促全市所有医疗机构开通预约挂号直拨电话，并在全市设立统一短号热线，实现预约挂号一键查询或转接服务。截至2025年6月，热线已提供查转服务5122次；还要求各医疗机构于2025年底前完成线上预约平台的无障碍改造，截至2025年6月，全市38家医疗机构已完成线上预约平台无障碍改造，累计布设无障碍自助终端机1039台。 这是今年9月，最高检发布的一批无障碍和适老化检察公益诉讼典型案例中的一个，也是近年来检察机关进行检察公益诉讼工作、守护公共利益的缩影。 检察公益诉讼，是指人民检察院根据民事诉讼法、行政诉讼法等法律规定，对在履行职责中发现的生态环境和资源保护、食品药品安全、国有财产保护等领域损害国家利益或者社会公共利益的案件，向有关主体发出检察建议或向人民法院提起诉讼的法律制度，是我国一项原创性司法制度。 自2014年党的十八届四中全会首次提出“探索建立检察机关提 ||| 中国青年报客户端讯（中青报·中青网记者 韩飏）今天，最高人民检察院与民政部、中国残疾人联合会联合发布一批无障碍和适老化检察公益诉讼典型案例，""广东省深圳市人民检察院督促实施就医挂号无障碍、适老化改造行政公益诉讼""是其中一例。 据介绍，广东省深圳市大部分医疗机构未提供电话预约等多渠道挂号方式，挂号平台及自助挂号机亦未实现无障碍功能，致使不会上网、不会使用智能手机及存在视力障碍的老年人与残疾人无法及时、独立、便捷就医，影响其身体健康与生命安全，损害社会公共利益。 2024年5月，广东省深圳市人民检察院收到“益心为公”志愿者提供的上述线索后，决定立案调查。通过对辖区内医疗机构进行现场走访、挂号平台或电话试用、询问医疗机构工作人员等方式，查明该市大部分医疗机构存在未提供电话等多渠道预约挂号方式，线上预约挂号平台未达到无障碍设计标准，线下自助挂号取号终端设备未实现大字、语音等无障碍功能，亦未按要求为老年人、残疾人预留专门现场号源等问题，违反了《中华人民共和国无障碍环境建设法》《中华人民共和国老年人权益保障法》和《国家卫生健康委办公厅关于实施进一步便利老年人就医举措的通知》等有关规定。 2024年6月25日，深圳市人民检察院组织召开公开听证会，邀请市残联与市老协代表、市人大代表、人民监督员、“益心为公”志愿者进行听证。听证员一致认为，就医挂号难问题已影响老年人、残疾人等特定群体平等就医的合法权 ||| 中国青年报 2025-09-17 18:14发布于北京中国青年报官方账号 中国青年报客户端讯（中青报·中青网记者 韩飏）今天，最高人民检察院与民政部、中国残疾人联合会联合发布一批无障碍和适老化检察公益诉讼典型案例，""广东省深圳市人民检察院督促实施就医挂号无障碍、适老化改造行政公益诉讼""是其中一例。 据介绍，广东省深圳市大部分医疗机构未提供电话预约等多渠道挂号方式，挂号平台及自助挂号机亦未实现无障碍功能，致使不会上网、不会使用智能手机及存在视力障碍的老年人与残疾人无法及时、独立、便捷就医，影响其身体健康与生命安全，损害社会公共利益。 2024年5月，广东省深圳市人民检察院收到“益心为公”志愿者提供的上述线索后，决定立案调查。通过对辖区内医疗机构进行现场走访、挂号平台或电话试用、询问医疗机构工作人员等方式，查明该市大部分医疗机构存在未提供电话等多渠道预约挂号方式，线上预约挂号平台未达到无障碍设计标准，线下自助挂号取号终端设备未实现大字、语音等无障碍功能，亦未按要求为老年人、残疾人预留专门现场号源等问题，违反了《中华人民共和国无障碍环境建设法》《中华人民共和国老年人权益保障法》和《国家卫生健康委办公厅关于实施进一步便利老年人就医举措的通知》等有关规定。 2024年6月25日，深圳市人民检察院组织召开公开听证会，邀请市残联与市老协代表、市人大代表、人民监督员、“益心为公”志愿者进行听证。听 ||| 点击右上角微信好友 朋友圈 点击浏览器下方“”分享微信好友Safari浏览器请点击“”按钮 请使用浏览器分享功能进行分享 出行、就医挂号……残疾人、老年人等特定群体在日常生活中遇到“障碍”怎么办？9月17日，最高人民检察院与民政部、中国残疾人联合会共同发布一批无障碍和适老化检察公益诉讼典型案例，从中可见多地检察机关助力“无障碍”建设的不懈努力。 老人挂号只能上网“抢”？改进！ 2024年5月，广东深圳检察机关接到线索反映，当地大部分医疗机构未提供电话预约等多渠道挂号方式，挂号平台及自助挂号机也未实现无障碍功能，致使不会上网、不会使用智能手机及存在视力障碍的老年人与残疾人无法及时、独立、便捷就医，医疗机构未按有关要求为老年人、残疾人预留专门现场号源。 无障碍环境建设法明确规定，医疗卫生机构应当结合所提供的服务内容，为残疾人、老年人就医提供便利。 深圳市人民检察院立案调查后，通过召开听证会等方式了解这一情况对公共利益造成的损害，并于同年7月向当地卫生健康主管部门发出检察建议。 此举推动深圳有关医疗机构对预约渠道、服务终端等进行了改进。现在，当地老年人、残疾人等可以通过拨打电话等多种方式预约挂号，医疗机构还通过加号等方式为老年人、残疾人保障现场号源。 除了就医挂号，一些老年人、残疾人常用的社会服务也存在无法满足无障碍需求的情况。 2024年，有线索反映，陕西社会保险、陕西医保的APP不符 ||| 首页 > 正文 出行、就医挂号……残疾人、老年人等特定群体在日常生活中遇到“障碍”怎么办？9月17日，最高人民检察院与民政部、中国残疾人联合会共同发布一批无障碍和适老化检察公益诉讼典型案例，从中可见多地检察机关助力“无障碍”建设的不懈努力。 老人挂号只能上网“抢”？改进！ 2024年5月，广东深圳检察机关接到线索反映，当地大部分医疗机构未提供电话预约等多渠道挂号方式，挂号平台及自助挂号机也未实现无障碍功能，致使不会上网、不会使用智能手机及存在视力障碍的老年人与残疾人无法及时、独立、便捷就医，医疗机构未按有关要求为老年人、残疾人预留专门现场号源。 无障碍环境建设法明确规定，医疗卫生机构应当结合所提供的服务内容，为残疾人、老年人就医提供便利。 深圳市人民检察院立案调查后，通过召开听证会等方式了解这一情况对公共利益造成的损害，并于同年7月向当地卫生健康主管部门发出检察建议。 此举推动深圳有关医疗机构对预约渠道、服务终端等进行了改进。现在，当地老年人、残疾人等可以通过拨打电话等多种方式预约挂号，医疗机构还通过加号等方式为老年人、残疾人保障现场号源。 除了就医挂号，一些老年人、残疾人常用的社会服务也存在无法满足无障碍需求的情况。 2024年，有线索反映，陕西社会保险、陕西医保的APP不符合国家信息无障碍标准。陕西检察机关通过邀请第三方机构测评和残疾人体验等方式，确定了无障碍服务存在的问题。经 ||| 点击右上角微信好友 朋友圈 点击浏览器下方“”分享微信好友Safari浏览器请点击“”按钮 请使用浏览器分享功能进行分享 出行、就医挂号……残疾人、老年人等特定群体在日常生活中遇到“障碍”怎么办？9月17日，最高人民检察院与民政部、中国残疾人联合会共同发布一批无障碍和适老化检察公益诉讼典型案例，从中可见多地检察机关助力“无障碍”建设的不懈努力。 老人挂号只能上网“抢”？改进！ 2024年5月，广东深圳检察机关接到线索反映，当地大部分医疗机构未提供电话预约等多渠道挂号方式，挂号平台及自助挂号机也未实现无障碍功能，致使不会上网、不会使用智能手机及存在视力障碍的老年人与残疾人无法及时、独立、便捷就医，医疗机构未按有关要求为老年人、残疾人预留专门现场号源。 无障碍环境建设法明确规定，医疗卫生机构应当结合所提供的服务内容，为残疾人、老年人就医提供便利。 深圳市人民检察院立案调查后，通过召开听证会等方式了解这一情况对公共利益造成的损害，并于同年7月向当地卫生健康主管部门发出检察建议。 此举推动深圳有关医疗机构对预约渠道、服务终端等进行了改进。现在，当地老年人、残疾人等可以通过拨打电话等多种方式预约挂号，医疗机构还通过加号等方式为老年人、残疾人保障现场号源。 除了就医挂号，一些老年人、残疾人常用的社会服务也存在无法满足无障碍需求的情况。 2024年，有线索反映，陕西社会保险、陕西医保的APP不符 ||| 点击右上角微信好友 朋友圈 点击浏览器下方“”分享微信好友Safari浏览器请点击“”按钮 请使用浏览器分享功能进行分享 出行、就医挂号……残疾人、老年人等特定群体在日常生活中遇到“障碍”怎么办？9月17日，最高人民检察院与民政部、中国残疾人联合会共同发布一批无障碍和适老化检察公益诉讼典型案例，从中可见多地检察机关助力“无障碍”建设的不懈努力。 老人挂号只能上网“抢”？改进！ 2024年5月，广东深圳检察机关接到线索反映，当地大部分医疗机构未提供电话预约等多渠道挂号方式，挂号平台及自助挂号机也未实现无障碍功能，致使不会上网、不会使用智能手机及存在视力障碍的老年人与残疾人无法及时、独立、便捷就医，医疗机构未按有关要求为老年人、残疾人预留专门现场号源。 无障碍环境建设法明确规定，医疗卫生机构应当结合所提供的服务内容，为残疾人、老年人就医提供便利。 深圳市人民检察院立案调查后，通过召开听证会等方式了解这一情况对公共利益造成的损害，并于同年7月向当地卫生健康主管部门发出检察建议。 此举推动深圳有关医疗机构对预约渠道、服务终端等进行了改进。现在，当地老年人、残疾人等可以通过拨打电话等多种方式预约挂号，医疗机构还通过加号等方式为老年人、残疾人保障现场号源。 除了就医挂号，一些老年人、残疾人常用的社会服务也存在无法满足无障碍需求的情况。 2024年，有线索反映，陕西社会保险、陕西医保的APP不符 ||| 老年人、残疾人等遇到“障碍”怎么办？检察机关助力“有爱无碍” 出行、就医挂号……残疾人、老年人等特定群体在日常生活中遇到“障碍”怎么办？9月17日，最高人民检察院与民政部、中国残疾人联合会共同发布一批无障碍和适老化检察公益诉讼典型案例，从中可见多地检察机关助力“无障碍”建设的不懈努力。 老人挂号只能上网“抢”？改进！ 2024年5月，广东深圳检察机关接到线索反映，当地大部分医疗机构未提供电话预约等多渠道挂号方式，挂号平台及自助挂号机也未实现无障碍功能，致使不会上网、不会使用智能手机及存在视力障碍的老年人与残疾人无法及时、独立、便捷就医，医疗机构未按有关要求为老年人、残疾人预留专门现场号源。 无障碍环境建设法明确规定，医疗卫生机构应当结合所提供的服务内容，为残疾人、老年人就医提供便利。 深圳市人民检察院立案调查后，通过召开听证会等方式了解这一情况对公共利益造成的损害，并于同年7月向当地卫生健康主管部门发出检察建议。 此举推动深圳有关医疗机构对预约渠道、服务终端等进行了改进。现在，当地老年人、残疾人等可以通过拨打电话等多种方式预约挂号，医疗机构还通过加号等方式为老年人、残疾人保障现场号源。 除了就医挂号，一些老年人、残疾人常用的社会服务也存在无法满足无障碍需求的情况。 2024年，有线索反映，陕西社会保险、陕西医保的APP不符合国家信息无障碍标准。陕西检察机关通过邀请第三方机构测评和残 ||| 出行、就医挂号……残疾人、老年人等特定群体在日常生活中遇到“障碍”怎么办？9月17日，最高人民检察院与民政部、中国残疾人联合会共同发布一批无障碍和适老化检察公益诉讼典型案例，从中可见多地检察机关助力“无障碍”建设的不懈努力。 老人挂号只能上网“抢”？改进！ 2024年5月，广东深圳检察机关接到线索反映，当地大部分医疗机构未提供电话预约等多渠道挂号方式，挂号平台及自助挂号机也未实现无障碍功能，致使不会上网、不会使用智能手机及存在视力障碍的老年人与残疾人无法及时、独立、便捷就医，医疗机构未按有关要求为老年人、残疾人预留专门现场号源。 无障碍环境建设法明确规定，医疗卫生机构应当结合所提供的服务内容，为残疾人、老年人就医提供便利。 深圳市人民检察院立案调查后，通过召开听证会等方式了解这一情况对公共利益造成的损害，并于同年7月向当地卫生健康主管部门发出检察建议。 此举推动深圳有关医疗机构对预约渠道、服务终端等进行了改进。现在，当地老年人、残疾人等可以通过拨打电话等多种方式预约挂号，医疗机构还通过加号等方式为老年人、残疾人保障现场号源。 除了就医挂号，一些老年人、残疾人常用的社会服务也存在无法满足无障碍需求的情况。 2024年，有线索反映，陕西社会保险、陕西医保的APP不符合国家信息无障碍标准。陕西检察机关通过邀请第三方机构测评和残疾人体验等方式，确定了无障碍服务存在的问题。经过检察机关督促推 ||| 出行、就医挂号……残疾人、老年人等特定群体在日常生活中遇到“障碍”怎么办？9月17日，最高人民检察院与民政部、中国残疾人联合会共同发布一批无障碍和适老化检察公益诉讼典型案例，从中可见多地检察机关助力“无障碍”建设的不懈努力。 老人挂号只能上网“抢”？改进！ 2024年5月，广东深圳检察机关接到线索反映，当地大部分医疗机构未提供电话预约等多渠道挂号方式，挂号平台及自助挂号机也未实现无障碍功能，致使不会上网、不会使用智能手机及存在视力障碍的老年人与残疾人无法及时、独立、便捷就医，医疗机构未按有关要求为老年人、残疾人预留专门现场号源。 无障碍环境建设法明确规定，医疗卫生机构应当结合所提供的服务内容，为残疾人、老年人就医提供便利。 深圳市人民检察院立案调查后，通过召开听证会等方式了解这一情况对公共利益造成的损害，并于同年7月向当地卫生健康主管部门发出检察建议。 此举推动深圳有关医疗机构对预约渠道、服务终端等进行了改进。现在，当地老年人、残疾人等可以通过拨打电话等多种方式预约挂号，医疗机构还通过加号等方式为老年人、残疾人保障现场号源。 除了就医挂号，一些老年人、残疾人常用的社会服务也存在无法满足无障碍需求的情况。 2024年，有线索反映，陕西社会保险、陕西医保的APP不符合国家信息无障碍标准。陕西检察机关通过邀请第三方机构测评和残疾人体验等方式，确定了无障碍服务存在的问题。经过检察机关督促推 ||| [ 2015年7月至今年9月，全国检察机关共办理公益诉讼案件122.4万余件，其中行政公益诉讼110.2万件、民事公益诉讼12.2万余件。 ] 医疗机构不提供电话预约的挂号方式，挂号平台及自助挂号机也没有实现无障碍功能，那些不会上网、不会使用智能手机和存在视力障碍的老年人与残疾人该如何便捷就医呢？ 2024年5月，广东省深圳市人民检察院收到志愿者提供的上述线索，决定立案调查。同年7月2日，深圳市检察院向市卫生健康主管部门发出检察建议，建议其督促相关医疗机构完善就医挂号无障碍适老化改造。目前，已督促全市所有医疗机构开通预约挂号直拨电话，并在全市设立统一短号热线，实现预约挂号一键查询或转接服务。截至2025年6月，热线已提供查转服务5122次；还要求各医疗机构于2025年底前完成线上预约平台的无障碍改造，截至2025年6月，全市38家医疗机构已完成线上预约平台无障碍改造，累计布设无障碍自助终端机1039台。 这是今年9月，最高检发布的一批无障碍和适老化检察公益诉讼典型案例中的一个，也是近年来检察机关进行检察公益诉讼工作、守护公共利益的缩影。 检察公益诉讼，是指人民检察院根据民事诉讼法、行政诉讼法等法律规定，对在履行职责中发现的生态环境和资源保护、食品药品安全、国有财产保护等领域损害国家利益或者社会公共利益的案件，向有关主体发出检察建议或向人民法院提起诉讼的法律制度，是我国一项原创性司法",mainstream_news ||| public_web ||| mainstream_news ||| official ||| mainstream_news ||| mainstream_news ||| mainstream_news ||| public_web ||| public_web ||| public_web ||| public_web ||| public_web ||| mainstream_news ||| mainstream_news ||| public_web,https://news.qq.com/rain/a/20251112A067EI00 ||| https://www.yicai.com/news/102909029.html ||| https://m.sohu.com/a/789009588_161795/?pvid=000115_3w_a ||| https://www.shenzhen.jcy.gov.cn/Dynamic/Media/8465.html ||| https://c.m.163.com/news/a/KE6NRBQE0519DDQ2.html ||| https://www.sohu.com/a/935904190_119038?scm=10001.8085_13-8085_13.0.0.0 ||| https://news.qq.com/rain/a/20250917A07C8Q00 ||| https://difang.gmw.cn/cq/2025-09/19/content_38296348.htm ||| https://elderly.qianlong.com/2025/0918/8555832.shtml ||| https://gongyi.gmw.cn/2025-09/18/content_38294614.htm ||| https://legal.gmw.cn/2025-09/18/content_38294585.htm ||| https://news.cpd.com.cn/n3569/925/t_1201731.html ||| http://www.hxnews.com/news/gn/gnxw/202509/18/2218432.shtml ||| https://www.news.cn/legal/20250918/58e252b4cf7f4c38a4ccd4eccf00a169/c.html ||| https://www.yicai.com/epaper/m/202511/13/content_47942.html,13,silver_candidate,standard_review,0.000,low,low_risk,accept,,,,,,证据完整覆盖特殊群体前期因数字鸿沟就医困难与后期受益于多渠道预约及无障碍设施的对比，情感合理。,annotator_A,adjudicated_final,annotator_A
E031,LLM_CANON_E031_001,明尚西苑居民/业主,火灾前曾多次投诉电动车违规停放与充电隐患但未获有效整改，火灾后对小区消防安全管理表示强烈担忧，呼吁加强安全整治与设施完善。,negative,证据显示业主马林等人在一年半内7次投诉电动车乱象，物业仅回复巡查但无强制权；火灾后居民对安全管理盲点表示担忧并希望改善。,SC_E031_001,居民;业主;马林;住户,True,,ev-00741;ev-00746;ev-00749;ev-00750,"四年前,明尚西苑的居民预见到了悲剧的可能性,他们发出了连续七次的投诉,但这些预警在物业的忽视下逐渐消失。火灾爆发: 2月23日凌晨,明尚西苑6栋突然爆发了一场大火,火势迅速蔓延 ||| 手机看新闻 摘要： 【南京雨花台区明尚西苑火灾揭电动车隐患】南京雨花台区明尚西苑一居民楼发生火灾，致15人不幸遇难，44人受伤。逃生居民描述火场逃生经历，疑电动车为火源。该事件引发对小区安全管理和电动车存放的深入思考。 正文： 南京市雨花台区明尚西苑一个居民楼不幸发生火灾，造成重大人员伤亡。据居民逃生经历描述，当晚烟雾迷漫，他们用湿枕套捂住口鼻，跨过浓烟和火光，艰难逃生。火灾可能由电动车引发，这在居民中引起强烈讨论。此前，小区架空层因存放电动车而拥挤，已有火灾先例。目前，当地政府正在紧急处理此事，并安置受影响居民，火灾具体原因尚在调查之中。 这起火灾再次把小区电动车存放安全问题推到风口浪尖。居民楼的安全隐患，尤其是电动车充电和存放问题，一直是城市管理的头痛问题。此次悲剧凸显了对此类安全隐患的管理和防范措施迫在眉睫。居民们在逃生过程中的无助和恐慌，以及火灾后的无家可归，都深刻揭示了城市管理中的盲点。当前，相关部门正全力救治伤者并调查火灾原因，但更重要的是，我们如何从根本上采取措施，防止类似悲剧再次发生。 小编点评: 针对明尚西苑火灾，我们需要从三个方面着手考虑。首先是加强小区电动车存放管理，禁止在楼道和架空层随意充电与堆放，防止火灾隐患。同时，应提高居民的安全意识，定期进行消防演练，确保万一发生火灾时，居民能够迅速而有序地逃生。其次，政府和物业管理部门也应该承担起监督责任，对小区内的 ||| 手机看新闻 摘要： 【南京雨花台区失火小区深夜惊魂 电动车成隐患】南京雨花台区的明尚西苑小区在一场突发火灾中遭受重创。起火原因疑似为架空层停放的电动自行车。这起事故促使南京市展开全面的消防安全排查。同时，火灾发生后，居民们纷纷表示对电动车乱停乱放的担忧，希望未来能有更好的安全管理。 正文： 在那个寂静的深夜，南京雨花台区的明尚西苑小区被一场突发火灾惊醒。火焰和烟雾吞噬了架空层停放的电动自行车，悲剧由此展开。火灾不仅夺走了15条生命，更让44位居民不得不在医院接受治疗。小区内一片狼藉，被熏黑的墙壁默默诉说着事发时的恐怖。 在这场悲剧后，南京市迅速行动，全城展开消防安全的拉网式排查。从高层建筑到商贸场所，从居民小区到城中村，无一幸免。当局希望通过这样的行动，防止此类灾难再次发生。然而，居民们的心声更为凄切。他们曾经就电动车的停放问题提出了许多合理化建议，比如安装防护棚和智能监控，但都未得到实质性回应。这次的火灾，无疑是一记沉重的警钟。 南京市的官员们对遇难者表示了深切的哀悼，并对受灾家庭表达了诚挚的歉意。灾后的群众安置和心理疏导工作也在紧锣密鼓地进行。南京市通过这次痛苦的经历，更加深刻地意识到消防安全工作的重要性，决心从根本上查漏补缺，防患于未然。 小编点评： 在这场突如其来的灾难面前，明尚西苑小区的居民们体验了人生最脆弱的一面。火灾的残酷不仅在于它的摧毁力，更在于它揭示了城市管理中的 ||| 【#火灾小区居民7次投诉均获回应#】2月23日，南京雨花台区明尚西苑小区发生火灾，导致15人遇难、44人受伤。初步调查确认，火灾为6栋建筑地面架空层电动自行车存放处起火引发。有网友发现，该小区一位业主4年前曾陆续发帖举报小区电动车停放和充电乱象，24日，这位业主马林表示，他还曾一年半7次在留言平台投诉，均获得回复。“7次回复都说安排了物业人员巡查、宣传、督促整改，在架空层增加充电设施供电动车充电。还强调物业没有强制权，部分业主不听从，几次申请公安部门协助执行。” 24小时滚动播报最新的财经资讯和视频，更多粉丝福利扫描二维码关注（sinafinance） 网友提问：@@=value.question$$ 老师回答：@@=value.answer$$ @@=value.title$$ 新浪财经意见反馈留言板 新浪简介|广告服务|About Sina 联系我们|招聘信息|通行证注册 产品答疑|网站律师|SINA English Copyright © 1996-2024 SINA Corporation All Rights Reserved 新浪公司 版权所有",social_media ||| mainstream_news ||| mainstream_news ||| mainstream_news,https://www.toutiao.com/article/7340100794777125427/ ||| https://nanjing.news.fang.com/open/49501684.html ||| https://nanjing.news.fang.com/open/49503379.html ||| https://finance.sina.com.cn/jjxw/2024-02-24/doc-inakehsa6533123.shtml,3,silver_candidate,standard_review,0.000,low,low_risk,accept,,,,,,证据确凿支持业主多次投诉隐患未获实质整改及灾后对安全管理担忧的表述，负面情感与事实一致。,annotator_A,adjudicated_final,annotator_A
E031,LLM_CANON_E031_002,南京市政府及相关部门,对事故造成重大伤亡表示痛心与自责，向遇难者及家属致歉，迅速组织救援并开展全市消防安全拉网式排查，配合省级调查组严肃问责失职人员。,neutral,官方通报及新闻发布会显示，市政府通报伤亡情况、表达哀悼与歉意，并部署全市消防排查及事故调查问责工作。,SC_E031_002,南京市政府;南京市消防救援支队;南京市市长陈之常;当地政府;相关部门,True,,ev-00749;ev-01851;ev-01861;ev-01863,手机看新闻 摘要： 【南京雨花台区失火小区深夜惊魂 电动车成隐患】南京雨花台区的明尚西苑小区在一场突发火灾中遭受重创。起火原因疑似为架空层停放的电动自行车。这起事故促使南京市展开全面的消防安全排查。同时，火灾发生后，居民们纷纷表示对电动车乱停乱放的担忧，希望未来能有更好的安全管理。 正文： 在那个寂静的深夜，南京雨花台区的明尚西苑小区被一场突发火灾惊醒。火焰和烟雾吞噬了架空层停放的电动自行车，悲剧由此展开。火灾不仅夺走了15条生命，更让44位居民不得不在医院接受治疗。小区内一片狼藉，被熏黑的墙壁默默诉说着事发时的恐怖。 在这场悲剧后，南京市迅速行动，全城展开消防安全的拉网式排查。从高层建筑到商贸场所，从居民小区到城中村，无一幸免。当局希望通过这样的行动，防止此类灾难再次发生。然而，居民们的心声更为凄切。他们曾经就电动车的停放问题提出了许多合理化建议，比如安装防护棚和智能监控，但都未得到实质性回应。这次的火灾，无疑是一记沉重的警钟。 南京市的官员们对遇难者表示了深切的哀悼，并对受灾家庭表达了诚挚的歉意。灾后的群众安置和心理疏导工作也在紧锣密鼓地进行。南京市通过这次痛苦的经历，更加深刻地意识到消防安全工作的重要性，决心从根本上查漏补缺，防患于未然。 小编点评： 在这场突如其来的灾难面前，明尚西苑小区的居民们体验了人生最脆弱的一面。火灾的残酷不仅在于它的摧毁力，更在于它揭示了城市管理中的 ||| 南京小区火灾: 一般指本词条 2024年2月23日4时39分，南京市消防救援支队指挥中心接到报警：南京市雨花台区明尚西苑6栋发生火灾。接警后，支队迅速调集8个消防救援站、25辆消防车、130名指战员到场处置，6时01分明火被扑灭，14时许现场全部搜救工作结束1。 截至2024年2月23日24时，事故共造成15人遇难，44人在院治疗，其中1人危重，1人重症，42人伤情较轻，所有患者生命体征平稳。经初步分析，火灾为6栋建筑地面架空层停放电动自行车处起火引发。江苏省已成立调查组，深入调查火灾原因和责任23。24日凌晨，南京市通报火灾事故有关情况，火灾原因查明为6栋建筑地面架空层停放电动自行车处起火引发。涉事电动自行车车主、非法生产销售锂离子电池个体经营者、南京某物业管理公司项目部负责人等10人因涉嫌犯罪，被公安机关依法采取刑事强制措施。涉事电动自行车生产销售、物业服务等7家企业，由政府相关部门依法依规进行处理。对事故中存在失职失责问题的地方党委政府及有关部门的公职人员进行严肃问责4。 2.23南京市明尚西苑火灾事故 2024年2月23日4时39分 南京市雨花台区明尚西苑6栋 15人死亡、44人受伤(截至2024年2月23日24时)2 2024年2月23日4时39分，南京市消防救援支队指挥中心接到报警：南京市雨花台区明尚西苑6栋发生火灾1。 截至2024年2月23日，事故已造成4人死亡1。 ||| 2024年2月23日4时39分，南京市消防救援支队指挥中心接到报警：南京市雨花台区明尚西苑6栋发生火灾。接警后，支队迅速调集8个消防救援站、25辆消防车、130名指战员到场处置，6时01分明火被扑灭，14时许现场全部搜救工作结束1。 截至2024年2月23日24时，事故共造成15人遇难，44人在院治疗，其中1人危重，1人重症，42人伤情较轻，所有患者生命体征平稳。经初步分析，火灾为6栋建筑地面架空层停放电动自行车处起火引发。江苏省已成立调查组，深入调查火灾原因和责任23。24日凌晨，南京市通报火灾事故有关情况，火灾原因查明为6栋建筑地面架空层停放电动自行车处起火引发。涉事电动自行车车主、非法生产销售锂离子电池个体经营者、南京某物业管理公司项目部负责人等10人因涉嫌犯罪，被公安机关依法采取刑事强制措施。涉事电动自行车生产销售、物业服务等7家企业，由政府相关部门依法依规进行处理。对事故中存在失职失责问题的地方党委政府及有关部门的公职人员进行严肃问责4。 2.23南京市明尚西苑火灾事故 2024年2月23日4时39分 南京市雨花台区明尚西苑6栋 15人死亡、44人受伤(截至2024年2月23日24时)2 2024年2月23日4时39分，南京市消防救援支队指挥中心接到报警：南京市雨花台区明尚西苑6栋发生火灾1。 截至2024年2月23日，事故已造成4人死亡1。 截至2024年2月23日24 ||| 2月24日凌晨 江苏省南京市召开新闻发布会 通报南京市雨花台区 “2·23”火灾事故有关情况 截至23日24时 事故共造成15人遇难 44人在院治疗 其中，1人危重，1人重症，42人伤情较轻 南京市市长陈之常通报，2月23日凌晨4时39分，南京市消防救援支队指挥中心接到报警，雨花台区明尚西苑6栋发生火灾。此次事故造成重大人员伤亡，我们深感痛心和自责。在此，我代表南京市委、市人民政府，向遇难者表示沉痛哀悼，向遇难者家属、受伤人员及亲属表示深深的歉意。 已关注 关注 重播分享赞 关闭 观看更多 更多 退出全屏 视频加载失败，请刷新页面再试 刷新 视频详情 发布会上，相关负责人表示，江苏省已成立调查组，正深入调查火灾原因和责任。 南京市消防救援支队支队长梁军介绍，接警后南京市消防救援支队迅速调集8个消防救援站、25辆消防车、130名指战员到场处置，明火于6时许被扑灭，14时许现场搜救工作结束。经初步分析，火灾为6栋建筑地面架空层停放电动自行车处起火引发，具体原因正在进一步调查。 来源：南京发布、中国消防、中国新闻网、南方日报 （免责声明：1、文章部分图片以及内容来源网络。2、因编辑需要文字和图片之间亦无必然联系，仅供读者参考。3、我们所转载的所有文章、图片、音频视频文件等资料版权归版权所有人所有，因非原创文章及图片等内容无法一一和版权者联系，如原作者或编辑认为作品不宜上网供大家浏览，或不,mainstream_news ||| public_web ||| public_web ||| mainstream_news,https://nanjing.news.fang.com/open/49503379.html ||| http://baike.sogou.com/v216992359.htm?fromTitle=%E5%8D%97%E4%BA%AC%E5%B0%8F%E5%8C%BA%E7%81%AB%E7%81%BE ||| https://baike.sogou.com/v216992359.htm ||| https://www.sohu.com/a/759880514_121123754,3,silver_candidate,standard_review,0.000,low,low_risk,accept,,,,,,官方通报与发布会内容完全支撑政府致歉、迅速救援、全市排查及配合问责的表述，中性情感恰当。,annotator_A,adjudicated_final,annotator_A
E031,LLM_CANON_E031_003,明尚西苑物业管理公司,长期忽视居民关于电动车停放充电隐患的投诉，以无强制执法权为由未采取实质性整改措施，事故后相关负责人因涉嫌犯罪被采取刑事强制措施。,negative,居民投诉记录显示物业仅安排巡查宣传但未能制止违规行为；事故调查通报明确指出物业负责人因涉嫌犯罪被刑拘。,SC_E031_003,物业;南京某物业管理公司项目部负责人;物业服务企业,True,,ev-00741;ev-00750;ev-01851;ev-01861,"四年前,明尚西苑的居民预见到了悲剧的可能性,他们发出了连续七次的投诉,但这些预警在物业的忽视下逐渐消失。火灾爆发: 2月23日凌晨,明尚西苑6栋突然爆发了一场大火,火势迅速蔓延 ||| 【#火灾小区居民7次投诉均获回应#】2月23日，南京雨花台区明尚西苑小区发生火灾，导致15人遇难、44人受伤。初步调查确认，火灾为6栋建筑地面架空层电动自行车存放处起火引发。有网友发现，该小区一位业主4年前曾陆续发帖举报小区电动车停放和充电乱象，24日，这位业主马林表示，他还曾一年半7次在留言平台投诉，均获得回复。“7次回复都说安排了物业人员巡查、宣传、督促整改，在架空层增加充电设施供电动车充电。还强调物业没有强制权，部分业主不听从，几次申请公安部门协助执行。” 24小时滚动播报最新的财经资讯和视频，更多粉丝福利扫描二维码关注（sinafinance） 网友提问：@@=value.question$$ 老师回答：@@=value.answer$$ @@=value.title$$ 新浪财经意见反馈留言板 新浪简介|广告服务|About Sina 联系我们|招聘信息|通行证注册 产品答疑|网站律师|SINA English Copyright © 1996-2024 SINA Corporation All Rights Reserved 新浪公司 版权所有 ||| 南京小区火灾: 一般指本词条 2024年2月23日4时39分，南京市消防救援支队指挥中心接到报警：南京市雨花台区明尚西苑6栋发生火灾。接警后，支队迅速调集8个消防救援站、25辆消防车、130名指战员到场处置，6时01分明火被扑灭，14时许现场全部搜救工作结束1。 截至2024年2月23日24时，事故共造成15人遇难，44人在院治疗，其中1人危重，1人重症，42人伤情较轻，所有患者生命体征平稳。经初步分析，火灾为6栋建筑地面架空层停放电动自行车处起火引发。江苏省已成立调查组，深入调查火灾原因和责任23。24日凌晨，南京市通报火灾事故有关情况，火灾原因查明为6栋建筑地面架空层停放电动自行车处起火引发。涉事电动自行车车主、非法生产销售锂离子电池个体经营者、南京某物业管理公司项目部负责人等10人因涉嫌犯罪，被公安机关依法采取刑事强制措施。涉事电动自行车生产销售、物业服务等7家企业，由政府相关部门依法依规进行处理。对事故中存在失职失责问题的地方党委政府及有关部门的公职人员进行严肃问责4。 2.23南京市明尚西苑火灾事故 2024年2月23日4时39分 南京市雨花台区明尚西苑6栋 15人死亡、44人受伤(截至2024年2月23日24时)2 2024年2月23日4时39分，南京市消防救援支队指挥中心接到报警：南京市雨花台区明尚西苑6栋发生火灾1。 截至2024年2月23日，事故已造成4人死亡1。 ||| 2024年2月23日4时39分，南京市消防救援支队指挥中心接到报警：南京市雨花台区明尚西苑6栋发生火灾。接警后，支队迅速调集8个消防救援站、25辆消防车、130名指战员到场处置，6时01分明火被扑灭，14时许现场全部搜救工作结束1。 截至2024年2月23日24时，事故共造成15人遇难，44人在院治疗，其中1人危重，1人重症，42人伤情较轻，所有患者生命体征平稳。经初步分析，火灾为6栋建筑地面架空层停放电动自行车处起火引发。江苏省已成立调查组，深入调查火灾原因和责任23。24日凌晨，南京市通报火灾事故有关情况，火灾原因查明为6栋建筑地面架空层停放电动自行车处起火引发。涉事电动自行车车主、非法生产销售锂离子电池个体经营者、南京某物业管理公司项目部负责人等10人因涉嫌犯罪，被公安机关依法采取刑事强制措施。涉事电动自行车生产销售、物业服务等7家企业，由政府相关部门依法依规进行处理。对事故中存在失职失责问题的地方党委政府及有关部门的公职人员进行严肃问责4。 2.23南京市明尚西苑火灾事故 2024年2月23日4时39分 南京市雨花台区明尚西苑6栋 15人死亡、44人受伤(截至2024年2月23日24时)2 2024年2月23日4时39分，南京市消防救援支队指挥中心接到报警：南京市雨花台区明尚西苑6栋发生火灾1。 截至2024年2月23日，事故已造成4人死亡1。 截至2024年2月23日24",social_media ||| mainstream_news ||| public_web ||| public_web,https://www.toutiao.com/article/7340100794777125427/ ||| https://finance.sina.com.cn/jjxw/2024-02-24/doc-inakehsa6533123.shtml ||| http://baike.sogou.com/v216992359.htm?fromTitle=%E5%8D%97%E4%BA%AC%E5%B0%8F%E5%8C%BA%E7%81%AB%E7%81%BE ||| https://baike.sogou.com/v216992359.htm,3,silver_candidate,standard_review,0.000,low,low_risk,accept,,,,,,证据明确指向物业长期以无强制权为由未实质整改，且事故后负责人被采取刑事强制措施，负面评价有据可依。,annotator_A,adjudicated_final,annotator_A
E031,LLM_CANON_E031_004,涉事电动自行车车主及非法电池经营者,违规改装超标锂电池并停放于架空层，导致电池热失控引发火灾，事故后因涉嫌犯罪被公安机关依法采取刑事强制措施。,negative,事故调查报告认定火灾由违规改装的电动自行车超标大容量锂离子电池热失控起火引起，相关责任人已被刑拘。,SC_E031_004,涉事电动自行车车主;非法生产销售锂离子电池个体经营者;违规改装电池人员,True,,ev-01851;ev-01855;ev-01861;ev-01868,南京小区火灾: 一般指本词条 2024年2月23日4时39分，南京市消防救援支队指挥中心接到报警：南京市雨花台区明尚西苑6栋发生火灾。接警后，支队迅速调集8个消防救援站、25辆消防车、130名指战员到场处置，6时01分明火被扑灭，14时许现场全部搜救工作结束1。 截至2024年2月23日24时，事故共造成15人遇难，44人在院治疗，其中1人危重，1人重症，42人伤情较轻，所有患者生命体征平稳。经初步分析，火灾为6栋建筑地面架空层停放电动自行车处起火引发。江苏省已成立调查组，深入调查火灾原因和责任23。24日凌晨，南京市通报火灾事故有关情况，火灾原因查明为6栋建筑地面架空层停放电动自行车处起火引发。涉事电动自行车车主、非法生产销售锂离子电池个体经营者、南京某物业管理公司项目部负责人等10人因涉嫌犯罪，被公安机关依法采取刑事强制措施。涉事电动自行车生产销售、物业服务等7家企业，由政府相关部门依法依规进行处理。对事故中存在失职失责问题的地方党委政府及有关部门的公职人员进行严肃问责4。 2.23南京市明尚西苑火灾事故 2024年2月23日4时39分 南京市雨花台区明尚西苑6栋 15人死亡、44人受伤(截至2024年2月23日24时)2 2024年2月23日4时39分，南京市消防救援支队指挥中心接到报警：南京市雨花台区明尚西苑6栋发生火灾1。 截至2024年2月23日，事故已造成4人死亡1。 ||| 来源：长春晚报 【#南京223火灾事故调查报告#】2024年2月23日凌晨4时35分许，南京市雨花台区西柿路9号明尚西苑小区居民住宅6号楼发生重大火灾事故，造成15人死亡、2人重伤、42人轻伤或轻微伤，直接经济损失3300余万元。经调查认定，这是一起违规改装的电动自行车超标大容量锂离子电池热失控起火引起的重大火灾责任事故。@央视新闻、@人民网 初审：孙懿辞 复审：梁爽 终审：朱宝明 返回搜狐，查看更多 ||| 2024年2月23日4时39分，南京市消防救援支队指挥中心接到报警：南京市雨花台区明尚西苑6栋发生火灾。接警后，支队迅速调集8个消防救援站、25辆消防车、130名指战员到场处置，6时01分明火被扑灭，14时许现场全部搜救工作结束1。 截至2024年2月23日24时，事故共造成15人遇难，44人在院治疗，其中1人危重，1人重症，42人伤情较轻，所有患者生命体征平稳。经初步分析，火灾为6栋建筑地面架空层停放电动自行车处起火引发。江苏省已成立调查组，深入调查火灾原因和责任23。24日凌晨，南京市通报火灾事故有关情况，火灾原因查明为6栋建筑地面架空层停放电动自行车处起火引发。涉事电动自行车车主、非法生产销售锂离子电池个体经营者、南京某物业管理公司项目部负责人等10人因涉嫌犯罪，被公安机关依法采取刑事强制措施。涉事电动自行车生产销售、物业服务等7家企业，由政府相关部门依法依规进行处理。对事故中存在失职失责问题的地方党委政府及有关部门的公职人员进行严肃问责4。 2.23南京市明尚西苑火灾事故 2024年2月23日4时39分 南京市雨花台区明尚西苑6栋 15人死亡、44人受伤(截至2024年2月23日24时)2 2024年2月23日4时39分，南京市消防救援支队指挥中心接到报警：南京市雨花台区明尚西苑6栋发生火灾1。 截至2024年2月23日，事故已造成4人死亡1。 截至2024年2月23日24 ||| ⚠️注意⚠️ 2024年2月23日凌晨4时35分许，江苏南京市雨花台区西柿路9号明尚西苑小区居民住宅6号楼发生重大火灾事故，造成15人死亡、2人重伤、42人轻伤或轻微伤，直接经济损失3300余万元。 经调查， 火灾原因为小区某住户停放在6号楼2单元东侧架空层的 电动自行车锂离子电池热失控起火，引燃周边电动自行车和住户天井内违章搭建并堆放的可燃物，在烟囱效应作用下，燃烧产生的火焰和高温有毒有害烟气快速突破天井内部分住户外窗至室内，多种因素叠加导致火势扩大蔓延，造成人员伤亡。 电动自行车作为日常交通工具 方便了人们的出行 但它存在的火灾隐患 也不容小觑 电动车起火有多可怕 看看这些案例就知道 ⬇️⬇️ 电动自行车室内充电瞬间爆燃 店铺内电动自行车充电起火 店铺后厨电动自行车充电爆燃 电动自行车楼道内充电爆燃 科普知识 来源：广东省应急管理、 江海区应急管理局 返回搜狐，查看更多,public_web ||| mainstream_news ||| public_web ||| mainstream_news,http://baike.sogou.com/v216992359.htm?fromTitle=%E5%8D%97%E4%BA%AC%E5%B0%8F%E5%8C%BA%E7%81%AB%E7%81%BE ||| https://www.sohu.com/a/830896896_122014422 ||| https://baike.sogou.com/v216992359.htm ||| https://www.sohu.com/a/838350931_121123775,2,silver_candidate,standard_review,0.000,low,low_risk,accept,,,,,,调查报告直接认定违规改装电池热失控起火为直接原因，且相关责任人已被刑拘，证据链完整。,annotator_A,adjudicated_final,annotator_A
E032,LLM_CANON_E032_001,广东省政府及调查评估组,发布灾害调查评估报告，认定塌方系长时间持续性降水与工程勘察、设计、施工、监理、验收、运营、养护等问题叠加所致，并将发现的履职问题线索移交纪委监委处理。,neutral,多份证据一致记载广东省成立专项调查组，发布评估报告明确灾害成因，并启动对相关责任线索的移交与查处程序。,SC_E032_001,广东省政府;梅大高速茶阳路段“5·1”塌方灾害省政府调查评估组;调查评估工作组,True,,ev-00752;ev-00753;ev-00755;ev-01872;ev-01882;ev-01888,据央视新闻消息，梅大高速茶阳路段“5·1”塌方灾害调查评估报告今日发布。 2024年5月1日凌晨1时57分许，梅州至大埔高速公路（简称“梅大高速”）东延线K11+900～K11+950（营运桩号）路段发生塌方灾害，往东方向半幅路堤塌方，导致23辆车掉落，造成52人死亡，30人受伤。经调查认定，这是一起长时间持续性降水与多种因素叠加耦合作用，导致的特别重大人员伤亡的塌方灾害。塌方灾害发生于5月1日凌晨，有零星小雨，行车视线不良，车流量较平常突增，车辆坠落后起火燃烧，这些不利因素进一步加大了灾害的损失。同时，工程勘察、设计、施工、监理、验收、运营、养护等方面存在的问题，对路堤的抗灾能力有一定影响。 依据有关规定，广东省成立了由省政府主要负责同志任组长的梅大高速茶阳路段“5·1”塌方灾害省政府调查评估组，邀请由院士专家团队牵头，公路工程、地质工程、岩土工程和气象水文等领域专家组成专家组参与调查评估。应急管理部、交通运输部、自然资源部成立国家专家指导组，与调查评估组同时进驻，全程指导广东开展灾害调查评估工作。在应急管理部、交通运输部、自然资源部等国家部委的专业指导和国家专家指导组的全程指导下，调查评估组按照科学严谨、依法依规、实事求是、注重实效的原则，通过现场勘查、调阅资料、问询谈话、调查取证、分析计算、专项试验、专家论证等方式，复盘灾害发生和应对过程，调查有关地方党委政府和相关部门单位履 ||| 1月22日，梅大高速茶阳路段“5·1”塌方灾害调查评估报告公布发布。 2024年5月1日凌晨1时57分许，梅州至大埔高速公路（简称“梅大高速”）东延线K11+900～K11+950（营运桩号）路段发生塌方灾害，往东方向半幅路堤塌方，导致23辆车掉落，造成52人死亡，30人受伤。经调查认定，这是一起长时间持续性降水与多种因素叠加耦合作用，导致的特别重大人员伤亡的塌方灾害。塌方灾害发生于5月1日凌晨，有零星小雨，行车视线不良，车流量较平常突增，车辆坠落后起火燃烧，这些不利因素进一步加大了灾害的损失。同时，工程勘察、设计、施工、监理、验收、运营、养护等方面存在的问题，对路堤的抗灾能力有一定影响。 依据有关规定，广东省成立了由省政府主要负责同志任组长的梅大高速茶阳路段“5·1”塌方灾害省政府调查评估组，邀请由院士专家团队牵头，公路工程、地质工程、岩土工程和气象水文等领域专家组成专家组参与调查评估。应急管理部、交通运输部、自然资源部成立国家专家指导组，与调查评估组同时进驻，全程指导广东开展灾害调查评估工作。在应急管理部、交通运输部、自然资源部等国家部委的专业指导和国家专家指导组的全程指导下，调查评估组按照科学严谨、依法依规、实事求是、注重实效的原则，通过现场勘查、调阅资料、问询谈话、调查取证、分析计算、专项试验、专家论证等方式，复盘灾害发生和应对过程，调查有关地方党委政府和相关部门单位履职情 ||| 央视新闻1月22日消息，梅大高速茶阳路段“5·1”塌方灾害调查评估报告公布今日发布。 事故现场。视觉中国 资料图 2024年5月1日凌晨1时57分许，梅州至大埔高速公路（简称“梅大高速”）东延线K11+900～K11+950（营运桩号）路段发生塌方灾害，往东方向半幅路堤塌方，导致23辆车掉落，造成52人死亡，30人受伤。经调查认定，这是一起长时间持续性降水与多种因素叠加耦合作用，导致的特别重大人员伤亡的塌方灾害。塌方灾害发生于5月1日凌晨，有零星小雨，行车视线不良，车流量较平常突增，车辆坠落后起火燃烧，这些不利因素进一步加大了灾害的损失。同时，工程勘察、设计、施工、监理、验收、运营、养护等方面存在的问题，对路堤的抗灾能力有一定影响。 依据有关规定，广东省成立了由省政府主要负责同志任组长的梅大高速茶阳路段“5·1”塌方灾害省政府调查评估组，邀请由院士专家团队牵头，公路工程、地质工程、岩土工程和气象水文等领域专家组成专家组参与调查评估。应急管理部、交通运输部、自然资源部成立国家专家指导组，与调查评估组同时进驻，全程指导广东开展灾害调查评估工作。在应急管理部、交通运输部、自然资源部等国家部委的专业指导和国家专家指导组的全程指导下，调查评估组按照科学严谨、依法依规、实事求是、注重实效的原则，通过现场勘查、调阅资料、问询谈话、调查取证、分析计算、专项试验、专家论证等方式，复盘灾害发生和应对过 ||| 郑澍、陈惠婷/央视新闻 央视新闻1月22日消息，梅大高速茶阳路段“5·1”塌方灾害调查评估报告公布今日发布。 塌方现场 视觉中国 资料图 2024年5月1日凌晨1时57分许，梅州至大埔高速公路（简称“梅大高速”）东延线K11+900～K11+950（营运桩号）路段发生塌方灾害，往东方向半幅路堤塌方，导致23辆车掉落，造成52人死亡，30人受伤。经调查认定，这是一起长时间持续性降水与多种因素叠加耦合作用，导致的特别重大人员伤亡的塌方灾害。塌方灾害发生于5月1日凌晨，有零星小雨，行车视线不良，车流量较平常突增，车辆坠落后起火燃烧，这些不利因素进一步加大了灾害的损失。同时，工程勘察、设计、施工、监理、验收、运营、养护等方面存在的问题，对路堤的抗灾能力有一定影响。 依据有关规定，广东省成立了由省政府主要负责同志任组长的梅大高速茶阳路段“5·1”塌方灾害省政府调查评估组，邀请由院士专家团队牵头，公路工程、地质工程、岩土工程和气象水文等领域专家组成专家组参与调查评估。应急管理部、交通运输部、自然资源部成立国家专家指导组，与调查评估组同时进驻，全程指导广东开展灾害调查评估工作。在应急管理部、交通运输部、自然资源部等国家部委的专业指导和国家专家指导组的全程指导下，调查评估组按照科学严谨、依法依规、实事求是、注重实效的原则，通过现场勘查、调阅资料、问询谈话、调查取证、分析计算、专项试验、专家论证等方 ||| 打开微信扫一扫 2025-1-25 18:41| 发布者: 微言网编辑部| 查看: 24210| 评论: 0 新华社广州1月22日电 广东省应急管理厅日前公布《梅大高速茶阳路段“5·1”塌方灾害调查评估报告》，调查评估工作组查明灾害原因，认定为特别重大人员伤亡的塌方灾害。 2024年5月1日凌晨1时57分许，梅州至大埔高速公路（简称梅大高速）东延线K11+900～K11+950（营运桩号）路段发生塌方灾害，往东方向半幅路堤塌方，导致23辆车掉落，造成52人死亡，30人受伤。经调查认定，这是一起长时间持续性降水与多种因素叠加耦合作用，导致的特别重大人员伤亡的塌方灾害。塌方灾害发生于5月1日凌晨，有零星小雨，行车视线不良，车流量较平常突增，车辆坠落后起火燃烧，这些不利因素进一步加大了灾害的损失。同时，工程勘察、设计、施工、监理、验收、运营、养护等方面存在的问题，对路堤的抗灾能力有一定影响。 根据习近平总书记重要指示和李强总理要求，张国清副总理率有关部门负责同志赶赴现场指导救援处置工作。应急管理部、交通运输部、自然资源部等国家部委派出工作组和专家赶赴现场指导救援工作。广东省委、省政府主要负责同志迅速赶往救援救治一线，实地指挥抢险救援、伤员救治、善后处置、风险排查和调查评估等各项工作。 依据有关规定，广东省成立了由省政府主要负责同志任组长的梅大高速茶阳路段“5·1”塌方灾害省政府调查评估组 ||| 1月22日，造成52死30伤的梅大高速塌方事故主要原因公布。经调查认定，这是一起长时间持续性降水与多种因素叠加耦合作用，导致的特别重大人员伤亡的塌方灾害。塌方灾害发生于5月1日凌晨，有零星小雨，行车视线不良，车流量较平常突增，车辆坠落后起火燃烧，这些不利因素进一步加大了灾害的损失。同时，工程勘察、设计、施工、监理、验收、运营、养护等方面存在的问题，对路堤的抗灾能力有一定影响。对在调查过程中发现的参建单位和有关部门单位的公职人员履职方面的问题线索，移交纪委监委处理；对有关参建单位及其人员的违法违规问题，交由有关部门依法查处。 来源：中国银行保险报返回搜狐，查看更多,mainstream_news ||| mainstream_news ||| mainstream_news ||| mainstream_news ||| public_web ||| mainstream_news,https://www.bjnews.com.cn/detail/1737536547129042.html ||| https://m.sohu.com/a/852284361_120808812/?pvid=000115_3w_a ||| https://news.hsw.cn/system/2025/0122/1818034.shtml ||| https://k.sina.cn/article_5044281310_12ca99fde01902apv4.html?cre=tianyi&loc=15&mod=wlocal&r=0&rfunc=9&tj=cxvertical_wlocal&tr=1047 ||| http://www.cwyan.com/portal.php?aid=85404&mod=view ||| https://www.sohu.com/a/852299893_114984,6,silver_candidate,standard_review,0.000,low,low_risk,accept,,,,,,多份权威证据一致记载省政府调查组发布报告、认定降水与工程问题叠加成因及移交履职线索，事实准确。,annotator_A,adjudicated_final,annotator_A
E032,LLM_CANON_E032_002,应急管理部及国家消防救援局,接报后立即部署科学救援与伤员救治，派出工作组赴现场指导处置，并针对“五一”假期提示加强交通运输及人员密集场所安全防范。,neutral,证据显示应急管理部迅速响应调度救援力量，持续指导现场工作，并同步发布假期安全风险防范提示。,SC_E032_002,应急管理部;国家消防救援局;应急管理部工作组,True,,ev-00758;ev-01883;ev-01884;ev-01887,记者从应急管理部获悉，5月1日2时10分许，梅大高速茶阳路段发生塌方灾害，导致车辆被困、人员伤亡。接报后，应急管理部部长王祥喜立即作出部署，要求指导帮助地方加快搜救，科学安全救援，全力救治伤员，最大程度减少人员伤亡，查清原因，汲取教训。 据悉，国家消防救援局局长周天持续调度指导现场救援工作。应急管理部派出工作组赶赴现场，指导救援处置工作。塌陷发生后，当地立即组织应急、消防、矿山救护队等500余人参与现场救援。目前，救援工作仍在进行中。 应急管理部提示，“五一”假期期间出行出游人员增多，交通运输、旅游景点、人员密集场所等安全风险较高，各地要进一步完善预案措施、排查风险隐患、加强安全防范。 南方+记者 泠汐 段江含 【作者】 泠汐；段江含 【来源】 南方报业传媒集团南方+客户端返回搜狐，查看更多 ||| 点击右上角微信好友 朋友圈 点击浏览器下方“”分享微信好友Safari浏览器请点击“”按钮 调查问题加载中，请稍候。 若长时间无响应，请刷新本页面 光明日报北京5月1日电（记者姚亚奇）5月1日2时10分许，广东省梅大高速大埔路段发生塌陷，导致车辆被困、人员伤亡。 接报后，应急管理部立即作出部署，要求指导帮助地方加快搜救，科学安全救援，全力救治伤员，最大程度减少人员伤亡，查清原因，汲取教训。应急管理部派出工作组赶赴现场，指导救援处置工作。塌陷发生后，当地立即组织应急、消防、矿山救护队等500余人参与现场救援。截至发稿时，救援工作仍在进行中。 应急管理部提示，“五一”假期期间出行出游人员增多，交通运输、旅游景点、人员密集场所等安全风险较高，各地要进一步完善预案措施、排查风险隐患、加强安全防范。 《光明日报》（2024年05月02日 02版） 火炮武器系统专家苏哲子院士逝世 ||| 5月1日2时10分许，广东省梅大高速大埔路段发生塌陷，导致车辆被困、人员伤亡。 接报后，应急管理部要求指导帮助地方加快搜救，科学安全救援，全力救治伤员，最大程度减少人员伤亡，查清原因，汲取教训。国家消防救援局持续调度指导现场救援工作。应急管理部派出工作组赶赴现场，指导救援处置工作。塌陷发生后，当地立即组织应急、消防、矿山救护队等500余人参与现场救援。目前，救援工作仍在进行中。 应急管理部提示，“五一”假期期间出行出游人员增多，交通运输、旅游景点、人员密集场所等安全风险较高，各地要进一步完善预案措施、排查风险隐患、加强安全防范。 来源：央视新闻客户端 编辑：贾晓君 审核：徐晓冬 终审：戴军农 声明：凡注明来源中国江苏网的稿件，均为本公众号原创作品，欢迎转发，转载请注明来源！部分稿件图片来自网络，版权归原作者所有。返回搜狐，查看更多 ||| 5月1日2时10分许，广东省梅大高速大埔路段发生塌陷，导致车辆被困、人员伤亡。 接报后，应急管理部要求指导帮助地方加快搜救，科学安全救援，全力救治伤员，最大程度减少人员伤亡，查清原因，汲取教训。国家消防救援局持续调度指导现场救援工作。应急管理部派出工作组赶赴现场，指导救援处置工作。塌陷发生后，当地立即组织应急、消防、矿山救护队等500余人参与现场救援。目前，救援工作仍在进行中。 应急管理部提示，“五一”假期期间出行出游人员增多，交通运输、旅游景点、人员密集场所等安全风险较高，各地要进一步完善预案措施、排查风险隐患、加强安全防范。 编辑：吴梦婷 审核：李薇 打开微信，点击底部的“发现”， 使用“扫一扫”即可将网页分享至朋友圈。,mainstream_news ||| public_web ||| mainstream_news ||| public_web,https://www.sohu.com/a/775663104_100116740 ||| https://news.gmw.cn/2024-05/02/content_37301217.htm ||| https://www.sohu.com/a/775657000_539687 ||| https://tt.m.jxnews.com.cn/news/2458542,3,silver_candidate,standard_review,0.000,low,low_risk,accept,,,,,,证据清晰记录应急管理部接报后部署救援、派工作组赴现场指导，并同步发布假期安全防范提示，支持充分。,annotator_A,adjudicated_final,annotator_A
E032,LLM_CANON_E032_003,参建单位及相关责任公职人员,被调查认定在工程勘察、设计、施工、监理、验收、运营、养护等方面存在问题，影响路堤抗灾能力，相关违法违规问题及履职线索正接受依法查处与纪委监委调查。,negative,调查报告明确指出上述环节存在缺陷，并已将线索移交处理，体现其作为被追责方的负面状态与整改要求。,SC_E032_003,工程参建单位;有关部门公职人员;勘察、设计、施工、监理、验收、运营、养护等单位及人员,True,,ev-00752;ev-00753;ev-00755;ev-01872;ev-01882;ev-01888,据央视新闻消息，梅大高速茶阳路段“5·1”塌方灾害调查评估报告今日发布。 2024年5月1日凌晨1时57分许，梅州至大埔高速公路（简称“梅大高速”）东延线K11+900～K11+950（营运桩号）路段发生塌方灾害，往东方向半幅路堤塌方，导致23辆车掉落，造成52人死亡，30人受伤。经调查认定，这是一起长时间持续性降水与多种因素叠加耦合作用，导致的特别重大人员伤亡的塌方灾害。塌方灾害发生于5月1日凌晨，有零星小雨，行车视线不良，车流量较平常突增，车辆坠落后起火燃烧，这些不利因素进一步加大了灾害的损失。同时，工程勘察、设计、施工、监理、验收、运营、养护等方面存在的问题，对路堤的抗灾能力有一定影响。 依据有关规定，广东省成立了由省政府主要负责同志任组长的梅大高速茶阳路段“5·1”塌方灾害省政府调查评估组，邀请由院士专家团队牵头，公路工程、地质工程、岩土工程和气象水文等领域专家组成专家组参与调查评估。应急管理部、交通运输部、自然资源部成立国家专家指导组，与调查评估组同时进驻，全程指导广东开展灾害调查评估工作。在应急管理部、交通运输部、自然资源部等国家部委的专业指导和国家专家指导组的全程指导下，调查评估组按照科学严谨、依法依规、实事求是、注重实效的原则，通过现场勘查、调阅资料、问询谈话、调查取证、分析计算、专项试验、专家论证等方式，复盘灾害发生和应对过程，调查有关地方党委政府和相关部门单位履 ||| 1月22日，梅大高速茶阳路段“5·1”塌方灾害调查评估报告公布发布。 2024年5月1日凌晨1时57分许，梅州至大埔高速公路（简称“梅大高速”）东延线K11+900～K11+950（营运桩号）路段发生塌方灾害，往东方向半幅路堤塌方，导致23辆车掉落，造成52人死亡，30人受伤。经调查认定，这是一起长时间持续性降水与多种因素叠加耦合作用，导致的特别重大人员伤亡的塌方灾害。塌方灾害发生于5月1日凌晨，有零星小雨，行车视线不良，车流量较平常突增，车辆坠落后起火燃烧，这些不利因素进一步加大了灾害的损失。同时，工程勘察、设计、施工、监理、验收、运营、养护等方面存在的问题，对路堤的抗灾能力有一定影响。 依据有关规定，广东省成立了由省政府主要负责同志任组长的梅大高速茶阳路段“5·1”塌方灾害省政府调查评估组，邀请由院士专家团队牵头，公路工程、地质工程、岩土工程和气象水文等领域专家组成专家组参与调查评估。应急管理部、交通运输部、自然资源部成立国家专家指导组，与调查评估组同时进驻，全程指导广东开展灾害调查评估工作。在应急管理部、交通运输部、自然资源部等国家部委的专业指导和国家专家指导组的全程指导下，调查评估组按照科学严谨、依法依规、实事求是、注重实效的原则，通过现场勘查、调阅资料、问询谈话、调查取证、分析计算、专项试验、专家论证等方式，复盘灾害发生和应对过程，调查有关地方党委政府和相关部门单位履职情 ||| 央视新闻1月22日消息，梅大高速茶阳路段“5·1”塌方灾害调查评估报告公布今日发布。 事故现场。视觉中国 资料图 2024年5月1日凌晨1时57分许，梅州至大埔高速公路（简称“梅大高速”）东延线K11+900～K11+950（营运桩号）路段发生塌方灾害，往东方向半幅路堤塌方，导致23辆车掉落，造成52人死亡，30人受伤。经调查认定，这是一起长时间持续性降水与多种因素叠加耦合作用，导致的特别重大人员伤亡的塌方灾害。塌方灾害发生于5月1日凌晨，有零星小雨，行车视线不良，车流量较平常突增，车辆坠落后起火燃烧，这些不利因素进一步加大了灾害的损失。同时，工程勘察、设计、施工、监理、验收、运营、养护等方面存在的问题，对路堤的抗灾能力有一定影响。 依据有关规定，广东省成立了由省政府主要负责同志任组长的梅大高速茶阳路段“5·1”塌方灾害省政府调查评估组，邀请由院士专家团队牵头，公路工程、地质工程、岩土工程和气象水文等领域专家组成专家组参与调查评估。应急管理部、交通运输部、自然资源部成立国家专家指导组，与调查评估组同时进驻，全程指导广东开展灾害调查评估工作。在应急管理部、交通运输部、自然资源部等国家部委的专业指导和国家专家指导组的全程指导下，调查评估组按照科学严谨、依法依规、实事求是、注重实效的原则，通过现场勘查、调阅资料、问询谈话、调查取证、分析计算、专项试验、专家论证等方式，复盘灾害发生和应对过 ||| 郑澍、陈惠婷/央视新闻 央视新闻1月22日消息，梅大高速茶阳路段“5·1”塌方灾害调查评估报告公布今日发布。 塌方现场 视觉中国 资料图 2024年5月1日凌晨1时57分许，梅州至大埔高速公路（简称“梅大高速”）东延线K11+900～K11+950（营运桩号）路段发生塌方灾害，往东方向半幅路堤塌方，导致23辆车掉落，造成52人死亡，30人受伤。经调查认定，这是一起长时间持续性降水与多种因素叠加耦合作用，导致的特别重大人员伤亡的塌方灾害。塌方灾害发生于5月1日凌晨，有零星小雨，行车视线不良，车流量较平常突增，车辆坠落后起火燃烧，这些不利因素进一步加大了灾害的损失。同时，工程勘察、设计、施工、监理、验收、运营、养护等方面存在的问题，对路堤的抗灾能力有一定影响。 依据有关规定，广东省成立了由省政府主要负责同志任组长的梅大高速茶阳路段“5·1”塌方灾害省政府调查评估组，邀请由院士专家团队牵头，公路工程、地质工程、岩土工程和气象水文等领域专家组成专家组参与调查评估。应急管理部、交通运输部、自然资源部成立国家专家指导组，与调查评估组同时进驻，全程指导广东开展灾害调查评估工作。在应急管理部、交通运输部、自然资源部等国家部委的专业指导和国家专家指导组的全程指导下，调查评估组按照科学严谨、依法依规、实事求是、注重实效的原则，通过现场勘查、调阅资料、问询谈话、调查取证、分析计算、专项试验、专家论证等方 ||| 打开微信扫一扫 2025-1-25 18:41| 发布者: 微言网编辑部| 查看: 24210| 评论: 0 新华社广州1月22日电 广东省应急管理厅日前公布《梅大高速茶阳路段“5·1”塌方灾害调查评估报告》，调查评估工作组查明灾害原因，认定为特别重大人员伤亡的塌方灾害。 2024年5月1日凌晨1时57分许，梅州至大埔高速公路（简称梅大高速）东延线K11+900～K11+950（营运桩号）路段发生塌方灾害，往东方向半幅路堤塌方，导致23辆车掉落，造成52人死亡，30人受伤。经调查认定，这是一起长时间持续性降水与多种因素叠加耦合作用，导致的特别重大人员伤亡的塌方灾害。塌方灾害发生于5月1日凌晨，有零星小雨，行车视线不良，车流量较平常突增，车辆坠落后起火燃烧，这些不利因素进一步加大了灾害的损失。同时，工程勘察、设计、施工、监理、验收、运营、养护等方面存在的问题，对路堤的抗灾能力有一定影响。 根据习近平总书记重要指示和李强总理要求，张国清副总理率有关部门负责同志赶赴现场指导救援处置工作。应急管理部、交通运输部、自然资源部等国家部委派出工作组和专家赶赴现场指导救援工作。广东省委、省政府主要负责同志迅速赶往救援救治一线，实地指挥抢险救援、伤员救治、善后处置、风险排查和调查评估等各项工作。 依据有关规定，广东省成立了由省政府主要负责同志任组长的梅大高速茶阳路段“5·1”塌方灾害省政府调查评估组 ||| 1月22日，造成52死30伤的梅大高速塌方事故主要原因公布。经调查认定，这是一起长时间持续性降水与多种因素叠加耦合作用，导致的特别重大人员伤亡的塌方灾害。塌方灾害发生于5月1日凌晨，有零星小雨，行车视线不良，车流量较平常突增，车辆坠落后起火燃烧，这些不利因素进一步加大了灾害的损失。同时，工程勘察、设计、施工、监理、验收、运营、养护等方面存在的问题，对路堤的抗灾能力有一定影响。对在调查过程中发现的参建单位和有关部门单位的公职人员履职方面的问题线索，移交纪委监委处理；对有关参建单位及其人员的违法违规问题，交由有关部门依法查处。 来源：中国银行保险报返回搜狐，查看更多,mainstream_news ||| mainstream_news ||| mainstream_news ||| mainstream_news ||| public_web ||| mainstream_news,https://www.bjnews.com.cn/detail/1737536547129042.html ||| https://m.sohu.com/a/852284361_120808812/?pvid=000115_3w_a ||| https://news.hsw.cn/system/2025/0122/1818034.shtml ||| https://k.sina.cn/article_5044281310_12ca99fde01902apv4.html?cre=tianyi&loc=15&mod=wlocal&r=0&rfunc=9&tj=cxvertical_wlocal&tr=1047 ||| http://www.cwyan.com/portal.php?aid=85404&mod=view ||| https://www.sohu.com/a/852299893_114984,6,silver_candidate,standard_review,0.000,low,low_risk,accept,,,,,,调查报告明确指出参建各环节存在缺陷影响抗灾能力，且线索已移交纪委监委，负面情感与追责事实匹配。,annotator_A,adjudicated_final,annotator_A
E033,LLM_CANON_E033_002,国务院事故调查组及应急管理部,正式公布“1·24”特别重大火灾事故调查报告，并后续发布整改和防范措施落实情况评估报告，推动事故追责与全国消防安全治理。,neutral,应急管理部官网及权威媒体多次发布调查报告全文及后续整改评估报告，体现国家级调查与整改推进的官方立场。,SC_E033_002,国务院事故调查组;应急管理部;国家调查机构,True,,ev-00779;ev-00795;ev-00798;ev-00796,江西新余“1·24”特别重大火灾事故：国务院调查组公布事故调查报告。 栏目名称： 栏目介绍： 正在加载... 正在加载... 正在加载... 查看更多评论 京ICP备10003349号-1中央广播电视总台央视网版权所有 ||| 江西新余佳乐苑临街店铺“1·24” 特别重大火灾事故调查报告 翻译 搜索 复制 江西新余佳乐苑临街店铺“1·24” 特别重大火灾事故调查报告 翻译 搜索 复制 主办单位：应急管理部 网站标识码bm34000001京ICP备18056520号-2京公网安备11040102700086号 ||| 江西新余佳乐苑临街店铺“1·24” 特别重大火灾事故调查报告 翻译 搜索 复制 江西新余佳乐苑临街店铺“1·24” 特别重大火灾事故调查报告 翻译 搜索 复制 主办单位：应急管理部 网站标识码bm34000001京ICP备18056520号-2京公网安备11040102700086号 ||| 江西新余佳乐苑临街店铺“1·24”特别重大火灾事故整改和防范措施落实情况评估报告 http://www.mem.gov.cn/gk/zfxxgkpt/fdzdgknr/202510/t20251017_561803.shtml,mainstream_news ||| official ||| official ||| official,https://tv.cctv.cn/2024/11/08/VIDEYLOjptTQnnLXvpcqy0U0241108.shtml ||| https://www.mem.gov.cn/gk/zfxxgkpt/fdzdgknr/202409/t20240921_501979.shtml ||| http://www.mem.gov.cn/gk/zfxxgkpt/fdzdgknr/202409/t20240921_501979.shtml ||| https://gx.jiceng.zhengzhou.gov.cn/022003004/9960888.jhtml,3,silver_candidate,standard_review,0.000,low,low_risk,accept,,,,,,应急管理部官网及央视报道均证实国务院调查组公布事故调查报告及后续整改评估报告，证据确凿。,annotator_A,adjudicated_final,annotator_A
E033,LLM_CANON_E033_003,新余市政府及属地职能部门,召开新闻发布会通报事故情况；开展消防安全除患攻坚行动并曝光隐患；公开征集物业领域问题线索，推进住宅物业消防安全管理办法立法，强化属地安全治理与公众监督。,neutral,官方公告与新闻报道显示新余市通过新闻通报、消防隐患曝光、物业线索征集及规章征求意见等多维度举措回应事故并落实整改。,SC_E033_003,新余市政府;新余市消防救援支队;新余市司法局;属地管理部门,True,,ev-00775;ev-00805;ev-00807;ev-00813;ev-00814,"本报新余1月25日讯(记者甘甜)1月24日15时24分,江西省新余市渝水区天工南大道佳乐苑沿街店铺地下一层发生火灾。25日上午,新余市召开新闻发 ||| 火灾隐患曝光 强化安全意识 加强自我防范 火灾隐患稍有不慎极易引发火灾，严重威胁人民群众生命财产安全。新余市消防救援支队对存在风险隐患的各类单位开展分批曝光，通过舆论监督，推动全社会共同参与火灾防治。 新余消防持续开展 消防安全除患攻坚行动 现对存在消防隐患的 单位场所分批曝光如下 ▼▼▼ “隐患险于明火 防范胜于救灾” 曝光不是目的 安全才是第一 请各单位自觉加强消防安全管理 按照时限整改隐患 确保消防安全落实到位 如果您发现身边 存在消防安全隐患 可通过12345热线进行举报 一起防风险、促平安 来源：新余市融媒体中心（新余市广播电视台）综合新余消防 编辑：吴彦樾 彭磊 校对：李雪辰 值班主任：邹琴 谢丹 值班总编：刘远华 投稿邮箱：xinyuapp@126.com 声明：分享而不忘尊重原创，转载《新余发布》文章，请务必注明出处及作者和原文链接。部分图片、文章、音视频来自网络，请原作者及时联系我们以便发放稿酬，联系电话：0790-6446199、6446138。返回搜狐，查看更多 ||| 来源：新余发布 关于公开征集全市物业领域问题线索的公告 为整治群众身边不正之风和腐败问题，遏制物业领域矛盾纠纷和腐败问题势头，进一步规范物业服务市场秩序，提升物业服务质量，维护广大业主的合法权益，现面向社会公开征集全市物业领域问题的线索。具体事项公告如下： 一、征集范围 1.物业服务履约不到位问题。未按合同约定内容和标准提供服务，未履行信息公示和报告义务，未履行物业服务企业的移交义务。 2.侵占业主公共收益问题。小区公共收益底数不清，管理不规范，擅自利用小区公共部位经营，未公示公共收益收支情况，违规侵占小区公共收益。 3.住宅老旧电梯更新不及时问题。住宅电梯故障频发，运行状况差，出现问题维修不及时，群众反映未及时申报更新。 4.对新就业群体不友好问题。对网约车驾驶员、快递员等新就业群体不友好，出现“门难进、车难停、物难送”问题。 5.其他问题。物业服务企业擅自改变物业用房用途、无正当理由拒不退出物业服务项目等违法违规行为。 二、征集要求 1.提供的问题不得虚构或夸大事实，不得故意捏造事实诬陷他人，对恶意举报、诬告陷害他人的，将依法追究法律责任； 2.此次问题征集针对新余市范围内物业服务履约不到位、侵占业主公共收益问题，反映问题涉及民事纠纷、司法诉讼的不属于征集范围，请通过其他相关渠道反映。 3.线索提供应尽量详细具体，包括但不限于涉及的小区名称、物业服务企业名称、问题发生时间、具体 ||| 来源：新余发布 关于征集物业服务 突出问题线索的公告 为进一步畅通物业服务突出问题群众举报渠道，强化物业领域监督管理效能，切实维护广大业主合法权益，现面向社会公开征集住宅小区物业服务突出问题线索。具体事项公告如下： 一、征集线索范围 1.住宅小区物业服务质价不符问题。未按照物业服务合同约定的服务内容和标准提供服务；未履行信息公开和报告义务；未履行对物业服务区域内违法违规行为的巡查、劝阻、报告义务。 2.侵占业主公共收益问题。小区公共收益底数不清，管理不规范，擅自利用小区公共部位经营，未公示公共收益收支情况，违规侵占小区公共收益。 3.共用设施设备维护不到位问题。落实法律法规规定和物业服务合同约定，对共用设施设备管理不善，巡查不规范，维护保养不到位，维修不及时。 4.维修资金管理使用不规范问题。未按照《江西省商品住宅专项维修资金管理规定》申报使用住宅专项维修资金；贪污、侵占、骗取、套取住宅专项维修资金。 5.老旧电梯更新不及时问题。群众反映的电梯故障频发、运行状况差、存在安全隐患的住宅老旧电梯，未及时纳入更新。 6.其他问题。群众反映强烈的其他物业服务问题：（1）物业服务合同终止后，拒不退出物业服务项目或物业服务未到期，未经报备擅自离场；（2）未经小区业主大会同意擅自改变物业用房用途；（3）以停止供水、供电、供气，限购水电气费用，限制开启门禁、乘用电梯、停放车辆等方式催缴物业费；（4 ||| 为了加强住宅物业消防安全管理,预防和减少火灾危害,保障人民群众生命财产安全,我市将《新余市住宅物业消防安全管理办法》作为2023年市政府规章制定项目。现根据立法程序规定,将《新余市住宅物业消防安全管理办法》(第二次征求意见稿)全文公布,广泛听取社会各界的意见。若有建议或意见,可于2023年8月25日前通过电子邮件、传真、信函等形式反馈至新余市司法局。 联系人:简强 联系电话:0790—6441137 电子邮箱:sfjdflfk@163.com 邮政编码:338000 新余市司法局 2023年7月25日 主办：新余市人民政府办公室 地址：新余市渝水区仙来中大道288号 联系方式：0790-6441183 0790-6366819 承办：新余市数据局 地址：新余市高铁新区开元路166号新余市数字产业园A栋22楼 赣ICP备07001026号 赣公网安备 36050202000078号 政府网站标识码：3605000002",social_media ||| mainstream_news ||| public_web ||| public_web ||| official,https://www.toutiao.com/article/7328222189705101850/ ||| https://www.sohu.com/a/755374648_121106994 ||| https://jx.ifeng.com/c/8iuotyiMtLR ||| https://jx.ifeng.com/c/8rIm7ZMvs8l ||| http://www.xinyu.gov.cn/xinyu/zwgg/2023-07/24/content_0dfc4e4ec4d5406cab6f839896975ebf.shtml,4,silver_candidate,standard_review,0.000,low,low_risk,accept,,,,,,证据充分支持各项举措，表述准确，情感中性合理，予以接受。,annotator_A,adjudicated_final,annotator_A
E034,LLM_CANON_E034_001,成都市居民/市民,集中反映燃气费异常暴涨、气表计量不准及未上门抄表乱收费问题，质疑计费透明度与企业服务态度，要求重新核实实际用量、退还多收费用并规范后续收费。,negative,多名市民通过12345热线、网络留言板及业主群反映家中长期无人却产生高额气费、换表后费用翻倍，明确提出退费与重新抄表诉求，表达强烈不满。,SC_E034_001,网友;用户;李女士及邻居;投诉市民;老百姓,True,,ev-00817;ev-00818;ev-01892,成都燃气公司从2023年开始就未对我住宅燃气进行抄表工作，今年11月交费时发现燃气公司的气用量大于实表数，我在11月7日联系过燃气公司的工作人员，他表示会安排工作人员上门重新抄表核对气用数，调整费用，9号又联系过一次，但至今没人上门也没回复办理时效 我的诉求: 1、退还超过阶梯气价产生的多余费用 2、尽快安排工作人员上门重新抄表，之后按实际用量缴纳气费 请留言作者对官方回复进行评价 [点击这里进行评价] 注：办结回复后10天内网友未评价，将默认网友对该回复“满意”。 ||| 尊敬的市长同志： 我是家住成都市成华区洪山南路99号的市民，本人自2023年1月8日再次街道成都燃气发出的缴费通知后，根据对应的用气量缴清了通知的费用，但截止投诉当日发现，本人的是真实用气根本没有达到其通知的数量，甚至在家里数个月都没人的情况下，用气依旧产生，并且还是最高峰。其通过虚构的内容向本人收取了燃气费及违约金。该情况去年便已经发生过，今年又来，本人数次对其内部反应情况后，其均不做出任何回应及解决，就是一如既往的继续干。如此收取费用特别是违约金的标准是什么？事实依据又是什么？该问题涉及到老百姓的民生问题，还请妥善解决。 请留言作者对官方回复进行评价 [点击这里进行评价] 注：办结回复后10天内网友未评价，将默认网友对该回复“满意”。 ||| 界面新闻记者 | 赵孟 界面新闻编辑 | 刘海川 看到重庆天然气表出现异常的新闻之后，家住四川省成都市天府新区的李女士去查看自家天然气用量，发现也出现了重大异常。她称，2024年1月13日至2月9日，她陪母亲在海南过冬，有近两个月不在成都，但家里却产生了500多方的用气量。她在小区业主群发布了这一消息，邻居们纷纷自查，也发现了同样的异常情形。 重庆燃气费用“跑得快”曝光后，引起许多成都用户对自家燃气费用的关注。界面新闻近日接到10多位用户反映，自家的燃气费用在2023年或2024年出现异常上升，多数发生在燃气表更换后或气表移动后，异常费用通常是过去的两倍以上。此外，在人民网留言板等平台上，出现大量市民反映燃气费暴涨的线索。 4月13日，重庆召开燃气计量相关情况新闻发布会称，重庆已成立联合调查组，进驻重庆燃气集团、凯源燃气等相关燃气企业开展调查工作。截至目前，成都有关部门尚未公开统一回应此事，一些区（县）的市场监管局表示，正在就投诉线索进行调查处理。 4个月气费15000元 与李女士同在一个小区的一位邻居称，其在美国待了3个月，回家后发现产生了2000多元的燃气费。还有一位邻居对比了去年三四月份和今年三四月份的缴费清单，发现在同样的用气情况下，今年燃气费涨了50%。 李女士拨打天然气公司客服电话，联系成都天府新区华天兴能然气公司，要求上门检测，检测人员称没有发现漏气情况，对方也无法解,public_interaction ||| public_interaction ||| mainstream_news,https://ly.scol.com.cn/thread?tid=3145409&display=1&page=99 ||| https://ly.scol.com.cn/thread?tid=3171104&fid=4701 ||| https://finance.sina.com.cn/jjxw/2024-04-19/doc-inasiqea6701677.shtml,2,silver_candidate,standard_review,0.000,low,low_risk,accept,,,,,,诉求与证据高度吻合，负面情感符合市民投诉语境，予以接受。,annotator_A,adjudicated_final,annotator_A
E034,LLM_CANON_E034_002,成都市市场监督管理局及联合工作专班,高度重视市民投诉并迅速成立联合专班开展调查，通报查实燃气企业存在以估代抄、系统漏洞、计费周期随意及服务差等问题，承诺对多收费用全额退款，对违法违规行为依法追责，并开展专项整治。,neutral,官方通报详细列明调查进展、已核实的四项企业问题清单，以及全额退款、依法追责、入驻企业彻底调查等具体监管与整改措施，体现积极履职与公开回应。,SC_E034_002,市委、市政府;市场监管部门;联合调查组;成都市场监管;相关部门,True,,ev-00821;ev-01898;ev-01899;ev-01901;ev-01902;ev-01903;ev-01904;ev-01905;ev-01909,4月20日，成都市市场监督管理局发布关于市民反映燃气相关问题调查核实情况的通报。全文如下： 4月以来，我市12345热线截至19日共接到1996件燃气问题投诉，并有网友发帖质疑气表计量、燃气收费、企业服务等问题。在投诉问题受理过程中，我们发现燃气企业存在问题。市委、市政府高度重视，责成市场监管、经信、住建等部门立即成立联合工作专班，多次约谈燃气企业，督促其履行主体责任，认真对待和受理市民投诉；组织12个督导组分片进驻各区（市）县，会同技术专家、社区工作者通过现场核查、试验检测、数据比对、案例实证等方式，对市民反映的问题进行了调查核实。当前，所有投诉问题全部受理，已办理1189件，其余807件正加紧办理中。根据目前调查核实情况，查明燃气企业存在以下问题： 一是存在以估代抄、违规估抄问题。在未上门或抄表遇到用户不在家时，存在违规估抄情况，且未及时与用户沟通核准实际数据，导致出现用户不在家、不用气但仍产生燃气费的问题。如，锦江区某用户反映燃气企业不到现场抄表、乱估费用，一个月多估收100立方米气费。经调查核实，燃气企业未经核实气表实际底数706立方米，按照估算791立方米进行收费，多收取该用户85立方米气费。目前，已责成燃气企业完成退费处理。再如，青羊区某用户反映被燃气企业多预估费用的情况。经调查核实，该用户2024年2、3月分别被估收气量39立方米、60立方米，比实际多收取75立方米气 ||| 4月20日，成都市市场监督管理局发布关于市民反映燃气相关问题调查核实情况的通报。全文如下： 4月以来，我市12345热线截至19日共接到1996件燃气问题投诉，并有网友发帖质疑气表计量、燃气收费、企业服务等问题。在投诉问题受理过程中，我们发现燃气企业存在问题。市委、市政府高度重视，责成市场监管、经信、住建等部门立即成立联合工作专班，多次约谈燃气企业，督促其履行主体责任，认真对待和受理市民投诉；组织12个督导组分片进驻各区（市）县，会同技术专家、社区工作者通过现场核查、试验检测、数据比对、案例实证等方式，对市民反映的问题进行了调查核实。当前，所有投诉问题全部受理，已办理1189件，其余807件正加紧办理中。根据目前调查核实情况，查明燃气企业存在以下问题： 一是存在以估代抄、违规估抄问题。在未上门或抄表遇到用户不在家时，存在违规估抄情况，且未及时与用户沟通核准实际数据，导致出现用户不在家、不用气但仍产生燃气费的问题。如，锦江区某用户反映燃气企业不到现场抄表、乱估费用，一个月多估收100立方米气费。经调查核实，燃气企业未经核实气表实际底数706立方米，按照估算791立方米进行收费，多收取该用户85立方米气费。目前，已责成燃气企业完成退费处理。再如，青羊区某用户反映被燃气企业多预估费用的情况。经调查核实，该用户2024年2、3月分别被估收气量39立方米、60立方米，比实际多收取75立方米气 ||| 央视网消息：据成都市场监管官微消息，4月20日，成都市市场监督管理局发布关于市民反映燃气相关问题调查核实情况的通报。全文如下： 4月以来，成都市12345热线截至19日共接到1996件燃气问题投诉，并有网友发帖质疑气表计量、燃气收费、企业服务等问题。在投诉问题受理过程中，发现燃气企业存在问题。市委、市政府高度重视，责成市场监管、经信、住建等部门立即成立联合工作专班，多次约谈燃气企业，督促其履行主体责任，认真对待和受理市民投诉；组织12个督导组分片进驻各区（市）县，会同技术专家、社区工作者通过现场核查、试验检测、数据比对、案例实证等方式，对市民反映的问题进行了调查核实。当前，所有投诉问题全部受理，已办理1189件，其余807件正加紧办理中。根据目前调查核实情况，查明燃气企业存在以下问题： 一是存在以估代抄、违规估抄问题。在未上门或抄表遇到用户不在家时，存在违规估抄情况，且未及时与用户沟通核准实际数据，导致出现用户不在家、不用气但仍产生燃气费的问题。如，锦江区某用户反映燃气企业不到现场抄表、乱估费用，一个月多估收100立方米气费。经调查核实，燃气企业未经核实气表实际底数706立方米，按照估算791立方米进行收费，多收取该用户85立方米气费。目前，已责成燃气企业完成退费处理。再如，青羊区某用户反映被燃气企业多预估费用的情况。经调查核实，该用户2024年2、3月分别被估收气量39立方米、6 ||| 鲁中晨报 2024-04-20 18:17·山东·鲁中晨报官方网易号 刚刚，“成都市场监管”微信公众号发布通报： 4月以来，我市12345热线截至19日共接到1996件燃气问题投诉，并有网友发帖质疑气表计量、燃气收费、企业服务等问题。在投诉问题受理过程中，我们发现燃气企业存在问题。市委、市政府高度重视，责成市场监管、经信、住建等部门立即成立联合工作专班，多次约谈燃气企业，督促其履行主体责任，认真对待和受理市民投诉；组织12个督导组分片进驻各区（市）县，会同技术专家、社区工作者通过现场核查、试验检测、数据比对、案例实证等方式，对市民反映的问题进行了调查核实。当前，所有投诉问题全部受理，已办理1189件，其余807件正加紧办理中。根据目前调查核实情况，查明燃气企业存在以下问题： 一是存在以估代抄、违规估抄问题。在未上门或抄表遇到用户不在家时，存在违规估抄情况，且未及时与用户沟通核准实际数据，导致出现用户不在家、不用气但仍产生燃气费的问题。如，锦江区某用户反映燃气企业不到现场抄表、乱估费用，一个月多估收100立方米气费。经调查核实，燃气企业未经核实气表实际底数706立方米，按照估算791立方米进行收费，多收取该用户85立方米气费。目前，已责成燃气企业完成退费处理。再如，青羊区某用户反映被燃气企业多预估费用的情况。经调查核实，该用户2024年2、3月分别被估收气量39立方米、60立方米，比 ||| 据“成都市场监管”公众号20日消息，4月以来，我市12345热线截至19日共接到1996件燃气问题投诉，并有网友发帖质疑气表计量、燃气收费、企业服务等问题。在投诉问题受理过程中，我们发现燃气企业存在问题。市委、市政府高度重视，责成市场监管、经信、住建等部门立即成立联合工作专班，多次约谈燃气企业，督促其履行主体责任，认真对待和受理市民投诉；组织12个督导组分片进驻各区（市）县，会同技术专家、社区工作者通过现场核查、试验检测、数据比对、案例实证等方式，对市民反映的问题进行了调查核实。当前，所有投诉问题全部受理，已办理1189件，其余807件正加紧办理中。根据目前调查核实情况，查明燃气企业存在以下问题： 一是存在以估代抄、违规估抄问题。在未上门或抄表遇到用户不在家时，存在违规估抄情况，且未及时与用户沟通核准实际数据，导致出现用户不在家、不用气但仍产生燃气费的问题。如，锦江区某用户反映燃气企业不到现场抄表、乱估费用，一个月多估收100立方米气费。经调查核实，燃气企业未经核实气表实际底数706立方米，按照估算791立方米进行收费，多收取该用户85立方米气费。目前，已责成燃气企业完成退费处理。再如，青羊区某用户反映被燃气企业多预估费用的情况。经调查核实，该用户2024年2、3月分别被估收气量39立方米、60立方米，比实际多收取75立方米气费，前期用户已按估收气量缴清费用215.82元。目前，燃 ||| 转自：长安街知事 20日下午，针对成都市民反映的燃气相关问题，“成都市场监管”微信公众号发布调查核实情况通报。 通报指出，根据目前调查核实情况，查明燃气企业存在以下问题：一是存在以估代抄、违规估抄问题。二是计费采集系统存在漏洞，补录过程不透明。三是燃气计费周期随意变化，计价不规范。四是解决群众诉求服务意识差，工作方式简单。 从目前调查核实情况看，尚未发现燃气表计量和质量、燃气质量、通过远程操控改变燃气表计量等问题。现已派出联合调查工作组入驻成都燃气集团等燃气企业，对相关问题进行彻底调查。 以下为通报全文： 4月以来，我市12345热线截至19日共接到1996件燃气问题投诉，并有网友发帖质疑气表计量、燃气收费、企业服务等问题。在投诉问题受理过程中，我们发现燃气企业存在问题。市委、市政府高度重视，责成市场监管、经信、住建等部门立即成立联合工作专班，多次约谈燃气企业，督促其履行主体责任，认真对待和受理市民投诉；组织12个督导组分片进驻各区（市）县，会同技术专家、社区工作者通过现场核查、试验检测、数据比对、案例实证等方式，对市民反映的问题进行了调查核实。当前，所有投诉问题全部受理，已办理1189件，其余807件正加紧办理中。根据目前调查核实情况，查明燃气企业存在以下问题： 一是存在以估代抄、违规估抄问题。在未上门或抄表遇到用户不在家时，存在违规估抄情况，且未及时与用户沟通核准实际数据，导致 ||| 4月20日，成都市市场监督管理局发布关于市民反映燃气相关问题调查核实情况的通报。全文如下： 成都通报市民反映燃气相关问题调查核实情况，图为成都燃气logo 4月以来，我市12345热线截至19日共接到1996件燃气问题投诉，并有网友发帖质疑气表计量、燃气收费、企业服务等问题。在投诉问题受理过程中，我们发现燃气企业存在问题。市委、市政府高度重视，责成市场监管、经信、住建等部门立即成立联合工作专班，多次约谈燃气企业，督促其履行主体责任，认真对待和受理市民投诉；组织12个督导组分片进驻各区（市）县，会同技术专家、社区工作者通过现场核查、试验检测、数据比对、案例实证等方式，对市民反映的问题进行了调查核实。当前，所有投诉问题全部受理，已办理1189件，其余807件正加紧办理中。根据目前调查核实情况，查明燃气企业存在以下问题： 一是存在以估代抄、违规估抄问题。在未上门或抄表遇到用户不在家时，存在违规估抄情况，且未及时与用户沟通核准实际数据，导致出现用户不在家、不用气但仍产生燃气费的问题。如，锦江区某用户反映燃气企业不到现场抄表、乱估费用，一个月多估收100立方米气费。经调查核实，燃气企业未经核实气表实际底数706立方米，按照估算791立方米进行收费，多收取该用户85立方米气费。目前，已责成燃气企业完成退费处理。再如，青羊区某用户反映被燃气企业多预估费用的情况。经调查核实，该用户2024年2、3 ||| 用微信扫码二维码 分享至好友和朋友圈 4月20日，成都市市场监督管理局发布关于市民反映燃气相关问题调查核实情况的通报。全文如下： 成都通报市民反映燃气相关问题调查核实情况，图为成都燃气logo 4月以来，我市12345热线截至19日共接到1996件燃气问题投诉，并有网友发帖质疑气表计量、燃气收费、企业服务等问题。在投诉问题受理过程中，我们发现燃气企业存在问题。市委、市政府高度重视，责成市场监管、经信、住建等部门立即成立联合工作专班，多次约谈燃气企业，督促其履行主体责任，认真对待和受理市民投诉；组织12个督导组分片进驻各区（市）县，会同技术专家、社区工作者通过现场核查、试验检测、数据比对、案例实证等方式，对市民反映的问题进行了调查核实。当前，所有投诉问题全部受理，已办理1189件，其余807件正加紧办理中。根据目前调查核实情况，查明燃气企业存在以下问题： 一是存在以估代抄、违规估抄问题。在未上门或抄表遇到用户不在家时，存在违规估抄情况，且未及时与用户沟通核准实际数据，导致出现用户不在家、不用气但仍产生燃气费的问题。如，锦江区某用户反映燃气企业不到现场抄表、乱估费用，一个月多估收100立方米气费。经调查核实，燃气企业未经核实气表实际底数706立方米，按照估算791立方米进行收费，多收取该用户85立方米气费。目前，已责成燃气企业完成退费处理。再如，青羊区某用户反映被燃气企业多预估费用的情 ||| 证券时报e公司讯，成都市市场监督管理局发布市民反映燃气相关问题调查核实情况通报：当前，所有投诉问题全部受理，已办理1189件，其余807件正加紧办理中。根据目前调查核实情况，查明燃气企业存在以下问题：一是存在以估代抄、违规估抄问题。二是计费采集系统存在漏洞，补录过程不透明。三是燃气计费周期随意变化，计价不规范。四是解决群众诉求服务意识差，工作方式简单。从目前调查核实情况看，尚未发现燃气表计量和质量、燃气质量、通过远程操控改变燃气表计量等问题。按照市委、市政府统一部署，成都市的调查工作还在持续深入，现已派出联合调查工作组入驻成都燃气集团等燃气企业，对相关问题进行彻底调查，并开展集中整治。对经调查确认的违法违规行为和相关责任人，依法依规依纪给予组织处理，直至追究法律责任；对已经调查确认多收取的燃气费，将责成相关燃气企业全额退款。 24小时滚动播报最新的财经资讯和视频，更多粉丝福利扫描二维码关注（sinafinance） 网友提问：@@=value.question$$ 老师回答：@@=value.answer$$ @@=value.title$$ 新浪财经意见反馈留言板 新浪简介|广告服务|About Sina 联系我们|招聘信息|通行证注册 产品答疑|网站律师|SINA English Copyright © 1996-2024 SINA Corporation All Rights,public_interaction ||| public_interaction ||| public_interaction ||| public_interaction ||| public_interaction ||| social_media ||| public_interaction ||| public_interaction ||| mainstream_news,"http://gubapost.eastmoney.com/news,cjpl,1419656548.html ||| http://gubapost.eastmoney.com/news,cjpl,1419656563.html ||| https://news.cctv.com/2024/04/20/ARTInqvQgpaFoHyNN8MqpsKZ240420.shtml ||| https://c.m.163.com/news/a/J084H73C0530JPVV.html ||| https://finance.sina.com.cn/jjxw/2024-04-20/doc-inasnqhq8405879.shtml ||| https://finance.sina.com.cn/wm/2024-04-20/doc-inasnqhq8409521.shtml ||| https://m.163.com/dy/article_cambrian/J082A8DH0001899O.html ||| https://www.163.com/news/article_v3/J082A8DH0001899O.html ||| https://finance.sina.com.cn/jjxw/2024-04-20/doc-inasnqhs5182529.shtml",6,silver_candidate,standard_review,0.000,low,low_risk,accept,,,,,,官方通报内容提取准确，监管措施与问题清单对应无误，予以接受。,annotator_A,adjudicated_final,annotator_A
E034,LLM_CANON_E034_003,燃气企业（含成都燃气集团等）,被监管部门查实存在违规估抄、计费采集系统漏洞、补录不透明、计费周期随意变更及服务意识差等问题，被责令全额退还多收燃气费并接受联合工作组入驻彻底调查与整改。,negative,官方通报与市民投诉均明确指向燃气企业在抄表流程、计费系统、服务响应等方面存在多项违规与管理漏洞，企业处于被调查、被责令退款整改的被动状态。,SC_E034_003,燃气公司;相关企业;成都燃气,True,,ev-00821;ev-01898;ev-01899;ev-01901;ev-01902;ev-01903;ev-01904;ev-01905;ev-01909;ev-00817;ev-00818;ev-01892,4月20日，成都市市场监督管理局发布关于市民反映燃气相关问题调查核实情况的通报。全文如下： 4月以来，我市12345热线截至19日共接到1996件燃气问题投诉，并有网友发帖质疑气表计量、燃气收费、企业服务等问题。在投诉问题受理过程中，我们发现燃气企业存在问题。市委、市政府高度重视，责成市场监管、经信、住建等部门立即成立联合工作专班，多次约谈燃气企业，督促其履行主体责任，认真对待和受理市民投诉；组织12个督导组分片进驻各区（市）县，会同技术专家、社区工作者通过现场核查、试验检测、数据比对、案例实证等方式，对市民反映的问题进行了调查核实。当前，所有投诉问题全部受理，已办理1189件，其余807件正加紧办理中。根据目前调查核实情况，查明燃气企业存在以下问题： 一是存在以估代抄、违规估抄问题。在未上门或抄表遇到用户不在家时，存在违规估抄情况，且未及时与用户沟通核准实际数据，导致出现用户不在家、不用气但仍产生燃气费的问题。如，锦江区某用户反映燃气企业不到现场抄表、乱估费用，一个月多估收100立方米气费。经调查核实，燃气企业未经核实气表实际底数706立方米，按照估算791立方米进行收费，多收取该用户85立方米气费。目前，已责成燃气企业完成退费处理。再如，青羊区某用户反映被燃气企业多预估费用的情况。经调查核实，该用户2024年2、3月分别被估收气量39立方米、60立方米，比实际多收取75立方米气 ||| 4月20日，成都市市场监督管理局发布关于市民反映燃气相关问题调查核实情况的通报。全文如下： 4月以来，我市12345热线截至19日共接到1996件燃气问题投诉，并有网友发帖质疑气表计量、燃气收费、企业服务等问题。在投诉问题受理过程中，我们发现燃气企业存在问题。市委、市政府高度重视，责成市场监管、经信、住建等部门立即成立联合工作专班，多次约谈燃气企业，督促其履行主体责任，认真对待和受理市民投诉；组织12个督导组分片进驻各区（市）县，会同技术专家、社区工作者通过现场核查、试验检测、数据比对、案例实证等方式，对市民反映的问题进行了调查核实。当前，所有投诉问题全部受理，已办理1189件，其余807件正加紧办理中。根据目前调查核实情况，查明燃气企业存在以下问题： 一是存在以估代抄、违规估抄问题。在未上门或抄表遇到用户不在家时，存在违规估抄情况，且未及时与用户沟通核准实际数据，导致出现用户不在家、不用气但仍产生燃气费的问题。如，锦江区某用户反映燃气企业不到现场抄表、乱估费用，一个月多估收100立方米气费。经调查核实，燃气企业未经核实气表实际底数706立方米，按照估算791立方米进行收费，多收取该用户85立方米气费。目前，已责成燃气企业完成退费处理。再如，青羊区某用户反映被燃气企业多预估费用的情况。经调查核实，该用户2024年2、3月分别被估收气量39立方米、60立方米，比实际多收取75立方米气 ||| 央视网消息：据成都市场监管官微消息，4月20日，成都市市场监督管理局发布关于市民反映燃气相关问题调查核实情况的通报。全文如下： 4月以来，成都市12345热线截至19日共接到1996件燃气问题投诉，并有网友发帖质疑气表计量、燃气收费、企业服务等问题。在投诉问题受理过程中，发现燃气企业存在问题。市委、市政府高度重视，责成市场监管、经信、住建等部门立即成立联合工作专班，多次约谈燃气企业，督促其履行主体责任，认真对待和受理市民投诉；组织12个督导组分片进驻各区（市）县，会同技术专家、社区工作者通过现场核查、试验检测、数据比对、案例实证等方式，对市民反映的问题进行了调查核实。当前，所有投诉问题全部受理，已办理1189件，其余807件正加紧办理中。根据目前调查核实情况，查明燃气企业存在以下问题： 一是存在以估代抄、违规估抄问题。在未上门或抄表遇到用户不在家时，存在违规估抄情况，且未及时与用户沟通核准实际数据，导致出现用户不在家、不用气但仍产生燃气费的问题。如，锦江区某用户反映燃气企业不到现场抄表、乱估费用，一个月多估收100立方米气费。经调查核实，燃气企业未经核实气表实际底数706立方米，按照估算791立方米进行收费，多收取该用户85立方米气费。目前，已责成燃气企业完成退费处理。再如，青羊区某用户反映被燃气企业多预估费用的情况。经调查核实，该用户2024年2、3月分别被估收气量39立方米、6 ||| 鲁中晨报 2024-04-20 18:17·山东·鲁中晨报官方网易号 刚刚，“成都市场监管”微信公众号发布通报： 4月以来，我市12345热线截至19日共接到1996件燃气问题投诉，并有网友发帖质疑气表计量、燃气收费、企业服务等问题。在投诉问题受理过程中，我们发现燃气企业存在问题。市委、市政府高度重视，责成市场监管、经信、住建等部门立即成立联合工作专班，多次约谈燃气企业，督促其履行主体责任，认真对待和受理市民投诉；组织12个督导组分片进驻各区（市）县，会同技术专家、社区工作者通过现场核查、试验检测、数据比对、案例实证等方式，对市民反映的问题进行了调查核实。当前，所有投诉问题全部受理，已办理1189件，其余807件正加紧办理中。根据目前调查核实情况，查明燃气企业存在以下问题： 一是存在以估代抄、违规估抄问题。在未上门或抄表遇到用户不在家时，存在违规估抄情况，且未及时与用户沟通核准实际数据，导致出现用户不在家、不用气但仍产生燃气费的问题。如，锦江区某用户反映燃气企业不到现场抄表、乱估费用，一个月多估收100立方米气费。经调查核实，燃气企业未经核实气表实际底数706立方米，按照估算791立方米进行收费，多收取该用户85立方米气费。目前，已责成燃气企业完成退费处理。再如，青羊区某用户反映被燃气企业多预估费用的情况。经调查核实，该用户2024年2、3月分别被估收气量39立方米、60立方米，比 ||| 据“成都市场监管”公众号20日消息，4月以来，我市12345热线截至19日共接到1996件燃气问题投诉，并有网友发帖质疑气表计量、燃气收费、企业服务等问题。在投诉问题受理过程中，我们发现燃气企业存在问题。市委、市政府高度重视，责成市场监管、经信、住建等部门立即成立联合工作专班，多次约谈燃气企业，督促其履行主体责任，认真对待和受理市民投诉；组织12个督导组分片进驻各区（市）县，会同技术专家、社区工作者通过现场核查、试验检测、数据比对、案例实证等方式，对市民反映的问题进行了调查核实。当前，所有投诉问题全部受理，已办理1189件，其余807件正加紧办理中。根据目前调查核实情况，查明燃气企业存在以下问题： 一是存在以估代抄、违规估抄问题。在未上门或抄表遇到用户不在家时，存在违规估抄情况，且未及时与用户沟通核准实际数据，导致出现用户不在家、不用气但仍产生燃气费的问题。如，锦江区某用户反映燃气企业不到现场抄表、乱估费用，一个月多估收100立方米气费。经调查核实，燃气企业未经核实气表实际底数706立方米，按照估算791立方米进行收费，多收取该用户85立方米气费。目前，已责成燃气企业完成退费处理。再如，青羊区某用户反映被燃气企业多预估费用的情况。经调查核实，该用户2024年2、3月分别被估收气量39立方米、60立方米，比实际多收取75立方米气费，前期用户已按估收气量缴清费用215.82元。目前，燃 ||| 转自：长安街知事 20日下午，针对成都市民反映的燃气相关问题，“成都市场监管”微信公众号发布调查核实情况通报。 通报指出，根据目前调查核实情况，查明燃气企业存在以下问题：一是存在以估代抄、违规估抄问题。二是计费采集系统存在漏洞，补录过程不透明。三是燃气计费周期随意变化，计价不规范。四是解决群众诉求服务意识差，工作方式简单。 从目前调查核实情况看，尚未发现燃气表计量和质量、燃气质量、通过远程操控改变燃气表计量等问题。现已派出联合调查工作组入驻成都燃气集团等燃气企业，对相关问题进行彻底调查。 以下为通报全文： 4月以来，我市12345热线截至19日共接到1996件燃气问题投诉，并有网友发帖质疑气表计量、燃气收费、企业服务等问题。在投诉问题受理过程中，我们发现燃气企业存在问题。市委、市政府高度重视，责成市场监管、经信、住建等部门立即成立联合工作专班，多次约谈燃气企业，督促其履行主体责任，认真对待和受理市民投诉；组织12个督导组分片进驻各区（市）县，会同技术专家、社区工作者通过现场核查、试验检测、数据比对、案例实证等方式，对市民反映的问题进行了调查核实。当前，所有投诉问题全部受理，已办理1189件，其余807件正加紧办理中。根据目前调查核实情况，查明燃气企业存在以下问题： 一是存在以估代抄、违规估抄问题。在未上门或抄表遇到用户不在家时，存在违规估抄情况，且未及时与用户沟通核准实际数据，导致 ||| 4月20日，成都市市场监督管理局发布关于市民反映燃气相关问题调查核实情况的通报。全文如下： 成都通报市民反映燃气相关问题调查核实情况，图为成都燃气logo 4月以来，我市12345热线截至19日共接到1996件燃气问题投诉，并有网友发帖质疑气表计量、燃气收费、企业服务等问题。在投诉问题受理过程中，我们发现燃气企业存在问题。市委、市政府高度重视，责成市场监管、经信、住建等部门立即成立联合工作专班，多次约谈燃气企业，督促其履行主体责任，认真对待和受理市民投诉；组织12个督导组分片进驻各区（市）县，会同技术专家、社区工作者通过现场核查、试验检测、数据比对、案例实证等方式，对市民反映的问题进行了调查核实。当前，所有投诉问题全部受理，已办理1189件，其余807件正加紧办理中。根据目前调查核实情况，查明燃气企业存在以下问题： 一是存在以估代抄、违规估抄问题。在未上门或抄表遇到用户不在家时，存在违规估抄情况，且未及时与用户沟通核准实际数据，导致出现用户不在家、不用气但仍产生燃气费的问题。如，锦江区某用户反映燃气企业不到现场抄表、乱估费用，一个月多估收100立方米气费。经调查核实，燃气企业未经核实气表实际底数706立方米，按照估算791立方米进行收费，多收取该用户85立方米气费。目前，已责成燃气企业完成退费处理。再如，青羊区某用户反映被燃气企业多预估费用的情况。经调查核实，该用户2024年2、3 ||| 用微信扫码二维码 分享至好友和朋友圈 4月20日，成都市市场监督管理局发布关于市民反映燃气相关问题调查核实情况的通报。全文如下： 成都通报市民反映燃气相关问题调查核实情况，图为成都燃气logo 4月以来，我市12345热线截至19日共接到1996件燃气问题投诉，并有网友发帖质疑气表计量、燃气收费、企业服务等问题。在投诉问题受理过程中，我们发现燃气企业存在问题。市委、市政府高度重视，责成市场监管、经信、住建等部门立即成立联合工作专班，多次约谈燃气企业，督促其履行主体责任，认真对待和受理市民投诉；组织12个督导组分片进驻各区（市）县，会同技术专家、社区工作者通过现场核查、试验检测、数据比对、案例实证等方式，对市民反映的问题进行了调查核实。当前，所有投诉问题全部受理，已办理1189件，其余807件正加紧办理中。根据目前调查核实情况，查明燃气企业存在以下问题： 一是存在以估代抄、违规估抄问题。在未上门或抄表遇到用户不在家时，存在违规估抄情况，且未及时与用户沟通核准实际数据，导致出现用户不在家、不用气但仍产生燃气费的问题。如，锦江区某用户反映燃气企业不到现场抄表、乱估费用，一个月多估收100立方米气费。经调查核实，燃气企业未经核实气表实际底数706立方米，按照估算791立方米进行收费，多收取该用户85立方米气费。目前，已责成燃气企业完成退费处理。再如，青羊区某用户反映被燃气企业多预估费用的情 ||| 证券时报e公司讯，成都市市场监督管理局发布市民反映燃气相关问题调查核实情况通报：当前，所有投诉问题全部受理，已办理1189件，其余807件正加紧办理中。根据目前调查核实情况，查明燃气企业存在以下问题：一是存在以估代抄、违规估抄问题。二是计费采集系统存在漏洞，补录过程不透明。三是燃气计费周期随意变化，计价不规范。四是解决群众诉求服务意识差，工作方式简单。从目前调查核实情况看，尚未发现燃气表计量和质量、燃气质量、通过远程操控改变燃气表计量等问题。按照市委、市政府统一部署，成都市的调查工作还在持续深入，现已派出联合调查工作组入驻成都燃气集团等燃气企业，对相关问题进行彻底调查，并开展集中整治。对经调查确认的违法违规行为和相关责任人，依法依规依纪给予组织处理，直至追究法律责任；对已经调查确认多收取的燃气费，将责成相关燃气企业全额退款。 24小时滚动播报最新的财经资讯和视频，更多粉丝福利扫描二维码关注（sinafinance） 网友提问：@@=value.question$$ 老师回答：@@=value.answer$$ @@=value.title$$ 新浪财经意见反馈留言板 新浪简介|广告服务|About Sina 联系我们|招聘信息|通行证注册 产品答疑|网站律师|SINA English Copyright © 1996-2024 SINA Corporation All Rights ||| 成都燃气公司从2023年开始就未对我住宅燃气进行抄表工作，今年11月交费时发现燃气公司的气用量大于实表数，我在11月7日联系过燃气公司的工作人员，他表示会安排工作人员上门重新抄表核对气用数，调整费用，9号又联系过一次，但至今没人上门也没回复办理时效 我的诉求: 1、退还超过阶梯气价产生的多余费用 2、尽快安排工作人员上门重新抄表，之后按实际用量缴纳气费 请留言作者对官方回复进行评价 [点击这里进行评价] 注：办结回复后10天内网友未评价，将默认网友对该回复“满意”。 ||| 尊敬的市长同志： 我是家住成都市成华区洪山南路99号的市民，本人自2023年1月8日再次街道成都燃气发出的缴费通知后，根据对应的用气量缴清了通知的费用，但截止投诉当日发现，本人的是真实用气根本没有达到其通知的数量，甚至在家里数个月都没人的情况下，用气依旧产生，并且还是最高峰。其通过虚构的内容向本人收取了燃气费及违约金。该情况去年便已经发生过，今年又来，本人数次对其内部反应情况后，其均不做出任何回应及解决，就是一如既往的继续干。如此收取费用特别是违约金的标准是什么？事实依据又是什么？该问题涉及到老百姓的民生问题，还请妥善解决。 请留言作者对官方回复进行评价 [点击这里进行评价] 注：办结回复后10天内网友未评价，将默认网友对该回复“满意”。 ||| 界面新闻记者 | 赵孟 界面新闻编辑 | 刘海川 看到重庆天然气表出现异常的新闻之后，家住四川省成都市天府新区的李女士去查看自家天然气用量，发现也出现了重大异常。她称，2024年1月13日至2月9日，她陪母亲在海南过冬，有近两个月不在成都，但家里却产生了500多方的用气量。她在小区业主群发布了这一消息，邻居们纷纷自查，也发现了同样的异常情形。 重庆燃气费用“跑得快”曝光后，引起许多成都用户对自家燃气费用的关注。界面新闻近日接到10多位用户反映，自家的燃气费用在2023年或2024年出现异常上升，多数发生在燃气表更换后或气表移动后，异常费用通常是过去的两倍以上。此外，在人民网留言板等平台上，出现大量市民反映燃气费暴涨的线索。 4月13日，重庆召开燃气计量相关情况新闻发布会称，重庆已成立联合调查组，进驻重庆燃气集团、凯源燃气等相关燃气企业开展调查工作。截至目前，成都有关部门尚未公开统一回应此事，一些区（县）的市场监管局表示，正在就投诉线索进行调查处理。 4个月气费15000元 与李女士同在一个小区的一位邻居称，其在美国待了3个月，回家后发现产生了2000多元的燃气费。还有一位邻居对比了去年三四月份和今年三四月份的缴费清单，发现在同样的用气情况下，今年燃气费涨了50%。 李女士拨打天然气公司客服电话，联系成都天府新区华天兴能然气公司，要求上门检测，检测人员称没有发现漏气情况，对方也无法解,public_interaction ||| public_interaction ||| public_interaction ||| public_interaction ||| public_interaction ||| social_media ||| public_interaction ||| public_interaction ||| mainstream_news ||| public_interaction ||| public_interaction ||| mainstream_news,"http://gubapost.eastmoney.com/news,cjpl,1419656548.html ||| http://gubapost.eastmoney.com/news,cjpl,1419656563.html ||| https://news.cctv.com/2024/04/20/ARTInqvQgpaFoHyNN8MqpsKZ240420.shtml ||| https://c.m.163.com/news/a/J084H73C0530JPVV.html ||| https://finance.sina.com.cn/jjxw/2024-04-20/doc-inasnqhq8405879.shtml ||| https://finance.sina.com.cn/wm/2024-04-20/doc-inasnqhq8409521.shtml ||| https://m.163.com/dy/article_cambrian/J082A8DH0001899O.html ||| https://www.163.com/news/article_v3/J082A8DH0001899O.html ||| https://finance.sina.com.cn/jjxw/2024-04-20/doc-inasnqhs5182529.shtml ||| https://ly.scol.com.cn/thread?tid=3145409&display=1&page=99 ||| https://ly.scol.com.cn/thread?tid=3171104&fid=4701 ||| https://finance.sina.com.cn/jjxw/2024-04-19/doc-inasiqea6701677.shtml",7,silver_candidate,standard_review,0.000,low,low_risk,accept,,,,,,企业责任认定与证据一致，负面情感恰当，予以接受。,annotator_A,adjudicated_final,annotator_A
E035,LLM_CANON_E035_001,余杭区人民政府,发布情况通报说明异味初步原因为特定气候条件下藻类厌氧降解产生的硫醚类物质，对给居民生活带来的不便深表歉意，承诺加强管理确保供水安全，并呼吁公众不信谣不传谣。,neutral,证据显示区政府于7月19日发布正式通报，详细说明了事件原因、应急措施及后续管理承诺，并对公众致歉。,SC_E035_001,余杭区政府;官方;政府通报,True,,ev-00836;ev-00837;ev-00838;ev-00839;ev-00840;ev-00841;ev-00842;ev-00843;ev-00844;ev-01911;ev-01916;ev-01917;ev-01918;ev-01920;ev-01921;ev-01922;ev-01923;ev-01925;ev-01929,"官方通报余杭自来水异味 7月16日8时，仁和水厂发现水质嗅味指标异常，经采样分析确认后随即启动供水突发事件应急预案，切换水源，供水水质得到有效控制，出厂水质安全。情况发生后，立即启动调查程序，并成立由国家、省级专家等组成的调查组，已初步查明导致异味的为特定自然气候条件下藻类厌氧降解产生的硫醚类物质，具体原因正在进一步溯源调查中，有关结果将及时公布。目前网上谣言较多，关于“粪水”的网络谣言，警方已依法查处，请大家不信谣、不传谣。 对此事给广大居民群众生活带来的影响和不便，我们深表歉意，并将进一步加强管理、确保供水安全。 更多热点速报、权威资讯、深度分析尽在北京日报App 来源：@央视新闻 流程编辑：U022 举报邮箱：jubao@vip.sina.com Copyright © 1996-2026 SINA Corporation All Rights Reserved 新浪公司 版权所有 ||| 7月16日上午，杭州市余杭区仁和街道及良渚街道部分区域出现自来水异味。对此，余杭区人民政府今天发布情况通报，通报全文如下： 7月16日8时，仁和水厂发现水质嗅味指标异常，经采样分析确认后随即启动供水突发事件应急预案，切换水源，供水水质得到有效控制，出厂水质安全。情况发生后，立即启动调查程序，并成立由国家、省级专家等组成的调查组，已初步查明导致异味的为特定自然气候条件下藻类厌氧降解产生的硫醚类物质，具体原因正在进一步溯源调查中，有关结果将及时公布。目前网上谣言较多，关于“粪水”的网络谣言，警方已依法查处，请大家不信谣、不传谣。 对此事给广大居民群众生活带来的影响和不便，我们深表歉意，并将进一步加强管理、确保供水安全。 余杭区人民政府 2025年7月19日 来源：余杭发布 举报邮箱：jubao@vip.sina.com Copyright © 1996-2026 SINA Corporation All Rights Reserved 新浪公司 版权所有 ||| 据央视新闻，7月16日上午，杭州市余杭区仁和街道及良渚街道部分区域出现自来水气味异常。 对此，余杭区人民政府今天发布情况通报：7月16日8时，仁和水厂发现水质嗅味指标异常，经采样分析确认后随即启动供水突发事件应急预案，切换水源，供水水质得到有效控制，出厂水质安全。情况发生后，立即启动调查程序，并成立由国家、省级专家等组成的调查组，已初步查明导致异味的为特定自然气候条件下藻类厌氧降解产生的硫醚类物质，具体原因正在进一步溯源调查中，有关结果将及时公布。目前网上谣言较多，关于“粪水”的网络谣言，警方已依法查处，请大家不信谣、不传谣。 对此事给广大居民群众生活带来的影响和不便，我们深表歉意，并将进一步加强管理、确保供水安全。 来源 | 央视新闻 ||| 7月16日上午,杭州市余杭区仁和街道及良渚街道部分区域出现自来水气味异常。对此,余杭区人民政府今天发布情况通报:7月16日8时,仁和水厂发现水质嗅味指标异常,经采样分析确认后随即启动供水突发事件应急预 ||| 用微信扫码二维码 分享至好友和朋友圈 7月16日上午，杭州市余杭区仁和街道及良渚街道部分区域出现自来水气味异常。 对此，余杭区人民政府今天（19日）发布情况通报：7月16日8时，仁和水厂发现水质嗅味指标异常，经采样分析确认后随即启动供水突发事件应急预案，切换水源，供水水质得到有效控制，出厂水质安全。情况发生后，立即启动调查程序，并成立由国家、省级专家等组成的调查组，已初步查明导致异味的为特定自然气候条件下藻类厌氧降解产生的硫醚类物质，具体原因正在进一步溯源调查中，有关结果将及时公布。目前网上谣言较多，关于“粪水”的网络谣言，警方已依法查处，请大家不信谣、不传谣。 ||| 杭州余杭区政府今天（7月19日）就仁和街道及良渚街道部分区域出现自来水气味异常发布情况通报： 7月16日8时，仁和水厂发现水质嗅味指标异常，经采样分析确认后随即启动供水突发事件应急预案，切换水源，供水水质得到有效控制，出厂水质安全。情况发生后，立即启动调查程序，并成立由国家、省级专家等组成的调查组，已初步查明导致异味的为特定自然气候条件下藻类厌氧降解产生的硫醚类物质，具体原因正在进一步溯源调查中，有关结果将及时公布。目前网上谣言较多，关于“粪水”的网络谣言，警方已依法查处，请大家不信谣、不传谣。 对此事给广大居民群众生活带来的影响和不便，我们深表歉意，并将进一步加强管理、确保供水安全。 此前报道 7月16日上午，杭州市余杭区仁和街道及良渚街道部分区域出现自来水气味异常。继7月16日晚，杭州余杭水务控股集团有限公司回应后，7月17日该公司再次回应，7月16日切换水源，仁和水厂主管网恢复正常后，目前已完成对各支管和二供水箱的冲洗。经检测，仁和街道、良渚街道的水质已经恢复，用户可以正常使用。在使用前，请用户对“存水”进行排放。为弥补用户损失，该公司将会给予7月份每户5吨水费的减免。 记者致电该公司相关负责人时，对方表示，目前具体原因仍在进一步调查中。 来源：央视新闻 举报邮箱：jubao@vip.sina.com Copyright © 1996-2026 SINA Corporatio ||| 华声在线 湖南在线 | 新闻 专题 评论 投诉 论坛 | 图片 视频 文旅 | 经济 房产 集团报刊 7月16日上午，杭州市余杭区仁和街道及良渚街道部分区域出现自来水气味异常。 对此，余杭区人民政府今天发布情况通报：7月16日8时，仁和水厂发现水质嗅味指标异常，经采样分析确认后随即启动供水突发事件应急预案，切换水源，供水水质得到有效控制，出厂水质安全。情况发生后，立即启动调查程序，并成立由国家、省级专家等组成的调查组，已初步查明导致异味的为特定自然气候条件下藻类厌氧降解产生的硫醚类物质，具体原因正在进一步溯源调查中，有关结果将及时公布。目前网上谣言较多，关于“粪水”的网络谣言，警方已依法查处，请大家不信谣、不传谣。 对此事给广大居民群众生活带来的影响和不便，我们深表歉意，并将进一步加强管理、确保供水安全。 此前报道 7月16日上午，杭州市余杭区仁和街道及良渚街道部分区域出现自来水气味异常。继7月16日晚，杭州余杭水务控股集团有限公司回应后，7月17日该公司再次回应，7月16日切换水源，仁和水厂主管网恢复正常后，目前已完成对各支管和二供水箱的冲洗。经检测，仁和街道、良渚街道的水质已经恢复，用户可以正常使用。在使用前，请用户对“存水”进行排放。为弥补用户损失，该公司将会给予7月份每户5吨水费的减免。 记者致电该公司相关负责人时，对方表示，目前具体原因仍在进一步调查中。 责编：周培 一审 ||| 7月16日上午，杭州市余杭区仁和街道及良渚街道部分区域出现自来水气味异常。 对此，余杭区人民政府今天发布情况通报：7月16日8时，仁和水厂发现水质嗅味指标异常，经采样分析确认后随即启动供水突发事件应急预案，切换水源，供水水质得到有效控制，出厂水质安全。情况发生后，立即启动调查程序，并成立由国家、省级专家等组成的调查组，已初步查明导致异味的为特定自然气候条件下藻类厌氧降解产生的硫醚类物质，具体原因正在进一步溯源调查中，有关结果将及时公布。目前网上谣言较多，关于“粪水”的网络谣言，警方已依法查处，请大家不信谣、不传谣。 对此事给广大居民群众生活带来的影响和不便，我们深表歉意，并将进一步加强管理、确保供水安全。 此前报道 7月16日上午，杭州市余杭区仁和街道及良渚街道部分区域出现自来水气味异常。继7月16日晚，杭州余杭水务控股集团有限公司回应后，7月17日该公司再次回应，7月16日切换水源，仁和水厂主管网恢复正常后，目前已完成对各支管和二供水箱的冲洗。经检测，仁和街道、良渚街道的水质已经恢复，用户可以正常使用。在使用前，请用户对“存水”进行排放。为弥补用户损失，该公司将会给予7月份每户5吨水费的减免。 记者致电该公司相关负责人时，对方表示，目前具体原因仍在进一步调查中。返回搜狐，查看更多 责任编辑：刘亚鹏 UN1007 ||| 调查问题加载中，请稍候。 若长时间无响应，请刷新本页面 7月16日上午，杭州市余杭区仁和街道及良渚街道部分区域出现自来水气味异常。 对此，余杭区人民政府今天发布情况通报：7月16日8时，仁和水厂发现水质嗅味指标异常，经采样分析确认后随即启动供水突发事件应急预案，切换水源，供水水质得到有效控制，出厂水质安全。情况发生后，立即启动调查程序，并成立由国家、省级专家等组成的调查组，已初步查明导致异味的为特定自然气候条件下藻类厌氧降解产生的硫醚类物质，具体原因正在进一步溯源调查中，有关结果将及时公布。目前网上谣言较多，关于“粪水”的网络谣言，警方已依法查处，请大家不信谣、不传谣。 对此事给广大居民群众生活带来的影响和不便，我们深表歉意，并将进一步加强管理、确保供水安全。 点击右上角微信好友 朋友圈 点击浏览器下方“”分享微信好友Safari浏览器请点击“”按钮 点击右上角QQ 点击浏览器下方“”分享QQ好友Safari浏览器请点击“”按钮 ||| 退出激活卡电子版 购物车注册登录 用户名登录/手机号登录 还没有账号？免费注册 忘记密码？ 忘记密码？ + - 经观智讯2025-07-19 20:47 经济观察网 7月19日，杭州余杭区人民政府针对近期区内自来水异味事件发布情况通报。通报指出，经初步调查，异味是由特定自然气候条件下藻类厌氧降解产生的硫醚类物质所致，具体原因仍在进一步溯源调查中。余杭区政府对由此给居民生活带来的影响和不便深表歉意，并承诺将加强管理，确保供水安全。同时，区政府呼吁公众不信谣、不传谣，对于网络上关于“粪水”的谣言，警方已依法进行查处。 总编对话｜从中国走向世界——对话松下电器中国东北亚公司总裁CEO木下步 聚焦主业 提升品牌：恒安集团接班人的长期主义理想 希捷科技全球执行副总裁暨首席商务官郑万成：未来五年，中国将成为全球生成数据最多的市场 ||| 方便，快捷 手机查看财经快讯 专业，丰富 一手掌握市场脉搏 提示： 微信扫一扫 分享到您的 朋友圈 7月16日上午，杭州市余杭区仁和街道及良渚街道部分区域出现自来水气味异常。 对此，余杭区人民政府今天发布情况通报：7月16日8时，仁和水厂发现水质嗅味指标异常，经采样分析确认后随即启动供水突发事件应急预案，切换水源，供水水质得到有效控制，出厂水质安全。情况发生后，立即启动调查程序，并成立由国家、省级专家等组成的调查组，已初步查明导致异味的为特定自然气候条件下藻类厌氧降解产生的硫醚类物质，具体原因正在进一步溯源调查中，有关结果将及时公布。目前网上谣言较多，关于“粪水”的网络谣言，警方已依法查处，请大家不信谣、不传谣。 对此事给广大居民群众生活带来的影响和不便，我们深表歉意，并将进一步加强管理、确保供水安全。 （文章来源：人民日报） 打开微信， 点击底部的“发现” 使用“扫一扫” 即可将网页分享至朋友圈 扫描二维码关注 东方财富官网微信 ||| 据人民日报客户端消息，7月16日上午，杭州市余杭区仁和街道及良渚街道部分区域出现自来水气味异常。 对此，余杭区人民政府今天发布情况通报：7月16日8时，仁和水厂发现水质嗅味指标异常，经采样分析确认后随即启动供水突发事件应急预案，切换水源，供水水质得到有效控制，出厂水质安全。情况发生后，立即启动调查程序，并成立由国家、省级专家等组成的调查组，已初步查明导致异味的为特定自然气候条件下藻类厌氧降解产生的硫醚类物质，具体原因正在进一步溯源调查中，有关结果将及时公布。目前网上谣言较多，关于“粪水”的网络谣言，警方已依法查处，请大家不信谣、不传谣。 对此事给广大居民群众生活带来的影响和不便，我们深表歉意，并将进一步加强管理、确保供水安全。 来源 人民日报客户端 值班编辑 康嘻嘻 黄杨某甜“天价耳环”有关问题，最新通报 特朗普：将对俄罗斯征收100%关税 满某某（男，48岁）搭顺风车猥亵邻座熟睡女子，被行拘 最近微信改版 经常有读者朋友错过推送 星标🌟“新京报” 及时接收最新最热的推文 点击“在看”，分享热点👇 举报邮箱：jubao@vip.sina.com Copyright © 1996-2026 SINA Corporation All Rights Reserved 新浪公司 版权所有 ||| 据央视新闻消息，7月16日上午，杭州市余杭区仁和街道及良渚街道部分区域出现自来水气味异常。 对此，余杭区人民政府今天发布情况通报：7月16日8时，仁和水厂发现水质嗅味指标异常，经采样分析确认后随即启动供水突发事件应急预案，切换水源，供水水质得到有效控制，出厂水质安全。情况发生后，立即启动调查程序，并成立由国家、省级专家等组成的调查组，已初步查明导致异味的为特定自然气候条件下藻类厌氧降解产生的硫醚类物质，具体原因正在进一步溯源调查中，有关结果将及时公布。目前网上谣言较多，关于“粪水”的网络谣言，警方已依法查处，请大家不信谣、不传谣。 对此事给广大居民群众生活带来的影响和不便，我们深表歉意，并将进一步加强管理、确保供水安全。 此前报道 7月16日上午，杭州市余杭区仁和街道及良渚街道部分区域出现自来水气味异常。继7月16日晚，杭州余杭水务控股集团有限公司回应后，7月17日该公司再次回应，7月16日切换水源，仁和水厂主管网恢复正常后，目前已完成对各支管和二供水箱的冲洗。经检测，仁和街道、良渚街道的水质已经恢复，用户可以正常使用。在使用前，请用户对“存水”进行排放。为弥补用户损失，该公司将会给予7月份每户5吨水费的减免。 记者致电该公司相关负责人时，对方表示，目前具体原因仍在进一步调查中。 推荐阅读：警情通报称杭州水务集团刘某某接驳下水排污管网后潜逃？官方辟谣 举报邮箱：jubao@vip. ||| 用微信扫码二维码 分享至好友和朋友圈 2025.07.19 本文字数：646，阅读时长大约2分钟 据央视新闻，7月16日上午，杭州市余杭区仁和街道及良渚街道部分区域出现自来水气味异常。 对此，余杭区人民政府今天发布情况通报：7月16日8时，仁和水厂发现水质嗅味指标异常，经采样分析确认后随即启动供水突发事件应急预案，切换水源，供水水质得到有效控制，出厂水质安全。情况发生后，立即启动调查程序，并成立由国家、省级专家等组成的调查组，已初步查明导致异味的为特定自然气候条件下藻类厌氧降解产生的硫醚类物质，具体原因正在进一步溯源调查中，有关结果将及时公布。目前网上谣言较多，关于“粪水”的网络谣言，警方已依法查处，请大家不信谣、不传谣。 对此事给广大居民群众生活带来的影响和不便，我们深表歉意，并将进一步加强管理、确保供水安全。 7月16日上午，杭州市余杭区仁和街道及良渚街道部分区域出现自来水气味异常。继7月16日晚，杭州余杭水务控股集团有限公司回应后，7月17日该公司再次回应，7月16日切换水源，仁和水厂主管网恢复正常后，目前已完成对各支管和二供水箱的冲洗。经检测，仁和街道、良渚街道的水质已经恢复，用户可以正常使用。在使用前，请用户对“存水”进行排放。为弥补用户损失，该公司将会给予7月份每户5吨水费的减免。 微信编辑| 雨林 特别声明：以上内容(如有图片或视频亦包括在内)为自媒体平台“网易号”用 ||| 分享到 2025-07-19 余杭发布微信公众号 浙江杭州余杭区人民政府通报：7月16日8时，仁和水厂发现水质嗅味指标异常。情况发生后，立即启动调查程序，并成立由国家、省级专家等组成的调查组，已初步查明导致异味的为特定自然气候条件下藻类厌氧降解产生的硫醚类物质，具体原因正在进一步溯源调查中，有关结果将及时公布。 网络编辑：明非 登录获取更多阅读权限 {{ isview_popup.firstLine }}{{ isview_popup.highlight }} {{ isview_popup.secondLine }} 广东南方数媒工场科技有限责任公司 | 新闻信息服务许可证号：44120190002 ICP经营许可证号：粤B2-20050252号 网站备案信息：粤ICP备13019428号 违法和不良信息监督电话：020-87361587 | 监督邮箱：nfzm@infzm.com 粤公网安备 44010402002852号 ||| 7月16日上午,杭州市余杭区仁和街道及良渚街道部分区域出现自来水气味异常。 对此,余杭区人民政府今天发布情况通报:7月16日8时,仁和水厂发现水质嗅味指标异常,经采样分析确认后随即启动供水突发事件应急 ||| 来源：@央视新闻 7月16日8时，仁和水厂发现水质嗅味指标异常，经采样分析确认后随即启动供水突发事件应急预案，切换水源，供水水质得到有效控制，出厂水质安全。情况发生后，立即启动调查程序，并成立由国家、省级专家等组成的调查组，已初步查明导致异味的为特定自然气候条件下藻类厌氧降解产生的硫醚类物质，具体原因正在进一步溯源调查中，有关结果将及时公布。目前网上谣言较多，关于“粪水”的网络谣言，警方已依法查处，请大家不信谣、不传谣。 对此事给广大居民群众生活带来的影响和不便，我们深表歉意，并将进一步加强管理、确保供水安全。 举报邮箱：jubao@vip.sina.com Copyright © 1996-2026 SINA Corporation All Rights Reserved 新浪公司 版权所有 ||| 潮新闻 2025-07-19 15:43发布于浙江潮新闻官方账号 潮新闻客户端 记者 7月16日8时，仁和水厂发现水质嗅味指标异常，经采样分析确认后随即启动供水突发事件应急预案，切换水源，供水水质得到有效控制，出厂水质安全。情况发生后，立即启动调查程序，并成立由国家、省级专家等组成的调查组，已初步查明导致异味的为特定自然气候条件下藻类厌氧降解产生的硫醚类物质，具体原因正在进一步溯源调查中，有关结果将及时公布。目前网上谣言较多，关于“粪水”的网络谣言，警方已依法查处，请大家不信谣、不传谣。 对此事给广大居民群众生活带来的影响和不便，我们深表歉意，并将进一步加强管理、确保供水安全。 “转载请注明出处” ||| 杭州余杭区政府今天就仁和街道及良渚街道部分区域出现自来水气味异常发布情况通报： 7月16日8时，仁和水厂发现水质嗅味指标异常，经采样分析确认后随即启动供水突发事件应急预案，切换水源，供水水质得到有效控制，出厂水质安全。情况发生后，立即启动调查程序，并成立由国家、省级专家等组成的调查组，已初步查明导致异味的为特定自然气候条件下藻类厌氧降解产生的硫醚类物质，具体原因正在进一步溯源调查中，有关结果将及时公布。目前网上谣言较多，关于“粪水”的网络谣言，警方已依法查处，请大家不信谣、不传谣。 对此事给广大居民群众生活带来的影响和不便，我们深表歉意，并将进一步加强管理、确保供水安全。 此前报道 7月16日上午，杭州市余杭区仁和街道及良渚街道部分区域出现自来水气味异常。继7月16日晚，杭州余杭水务控股集团有限公司回应后，7月17日该公司再次回应，7月16日切换水源，仁和水厂主管网恢复正常后，目前已完成对各支管和二供水箱的冲洗。经检测，仁和街道、良渚街道的水质已经恢复，用户可以正常使用。在使用前，请用户对“存水”进行排放。为弥补用户损失，该公司将会给予7月份每户5吨水费的减免。 记者致电该公司相关负责人时，对方表示，目前具体原因仍在进一步调查中。 更多热点速报、权威资讯、深度分析尽在北京日报App 来源：北京日报 流程编辑：U022 举报邮箱：jubao@vip.sina.com Copyrigh",mainstream_news ||| mainstream_news ||| mainstream_news ||| social_media ||| mainstream_news ||| mainstream_news ||| mainstream_news ||| mainstream_news ||| mainstream_news ||| mainstream_news ||| mainstream_news ||| mainstream_news ||| mainstream_news ||| social_media ||| public_web ||| mainstream_news ||| mainstream_news ||| mainstream_news ||| mainstream_news,https://k.sina.com.cn/article_1617264814_606580ae02002bkki.html?from=news&subch=onews ||| https://k.sina.com.cn/article_2810373291_a782e4ab01902qcei.html?from=news&subch=onews ||| https://news.ycwb.com/ikinvkltjb/content_53546664.htm ||| https://www.toutiao.com/article/7528691667407225383/ ||| https://news.china.com/social/1007/20250719/48628951.html ||| https://k.sina.com.cn/article_1652484947_627eeb5302001qnuc.html?from=news&subch=onews ||| https://news.voc.com.cn/news/202507/29990832.html ||| https://www.sohu.com/a/915508502_120094090?edtsign=E348B9653A861AEC1A04075B3B845F240FBAAE2B&edtcode=i8%2FsYUCbzZnHdceuO53lHAa2oN2%2BAMpMDyHU9tYktFw%3D&scm=10001.280_14-200000.0.0. ||| https://m.gmw.cn/2025-07/19/content_1304087339.htm ||| http://www.eeo.com.cn/2025/0719/739694.shtml ||| https://finance.eastmoney.com/a/202507193461833152.html ||| https://k.sina.com.cn/article_1644114654_61ff32de0190201uq.html?from=news&subch=onews ||| https://k.sina.com.cn/article_1644114654_61ff32de0200201uo.html?from=news&subch=onews ||| https://www.163.com/dy/article/K4RE99LU0519DDQ2.html ||| https://www.infzm.com/contents/298479?source=133&source_1=995 ||| https://k.sina.com.cn/article_1680430844_642956fc01901jad8.html?from=news&subch=onews ||| https://k.sina.com.cn/article_5044281310_12ca99fde02002edc6.html?from=news&subch=onews ||| https://news.qq.com/rain/a/20250719A06VGN00 ||| https://k.sina.com.cn/article_1617264814_606580ae02002bkio.html?from=news&subch=onews,12,silver_candidate,standard_review,0.000,low,low_risk,accept,,,,,,通报原文与意见完全对应，致歉与辟谣内容准确，予以接受。,annotator_A,adjudicated_final,annotator_A
E036,LLM_CANON_E036_001,滁州市生态环境局及全椒县等地方政府,发布通报说明污染溯源结果，采取关闭闸门、截污抽排、水质监测与曝气等应急措施；针对中央环保督察指出的处置不当问题开展警示教育与整改，并对相关责任人员立案调查及免职问责。,mixed,多份官方通报与新闻报道证实地方政府迅速采取应急截污与监测措施，后续中央督察反馈指出其处置存在胡乱作为，已落实整改并追究领导责任。,SC_E036_001,市、县政府;全椒县委;安徽滁河水体污染联合调查组;安徽省党委,True,,ev-00856;ev-00857;ev-00858;ev-00860;ev-00861;ev-00862;ev-00863;ev-01931;ev-01933;ev-01935;ev-01948;ev-01949,"5月27日，安徽滁州市生态环境局通报“滁河水质出现污染”事件，公安机关已对相关涉案人员进行立案调查。经调查，滁河全椒县荒草圩至襄河口闸段、南京浦口段有死鱼漂浮，部分河段水体发黑。经监测溯源，位于全椒经开区的滁州富信石油助剂有限公司为主要污染来源。事发后，在南京市大力支持下，截留污染水体，对受污染河段开展全面巡查，对死亡鱼虾进行无害化处理。据5月23日至26日监测结果显示，受污染水体水质持续改善。 想要发表评论，阅读更多精彩内容，快来下 载新京报客户端吧 新浪网 | 网易 | 搜狐 | UC头条 | 新华网 | 中新网 | 慧科讯业 | 今日头条 | 一点资讯 | 千龙网 | 贝壳财经| 腾讯网| 百度 经营许可证编号：京ICP证090533号 |京ICP备18053894号| 国新办网备字[2006]7号 | 广播电视节目制作经营许可证：(京)字第02592号 京公网安备11010102004542号|互联网新闻信息服务许可证11120180005号 关于我们版权声明联系我们工作机会友情链接服务协议 Copy Right © 2004-2020 www.bjnews.com.cn All Rights Reserved ||| 5月23日，有媒体报道滁河水质出现污染，有鱼虾死亡现象。市、县高度重视，立即组织专业力量前往现场调查处置。 现场发现，滁河全椒县境内荒草圩至襄河口闸段、南京市浦口区段水面有死鱼漂浮，部分河段水体发黑。经监测溯源，位于全椒经开区的滁州富信石油助剂有限公司为主要污染来源。5月7日19时50分，该公司仓库发生火灾，导致仓储的部分甘油、糖蜜连同消防废水经地表径流进入附近沟渠和管网。全椒县通过筑坝截污抽排等措施，将外泄的污染物集中收集存放和无害化处置。5月11日，全椒县发生约50毫米降雨，尚未清理完毕残留在沟渠和管网内的污水经雨水径流进入襄河、滁河，造成部分河段水体浑浊、黑臭，溶解氧下降，鱼虾死亡。 事情发生后，在南京市有关方面大力支持下，市、县迅速采取措施，及时关闭汊河闸、襄河口闸，截留污染水体；对受污染河段开展全面巡查，及时对死亡鱼虾进行无害化处理；在滁河上设置7个监测点、2个全组份监测点、4个农业用水水质安全监测点，持续开展水质监测，并根据监测结果架设曝气装置，增加水体含氧量。公安机关已对相关涉案人员进行立案调查。 据5月23日至26日监测结果显示，受污染水体水质持续改善。我们将继续开展水质跟踪监测，依法、科学、精准、有效处置，深刻汲取教训，举一反三，堵塞漏洞，切实保障生态环境安全。真诚感谢有关媒体和广大网民对我们工作的关心、支持和监督！ 滁州市生态环境局 2024年5月27日 空闲的 ||| 5月27日上午，安徽省滁州市生态环境局就媒体报道滁河水质出现污染、有鱼虾死亡现象发布情况通报。 据现场调查发现，滁河全椒县境内荒草圩至襄河口闸段、南京市浦口区段水面有死鱼漂浮，部分河段水体发黑。经监测溯源，位于全椒经开区的滁州富信石油助剂有限公司为主要污染来源。 5月7日19时50分，该公司仓库发生火灾，导致仓储的部分甘油、糖蜜连同消防废水经地表径流进入附近沟渠和管网。全椒县通过筑坝截污抽排等措施，将外泄的污染物集中收集存放和无害化处置。 5月11日，全椒县发生约50毫米降雨，尚未清理完毕残留在沟渠和管网内的污水经雨水径流进入襄河、滁河，造成部分河段水体浑浊、黑臭，溶解氧下降，鱼虾死亡。 事情发生后，市、县采取措施，关闭汊河闸、襄河口闸，截留污染水体；对受污染河段开展全面巡查，对死亡鱼虾进行无害化处理；在滁河上设置7个监测点、2个全组份监测点、4个农业用水水质安全监测点，持续开展水质监测，并根据监测结果架设曝气装置，增加水体含氧量。公安机关已对相关涉案人员进行立案调查。 据5月23日至26日监测结果显示，受污染水体水质持续改善。 近期热门视频 更多精彩视频 请关注三秦都市报视频号 ↓↓↓ 陕西医保最新变化→ 2024年西安市第一批拟确认高层次人才公示 双向十车道，正式通车！就在西安！ 该买票啦！端午假期车票马上开售！ 更多精彩内容，请登录三秦都市报官网www.sanqin.com  ||| 安徽滁河水质异常情况通报： 污染源确定，对涉案人员立案调查 5月27日上午，安徽省滁州市生态环境局就媒体报道滁河水质出现污染、有鱼虾死亡现象发布情况通报。 据现场调查发现，滁河全椒县境内荒草圩至襄河口闸段、南京市浦口区段水面有死鱼漂浮，部分河段水体发黑。经监测溯源，位于全椒经开区的滁州富信石油助剂有限公司为主要污染来源。 据央视新闻报道，5月7日19时56分，位于全椒经济开发区的滁州富信助剂有限公司仓库发生火灾，导致仓储的部分甘油、糖蜜连同消防废水经地表径流进入附近沟渠和管网。全椒县通过筑坝截污抽排等措施，将外泄的污染物集中收集存放和无害化处置。 5月11日，全椒县发生约50毫米降雨，尚未清理完毕残留在沟渠和管网内的污水经雨水径流进入襄河、滁河，造成部分河段水体浑浊、黑臭，溶解氧下降，鱼虾死亡。 女子路边水坑捡到金项链后扔掉，得知真相夸太清醒！ “死也要把你救上去”，湖北54岁村支书洪水中托举72岁老人半小时，拒领“英雄”称号：做了最坏的设想 这2个地方出现斑块很危险！做好7件事给血管“洗个澡” 大品牌也踩雷！双汇猪肉抗生素超标近38倍 幼儿园家长接力赛混入“国家队”其他家长:说好的亲子活动呢！ 凌晨“雨口夺粮”！湖北一派出所所长带人徒手扒小麦 女子向回收箱投递近40斤旧衣提现被拒！运营方：5元以上需人工审核，衣物要整洁 ||| 5月27日上午，安徽省滁州市生态环境局就媒体报道滁河水质出现污染、有鱼虾死亡现象发布情况通报。 据现场调查发现，滁河全椒县境内荒草圩至襄河口闸段、南京市浦口区段水面有死鱼漂浮，部分河段水体发黑。经监测溯源，位于全椒经开区的滁州富信石油助剂有限公司为主要污染来源。 事情发生后，市、县采取措施，关闭汊河闸、襄河口闸，截留污染水体；对受污染河段开展全面巡查，对死亡鱼虾进行无害化处理；在滁河上设置7个监测点、2个全组份监测点、4个农业用水水质安全监测点，持续开展水质监测，并根据监测结果架设曝气装置，增加水体含氧量。公安机关已对相关涉案人员进行立案调查。 据5月23日至26日监测结果显示，受污染水体水质持续改善。 （总台记者 王宁 张小枫） ©2024中央广播电视总台版权所有。未经许可，请勿转载使用。 24小时滚动播报最新的财经资讯和视频，更多粉丝福利扫描二维码关注（sinafinance） 网友提问：@@=value.question$$ 老师回答：@@=value.answer$$ @@=value.title$$ 新浪财经意见反馈留言板 新浪简介|广告服务|About Sina 联系我们|招聘信息|通行证注册 产品答疑|网站律师|SINA English Copyright © 1996-2024 SINA Corporation All Rights Reserved 新浪公司 版权 ||| 5月23日，有媒体报道滁河南京浦口段突然被严重污染，水质恶臭，出现大量死鱼死虾。滁河发源于安徽，经南京流入长江。当地居民说污染可能与上游来水有关。5月27日上午，安徽省滁州市生态环境局就媒体报道滁河水质出现污染、有鱼虾死亡现象发布情况通报。 通报显示，现场调查发现，滁河全椒县境内荒草圩至襄河口闸段、南京市浦口区段水面有死鱼漂浮，部分河段水体发黑。经监测溯源，位于全椒经开区的滁州富信石油助剂有限公司为主要污染来源。 通报全文： 5月23日，有媒体报道滁河水质出现污染，有鱼虾死亡现象。市、县高度重视，立即组织专业力量前往现场调查处置。 现场发现，滁河全椒县境内荒草圩至襄河口闸段、南京市浦口区段水面有死鱼漂浮，部分河段水体发黑。经监测溯源，位于全椒经开区的滁州富信石油助剂有限公司为主要污染来源。5月7日19时50分，该公司仓库发生火灾，导致仓储的部分甘油、糖蜜连同消防废水经地表径流进入附近沟渠和管网。全椒县通过筑坝截污抽排等措施，将外泄的污染物集中收集存放和无害化处置。5月11日，全椒县发生约50毫米降雨，尚未清理完毕残留在沟渠和管网内的污水经雨水径流进入襄河、滁河，造成部分河段水体浑浊、黑臭，溶解氧下降，鱼虾死亡。 事情发生后，在南京市有关方面大力支持下，市、县迅速采取措施，及时关闭汊河闸、襄河口闸，截留污染水体；对受污染河段开展全面巡查，及时对死亡鱼虾进行无害化处理；在滁河上设置7个 ||| 央视网消息：滁州市生态环境局5月27日通报关于滁河水质异常情况。5月23日，有媒体报道滁河水质出现污染，有鱼虾死亡现象。市、县高度重视，立即组织专业力量前往现场调查处置。 现场发现，滁河全椒县境内荒草圩至襄河口闸段、南京市浦口区段水面有死鱼漂浮，部分河段水体发黑。经监测溯源，位于全椒经开区的滁州富信石油助剂有限公司为主要污染来源。5月7日19时50分，该公司仓库发生火灾，导致仓储的部分甘油、糖蜜连同消防废水经地表径流进入附近沟渠和管网。全椒县通过筑坝截污抽排等措施，将外泄的污染物集中收集存放和无害化处置。5月11日，全椒县发生约50毫米降雨，尚未清理完毕残留在沟渠和管网内的污水经雨水径流进入襄河、滁河，造成部分河段水体浑浊、黑臭，溶解氧下降，鱼虾死亡。公安机关已对相关涉案人员进行立案调查。 京ICP备10003349号-1中央广播电视总台央视网版权所有 ||| 2025年6月，《安徽省贯彻落实第三轮中央生态环境保护督察报告整改方案》反馈编号24“2024年5月，滁州市全椒县在处置滁河水污染事故时胡乱作为、性质恶劣，造成严重后果，引发负面舆情，教训极为深刻”问题已整改完成，并通过核查验收。根据《安徽省生态环境问题整改工作实施办法》要求，现将该问题整改完成情况公示如下： 一、整改问题 2024年5月，滁州市全椒县在处置滁河水污染事故时胡乱作为、性质恶劣，造成严重后果，引发负面舆情，教训极为深刻。 二、整改实施主体 滁州市委和人民政府 三、重点措施 一是深刻汲取事故教训，聚焦以案促治，扎实开展警示教育。组织开展“学党纪、强作风、提能力”大讨论，持续强化作风建设，切实提升各级党员干部的纪律意识、规矩意识和法治意识；二是加强执法队伍环境监管、监测等能力建设，提升环境应急能力，开展突发环境事件应急演练，规范应急处置流程，增强防范化解风险能力。 四、目标任务 警示教育到位，应急能力有效提升 五、完成时限 2025年6月底前 六、整改完成情况 （一）深刻汲取事故教训，聚焦以案促治，扎实开展警示教育。组织开展“学党纪、强作风、提能力”大讨论，持续强化作风建设，切实提升各级党员干部的纪律意识、规矩意识和法治意识 1.持续强化作风建设。2024年5月31日，中共滁州市委办公室印发《关于在全市开展“学党纪、强作风、提能力”大讨论的实施方案》的通知，滁州市结合党纪 ||| 内容提要: 据“美好滁州”微信公众号消息,安徽滁河水体污染联合调查组29日发布《关于滁河水体污染处置进展情况的通报》称,近日,由于安徽省滁州市全椒经开区的滁州富信石油助剂有限公司原料仓库发生火灾,部分 ||| 2024年5月29日,安徽省滁州市针对近期滁河水体污染事件发布了处置进展通报。此次污染源于全椒经开区内的滁州富信石油助剂有限公司原料仓库的一场火灾。火灾导致部分污染物质外泄,进而影响了滁河水质,造成了 ||| 用微信扫描二维码 分享至好友和朋友圈 5月27日，滁州市生态环境局再次通报，详细说明了污染调查结果，确认滁州富信石油助剂有限公司的火灾事故为污染主因，并透露了5月11日降雨加剧了残留污水外泄，影响了襄河、滁河水质，造成鱼虾死亡。目前，相关部门已采取一系列紧急措施，包括关闭相关闸门、处理死亡鱼虾、增设水质监测点以及提高水体含氧量等。随着连续几天的监测，受污染水体的水质已逐步好转。同时，公安机关正对涉及环境污染的责任人员进行深入调查。 工业污水是怎样污染滁河的！ 安徽滁河水体污染联合调查组2024年5月29日发布“关于滁河水体污染处置进展情况的通报”： 滁河水质污染事件近期引发了广泛的关注，并促成了迅速的官方回应。28日，安徽省党委针对这一事件召开会议，决定采取措施治理污染并追究相关人员责任 5月23日，长江下游左岸一级支流滁河南京浦口段出现大量死鱼死虾。总台记者对此进行了追踪报道 近期，滁河水体遭遇污染事件，起因是全椒经开区内的滁州富信石油助剂有限公司原料仓库发生了火灾。这场事故导致部分含有污染物质的水体泄漏，进而影响到滁河区域，造成了鱼类和虾类的死亡，引发了社会的广泛关注 23日，长江下游左岸一级支流滁河南京浦口段出现大量死鱼死虾。总台记者对此进行了追踪报道 近期，滁州市全椒经开区发生了一起环境事故，涉及滁州富信石油助剂有限公司的原料仓库火灾。这场火灾导致部分污染水体泄漏至滁河，不 ||| 安徽滁河水体污染联合调查组5月29日发布“ 关于滁河水体污染处置进展情况的通报”:近日,由于安徽省滁州市全椒经开区的滁州富信石油助剂有限公司原料",mainstream_news ||| official ||| mainstream_news ||| mainstream_news ||| mainstream_news ||| mainstream_news ||| mainstream_news ||| official ||| social_media ||| social_media ||| mainstream_news ||| social_media,https://www.bjnews.com.cn/detail/1716779459129399.html ||| https://www.chuzhou.gov.cn/zxzx/gsgg/1112166239.html ||| https://finance.sina.com.cn/wm/2024-05-27/doc-inawsinm3774351.shtml ||| https://kan.china.com/article/2635402_3.html ||| https://finance.sina.com.cn/jjxw/2024-05-27/doc-inawrsqt3935832.shtml ||| https://www.sohu.com/a/781836063_115510 ||| https://news.cctv.com/2024/05/27/ARTInGjVY8GRhd5t5aJybw9Y240527.shtml ||| https://sthjj.chuzhou.gov.cn/hbzx/tzgg/1104455851.html ||| http://news.enorth.com.cn/system/2024/05/29/056467563.shtml ||| https://www.toutiao.com/article/7374296895780291082/ ||| https://news.china.com/socialgd/10000169/20240529/46610818_1.html ||| https://www.toutiao.com/article/7374233416507638306/,10,silver_candidate,standard_review,0.000,low,low_risk,accept,,,,,,涵盖应急响应与后续督察整改问责，混合情感合理，予以接受。,annotator_A,adjudicated_final,annotator_A
E036,LLM_CANON_E036_002,滁州富信石油助剂有限公司,公司原料仓库发生火灾，导致仓储的甘油、糖蜜及危化品粗甲醇等混合物外泄，经地表径流和雨水冲刷进入沟渠与滁河，是造成水体黑臭及鱼虾死亡的主要污染源，涉案人员已被立案调查。,negative,官方通报与多家媒体调查一致认定该公司仓库火灾及后续污染物泄漏为本次水体污染的直接源头。,SC_E036_002,富信石油助剂有限公司;滁州富信助剂有限公司,True,,ev-00856;ev-00857;ev-00858;ev-00860;ev-00861;ev-00862;ev-00863;ev-01935;ev-01945;ev-01947;ev-01948,"5月27日，安徽滁州市生态环境局通报“滁河水质出现污染”事件，公安机关已对相关涉案人员进行立案调查。经调查，滁河全椒县荒草圩至襄河口闸段、南京浦口段有死鱼漂浮，部分河段水体发黑。经监测溯源，位于全椒经开区的滁州富信石油助剂有限公司为主要污染来源。事发后，在南京市大力支持下，截留污染水体，对受污染河段开展全面巡查，对死亡鱼虾进行无害化处理。据5月23日至26日监测结果显示，受污染水体水质持续改善。 想要发表评论，阅读更多精彩内容，快来下 载新京报客户端吧 新浪网 | 网易 | 搜狐 | UC头条 | 新华网 | 中新网 | 慧科讯业 | 今日头条 | 一点资讯 | 千龙网 | 贝壳财经| 腾讯网| 百度 经营许可证编号：京ICP证090533号 |京ICP备18053894号| 国新办网备字[2006]7号 | 广播电视节目制作经营许可证：(京)字第02592号 京公网安备11010102004542号|互联网新闻信息服务许可证11120180005号 关于我们版权声明联系我们工作机会友情链接服务协议 Copy Right © 2004-2020 www.bjnews.com.cn All Rights Reserved ||| 5月23日，有媒体报道滁河水质出现污染，有鱼虾死亡现象。市、县高度重视，立即组织专业力量前往现场调查处置。 现场发现，滁河全椒县境内荒草圩至襄河口闸段、南京市浦口区段水面有死鱼漂浮，部分河段水体发黑。经监测溯源，位于全椒经开区的滁州富信石油助剂有限公司为主要污染来源。5月7日19时50分，该公司仓库发生火灾，导致仓储的部分甘油、糖蜜连同消防废水经地表径流进入附近沟渠和管网。全椒县通过筑坝截污抽排等措施，将外泄的污染物集中收集存放和无害化处置。5月11日，全椒县发生约50毫米降雨，尚未清理完毕残留在沟渠和管网内的污水经雨水径流进入襄河、滁河，造成部分河段水体浑浊、黑臭，溶解氧下降，鱼虾死亡。 事情发生后，在南京市有关方面大力支持下，市、县迅速采取措施，及时关闭汊河闸、襄河口闸，截留污染水体；对受污染河段开展全面巡查，及时对死亡鱼虾进行无害化处理；在滁河上设置7个监测点、2个全组份监测点、4个农业用水水质安全监测点，持续开展水质监测，并根据监测结果架设曝气装置，增加水体含氧量。公安机关已对相关涉案人员进行立案调查。 据5月23日至26日监测结果显示，受污染水体水质持续改善。我们将继续开展水质跟踪监测，依法、科学、精准、有效处置，深刻汲取教训，举一反三，堵塞漏洞，切实保障生态环境安全。真诚感谢有关媒体和广大网民对我们工作的关心、支持和监督！ 滁州市生态环境局 2024年5月27日 空闲的 ||| 5月27日上午，安徽省滁州市生态环境局就媒体报道滁河水质出现污染、有鱼虾死亡现象发布情况通报。 据现场调查发现，滁河全椒县境内荒草圩至襄河口闸段、南京市浦口区段水面有死鱼漂浮，部分河段水体发黑。经监测溯源，位于全椒经开区的滁州富信石油助剂有限公司为主要污染来源。 5月7日19时50分，该公司仓库发生火灾，导致仓储的部分甘油、糖蜜连同消防废水经地表径流进入附近沟渠和管网。全椒县通过筑坝截污抽排等措施，将外泄的污染物集中收集存放和无害化处置。 5月11日，全椒县发生约50毫米降雨，尚未清理完毕残留在沟渠和管网内的污水经雨水径流进入襄河、滁河，造成部分河段水体浑浊、黑臭，溶解氧下降，鱼虾死亡。 事情发生后，市、县采取措施，关闭汊河闸、襄河口闸，截留污染水体；对受污染河段开展全面巡查，对死亡鱼虾进行无害化处理；在滁河上设置7个监测点、2个全组份监测点、4个农业用水水质安全监测点，持续开展水质监测，并根据监测结果架设曝气装置，增加水体含氧量。公安机关已对相关涉案人员进行立案调查。 据5月23日至26日监测结果显示，受污染水体水质持续改善。 近期热门视频 更多精彩视频 请关注三秦都市报视频号 ↓↓↓ 陕西医保最新变化→ 2024年西安市第一批拟确认高层次人才公示 双向十车道，正式通车！就在西安！ 该买票啦！端午假期车票马上开售！ 更多精彩内容，请登录三秦都市报官网www.sanqin.com  ||| 安徽滁河水质异常情况通报： 污染源确定，对涉案人员立案调查 5月27日上午，安徽省滁州市生态环境局就媒体报道滁河水质出现污染、有鱼虾死亡现象发布情况通报。 据现场调查发现，滁河全椒县境内荒草圩至襄河口闸段、南京市浦口区段水面有死鱼漂浮，部分河段水体发黑。经监测溯源，位于全椒经开区的滁州富信石油助剂有限公司为主要污染来源。 据央视新闻报道，5月7日19时56分，位于全椒经济开发区的滁州富信助剂有限公司仓库发生火灾，导致仓储的部分甘油、糖蜜连同消防废水经地表径流进入附近沟渠和管网。全椒县通过筑坝截污抽排等措施，将外泄的污染物集中收集存放和无害化处置。 5月11日，全椒县发生约50毫米降雨，尚未清理完毕残留在沟渠和管网内的污水经雨水径流进入襄河、滁河，造成部分河段水体浑浊、黑臭，溶解氧下降，鱼虾死亡。 女子路边水坑捡到金项链后扔掉，得知真相夸太清醒！ “死也要把你救上去”，湖北54岁村支书洪水中托举72岁老人半小时，拒领“英雄”称号：做了最坏的设想 这2个地方出现斑块很危险！做好7件事给血管“洗个澡” 大品牌也踩雷！双汇猪肉抗生素超标近38倍 幼儿园家长接力赛混入“国家队”其他家长:说好的亲子活动呢！ 凌晨“雨口夺粮”！湖北一派出所所长带人徒手扒小麦 女子向回收箱投递近40斤旧衣提现被拒！运营方：5元以上需人工审核，衣物要整洁 ||| 5月27日上午，安徽省滁州市生态环境局就媒体报道滁河水质出现污染、有鱼虾死亡现象发布情况通报。 据现场调查发现，滁河全椒县境内荒草圩至襄河口闸段、南京市浦口区段水面有死鱼漂浮，部分河段水体发黑。经监测溯源，位于全椒经开区的滁州富信石油助剂有限公司为主要污染来源。 事情发生后，市、县采取措施，关闭汊河闸、襄河口闸，截留污染水体；对受污染河段开展全面巡查，对死亡鱼虾进行无害化处理；在滁河上设置7个监测点、2个全组份监测点、4个农业用水水质安全监测点，持续开展水质监测，并根据监测结果架设曝气装置，增加水体含氧量。公安机关已对相关涉案人员进行立案调查。 据5月23日至26日监测结果显示，受污染水体水质持续改善。 （总台记者 王宁 张小枫） ©2024中央广播电视总台版权所有。未经许可，请勿转载使用。 24小时滚动播报最新的财经资讯和视频，更多粉丝福利扫描二维码关注（sinafinance） 网友提问：@@=value.question$$ 老师回答：@@=value.answer$$ @@=value.title$$ 新浪财经意见反馈留言板 新浪简介|广告服务|About Sina 联系我们|招聘信息|通行证注册 产品答疑|网站律师|SINA English Copyright © 1996-2024 SINA Corporation All Rights Reserved 新浪公司 版权 ||| 5月23日，有媒体报道滁河南京浦口段突然被严重污染，水质恶臭，出现大量死鱼死虾。滁河发源于安徽，经南京流入长江。当地居民说污染可能与上游来水有关。5月27日上午，安徽省滁州市生态环境局就媒体报道滁河水质出现污染、有鱼虾死亡现象发布情况通报。 通报显示，现场调查发现，滁河全椒县境内荒草圩至襄河口闸段、南京市浦口区段水面有死鱼漂浮，部分河段水体发黑。经监测溯源，位于全椒经开区的滁州富信石油助剂有限公司为主要污染来源。 通报全文： 5月23日，有媒体报道滁河水质出现污染，有鱼虾死亡现象。市、县高度重视，立即组织专业力量前往现场调查处置。 现场发现，滁河全椒县境内荒草圩至襄河口闸段、南京市浦口区段水面有死鱼漂浮，部分河段水体发黑。经监测溯源，位于全椒经开区的滁州富信石油助剂有限公司为主要污染来源。5月7日19时50分，该公司仓库发生火灾，导致仓储的部分甘油、糖蜜连同消防废水经地表径流进入附近沟渠和管网。全椒县通过筑坝截污抽排等措施，将外泄的污染物集中收集存放和无害化处置。5月11日，全椒县发生约50毫米降雨，尚未清理完毕残留在沟渠和管网内的污水经雨水径流进入襄河、滁河，造成部分河段水体浑浊、黑臭，溶解氧下降，鱼虾死亡。 事情发生后，在南京市有关方面大力支持下，市、县迅速采取措施，及时关闭汊河闸、襄河口闸，截留污染水体；对受污染河段开展全面巡查，及时对死亡鱼虾进行无害化处理；在滁河上设置7个 ||| 央视网消息：滁州市生态环境局5月27日通报关于滁河水质异常情况。5月23日，有媒体报道滁河水质出现污染，有鱼虾死亡现象。市、县高度重视，立即组织专业力量前往现场调查处置。 现场发现，滁河全椒县境内荒草圩至襄河口闸段、南京市浦口区段水面有死鱼漂浮，部分河段水体发黑。经监测溯源，位于全椒经开区的滁州富信石油助剂有限公司为主要污染来源。5月7日19时50分，该公司仓库发生火灾，导致仓储的部分甘油、糖蜜连同消防废水经地表径流进入附近沟渠和管网。全椒县通过筑坝截污抽排等措施，将外泄的污染物集中收集存放和无害化处置。5月11日，全椒县发生约50毫米降雨，尚未清理完毕残留在沟渠和管网内的污水经雨水径流进入襄河、滁河，造成部分河段水体浑浊、黑臭，溶解氧下降，鱼虾死亡。公安机关已对相关涉案人员进行立案调查。 京ICP备10003349号-1中央广播电视总台央视网版权所有 ||| 2024年5月29日,安徽省滁州市针对近期滁河水体污染事件发布了处置进展通报。此次污染源于全椒经开区内的滁州富信石油助剂有限公司原料仓库的一场火灾。火灾导致部分污染物质外泄,进而影响了滁河水质,造成了 ||| 近日,安徽省全椒县发生了一起环境污染事件,引发了公众的广泛关注。据报道,事件的源头可以追溯到富信石油助剂有限公司原料仓库的一场火灾,导致甘油、糖蜜和危化品粗甲醇等混合物流入附近沟渠和管网。 ||| #安徽滁州水污染# 滁河水污染事件发生在2024年5月,起因是安徽滁州富信石油助剂有限公司原料仓库发生火灾,导致甘油、糖蜜和危化品粗甲醇等混合物经地表径流进入附近的沟渠和管网。这些污染物随后通过雨水 ||| 用微信扫描二维码 分享至好友和朋友圈 5月27日，滁州市生态环境局再次通报，详细说明了污染调查结果，确认滁州富信石油助剂有限公司的火灾事故为污染主因，并透露了5月11日降雨加剧了残留污水外泄，影响了襄河、滁河水质，造成鱼虾死亡。目前，相关部门已采取一系列紧急措施，包括关闭相关闸门、处理死亡鱼虾、增设水质监测点以及提高水体含氧量等。随着连续几天的监测，受污染水体的水质已逐步好转。同时，公安机关正对涉及环境污染的责任人员进行深入调查。 工业污水是怎样污染滁河的！ 安徽滁河水体污染联合调查组2024年5月29日发布“关于滁河水体污染处置进展情况的通报”： 滁河水质污染事件近期引发了广泛的关注，并促成了迅速的官方回应。28日，安徽省党委针对这一事件召开会议，决定采取措施治理污染并追究相关人员责任 5月23日，长江下游左岸一级支流滁河南京浦口段出现大量死鱼死虾。总台记者对此进行了追踪报道 近期，滁河水体遭遇污染事件，起因是全椒经开区内的滁州富信石油助剂有限公司原料仓库发生了火灾。这场事故导致部分含有污染物质的水体泄漏，进而影响到滁河区域，造成了鱼类和虾类的死亡，引发了社会的广泛关注 23日，长江下游左岸一级支流滁河南京浦口段出现大量死鱼死虾。总台记者对此进行了追踪报道 近期，滁州市全椒经开区发生了一起环境事故，涉及滁州富信石油助剂有限公司的原料仓库火灾。这场火灾导致部分污染水体泄漏至滁河，不",mainstream_news ||| official ||| mainstream_news ||| mainstream_news ||| mainstream_news ||| mainstream_news ||| mainstream_news ||| social_media ||| social_media ||| social_media ||| mainstream_news,https://www.bjnews.com.cn/detail/1716779459129399.html ||| https://www.chuzhou.gov.cn/zxzx/gsgg/1112166239.html ||| https://finance.sina.com.cn/wm/2024-05-27/doc-inawsinm3774351.shtml ||| https://kan.china.com/article/2635402_3.html ||| https://finance.sina.com.cn/jjxw/2024-05-27/doc-inawrsqt3935832.shtml ||| https://www.sohu.com/a/781836063_115510 ||| https://news.cctv.com/2024/05/27/ARTInGjVY8GRhd5t5aJybw9Y240527.shtml ||| https://www.toutiao.com/article/7374296895780291082/ ||| https://www.toutiao.com/article/7374705691129070132/ ||| https://m.toutiao.com/w/1800378293702857/ ||| https://news.china.com/socialgd/10000169/20240529/46610818_1.html,9,silver_candidate,standard_review,0.000,low,low_risk,accept,,,,,,污染源溯源与立案调查事实清晰，负面情感恰当，予以接受。,annotator_A,adjudicated_final,annotator_A
E036,LLM_CANON_E036_003,当地居民与公众,发现并反映滁河南京浦口段及安徽境内河段出现大量死鱼、水体发黑恶臭现象，质疑污染与上游来水及闸门操作有关，引发社会广泛关注与舆情，推动官方介入调查与问责。,negative,新闻报道与社交平台内容显示，居民与网友率先曝光污染现象并表达担忧与质疑，形成舆论压力促使联合调查组成立及官方通报发布。,SC_E036_003,网友;当地居民;公众,True,,ev-00856;ev-00862;ev-01938;ev-01950,"5月27日，安徽滁州市生态环境局通报“滁河水质出现污染”事件，公安机关已对相关涉案人员进行立案调查。经调查，滁河全椒县荒草圩至襄河口闸段、南京浦口段有死鱼漂浮，部分河段水体发黑。经监测溯源，位于全椒经开区的滁州富信石油助剂有限公司为主要污染来源。事发后，在南京市大力支持下，截留污染水体，对受污染河段开展全面巡查，对死亡鱼虾进行无害化处理。据5月23日至26日监测结果显示，受污染水体水质持续改善。 想要发表评论，阅读更多精彩内容，快来下 载新京报客户端吧 新浪网 | 网易 | 搜狐 | UC头条 | 新华网 | 中新网 | 慧科讯业 | 今日头条 | 一点资讯 | 千龙网 | 贝壳财经| 腾讯网| 百度 经营许可证编号：京ICP证090533号 |京ICP备18053894号| 国新办网备字[2006]7号 | 广播电视节目制作经营许可证：(京)字第02592号 京公网安备11010102004542号|互联网新闻信息服务许可证11120180005号 关于我们版权声明联系我们工作机会友情链接服务协议 Copy Right © 2004-2020 www.bjnews.com.cn All Rights Reserved ||| 5月23日，有媒体报道滁河南京浦口段突然被严重污染，水质恶臭，出现大量死鱼死虾。滁河发源于安徽，经南京流入长江。当地居民说污染可能与上游来水有关。5月27日上午，安徽省滁州市生态环境局就媒体报道滁河水质出现污染、有鱼虾死亡现象发布情况通报。 通报显示，现场调查发现，滁河全椒县境内荒草圩至襄河口闸段、南京市浦口区段水面有死鱼漂浮，部分河段水体发黑。经监测溯源，位于全椒经开区的滁州富信石油助剂有限公司为主要污染来源。 通报全文： 5月23日，有媒体报道滁河水质出现污染，有鱼虾死亡现象。市、县高度重视，立即组织专业力量前往现场调查处置。 现场发现，滁河全椒县境内荒草圩至襄河口闸段、南京市浦口区段水面有死鱼漂浮，部分河段水体发黑。经监测溯源，位于全椒经开区的滁州富信石油助剂有限公司为主要污染来源。5月7日19时50分，该公司仓库发生火灾，导致仓储的部分甘油、糖蜜连同消防废水经地表径流进入附近沟渠和管网。全椒县通过筑坝截污抽排等措施，将外泄的污染物集中收集存放和无害化处置。5月11日，全椒县发生约50毫米降雨，尚未清理完毕残留在沟渠和管网内的污水经雨水径流进入襄河、滁河，造成部分河段水体浑浊、黑臭，溶解氧下降，鱼虾死亡。 事情发生后，在南京市有关方面大力支持下，市、县迅速采取措施，及时关闭汊河闸、襄河口闸，截留污染水体；对受污染河段开展全面巡查，及时对死亡鱼虾进行无害化处理；在滁河上设置7个 ||| 调查问题加载中，请稍候。 若长时间无响应，请刷新本页面 5月23日 长江支流滁河南京浦口段 出现大量死鱼 引发社会广泛关注 央视新闻26日报道，造成滁河出现大面积死鱼的原因，与安徽滁州富信石油助剂有限公司仓库的危化品粗甲醇失火，致使污染物外泄流入滁河有关。 滁河南京浦口段突现污水 大量鱼虾死亡 近日，有网友在社交平台中发布的视频显示，滁河南京浦口段突然被严重污染，水质散发恶臭，出现大量死鱼死虾。视频一经发出，引发广泛关注。 据江苏广电融媒体新闻中心5月26日消息，滁河发源于安徽，经南京境内流入长江。当地居民反映，污染可能与上游来水有关。 据扬子晚报5月23日报道，记者从南京浦口沿污水逆流而上，发现安徽境内河道内仍然有大量污水和死鱼。因为支汊众多或者河边不通路，目前无法找到污水源头。但在安徽全椒荒草三圩进退洪闸，发现这段河道已经没有污水和死鱼，说明污水源头很可能在该泄洪闸下游的安徽境内。 经过环保部门初步调查，5月22日15时左右，安徽省滁州市全椒县开启了距离南京浦口境内约10公里的襄河口闸，放水至滁河，抬高水位约20厘米，可能导致其内河含有大量龙虾养殖尾水排放至滁河，导致污染。 此次死鱼事件系上游内河排水导致河水水质恶化，死鱼漂至南京市境内，目前污染团主要集中在滁河浦口段，浦口区正在组织人员对死鱼进行打捞清理，浦口区生态环境局已经开展跟踪监测。 5月22日15时至23日12时，南京 ||| 安徽滁州河流污染事件始末,相关领导从上到下一撸到底 2024-05-29 16:45·OK随笔 从居民反映滁河南京浦口段突现污水,大量鱼虾死亡。到滁州发布通报:全椒县委主要负责同志被免职,并对相关责任",mainstream_news ||| mainstream_news ||| mainstream_news ||| social_media,https://www.bjnews.com.cn/detail/1716779459129399.html ||| https://www.sohu.com/a/781836063_115510 ||| https://m.gmw.cn/2024-05/27/content_1303747763.htm ||| https://m.toutiao.com/article/7374293388440486411/,4,silver_candidate,standard_review,0.000,low,low_risk,accept,,,,,,公众曝光与舆情推动作用描述准确，负面情感合理，予以接受。,annotator_A,adjudicated_final,annotator_A
E037,LLM_CANON_E037_001,北京市及丰台区政府,对遇难者表示深切哀悼并向公众致歉，承诺全力救治伤员并成立专项工作组妥善善后，同时表态将举一反三开展全市消防安全排查整治。,mixed,官方通报会明确表达了哀悼与歉意，并部署了伤员救治、善后安抚及全市安全排查工作。,SC_E037_001,北京市政府;丰台区政府;北京市人民政府新闻办公室;徐和建;李宗荣,True,,ev-00877;ev-00897;ev-00898;ev-01964,在北京市今天（19日）中午举行的长峰医院火灾事故通报会上，北京市消防救援总队副队长赵洋通报，在开展人员搜救行动的过程中，北京消防同时在第一时间组织力量对着火的楼层、部位以及可能发生火情蔓延的路径等，组织力量铺设多条水带干线，全力控制火势的发展蔓延，设计多个水上阵地，全力扑救火灾。并于18日13时33分将明火扑灭，为后续灭火救援行动提供有力支撑。 此前报道 北京举行长峰医院火灾事故情况通报会 现场为遇难者默哀 今天（19日）中午，北京市就长峰医院火灾事故召开情况通报会，通报会上，北京市人民政府新闻发言人徐和建表示：火灾令人痛心，教训极其深刻。在这里，我代表市委市政府，对遇难人员表示深切哀悼，对遇难者家属表示诚挚慰问。对事故伤员，我们将全力以赴予以救治，调集精锐医疗力量，科学制定救治方案，尽最大努力争取早日康复。 发布会现场，全体人员起立，为遇难人员默哀。 4月18日12时57分，丰台区消防救援支队接警，北京长峰医院住院部东楼发生火情。接警后，北京市消防、公安、卫健、应急等部门即赴现场处置，全力抢救受困人员。 （总台记者 王小节 王丰） 责任编辑：张迪 举报邮箱：jubao@vip.sina.com Copyright © 1996-2023 SINA Corporation All Rights Reserved 新浪公司 版权所有 ||| 电子报 网站地图 当前位置： 京报网首页 > 首都 > 正文 来源： 北京日报客户端 记者：孙颖 2023-04-19 13:30 4月18日12时57分，北京市丰台区消防救援支队接警，北京长峰医院住院部东楼发生火情。今天，北京市人民政府新闻办公室举行长峰医院火灾事故情况通报会，市公安局、市卫健委、市消防救援总队、丰台区政府相关负责人通报情况并回答记者提问。 ▶ 北京长峰医院火灾事故情况通报会，现场为遇难者默哀 今天中午，北京市就长峰医院火灾事故召开情况通报会，通报会上，北京市人民政府新闻发言人徐和建表示：火灾令人痛心，教训极其深刻。在这里，我代表市委市政府，对遇难人员表示深切哀悼，对遇难者家属表示诚挚慰问。发布会现场，全体人员起立，为遇难人员默哀。详情>> ▶ 北京长峰医院火灾事故已致29人遇难 今天，北京市召开长峰医院火灾事故情况通报会，截至今早9时，经转院救治无效，29人不幸遇难。4月18日12时57分，丰台区消防救援支队接警，北京长峰医院住院部东楼发生火情。接警后，消防、公安、卫健、应急等部门赶赴现场处置。13时33分，现场明火被扑灭。15时30分，现场救援工作结束，共疏散转移患者71人。详情>> ▶ 初步调查显示：长峰医院火灾由院内施工作业火花引发 经初步调查，事故系医院住院部内部改造施工作业过程中产生的火花引燃现场可燃涂料的挥发物所致。事故具体原因和损失还在进一步调查之 ||| 用微信扫码二维码 分享至好友和朋友圈 ↑↑↑觉得还不错，随手订阅我们吧↓↓↓ 民声天下4月19日北京快讯 随着各行业复工达产的不断推进，与安全生产工作的相关话题，再度成为焦点。然而，昨天（18日）下午开始，在网络上传出，位于北京丰台的长峰医院发生火灾，导致人员伤亡；一时间，引发社会广泛关注。对此，相关部门第一时间介入给予处置。 “民声君”今天（19日）午后从“4·18长峰医院火灾事故”新闻发布会上获悉，北京市人民政府新闻发言人徐和建表示，火灾令人痛心，教训极其深刻。在此，仅代表市委市政府，对遇难人员表示深切哀悼，对遇难者家属表示诚挚慰问。对事故伤员，将全力以赴予以救治，调集精锐医疗力量，科学制定救治方案，尽最大努力争取早日康复。 发布会现场，全体人员起立，为遇难人员默哀。 值得注意的是，北京市丰台区副区长李宗荣也在会上，代表区委区政府，对遇难人员表示深切哀悼，对遇难者家属表示诚挚慰问。同时，向全市人民表示歉意。 李宗荣表示，事故发生后，北京市丰台区第一时间成立群众工作组，并与长峰医院一同做好善后工作。与患者家属开展接待安抚和沟通商谈工作，详细了解患者家属的诉求和安排，开展心理疏导，做好生活保障，帮助解决实际问题和困难，并积极提供司法帮助。同时，工作组在长峰医院门诊部设立家属接待室，安排车辆接送家属探望伤者、逝者。协调酒店安置患者家属，每个酒店安排工作人员，逐一对接，做好服务保障工作 ||| 4月18日12时17分，北京长峰医院住院东楼发生重大火灾，19日中午北京长峰医院院长王某玲等12人因涉嫌重大责任事故罪已被刑拘，包括副院长，施工公司负责人和现场施工人员等。 北京市消防总队副总队长赵洋通报了此次火灾的事故原因。赵洋说：经初步调查，事故系医院住院部内部改造施工作业过程中产生的火花引燃现场可燃涂料的挥发物所致。事故具体原因和损失还在进一步调查之中。 重大事故，是指造成10人以上30人以下死亡，或者50人以上100人以下重伤，或者5000万元以上1亿元以下直接经济损失的事故。 已知遇难者人数29人，还有39人在院治疗，其中危重3人，重症18人。受害者有患者、家属，护工和护士，患者中年龄最小的40岁，最大的88岁。 目前已成立29个专门工作组，会同指导长峰医院做好善后工作，与患者家属开展接待安抚和沟通商谈工作，详细了解遇难家属的诉求和安排，开展心理疏导，做好生活保障，帮助解决实际问题和困难，督导长峰医院做好善后及陪护工作。 大白天中午起火，还是在众多患者和医生护士的住院楼，真是难以想象怎么会造成这么严重的后果，今年很多地方火灾频发，不单单北京，火灾无情，逝者安息[祈祷][祈祷][祈祷] 也希望能够警醒个人和组织，吸取教训，避免以后不再发生。返回搜狐，查看更多,mainstream_news ||| mainstream_news ||| social_media ||| mainstream_news,https://news.sina.com.cn/o/2023-04-19/doc-imyqwywk8278522.shtml ||| https://news.bjd.com.cn/2023/04/19/10404128.shtml ||| https://www.163.com/dy/article/I2MOIBT50525PDMG.html ||| https://www.sohu.com/a/669194537_121661971,4,silver_candidate,standard_review,0.000,low,low_risk,accept,,,,,,哀悼致歉与善后排查部署均有据可查，混合情感恰当，予以接受。,annotator_A,adjudicated_final,annotator_A
E037,LLM_CANON_E037_002,北京长峰医院及管理层,因违法违规实施改造工程、施工安全管理不力及日常消防管理混乱被认定负主要责任，多名高管因涉嫌重大责任事故罪被依法刑拘。,negative,国务院调查组及警方通报明确指出医院在改造施工、安全管理和应急处置方面存在严重失职，相关责任人已被采取刑事强制措施。,SC_E037_002,长峰医院;院方;院长王某玲;副院长汪某;总务科主任王某阳,True,,ev-00876;ev-01962;ev-01964,北京长峰医院火情(2023年北京长峰医院发生的火灾) : 一般指本词条 2023年4月18日12时57分，北京市丰台区消防救援支队接警：北京长峰医院住院部东楼发生火情。接警后，消防、公安、卫健、应急等部门即赴现场处置。13时33分许，现场明火被扑灭。15时30分，现场救援工作结束，共疏散转移患者71人。 2023年4月21日，国务院安委会决定对长峰医院重大火灾事故查处实行挂牌督办1；5月6日，最高检对北京长峰医院重大火灾事故案挂牌督办2；10月，国务院常务会议审议通过了北京丰台长峰医院“4·18”重大火灾事故调查报告。经国务院事故调查组调查认定，这是一起因事发医院违法违规实施改造工程、施工安全管理不力、日常管理混乱、火灾隐患长期存在，施工单位违规作业、现场安全管理缺失，加之应急处置不力，地方党委政府和有关部门职责不落实而导致的重大生产安全责任事故‘’3截至2023年10月25日，该事故造成29人死亡、42人受伤，直接经济损失3831.82万元4。 2023年10月25日，据新华社消息，北京长峰医院重大火灾事故调查报告公布。北京市委常委、副市长靳伟被问责，41名公职人员被问责。北京长峰医院股份有限公司法定代表人汪文杰、北京长峰医院院长王晓玲等20名涉案人员被立案侦查，其中19人已被检察机关批准逮捕5。2026年2月2日，北京市丰台区人民法院对被告人汪文杰等19人重大责任事故案公开宣判 ||| 用微信扫码二维码 分享至好友和朋友圈 18日12时57分丰台区消防救援支队接警：北京长峰医院住院部东楼发生火情。接警后，消防、公安、卫健、应急等部门即赴现场处置。13时33分许，现场明火被扑灭。15时30分，现场救援工作结束，共疏散转移患者71人。截至4月19日9时，经转院救治无效，29人不幸死亡。 4月19日，北京市人民政府新闻办公室举行长峰医院火灾事故情况通报会。北京市消防总队副总队长赵洋通报了此次火灾的事故原因。赵洋表示：经初步调查，事故系医院住院部内部改造施工作业过程中产生的火花引燃现场可燃涂料的挥发物所致。事故具体原因和损失还在进一步调查之中。下一步，我们将痛定思痛，举一反三，聚焦医院、养老机构、高层建筑、地下空间等场所、单位，扎实开展排查整治，推动落实消防安全责任，整改消防安全隐患，维护人民生命财产安全。 北京市公安局刑事侦查总队总队长孙海涛通报：经查，北京长峰医院院长王某玲（女，44岁）、副院长汪某（女，37岁）、总务科主任王某阳（男，50岁），施工公司负责人王某峰（男，47岁）、现场施工人员程某君（男，33岁）等12人，涉嫌重大责任事故罪。目前上述人员已被公安机关依法刑事拘留，案件正在进一步工作中。下一步，公安机关将会同相关部门，进一步深入侦查调查、完善固定证据，依法打击处理。 医院属于高火灾风险场所 人员相对集中，伤病患者多 一旦遇到火灾 很难在短时间内进行逃生疏 ||| 4月18日12时17分，北京长峰医院住院东楼发生重大火灾，19日中午北京长峰医院院长王某玲等12人因涉嫌重大责任事故罪已被刑拘，包括副院长，施工公司负责人和现场施工人员等。 北京市消防总队副总队长赵洋通报了此次火灾的事故原因。赵洋说：经初步调查，事故系医院住院部内部改造施工作业过程中产生的火花引燃现场可燃涂料的挥发物所致。事故具体原因和损失还在进一步调查之中。 重大事故，是指造成10人以上30人以下死亡，或者50人以上100人以下重伤，或者5000万元以上1亿元以下直接经济损失的事故。 已知遇难者人数29人，还有39人在院治疗，其中危重3人，重症18人。受害者有患者、家属，护工和护士，患者中年龄最小的40岁，最大的88岁。 目前已成立29个专门工作组，会同指导长峰医院做好善后工作，与患者家属开展接待安抚和沟通商谈工作，详细了解遇难家属的诉求和安排，开展心理疏导，做好生活保障，帮助解决实际问题和困难，督导长峰医院做好善后及陪护工作。 大白天中午起火，还是在众多患者和医生护士的住院楼，真是难以想象怎么会造成这么严重的后果，今年很多地方火灾频发，不单单北京，火灾无情，逝者安息[祈祷][祈祷][祈祷] 也希望能够警醒个人和组织，吸取教训，避免以后不再发生。返回搜狐，查看更多,public_web ||| social_media ||| mainstream_news,http://baike.sogou.com/v215252125.htm?fromTitle=%E5%8C%97%E4%BA%AC%E9%95%BF%E5%B3%B0%E5%8C%BB%E9%99%A2%E7%81%AB%E6%83%85 ||| https://www.163.com/dy/article/I2PQGUV20514M3TK.html ||| https://www.sohu.com/a/669194537_121661971,3,silver_candidate,standard_review,0.000,low,low_risk,accept,,,,,,医院主体责任与刑拘事实明确，负面情感合理，予以接受。,annotator_A,adjudicated_final,annotator_A
E037,LLM_CANON_E037_003,消防救援与应急调查部门,通报火灾直接原因为改造施工火花引燃可燃涂料挥发物，迅速组织救援疏散，并宣布将针对医院、养老机构等场所开展专项消防隐患排查。,neutral,消防总队负责人在通报会上详细说明了起火原因、救援过程及后续全市消防安全整治计划。,SC_E037_003,北京市消防救援总队;消防部门;应急管理部门;公安机关,True,,ev-01962;ev-01966;ev-01967;ev-01968;ev-01969,"用微信扫码二维码 分享至好友和朋友圈 18日12时57分丰台区消防救援支队接警：北京长峰医院住院部东楼发生火情。接警后，消防、公安、卫健、应急等部门即赴现场处置。13时33分许，现场明火被扑灭。15时30分，现场救援工作结束，共疏散转移患者71人。截至4月19日9时，经转院救治无效，29人不幸死亡。 4月19日，北京市人民政府新闻办公室举行长峰医院火灾事故情况通报会。北京市消防总队副总队长赵洋通报了此次火灾的事故原因。赵洋表示：经初步调查，事故系医院住院部内部改造施工作业过程中产生的火花引燃现场可燃涂料的挥发物所致。事故具体原因和损失还在进一步调查之中。下一步，我们将痛定思痛，举一反三，聚焦医院、养老机构、高层建筑、地下空间等场所、单位，扎实开展排查整治，推动落实消防安全责任，整改消防安全隐患，维护人民生命财产安全。 北京市公安局刑事侦查总队总队长孙海涛通报：经查，北京长峰医院院长王某玲（女，44岁）、副院长汪某（女，37岁）、总务科主任王某阳（男，50岁），施工公司负责人王某峰（男，47岁）、现场施工人员程某君（男，33岁）等12人，涉嫌重大责任事故罪。目前上述人员已被公安机关依法刑事拘留，案件正在进一步工作中。下一步，公安机关将会同相关部门，进一步深入侦查调查、完善固定证据，依法打击处理。 医院属于高火灾风险场所 人员相对集中，伤病患者多 一旦遇到火灾 很难在短时间内进行逃生疏 ||| 2023年4月18日12时57分，北京市消防救援总队指挥中心接到报警，位于丰台区靛厂路291号的长峰医院发生火灾。接警后，指挥中心立即调派总队、支队两级全勤指挥部、9个消防救援站、30部消防车到场处置。 消防救援力量到达现场后，迅速开展人员搜救和火灾扑救。灭火救援行动中，消防救援人员利用云梯、拉梯、连廊和建筑室外平台，在建筑外部搭设多条临时救生通道，同时利用建筑内部疏散楼梯，深入火场，内外结合，快速组织对各楼层各房间开展人员疏散，配合医护人员对危重病人转移疏散。 13时33分明火被扑灭，15时30分现场搜救行动结束，共疏散转移患者、医护人员及家属142人。经初步调查，事故系医院住院部内部改造施工作业过程中产生的火花引燃现场可燃涂料的挥发物所致。事故具体原因和损失还在进一步调查之中。 下一步，我们将痛定思痛，举一反三，聚焦医院、养老机构、高层建筑、地下空间等场所、单位，扎实开展排查整治，推动落实消防安全责任，整改消防安全隐患，维护人民生命财产安全。 ||| ▲4月19日，北京市人民政府新闻办公室组织召开长峰医院火灾事故情况通报会， 市卫生健康委、市公安局刑侦总队、市消防救援总队、丰台区相关负责同志出席通报会，通报长峰医院火灾事故处理情况。 北京市消防救援总队副总队长赵洋介绍火灾现场处置情况： 2023年4月18日12时57分，北京市消防救援总队指挥中心接到报警，位于丰台区靛厂路291号的长峰医院发生火灾。接警后，指挥中心立即调派总队、支队两级全勤指挥部、9个消防救援站、30部消防车到场处置。 消防救援力量到达现场后，迅速开展人员搜救和火灾扑救。灭火救援行动中，消防救援人员利用云梯、拉梯、连廊和建筑室外平台，在建筑外部搭设多条临时救生通道，同时利用建筑内部疏散楼梯，深入火场，内外结合，快速组织对各楼层各房间开展人员疏散，配合医护人员对危重病人转移疏散。 13时33分明火被扑灭，15时30分现场搜救行动结束，共疏散转移患者、医护人员及家属142人。经初步调查，事故系医院住院部内部改造施工作业过程中产生的火花引燃现场可燃涂料的挥发物所致。事故具体原因和损失还在进一步调查之中。 下一步，我们将痛定思痛，举一反三，聚焦医院、养老机构、高层建筑、地下空间等场所、单位，扎实开展排查整治，推动落实消防安全责任，整改消防安全隐患，维护人民生命财产安全。 来源：北京发布 涉环京通勤、快速路网、国贸站换乘通道改造……今年，北京交通“大动作”公布—— 北京： ||| 用微信扫码二维码 分享至好友和朋友圈 央广网北京4月19日消息（记者 阮修星 庞婷）4月19日，北京市政府召开长峰医院火灾事故情况通报会。北京市消防救援总队副总队长赵洋通报，事故原因初步判定系医院住院部内部改造施工作业过程中产生的火花引燃现场可燃涂料的挥发物所致。事故具体原因和损失还在进一步调查之中。 发布会现场（央广网记者 庞婷 摄） 更多精彩资讯请在应用市场下载“央广网”客户端。欢迎提供新闻线索，24小时报料热线400-800-0088；消费者也可通过央广网“啄木鸟消费者投诉平台”线上投诉。版权声明：本文章版权归属央广网所有，未经授权不得转载。转载请联系：cnrbanquan@cnr.cn，不尊重原创的行为我们将追究责任。 特别声明：以上内容(如有图片或视频亦包括在内)为自媒体平台“网易号”用户上传并发布，本平台仅提供信息存储服务。 Notice: The content above (including the pictures and videos if any) is uploaded and posted by a user of NetEase Hao, which is a social media platform and only provides information storage services. 上游新闻 2026-05-25 14:46:47 中国 ||| 事故具体原因和损失还在进一步调查之中。 新京报讯（记者姜慧梓 郭懿萌）在4月19日举行的长峰医院火灾事故情况通报会上，北京市消防总队副总队长赵洋通报了此次火灾的事故原因。 赵洋表示，经初步调查，事故系医院住院部内部改造施工作业过程中产生的火花引燃现场可燃涂料的挥发物所致。事故具体原因和损失还在进一步调查之中。 编辑 陈静 想要发表评论，阅读更多精彩内容，快来下 载新京报客户端吧 新浪网 | 网易 | 搜狐 | UC头条 | 新华网 | 中新网 | 慧科讯业 | 今日头条 | 一点资讯 | 千龙网 | 贝壳财经| 腾讯网| 百度 经营许可证编号：京ICP证090533号 |京ICP备18053894号| 国新办网备字[2006]7号 | 广播电视节目制作经营许可证：(京)字第02592号 京公网安备11010102004542号|互联网新闻信息服务许可证11120180005号 关于我们版权声明联系我们工作机会友情链接服务协议 Copy Right © 2004-2020 www.bjnews.com.cn All Rights Reserved",social_media ||| mainstream_news ||| mainstream_news ||| social_media ||| mainstream_news,https://www.163.com/dy/article/I2PQGUV20514M3TK.html ||| https://news.fznews.com.cn/gngj/20230419/8o8mJ4HY72.shtml ||| https://news.sohu.com/a/668381550_203914 ||| https://www.163.com/dy/article/I2MHUL9O0514R9NP.html ||| https://www.bjnews.com.cn/detail/168188007014093.html,4,silver_candidate,standard_review,0.000,low,low_risk,accept,,,,,,消防通报原因与后续排查计划准确，中性情感恰当，予以接受。,annotator_A,adjudicated_final,annotator_A
E038,LLM_CANON_E038_001,宁夏自治区党委及政府,高度重视事故救援与善后，坚持人民至上、生命至上，紧急成立联合救治与调查组，并部署全区安全隐患排查整治工作。,neutral,"Evidence shows local authorities immediately deployed rescue, medical treatment, and ordered province-wide safety inspections following the explosion.",SC_E038_001,宁夏党委;宁夏政府;当地政府;银川市政府,True,,ev-00916;ev-00939;ev-00943,中新网银川6月22日电 (记者 李佩珊)6月21日20时40分许，宁夏银川市兴庆区一烧烤店发生燃气爆炸。21时20分许，现场明火已经扑灭。 据现场目击者介绍，烧烤店一楼的煤气罐先发生爆炸，又把二楼的天然气管道引爆。 22日零时左右，现场已完成三轮搜救，事故现场清理正在有序进行。周边住宅、商铺未受到安全影响。 宁夏随即紧急召开党委常委会会议，听取人员搜救、伤员救治和现场清理等工作情况汇报，研究部署事故善后处置及全区安全隐患排查整治工作。强调要坚持人民至上、生命至上，集中一切力量、采取一切措施，争分夺秒、全力以赴做好伤员救治等工作，并深刻汲取教训，举一反三，在全区深入开展安全隐患排查整治工作，坚决消除安全隐患，切实维护人民群众生命健康安全。 目前，宁夏相关部门已紧急成立联合救治组、处置组、调查组，全力以赴做好医疗救治、善后处置等工作。 截至22日凌晨2时，共从现场发现和搜救出38人，均及时送往医院紧急抢救，救治工作正在紧张有序进行。 目前，事故具体原因正在调查中。(完) 【编辑:陈海峰】 更多精彩内容请进入社会新闻 发表评论文明上网理性发言，请遵守新闻评论服务协议 社会新闻精选： 重庆永川山洪地灾已导致9人死亡11人失联 2026年05月25日 18:10:35 15个高价值长江场景机会清单在深发布 向全球发出合作邀约 2026年05月25日 16:55:28 笔墨牵缘40载：草原母亲 ||| 023年6月22日，宁夏银川一家烧烤店发生了一起严重的爆炸事故，导致大量人员伤亡。据现场群众表示，爆炸系一楼煤气罐爆炸引发，随后引爆了二楼的天然气管道，但这一说法尚未得到官方证实。 事发时正值用餐高峰时段，烧烤店内共有数十名顾客和员工。爆炸引发了严重的火灾和烟雾，烧烤店瞬间变成了一片火海。当地消防、公安、120等部门迅速赶到现场，展开全力搜救，共有约20名伤者被抬出，其中1人已经死亡。 当地政府对此事高度重视，展开了调查和善后工作。目前，具体的人员伤亡情况还需要等待官方最终通报。愿逝者安息，伤者早日康复，我们也祈祷死亡人数不要再增加。 这起事故再次提醒我们，生活中的意外事件随时可能发生，我们需要时刻保持警惕，做好安全防范工作。同时，也需要加强对公共场所安全的监管和管理，确保公众在一个安全的环境中生活和工作。返回搜狐，查看更多 ||| 关闭 6月21日20时40分许，宁夏银川市兴庆区一烧烤店发生燃气爆炸。21时20分许，现场明火已扑灭。 按照宁夏党委安排部署，相关部门已紧急成立联合救治组、处置组、调查组，全力以赴做好医疗救治、善后处置等工作。截至22日凌晨2时，共从现场发现和搜救出38人，均及时送往医院紧急抢救，救治工作正在紧张有序进行。 事故发生后，宁夏党委政府高度重视，自治区党委书记、人大常委会主任梁言顺，自治区党委副书记、自治区主席张雨浦第一时间赶赴现场指挥救援工作，要求坚持人民至上、生命至上，集结最强消防、应急、医护救援力量，全力救治人员，同时要全力确保消防救援人员的生命安全。（记者 胡冬梅）,public_web ||| mainstream_news ||| mainstream_news,https://www.chinanews.com.cn/sh/2023/06-22/10029590.shtml ||| https://www.sohu.com/a/689229814_121737825 ||| http://cn.chinadaily.com.cn/a/202306/22/WS6493945fa310ba94c561302a.html,3,silver_candidate,standard_review,0.000,low,low_risk,accept,,,,,,党委政府应急响应与排查部署证据充分，中性情感合理，予以接受。,annotator_A,adjudicated_final,annotator_A
E038,LLM_CANON_E038_002,国务院事故调查组及应急管理部门,发布特别重大事故调查报告，认定事故系企业违法违规检验经营、配送不合格气瓶及烧烤店违规操作所致，要求深刻吸取教训并加强全国燃气安全监管。,neutral,Official reports and Q&A explicitly state the technical and regulatory causes and mandate nationwide safety management improvements and accountability.,SC_E038_002,国务院安委办;应急管理部;事故调查组,True,,ev-00935;ev-00936;ev-01972;ev-01976;ev-01987;ev-01988,"宁夏银川富洋烧烤店“6·21”特别重大燃气爆炸事故调查报告发布,可以用三个非常概括。调查认定,这是一起因相关企业违法违规检验、经营,并配送不符合标准的液化石油气瓶,烧烤店在使用中违规操作发生泄漏爆炸, ||| 近日，国务院安委办发布关于宁夏银川富洋烧烤店“6·21”特别重大燃气爆炸事故的调查报告。这起事故造成了严重的人员伤亡和财产损失，引起了广泛的社会关注。为了揭示这起事故背后的真相，我们采访了相关专家和受害者家属，希望能为人们提供一些启示。 据了解，事发当时，富洋烧烤店内共有75人就餐，其中8人受伤，包括一名孕妇。现场浓烟滚滚，火光冲天，整个店铺被摧毁。经过调查，事故原因与烧烤店使用的燃气管道泄漏有关。燃气公司负责人表示，他们已经发现了管道的泄漏问题，但未能及时采取措施解决。而烧烤店的经营者则表示，他们并不知道燃气管道存在隐患，已经按照相关部门的要求安装了燃气报警器。 这起事故的发生，再次敲响了安全警钟。国务院安委办通知要求各地区、各部门要认真吸取事故教训，切实加强燃气安全管理，确保人民群众生命财产安全。各级政府和有关部门要加强燃气安全生产监管，严厉打击非法违法行为；燃气企业要落实安全生产主体责任，加强燃气设施维护和管理；餐饮场所要严格遵守燃气安全管理规定，提高安全意识。 在此，我们也呼吁大家要提高安全意识，在日常生活中注意燃气安全。如果发现燃气泄漏，应立即关闭燃气阀门，打开门窗通风，并及时拨打应急救援电话。只有每个人都提高警惕，才能共同守护我们的家园。 御宅族都在用的AI动漫头像生成神器，点击这里，上传照片免费生成 >> ||| 宁夏银川富洋烧烤店“6•21” 特别重大燃气爆炸事故调查报告 宁夏银川富洋烧烤店“6•21” 特别重大燃气爆炸事故调查报告 主办单位：应急管理部 网站标识码bm34000001京ICP备18056520号-2京公网安备11040102700086号 ||| 2025年4月29日，辽宁省辽阳市白塔区三里厨娘饭店发生重大火灾事故，造成22人死亡、3人受伤。火灾直接原因系饭店顾客丢弃的未熄灭烟蒂，在风势作用下通过紧贴外墙设置的铝塑板排风道下方缝隙滚入检修口，引燃内部堆放的包装纸箱等垃圾，导致饭店外立面装饰装修使用的铝塑板和建筑外墙聚苯乙烯保温板快速燃烧蔓延成灾。 2023年6月21日，宁夏银川市兴庆区富洋烧烤民族街店发生燃气爆炸事故，造成31人死亡、7人受伤。事故原因是相关企业违法违规检验、经营，并配送不符合标准的液化石油气瓶，烧烤店在使用中违规操作发生泄漏爆炸。由于没有组织疏散、唯一楼梯通道被炸毁的隔墙严重堵塞、二楼临街窗户被封堵并被锚固焊接的钢制广告牌完全阻挡，严重影响人员逃生，导致伤亡扩大。 ||| 转自：中国应急管理 事故报告全文下载请点击“阅读原文” ●来源：应急管理部 ●编辑：时宜 推荐阅读 富洋烧烤店特别重大燃气爆炸事故调查报告公布 国务院事故调查组相关负责人就富洋烧烤店特别重大燃气爆炸事故调查工作答记者问 2名中管干部因富洋烧烤店特别重大燃气爆炸事故被问责 24小时滚动播报最新的财经资讯和视频，更多粉丝福利扫描二维码关注（sinafinance） 网友提问：@@=value.question$$ 老师回答：@@=value.answer$$ @@=value.title$$ 新浪财经意见反馈留言板 新浪简介|广告服务|About Sina 联系我们|招聘信息|通行证注册 产品答疑|网站律师|SINA English Copyright © 1996-2024 SINA Corporation All Rights Reserved 新浪公司 版权所有 ||| 转自：中华人民共和国应急管理部 点击“阅读原文”下载全文 延伸阅读 · 宁夏银川富洋烧烤店“6•21”特别重大燃气爆炸事故调查报告公布 · 国务院事故调查组相关负责人就宁夏银川富洋烧烤店“6•21”特别重大燃气爆炸事故调查工作答记者问 · 2名中管干部因富洋烧烤店特别重大燃气爆炸事故被问责 24小时滚动播报最新的财经资讯和视频，更多粉丝福利扫描二维码关注（sinafinance） 网友提问：@@=value.question$$ 老师回答：@@=value.answer$$ @@=value.title$$ 新浪财经意见反馈留言板 新浪简介|广告服务|About Sina 联系我们|招聘信息|通行证注册 产品答疑|网站律师|SINA English Copyright © 1996-2024 SINA Corporation All Rights Reserved 新浪公司 版权所有",social_media ||| mainstream_news ||| official ||| official ||| mainstream_news ||| mainstream_news,https://www.toutiao.com/article/7329340855360160319/ ||| https://m.sohu.com/a/756083853_121769699/?pvid=000115_3w_a ||| http://www.mem.gov.cn/gk/zfxxgkpt/fdzdgknr/202401/t20240127_476487.shtml ||| https://yjgl.anqing.gov.cn/xxfb/ztzl/xjpx/2004195016.html ||| https://finance.sina.com.cn/wm/2024-01-27/doc-inaeyhrz6296456.shtml ||| https://finance.sina.com.cn/wm/2024-01-27/doc-inaeyhsc3079150.shtml,5,silver_candidate,standard_review,0.000,low,low_risk,accept,,,,,,证据充分支持调查报告发布、事故原因认定及全国监管要求，利益相关者与情感标注准确。,annotator_A,adjudicated_final,annotator_A
E038,LLM_CANON_E038_003,富洋烧烤店经营者,被调查认定在使用中违规操作导致燃气泄漏爆炸；经营者曾辩称不知管道存在隐患，并称已按部门要求安装燃气报警器。,negative,"Investigation report attributes cause to illegal operation, while news interviews cite operators' claims of ignorance and prior alarm installation.",SC_E038_003,烧烤店经营者;富洋烧烤店,True,,ev-00935;ev-00936;ev-01976,"宁夏银川富洋烧烤店“6·21”特别重大燃气爆炸事故调查报告发布,可以用三个非常概括。调查认定,这是一起因相关企业违法违规检验、经营,并配送不符合标准的液化石油气瓶,烧烤店在使用中违规操作发生泄漏爆炸, ||| 近日，国务院安委办发布关于宁夏银川富洋烧烤店“6·21”特别重大燃气爆炸事故的调查报告。这起事故造成了严重的人员伤亡和财产损失，引起了广泛的社会关注。为了揭示这起事故背后的真相，我们采访了相关专家和受害者家属，希望能为人们提供一些启示。 据了解，事发当时，富洋烧烤店内共有75人就餐，其中8人受伤，包括一名孕妇。现场浓烟滚滚，火光冲天，整个店铺被摧毁。经过调查，事故原因与烧烤店使用的燃气管道泄漏有关。燃气公司负责人表示，他们已经发现了管道的泄漏问题，但未能及时采取措施解决。而烧烤店的经营者则表示，他们并不知道燃气管道存在隐患，已经按照相关部门的要求安装了燃气报警器。 这起事故的发生，再次敲响了安全警钟。国务院安委办通知要求各地区、各部门要认真吸取事故教训，切实加强燃气安全管理，确保人民群众生命财产安全。各级政府和有关部门要加强燃气安全生产监管，严厉打击非法违法行为；燃气企业要落实安全生产主体责任，加强燃气设施维护和管理；餐饮场所要严格遵守燃气安全管理规定，提高安全意识。 在此，我们也呼吁大家要提高安全意识，在日常生活中注意燃气安全。如果发现燃气泄漏，应立即关闭燃气阀门，打开门窗通风，并及时拨打应急救援电话。只有每个人都提高警惕，才能共同守护我们的家园。 御宅族都在用的AI动漫头像生成神器，点击这里，上传照片免费生成 >> ||| 2025年4月29日，辽宁省辽阳市白塔区三里厨娘饭店发生重大火灾事故，造成22人死亡、3人受伤。火灾直接原因系饭店顾客丢弃的未熄灭烟蒂，在风势作用下通过紧贴外墙设置的铝塑板排风道下方缝隙滚入检修口，引燃内部堆放的包装纸箱等垃圾，导致饭店外立面装饰装修使用的铝塑板和建筑外墙聚苯乙烯保温板快速燃烧蔓延成灾。 2023年6月21日，宁夏银川市兴庆区富洋烧烤民族街店发生燃气爆炸事故，造成31人死亡、7人受伤。事故原因是相关企业违法违规检验、经营，并配送不符合标准的液化石油气瓶，烧烤店在使用中违规操作发生泄漏爆炸。由于没有组织疏散、唯一楼梯通道被炸毁的隔墙严重堵塞、二楼临街窗户被封堵并被锚固焊接的钢制广告牌完全阻挡，严重影响人员逃生，导致伤亡扩大。",social_media ||| mainstream_news ||| official,https://www.toutiao.com/article/7329340855360160319/ ||| https://m.sohu.com/a/756083853_121769699/?pvid=000115_3w_a ||| https://yjgl.anqing.gov.cn/xxfb/ztzl/xjpx/2004195016.html,3,silver_candidate,standard_review,0.000,low,low_risk,accept,,,,,,证据明确记载经营者违规操作事实及其关于不知情与已装报警器的辩称，主张与证据高度一致。,annotator_A,adjudicated_final,annotator_A
E038,LLM_CANON_E038_004,涉事燃气及相关企业,被认定违法违规检验经营并配送不符合标准的液化石油气瓶；燃气公司负责人承认曾发现管道泄漏问题但未及时采取措施解决。,negative,"Official findings and news reports confirm regulatory violations, substandard cylinder delivery, and failure to address known leaks.",SC_E038_004,燃气公司;相关企业;配送企业,True,,ev-00935;ev-00936;ev-01976,"宁夏银川富洋烧烤店“6·21”特别重大燃气爆炸事故调查报告发布,可以用三个非常概括。调查认定,这是一起因相关企业违法违规检验、经营,并配送不符合标准的液化石油气瓶,烧烤店在使用中违规操作发生泄漏爆炸, ||| 近日，国务院安委办发布关于宁夏银川富洋烧烤店“6·21”特别重大燃气爆炸事故的调查报告。这起事故造成了严重的人员伤亡和财产损失，引起了广泛的社会关注。为了揭示这起事故背后的真相，我们采访了相关专家和受害者家属，希望能为人们提供一些启示。 据了解，事发当时，富洋烧烤店内共有75人就餐，其中8人受伤，包括一名孕妇。现场浓烟滚滚，火光冲天，整个店铺被摧毁。经过调查，事故原因与烧烤店使用的燃气管道泄漏有关。燃气公司负责人表示，他们已经发现了管道的泄漏问题，但未能及时采取措施解决。而烧烤店的经营者则表示，他们并不知道燃气管道存在隐患，已经按照相关部门的要求安装了燃气报警器。 这起事故的发生，再次敲响了安全警钟。国务院安委办通知要求各地区、各部门要认真吸取事故教训，切实加强燃气安全管理，确保人民群众生命财产安全。各级政府和有关部门要加强燃气安全生产监管，严厉打击非法违法行为；燃气企业要落实安全生产主体责任，加强燃气设施维护和管理；餐饮场所要严格遵守燃气安全管理规定，提高安全意识。 在此，我们也呼吁大家要提高安全意识，在日常生活中注意燃气安全。如果发现燃气泄漏，应立即关闭燃气阀门，打开门窗通风，并及时拨打应急救援电话。只有每个人都提高警惕，才能共同守护我们的家园。 御宅族都在用的AI动漫头像生成神器，点击这里，上传照片免费生成 >> ||| 2025年4月29日，辽宁省辽阳市白塔区三里厨娘饭店发生重大火灾事故，造成22人死亡、3人受伤。火灾直接原因系饭店顾客丢弃的未熄灭烟蒂，在风势作用下通过紧贴外墙设置的铝塑板排风道下方缝隙滚入检修口，引燃内部堆放的包装纸箱等垃圾，导致饭店外立面装饰装修使用的铝塑板和建筑外墙聚苯乙烯保温板快速燃烧蔓延成灾。 2023年6月21日，宁夏银川市兴庆区富洋烧烤民族街店发生燃气爆炸事故，造成31人死亡、7人受伤。事故原因是相关企业违法违规检验、经营，并配送不符合标准的液化石油气瓶，烧烤店在使用中违规操作发生泄漏爆炸。由于没有组织疏散、唯一楼梯通道被炸毁的隔墙严重堵塞、二楼临街窗户被封堵并被锚固焊接的钢制广告牌完全阻挡，严重影响人员逃生，导致伤亡扩大。",social_media ||| mainstream_news ||| official,https://www.toutiao.com/article/7329340855360160319/ ||| https://m.sohu.com/a/756083853_121769699/?pvid=000115_3w_a ||| https://yjgl.anqing.gov.cn/xxfb/ztzl/xjpx/2004195016.html,3,silver_candidate,standard_review,0.000,low,low_risk,accept,,,,,,证据直接支撑相关企业违法违规检验配送及燃气公司负责人承认未及时处置泄漏的表述。,annotator_A,adjudicated_final,annotator_A
E038,LLM_CANON_E038_005,现场群众与目击者,描述爆炸发生过程为一楼煤气罐先爆炸并引燃二楼天然气管道，现场浓烟滚滚、玻璃散落，对突发事故感到震惊。,neutral,Multiple news reports quote on-site witnesses describing the explosion sequence and chaotic scene factually.,SC_E038_005,现场群众;目击者;周边商户,True,,ev-00916;ev-00917;ev-00918;ev-00919;ev-00920;ev-00938;ev-00939;ev-01982;ev-01983,"中新网银川6月22日电 (记者 李佩珊)6月21日20时40分许，宁夏银川市兴庆区一烧烤店发生燃气爆炸。21时20分许，现场明火已经扑灭。 据现场目击者介绍，烧烤店一楼的煤气罐先发生爆炸，又把二楼的天然气管道引爆。 22日零时左右，现场已完成三轮搜救，事故现场清理正在有序进行。周边住宅、商铺未受到安全影响。 宁夏随即紧急召开党委常委会会议，听取人员搜救、伤员救治和现场清理等工作情况汇报，研究部署事故善后处置及全区安全隐患排查整治工作。强调要坚持人民至上、生命至上，集中一切力量、采取一切措施，争分夺秒、全力以赴做好伤员救治等工作，并深刻汲取教训，举一反三，在全区深入开展安全隐患排查整治工作，坚决消除安全隐患，切实维护人民群众生命健康安全。 目前，宁夏相关部门已紧急成立联合救治组、处置组、调查组，全力以赴做好医疗救治、善后处置等工作。 截至22日凌晨2时，共从现场发现和搜救出38人，均及时送往医院紧急抢救，救治工作正在紧张有序进行。 目前，事故具体原因正在调查中。(完) 【编辑:陈海峰】 更多精彩内容请进入社会新闻 发表评论文明上网理性发言，请遵守新闻评论服务协议 社会新闻精选： 重庆永川山洪地灾已导致9人死亡11人失联 2026年05月25日 18:10:35 15个高价值长江场景机会清单在深发布 向全球发出合作邀约 2026年05月25日 16:55:28 笔墨牵缘40载：草原母亲 ||| 用微信扫码二维码 分享至好友和朋友圈 央广网银川6月21日消息（记者 许波 牛巧刚 高振兴）今天晚上8：30左右，宁夏银川兴庆区一烧烤店发生爆炸，有人员受伤，已经紧急送医救治，目前现场明火已经扑灭。据现场群众介绍，烧烤店一楼的煤气罐先发生爆炸，又把二楼的天然气管道引爆。具体原因正在调查。 更多精彩资讯请在应用市场下载“央广网”客户端。欢迎提供新闻线索，24小时报料热线400-800-0088；消费者也可通过央广网“啄木鸟消费者投诉平台”线上投诉。版权声明：本文章版权归属央广网所有，未经授权不得转载。转载请联系：cnrbanquan@cnr.cn，不尊重原创的行为我们将追究责任。 特别声明：以上内容(如有图片或视频亦包括在内)为自媒体平台“网易号”用户上传并发布，本平台仅提供信息存储服务。 Notice: The content above (including the pictures and videos if any) is uploaded and posted by a user of NetEase Hao, which is a social media platform and only provides information storage services. 大风新闻 2026-05-25 22:28:10 上游新闻 2026-05-25 14:46:47 中国 ||| 用微信扫码二维码 分享至好友和朋友圈 6月21日20时40分许，宁夏银川市兴庆区一烧烤店发生燃气爆炸。经过紧急扑救，21时20分许现场明火扑灭，救援人员在现场进行多轮搜救，截至22日凌晨2时，救援现场发现和搜救出38人，均及时送往医院紧急抢救，救治工作正在紧张有序进行。据现场群众介绍，烧烤店一楼的煤气罐先发生爆炸，又把二楼的天然气管道引爆，并将楼层之间的楼梯炸毁。目前事故具体原因正在调查。（东方网·纵相视频 孔文龙） 特别声明：以上内容(如有图片或视频亦包括在内)为自媒体平台“网易号”用户上传并发布，本平台仅提供信息存储服务。 Notice: The content above (including the pictures and videos if any) is uploaded and posted by a user of NetEase Hao, which is a social media platform and only provides information storage services. 上游新闻 2026-05-25 14:46:47 中国新闻周刊 2026-05-24 23:46:09 央视新闻 2026-05-25 02:54:48 环球网资讯 2026-05-25 07:34:39 大风新闻 2026-05-25 22:28:10 大象新闻 2 ||| 关闭 6月21日20时40分许，宁夏银川市兴庆区一烧烤店发生燃气爆炸。经过紧急扑救，21时20分许现场明火扑灭，救援人员在现场进行多轮搜救，截至22日凌晨2时，救援现场发现和搜救出38人，均及时送往医院紧急抢救，救治工作正在紧张有序进行。 据现场群众介绍，烧烤店一楼的煤气罐先发生爆炸，又把二楼的天然气管道引爆，并将楼层之间的楼梯炸毁。目前事故具体原因正在调查。 （总台记者 许波 牛巧刚 高振兴 鲍成龙 李浩男） ||| 关闭 6月21日20时40分许，宁夏银川市兴庆区一烧烤店发生燃气爆炸。经过紧急扑救，21时20分许现场明火扑灭，救援人员在现场进行多轮搜救，截至22日凌晨2时，救援现场发现和搜救出38人，均及时送往医院紧急抢救，救治工作正在紧张有序进行。 据现场群众介绍，烧烤店一楼的煤气罐先发生爆炸，又把二楼的天然气管道引爆，并将楼层之间的楼梯炸毁。目前事故具体原因正在调查。 （总台记者 许波 牛巧刚 高振兴 鲍成龙 李浩男） ||| 据央视新闻，今天（6月21日）晚上8：30左右，宁夏银川兴庆区一烧烤店发生爆炸，有人员受伤，已经紧急送医救治，目前现场明火已经扑灭。 据现场群众介绍，烧烤店一楼的煤气罐先发生爆炸，又把二楼的天然气管道引爆。具体原因正在调查，现场搜救仍在进行。 责任编辑：祝加贝 举报邮箱：jubao@vip.sina.com Copyright © 1996-2023 SINA Corporation All Rights Reserved 新浪公司 版权所有 ||| 023年6月22日，宁夏银川一家烧烤店发生了一起严重的爆炸事故，导致大量人员伤亡。据现场群众表示，爆炸系一楼煤气罐爆炸引发，随后引爆了二楼的天然气管道，但这一说法尚未得到官方证实。 事发时正值用餐高峰时段，烧烤店内共有数十名顾客和员工。爆炸引发了严重的火灾和烟雾，烧烤店瞬间变成了一片火海。当地消防、公安、120等部门迅速赶到现场，展开全力搜救，共有约20名伤者被抬出，其中1人已经死亡。 当地政府对此事高度重视，展开了调查和善后工作。目前，具体的人员伤亡情况还需要等待官方最终通报。愿逝者安息，伤者早日康复，我们也祈祷死亡人数不要再增加。 这起事故再次提醒我们，生活中的意外事件随时可能发生，我们需要时刻保持警惕，做好安全防范工作。同时，也需要加强对公共场所安全的监管和管理，确保公众在一个安全的环境中生活和工作。返回搜狐，查看更多 ||| 记者从宁夏回族自治区党委获悉，6月21日20时40分许，宁夏回族自治区银川市兴庆区民族南街富洋 烧烤店操作间液化石油气（液化气罐）泄漏引发爆炸，造成38人伤亡，其中31人经抢救无效死亡，7人正在全力救治中（危重1人、中度烧伤2人、轻症2人、玻璃划伤2人）。 据现场群众介绍，烧烤店一楼的煤气罐先发生爆炸，又把二楼的天然气管道引爆。具体原因正在调查，现场搜救仍在进行。 现场明火已经扑灭。 据新华社、央视新闻 ▊ 返回搜狐，查看更多 ||| 点击上方蓝字，关注我们 新华社记者从宁夏回族自治区党委获悉，6月21日20时40分许，宁夏回族自治区银川市兴庆区民族南街富洋烧烤店操作间液化石油气（液化气罐）泄漏引发爆炸， 造成38人伤亡，其中31人经抢救无效死亡，7人正在全力救治中（危重1人、中度烧伤2人、轻症2人、玻璃划伤2人）。 6月21日，消防救援人员在事故现场救援。新华社记者 王鹏 摄 ■来源： 新华社 ■责编：朱俐娜返回搜狐，查看更多",public_web ||| social_media ||| social_media ||| mainstream_news ||| mainstream_news ||| mainstream_news ||| mainstream_news ||| mainstream_news ||| mainstream_news,https://www.chinanews.com.cn/sh/2023/06-22/10029590.shtml ||| https://www.163.com/dy/article/I7PQOFB20514R9NP.html ||| https://www.163.com/dy/article/I7RME3G105503FCU.html ||| https://cnews.chinadaily.com.cn/a/202306/22/WS64938b3ca310ba94c561301f.html ||| http://cnews.chinadaily.com.cn/a/202306/22/WS64938b3ca310ba94c561301f.html ||| https://news.sina.com.cn/s/2023-06-21/doc-imyyanec7510341.shtml ||| https://www.sohu.com/a/689229814_121737825 ||| https://www.sohu.com/a/689092606_161795 ||| https://www.sohu.com/a/689107898_121119268,5,silver_candidate,standard_review,0.000,low,low_risk,accept,,,,,,多份媒体报道与目击者陈述一致印证爆炸过程与现场状况，情感中性符合客观描述特征。,annotator_A,adjudicated_final,annotator_A
E039,LLM_CANON_E039_001,地方政府及应急管理部门,迅速组织现场救援并通报伤亡情况，经调查认定事故系地铁盾构施工破坏燃气管道泄漏所致，明确与商户操作无关，并依法对涉事公职人员及参建单位责任人进行党纪政务处分与移交处理。,neutral,多份官方通报与调查报告证实应急部门第一时间开展救援，专家组与局长公开澄清事故原因为管道泄漏而非商户操作不当，后续发布正式报告并对23名公职人员作出纪律处分。,SC_E039_001,三河市应急管理局;河北省应急管理厅;事故调查专家组;纪宏图;刘福来;廊坊市政府及住建局;三河市委市政府及住建局;燕郊高新区党工委管委会,True,,ev-00947;ev-00948;ev-00949;ev-00951;ev-00954;ev-00969;ev-00971;ev-00972;ev-00981;ev-01996;ev-02006;ev-02010,"燕郊爆炸(2024年3月13日河北省廊坊市三河市燕郊镇发生的爆炸事故) : 一般指本词条 2024年3月13日7时54分，河北省廊坊三河市燕郊小张各庄村一老小区底商餐饮店发生爆炸1。 截至2024年3月13日23时，现场救援工作基本结束，事故造成7人死亡，27人受伤。受伤人员中14人已出院，其余人员均无生命危险234。3月14日16时30分许，该事故调查专家组组长刘福来介绍，爆燃事故原因初步判断为燃气管道泄漏5。 2025年10月31日，河北省应急管理厅官网发布“3·13”较大燃气爆燃事故调查报告。经调查认定，这是一起生产安全责任事故。报告指出，存在的主要问题有：地铁参建各方和专班的管道调查核查工作流于形式；涉燃气施工安全管理不力；企业违规建设、部门管理缺失；属地安全监管落实不到位；地下燃气管道普查工作开展不力。对廊坊市政府及住建局，三河市委市政府及住建局，燕郊高新区党工委管委会及有关部门等共23名公职人员，给予党纪政务处分等处理6。 3·13燕郊爆燃事故 2024年3月13日7时54分5 河北省廊坊三河市燕郊小张各庄村1 7人死亡，27人受伤(截至2024年3月13日23时) 2024年3月13日7时54分，河北省廊坊三河市燕郊小张各庄村一老小区底商餐饮店发生爆炸。当地居民表示，有楼房发生坍塌，现场发生火灾。现场视频显示冒出一团巨大青烟，多辆轿车受损，地面一片狼藉，疑似燃气爆炸。 ||| 用微信扫码二维码 分享至好友和朋友圈 河北省应急管理厅调查评估和统计处近日发布燕郊地铁施工项目“3·13”较大燃气爆燃事故调查报告。2024年3月13日3时15分许，地铁燕郊站至神威大街站区间盾构施工过程中，造成地埋天然气管道破损泄漏，天然气扩散至周边小张各庄综合服务楼C栋内，于7时54分许发生爆燃，事故造成7人死亡、27人受伤。 司法机关对相关涉事单位的7名责任人员采取刑事强制措施。 对中交隧道局、中交一公局、北京城勘公司、中铁设计公司、北京赛瑞斯公司、快轨公司、京冀公司、北京迅联公司、百川新能源公司、百川燃气公司等共46名人员存在的问题，按照相关规定和管理权限，移交有管辖权的纪检监察机关、组织和单位依规依纪依法处理。 对廊坊市政府及住建局，三河市委市政府及住建局，燕郊高新区党工委管委会及有关部门等共23名公职人员，给予党纪政务处分等处理。 编辑 | 梅青云 责编｜赵宁宁 主编 | 张 越 来源 | 央视新闻 部分素材来源网络，如有侵权请联系删除 点击下方公号名片，阅读更多科普信息 特别声明：以上内容(如有图片或视频亦包括在内)为自媒体平台“网易号”用户上传并发布，本平台仅提供信息存储服务。 Notice: The content above (including the pictures and videos if any) is uploaded and posted by  ||| 用微信扫描二维码 分享至好友和朋友圈 河北省应急管理厅调查评估和统计处近日发布了关于燕郊地铁施工项目“3·13”较大燃气爆燃事故的调查报告。2024年3月13日3时15分许，在地铁燕郊站至神威大街站区间盾构施工过程中，地埋天然气管道被损坏并发生泄漏。天然气随后扩散至附近的小张各庄综合服务楼C栋内，并在7时54分许引发爆燃。此次事故导致7人死亡、27人受伤。 司法机关对相关涉事单位的7名责任人员采取了刑事强制措施。此外，中交隧道局、中交一公局、北京城勘公司、中铁设计公司、北京赛瑞斯公司、快轨公司、京冀公司、北京迅联公司、百川新能源公司、百川燃气公司等共46名人员因存在问题被移交有管辖权的纪检监察机关、组织和单位处理。廊坊市政府及住建局、三河市委市政府及住建局、燕郊高新区党工委管委会及有关部门等共23名公职人员也受到了党纪政务处分等处理。 河北省应急管理厅官网发布了“3·13”较大燃气爆燃事故调查报告。2024年3月13日3时15分许，地铁燕郊站至神威大街站区间盾构施工过程中，导致地埋天然气管道破损泄漏 2024年10月12日13时30分许，山东省潍坊市寿光市潍坊金石生物科技有限公司发生一起中毒事故，造成7人死亡、4人受伤 2024年12月3日13时53分许，济宁市金乡县中储粮济宁直属库有限公司金乡分公司粮食仓储项目伞形桁架平台发生坍塌事故，造成7人死亡、1人重伤，直接经济损失1346 ||| 新华社石家庄3月14日电（记者王民）河北省三河市应急管理局14日凌晨1时许发布情况通报称，13日7时54分，燕郊镇一商户发生因疑似燃气泄漏引发的燃爆事故，事故造成7人死亡、27人受伤。截至目前，现场清理已基本完成，伤者全部送往医院救治，其中14人已经出院。事故原因正在调查中。 3月13日，应急救援人员在事故现场进行处置救援。新华社记者 鞠焕宗 摄 3月13日，应急救援人员在事故现场进行处置救援。新华社记者 鞠焕宗 摄 3月13日，应急救援人员在事故现场进行处置救援。新华社记者 张骁 摄 ||| 河北省三河市应急管理局14日凌晨1时许发布情况通报称,13日7时54分,燕郊镇一商户发生因疑似燃气泄漏引发的燃爆事故,事故造成7人死亡、27人受伤。截至目前,现场清理已基本完成,伤者全部送往医院救治, ||| 3月13日7时54分，廊坊三河市燕郊镇发生一起爆燃事故。截至13日23时，现场救援工作基本结束。（此前报道：突发！燕郊发生爆炸！伤亡不明 、官方通报：已致1死22伤） 14日下午，事故调查组专家组组长刘福来披露燕郊爆炸事故原因： “事故原因不是用户燃气问题，而是输送中的管道泄露。目前具体的事故原因，还要等待事故调查及后续通告。” 此外，刘福来还披露了爆炸源：“目前应该说，发生事故的炸点位置，就是炸鸡店整体的建筑结构。但是具体哪一家是点火源，还要通过后续的痕迹调查。……它是一种球形爆炸，力量从薄弱的地方来泄压。” 来源：广州日报、央广网、河北日报客户端 编辑：李紫晴 校审：施冰冰、吴沁彤、何畅 转载请注明 ◆ 官方通报：已致1死22伤 ◆ 多人被骗？维权困难？曝光！ ◆ 深圳警方通报 ◆ 编造女教师“黄谣”实施网络暴力，李某被依法行拘！ ◆ 网民为引流造谣被罚！ ◆ 这8天，免费通行！ ◆ 进入高峰期！无特效药！不要乱吃！ ◆ 知名品牌吃出“老鼠尾巴”？ ◆ 营养师报名通道开启！ 喜欢小新就给一个和吧↓↓返回搜狐，查看更多 ||| 据3月13日7时54分的报告,燕郊镇发生的爆燃事故造成了7人死亡,27人受伤。这一突发事件让社会各界为之震惊,也引发了对于事故原因的广泛猜测。而在今天下午,事故调查组专家刘福来和三河市应急管理局局长纪 ||| 近日官方回应燕郊镇发生爆炸_河北廊坊燕郊镇发生爆炸！官方回应：调查组已到场，消防正在救援消息关注度非常高，想要进一步了解这方面的最新消息，小编给大家整理出有关这方面的全部内容，希望能够帮助到大家深入了解！ 根据网络用户的揭露，3月13日早晨，大皖新闻的记者从三河市应急管理局得到消息，事故调查小组已经赶往现场处理问题。同时，廊坊市应急管理局的一位工作人员也证实，消防队伍正在进行救援行动。目前，相关部门正在进行情况的核實。 据透露，今日上午已有专职人员前往三河市展开事故调查工作，与此同时，廊坊市的应急管理部门也在积极组织消防力量投入救援。对于此次事件的具体情况，相关部门正在进一步核查中。 在接到网友的曝料后，大皖新闻于3月13日上午及时联系了三河市及廊坊市应急管理局。据相关工作人员介绍，现事故调查组已在现场开展工作，而消防部门也正全力以赴地实施救援。目前，官方还在对具体情况做进一步的确认。 当日早晨，从三河市应急管理局得知，事故调查组已抵达现场进行处置。此外，有消息从廊坊市应急管理局传来，消防部门正在全力以赴地实施救援。现在，有关部门正在核实实际状况。 今天上午，三河市应急管理局向大皖新闻证实，事故调查小组已经前往现场执行任务。同时，来自廊坊市应急管理局的消息显示，消防部门正在紧张有序地进行救援。当前，相关方面正在对实际情况进行全面的核实。 上述就是关于官方回应燕郊镇发生爆炸_河北廊坊 ||| 来源：央广网 [#官方澄清燕郊爆燃事故和炸鸡店无关#]3月13日7时54分，廊坊三河市燕郊镇发生一起爆燃事故。截至13日23时，现场救援工作基本结束。14日下午，三河市应急管理局局长澄清燕郊爆燃事故和炸鸡店无关，戳视频↓（央广网记者庞婷 王艺霖 王伟倩 视频剪辑 黄灏夫） <% intro %> ||| 新华社石家庄3月14日电（记者王民）14日16时30分许，河北省三河市燕郊镇爆燃事故调查专家组组长刘福来介绍，爆燃事故原因初步判断为燃气管道泄漏。 3月13日，应急救援人员在事故现场进行处置救援。新华社发 刘福来介绍，爆燃事故引爆点的位置位于炸鸡店所在的整体建筑结构，但具体是哪家门店还需后续调查。燃气管道泄漏点距离地表有一定深度，正在精确检测泄漏点。 3月13日，应急救援人员在事故现场进行处置救援。新华社发 三河市应急管理局局长纪宏图介绍，燕郊镇较早地开通了管道燃气，地下管网比较复杂，老的管网已经使用20多年，埋藏最深的位于地下12米，事故调查难度较大，难以确定单点泄漏还是多点泄漏。爆燃事故与部分经营业主操作不当没有直接关系。 13日7时54分，燕郊镇发生因疑似燃气泄漏引发的爆燃事故，造成7人死亡、27人受伤。纪宏图介绍，14日已全面进入事故调查和善后处理工作阶段。 ||| 下载川观新闻客户端(苹果、安卓) 下载川观新闻客户端(鸿蒙) 建议使用浏览器扫码下载 关注四川日报公众号 扫码查看 央视新闻客户端 2024-03-13 13:36 全文播报 天下 进入频道 △视频丨总台记者探访燕郊一商铺爆燃事故核心现场 今天上午，河北省三河市燕郊小张各庄村学院大街与迎宾路交叉口附近，一临街商铺发生爆炸起火。现场响声巨大，冒出大量浓烟。156名消防队员、蓝天救援队等救援力量随即赶往现场。 据三河市应急管理局局长表示，目前救援出28人，最新数据是2人死亡26人受伤。伤员已被送至三河周边二甲或三甲医院，大多数为轻伤。 目前明火已被扑灭。500米附近的居民已经转移，围观群众被疏散，现场拉起警戒线。具体爆炸原因和具体地点尚未确定，初步断定是燃气泄漏造成爆炸。 现场画面显示，附近建筑玻璃被震碎，路面多辆汽车受损。地上有很多爆炸后的碎片。爆炸建筑对面的楼宇也有不同程度损毁，不时掉落玻璃等碎片。 【未经授权，严禁转载！联系电话028-86968276】 未经授权，严禁转载！ 如需转载，请私信小编，或致电：028-86968693 028-86968276 转载须在正文开头显著位置注明稿件来源及作者，违者必究 川观新闻官方网址：https://cbgc.scol.com.cn 扫描或长按关注川观新闻微信号(微信号:cbgc2014) 应该认真查找燃爆原因，制定对应措施，确保不发生 ||| 浏览次数：次 3月14日16时30分许，河北省三河市燕郊镇爆燃事故调查专家组组长刘福来介绍，爆燃事故原因初步判断为燃气管道泄漏。 刘福来介绍，爆燃事故引爆点的位置位于炸鸡店所在的整体建筑结构，但具体是哪家门店还需后续调查。燃气管道泄漏点距离地表有一定深度，正在精确检测泄漏点。 三河市应急管理局局长纪宏图介绍，燕郊镇较早地开通了管道燃气，地下管网比较复杂，老的管网已经使用20多年，埋藏最深的位于地下12米，事故调查难度较大，难以确定单点泄漏还是多点泄漏。爆燃事故与部分经营业主操作不当没有直接关系。 3月13日7时54分，燕郊镇发生因疑似燃气泄漏引发的爆燃事故，造成7人死亡、27人受伤。纪宏图介绍，14日已全面进入事故调查和善后处理工作阶段。 老化腐蚀、受压损坏…… 城市燃气管线藏着哪些致命隐患？ 燃气泄漏 极易引发中毒、起火、爆炸等事故 燃气使用应该注意些什么？ 安全用气“九提示”要牢记！ 西安市应急管理局主办地址：未央路西侧与凤城七路北段旭辉中心2号楼7-10层网站地图 电话：029-89150000（值班、咨询电话）12350（举报电话） 029-86785241 029-86785242（行政审批）机关纪委邮箱：xayjjj@163.com 网站标识码：6101000077陕ICP备2025072527号陕公网安备 61011202000228号 应急管理公众号 西安应急央视号",public_web ||| social_media ||| mainstream_news ||| mainstream_news ||| official ||| mainstream_news ||| social_media ||| public_web ||| public_web ||| mainstream_news ||| mainstream_news ||| official,http://baike.sogou.com/v217046531.htm?fromTitle=%E7%87%95%E9%83%8A%E7%88%86%E7%82%B8 ||| https://www.163.com/dy/article/KE1L0NLO0511DJHA.html ||| https://news.china.com/socialgd/10000169/20251110/48979051.html ||| http://www.news.cn/local/20240314/298ee88e91e74952a698bfcb91da8a96/c.html ||| https://www.eco.gov.cn/news_info/68805.html ||| https://www.sohu.com/a/764191899_121384220 ||| https://www.toutiao.com/article/7346197337393611302/ ||| https://news.duote.com/202403/521801.html ||| https://news.sina.cn/gn/2024-03-14/detail-inanhzmn7588992.d.html ||| http://www.news.cn/local/20240314/1a35a2b508f14908b1d334e4f437b069/c.html ||| http://cbgc.scol.com.cn/news/4816618 ||| http://yjglj.xa.gov.cn/kp/1768489463259918337.html,11,silver_candidate,standard_review,0.000,low,low_risk,accept,,,,,,官方通报与调查报告完整覆盖救援组织、原因认定（盾构施工破坏管道）、排除商户责任及公职人员问责等关键信息。,annotator_A,adjudicated_final,annotator_A
E039,LLM_CANON_E039_002,地铁施工及相关参建企业,因盾构施工违规破坏地埋天然气管道、安全管理不力及管道核查流于形式被认定负主要责任，相关责任人被采取刑事强制措施或移交纪检监察机关依规处理。,negative,事故调查报告明确指出地铁参建各方在管道调查核查中流于形式、涉燃气施工安全管理不力，直接导致管道破损泄漏，7名责任人员被刑拘，46名相关人员被移交处理。,SC_E039_002,中交隧道局;中交一公局;北京城勘公司;中铁设计公司;北京赛瑞斯公司;快轨公司;京冀公司;北京迅联公司;百川新能源公司;百川燃气公司;地铁参建各方,True,,ev-00947;ev-00948;ev-00949;ev-01993;ev-01994,燕郊爆炸(2024年3月13日河北省廊坊市三河市燕郊镇发生的爆炸事故) : 一般指本词条 2024年3月13日7时54分，河北省廊坊三河市燕郊小张各庄村一老小区底商餐饮店发生爆炸1。 截至2024年3月13日23时，现场救援工作基本结束，事故造成7人死亡，27人受伤。受伤人员中14人已出院，其余人员均无生命危险234。3月14日16时30分许，该事故调查专家组组长刘福来介绍，爆燃事故原因初步判断为燃气管道泄漏5。 2025年10月31日，河北省应急管理厅官网发布“3·13”较大燃气爆燃事故调查报告。经调查认定，这是一起生产安全责任事故。报告指出，存在的主要问题有：地铁参建各方和专班的管道调查核查工作流于形式；涉燃气施工安全管理不力；企业违规建设、部门管理缺失；属地安全监管落实不到位；地下燃气管道普查工作开展不力。对廊坊市政府及住建局，三河市委市政府及住建局，燕郊高新区党工委管委会及有关部门等共23名公职人员，给予党纪政务处分等处理6。 3·13燕郊爆燃事故 2024年3月13日7时54分5 河北省廊坊三河市燕郊小张各庄村1 7人死亡，27人受伤(截至2024年3月13日23时) 2024年3月13日7时54分，河北省廊坊三河市燕郊小张各庄村一老小区底商餐饮店发生爆炸。当地居民表示，有楼房发生坍塌，现场发生火灾。现场视频显示冒出一团巨大青烟，多辆轿车受损，地面一片狼藉，疑似燃气爆炸。 ||| 用微信扫码二维码 分享至好友和朋友圈 河北省应急管理厅调查评估和统计处近日发布燕郊地铁施工项目“3·13”较大燃气爆燃事故调查报告。2024年3月13日3时15分许，地铁燕郊站至神威大街站区间盾构施工过程中，造成地埋天然气管道破损泄漏，天然气扩散至周边小张各庄综合服务楼C栋内，于7时54分许发生爆燃，事故造成7人死亡、27人受伤。 司法机关对相关涉事单位的7名责任人员采取刑事强制措施。 对中交隧道局、中交一公局、北京城勘公司、中铁设计公司、北京赛瑞斯公司、快轨公司、京冀公司、北京迅联公司、百川新能源公司、百川燃气公司等共46名人员存在的问题，按照相关规定和管理权限，移交有管辖权的纪检监察机关、组织和单位依规依纪依法处理。 对廊坊市政府及住建局，三河市委市政府及住建局，燕郊高新区党工委管委会及有关部门等共23名公职人员，给予党纪政务处分等处理。 编辑 | 梅青云 责编｜赵宁宁 主编 | 张 越 来源 | 央视新闻 部分素材来源网络，如有侵权请联系删除 点击下方公号名片，阅读更多科普信息 特别声明：以上内容(如有图片或视频亦包括在内)为自媒体平台“网易号”用户上传并发布，本平台仅提供信息存储服务。 Notice: The content above (including the pictures and videos if any) is uploaded and posted by  ||| 用微信扫描二维码 分享至好友和朋友圈 河北省应急管理厅调查评估和统计处近日发布了关于燕郊地铁施工项目“3·13”较大燃气爆燃事故的调查报告。2024年3月13日3时15分许，在地铁燕郊站至神威大街站区间盾构施工过程中，地埋天然气管道被损坏并发生泄漏。天然气随后扩散至附近的小张各庄综合服务楼C栋内，并在7时54分许引发爆燃。此次事故导致7人死亡、27人受伤。 司法机关对相关涉事单位的7名责任人员采取了刑事强制措施。此外，中交隧道局、中交一公局、北京城勘公司、中铁设计公司、北京赛瑞斯公司、快轨公司、京冀公司、北京迅联公司、百川新能源公司、百川燃气公司等共46名人员因存在问题被移交有管辖权的纪检监察机关、组织和单位处理。廊坊市政府及住建局、三河市委市政府及住建局、燕郊高新区党工委管委会及有关部门等共23名公职人员也受到了党纪政务处分等处理。 河北省应急管理厅官网发布了“3·13”较大燃气爆燃事故调查报告。2024年3月13日3时15分许，地铁燕郊站至神威大街站区间盾构施工过程中，导致地埋天然气管道破损泄漏 2024年10月12日13时30分许，山东省潍坊市寿光市潍坊金石生物科技有限公司发生一起中毒事故，造成7人死亡、4人受伤 2024年12月3日13时53分许，济宁市金乡县中储粮济宁直属库有限公司金乡分公司粮食仓储项目伞形桁架平台发生坍塌事故，造成7人死亡、1人重伤，直接经济损失1346 ||| #燕郊爆燃7人被采取刑事强制措施#【#燕郊致7死爆燃事故调查报告#】近日，河北省应急管理厅在官网发布2024年发生的“3·13”较大燃气爆燃事故调查报告。 2024年3月13日3时15分许，地铁燕郊站至神威大街站区间盾构施工过程中，造成地埋天然气管道破损泄漏，天然气扩散至周边小张各庄综合服务楼C栋内，于7时54分许发生爆燃，事故造成7人死亡、27人受伤。 报告显示，事故直接原因是，廊坊燕郊地铁项目盾构施工作业时造成临近天然气管道破损，导致大量天然气泄漏，扩散至涉事故建筑封闭空间内逐渐聚集，遇点火源发生爆燃。 点击查看大图 报告认为，存在的主要问题有：地铁参建各方和专班的管道调查核查工作流于形式；涉燃气施工安全管理不力；企业违规建设、部门管理缺失；属地安全监管落实不到位；地下燃气管道普查工作开展不力。 对于事故的有关单位和负责人，报告给出了相应的处理意见。 其中，对中交隧道工程局有限公司涉事地铁项目一工区副总工程师季洛洛等7名责任人员采取刑事强制措施； 中交隧道局、北京城勘公司、中铁设计公司、北京赛瑞斯公司、快轨公司、百川新能源公司等6家企业对事故发生负有责任，由廊坊市应急管理局依法决定对上述6家企业及有关人员进行处罚。北京迅联公司，违反《建设工程勘察设计管理条例》第二十一条规定，由廊坊市住房和城乡建设局依据《建设工程勘察设计管理条例》第三十五条第一款规定处以合同额1倍到2倍的罚款， ||| 中国金融新闻网 2025-11-09 17:25发布于北京中国金融新闻网官方账号 一年多前发生的河北廊坊三河市燕郊“3·13”爆燃事故造成7人死亡、27人受伤。近日，河北省应急管理厅官网正式公布了该事故的调查报告《燕郊地铁施工项目“3·13”较大燃气爆燃事故调查报告》（以下简称《报告》）。 根据《报告》，本次事故直接原因是，廊坊燕郊地铁项目盾构施工作业时造成临近天然气管道破损，导致大量天然气泄漏，扩散至涉事故建筑封闭空间内逐渐聚集，遇点火源发生爆燃。 事故发生经过 2024年3月13日3时15分许，右线盾构机掘进至小张各庄综合服务楼附近时，其刀盘将埋深约11米处的燃气管道下部切削破坏，造成天然气泄漏，天然气通过土壤层孔隙和地下管网、阀门井、检查井、污水池漫延扩散，部分天然气进入综合服务楼C栋西南侧污水池，并通过室内排污管道扩散进入该建筑内。7时54分02秒，综合服务楼C栋部分区域天然气浓度达到爆炸极限，遇点火源发生爆燃，造成建筑内6名人员和迎宾路通行车辆内1名人员遇难，建筑外27人不同程度受伤。 事故有关情况 涉事故建筑物为燕郊镇小张各庄村委会综合服务楼，位于三河市燕郊镇迎宾路与学院大街交汇处东北角，东邻北欧小镇小区，南邻学院大街，西临迎宾路，北侧为小张各庄村委会 L型单层平房。该综合服务楼1995年投入使用，总建筑面积约3500平方米，分为 A、B、C 三栋，爆燃发生在C栋建筑内,public_web ||| social_media ||| mainstream_news ||| mainstream_news ||| mainstream_news,http://baike.sogou.com/v217046531.htm?fromTitle=%E7%87%95%E9%83%8A%E7%88%86%E7%82%B8 ||| https://www.163.com/dy/article/KE1L0NLO0511DJHA.html ||| https://news.china.com/socialgd/10000169/20251110/48979051.html ||| https://k.sina.com.cn/article_1887344341_707e96d504001ossa.html ||| https://news.qq.com/rain/a/20251109A047HR00,5,silver_candidate,standard_review,0.000,low,low_risk,accept,,,,,,调查报告明确认定地铁参建方核查流于形式、安全管理不力致管道破损，刑拘与移交处理事实有据可查。,annotator_A,adjudicated_final,annotator_A
E039,LLM_CANON_E039_003,燕郊镇周边居民与商户,对突发爆燃感到震惊与担忧，部分商户因店铺受损和客流减少面临经营困境，居民担忧燃气安全隐患及历史事故重演，志愿者协助登记房屋受损情况。,negative,现场报道与采访显示居民闻到燃气味后紧急撤离，商户玻璃震碎担忧营业恢复，亲历者对安全事故频发心有余悸，社区志愿者主动协助统计居民受损情况。,SC_E039_003,周边居民;商户;炸鸡店业主;足浴店老板李向东;业主周程程;旅客;志愿者;小张各庄居民,True,,ev-00953;ev-00965;ev-00966;ev-00973,新京报讯（记者裴剑飞）今天（3月13日）上午，燕郊发生一起爆燃事故，截至目前，事故已造成1人死亡，22人受伤。11点左右，记者在事发地周边看到，事故现场又冒起了阵阵白烟，消防救援人员正持续进行救援。维持秩序的工作人员紧急引导周边居民撤离，目前周边多个小区已采取封闭管理措施。 11点左右，事故现场又冒起了阵阵白烟，维持秩序的工作人员紧急引导周边居民撤离。新京报记者 裴剑飞 摄 据央视新闻消息，国家油气管道应急救援廊坊队专业力量已赶到现场参与救援。发生爆燃事故的为一栋四层建筑，爆炸后楼体发生坍塌。现场救援仍在紧张进行中。 记者注意到，相较于此前的警戒线，目前警戒线已经向外扩大了约20米。 据三河市应急管理局通报，3月13日7时54分，三河市燕郊一炸鸡店发生疑似燃气泄漏引发的爆燃事故，应急、消防、卫健等有关部门第一时间赶赴现场全力救援处置。 消防救援人员正在现场进行处置。新京报记者 裴剑飞 摄 编辑 樊一婧 校对 刘军 想要发表评论，阅读更多精彩内容，快来下 载新京报客户端吧 新浪网 | 网易 | 搜狐 | UC头条 | 新华网 | 中新网 | 慧科讯业 | 今日头条 | 一点资讯 | 千龙网 | 贝壳财经| 腾讯网| 百度 经营许可证编号：京ICP证090533号 |京ICP备18053894号| 国新办网备字[2006]7号 | 广播电视节目制作经营许可证：(京)字第02592号 京 ||| 一位旅客居住在爆炸点所在的招待所，其告诉新京报记者，自己于昨晚入住，今早6点30分外出体检，下楼时便已经闻到浓烈的燃气味道。另有一位早起送孩子的居民则表示，早上路过事发地时，也曾经闻到过类似燃气味道。 爆炸发生后，小楼发生坍塌，临近楼体也只剩下框架结构。 新京报记者李聪 摄 新京报讯（记者 李聪）2024年3月13日7时54分，三河市燕郊发生疑似燃气泄露引发的爆燃事故，应急、消防、卫健等有关部门第一时间赶赴现场全力救援处置。 下午3时，新京报记者在事故现场看到，有部分志愿者已经在帮助登记居民受损情况。 在北欧小镇小区，一位志愿者告诉新京报记者，业主群已经收到“房屋受损情况统计”的小程序，可以统计居民家中的受损情况以及是否需要帮助，后续会有物业上门进行处理。 新京报记者在事故现场看到，爆炸现场仍有烟雾冒出，空气中弥漫着刺鼻的味道。爆炸点所在的小楼大约20米宽，一层分布四五家商铺，二、三层为招待所。 燃烧后的现场一片狼藉。楼体大部分已经面目全非，很多地方只剩空架，建筑的钢架结构裸露在外。距离事故现场南北方向大约一公里的区域，均在进行交通管制。附近多个小区内通向事故现场的道路都已经封闭，警方拉起警戒线。 截至下午4时左右，救援人员仍在清理现场，不时能听到挖掘机的轰鸣。 下午四点，大型作业机器在爆燃现场施工。 新京报记者李聪 摄 爆炸地点的后方为北欧小镇小区南门，距离爆炸点约20米的一栋居 ||| 燕郊镇的清晨被一声轰鸣打破，时间定格在3月13日的早晨。对于居住在这里的许多人来说，这是一个令人难以忘怀的日子。事故发生在小张各庄村，一栋四层建筑在爆炸中坍塌，周边建筑也受到了不同程度的损坏。事故已造成7人死亡，27人受伤，现场一片狼藉，空气中弥漫着烧焦的味道。 李向东，一个在燕郊镇经营了9年足浴店的老板，此时正站在距离事故现场仅一条马路之隔的地方，心中五味杂陈。他的店铺玻璃全部被震碎，店内一片混乱。近两年，由于客流量减少，生意已经大不如前，店铺租金却依然是沉重的负担。这次事故让他更加担忧，不知道店铺何时能够恢复营业，也不知道未来的生意会如何。 而周程程，一个二三东苑小区的业主，也是去年“5·16”爆炸事件的亲历者。当她看到这次爆燃的消息时，心中的震惊和不安难以言表。她回忆起去年的爆炸事件，至今仍心有余悸。而她的邻居康艳，在听到这次爆燃的轰鸣后更是吓得一身冷汗。她们都担心，这样的安全事故是否会再次发生，而责任认定书却迟迟未能公布。 事故的原因初步怀疑是燃气管道老化引起的泄漏。这让人们开始关注燕郊镇老城区的燃气管道问题。这些管道大多建于上世纪80年代甚至更早，从未进行过大规模更换。随着时间的推移，管道老化、生锈等问题日益严重，安全隐患不容忽视。而燃气公司虽然会定期进行安全检查，但似乎并没有完全解决这些问题。 对于燕郊镇来说，这次爆燃事故不仅是一次惨痛的教训，更是一个紧迫的警钟。老城区 ||| 登录 还没账号？立即注册 点击头像快速登录 凡大皖新闻记者署名文字、图片，版权均属新安晚报社所有。任何媒体、网站或个人，未经授权不得转载、链接、转贴或以其他方式复制发表；已授权的媒体、网站，在使用时必须注明 “来源：大皖新闻”，违者将依法追究法律责任。 大皖新闻讯 2024年3月13日7时54分，河北三河市燕郊一商户发生因疑似燃气泄漏引发的爆燃事件，截至目前，现场清理已基本完成，事故造成7人死亡，27人受伤。大皖新闻记者注意到，燕郊曾发生过燃气爆燃事故。3月14日上午，大皖新闻记者来到2022年燕郊两次爆燃事故发生地进行探访。 小区燃气爆燃事故发生地：房屋修缮完备，仍有安全隐患 据网信三河微信公众号消息，2022年5月16日下午5时许，河北燕郊行宫东街道二三小区15号楼一住户发生燃气爆燃事故，现场两人受伤，部分居民房屋门窗受损。 网传事故发生视频截图 大皖新闻记者于3月14日上午9时来到此地探访发现，目前该小区15号楼楼体已看不出发生过爆燃事故的痕迹，但周围居民对一年多以前的那起事故还是记忆犹新。 小区15号楼现状 “当时我正躺床上睡觉，忽然听到轰隆一声，屋里玻璃全碎了，落得满屋都是。”家住15号楼三楼的住户王大爷（化姓）向记者回忆，爆炸中心点位于一单元的西侧房屋，“就在我家隔壁，特别吓人，还以为地震了呢。” 王大爷表示，事故发生前，就有居民反映时常闻到难闻的气味，“我们怀疑就是管,mainstream_news ||| forum ||| mainstream_news ||| social_media,https://www.bjnews.com.cn/detail/1710300164129516.html ||| https://www.bjnews.com.cn/detail/1710320895169375.html ||| https://www.sohu.com/a/764207523_121912124 ||| http://www.ahwang.cn/newsflash/20240314/2653143.html,3,silver_candidate,standard_review,0.000,low,low_risk,accept,,,,,,现场采访与报道充分反映居民商户的震惊担忧、经营受损、历史事故阴影及志愿者协助登记情况。,annotator_A,adjudicated_final,annotator_A
E040,LLM_CANON_E040_001,永聚煤业有限公司,承担事故主体责任，接受公安机关对18名企业人员的刑事强制措施及1500万元行政处罚，配合保险理赔与善后工作,negative,证据显示企业因安全管理漏洞导致火灾，实际负责人等被采取刑事强制措施，公司被重罚并接收保险预付赔款用于善后。,SC_E040_001,永聚煤业;山西吕梁离石永聚煤业有限公司;涉事煤矿企业,True,,ev-00984;ev-01328;ev-01331;ev-01332;ev-01333;ev-01340;ev-01349;ev-01352;ev-01355,"吕梁永聚煤业火灾事故(2023年山西吕梁火灾事故) : 一般指本词条 2023年11月16日6时50分左右，山西省吕梁市离石区永聚煤业公司地面联建楼发生火灾，造成26人死亡，38人受伤1。 发生事故的联建楼地面共四层，起火点位于二层浴室。2023年11月16日6时50分许，吕梁市离石区永聚煤业联建楼发生火情，消防救援、应急管理、公安、医疗等部门第一时间赶赴现场开展应急处置救援。14时44分火势被扑灭，搜救工作基本结束。永聚煤业火灾事故13责任人被控制并配合调查4。2024年4月23日，山西吕梁永聚煤业“11·16”重大火灾事故调查报告向社会公布，事故直接原因是建筑办公楼二层井口浴室大更衣区0625号吊篮上方电机主供电线绝缘层与金属线卡接触部分破损短路引燃可燃物导致的火灾发生，加之事故初期应急处置不力，最终造成过火面积约900平方米，经济损失4990.26万元。涉嫌违法犯罪的18名企业人员被采取刑事强制措施，42名公职人员被问责6。 2025年9月29日，山西省吕梁市离石区人民法院依法对吕梁永聚煤业有限公司联建楼“11·16”重大火灾事故涉及的韩文明等10人重大劳动安全事故案和陈瑞强等3人工程重大安全事故案公开一审宣判，分别以重大劳动安全事故罪和工程重大安全事故罪依法对韩文明等10人分别判处四年六个月至一年三个月不等有期徒刑；对陈瑞强等3人分别判处三年三个月至二年三个月不等有期徒刑， ||| 当前位置： 煤炭网 » 煤炭安全 » 煤矿安全动态 » 正文 日期：2024-04-24 来源：央视新闻客户端 国际煤炭网 手机扫码看资讯 关键词： 山西煤矿煤矿安全永聚煤业 山西吕梁永聚煤业“11·16”重大火灾事故调查报告4月23日向社会公布。 报告显示，山西省公安机关已对永聚煤业实际负责人等涉嫌违法犯罪的18名企业人员采取刑事强制措施。山西省纪检监察机关依规依纪依法对吕梁市、离石区、城北街道党委政府及能源、住建、消防救援、自然资源、应急管理、矿山监察等部门的42名公职人员进行严肃问责。 能源资讯一手掌握，关注 ""国际能源网"" 微信公众号 看资讯 / 读政策 / 找项目 / 推品牌 / 卖产品 / 招投标 / 招代理 / 发文章 扫码关注 国际煤炭网声明：本文仅代表作者本人观点，与国际煤炭网无关，文章内容仅供参考。凡注明“来源：国际煤炭网”的所有作品，版权均属于国际煤炭网，转载时请署名来源。 本网转载自合作媒体或其它网站的信息，登载此文出于传递更多信息之目的，并不意味着赞同其观点或证实其描述。如因作品内容、版权和其它问题请及时与本网联系。 网站首页｜ 关于我们｜ 会员服务｜ 广告服务｜ 报告咨询｜ 服务条款｜ 版权声明｜ 联系方式｜ 网站地图 国际能源网——专业的能源产业价值链服务平台 京ICP备14050515号 增值电信业务许可证：京B2-20210837 京公网安备110 ||| 新华社快讯：山西吕梁永聚煤业“11·16”重大火灾事故调查报告4月23日向社会公布。报告显示，山西省公安机关已对永聚煤业实际负责人等涉嫌违法犯罪的18名企业人员采取刑事强制措施。山西省纪检监察机关依规依纪依法对吕梁市、离石区、城北街道党委政府及能源、住建、消防救援、自然资源、应急管理、矿山监察等部门的42名公职人员进行严肃问责。 市场最前沿|更绿色更智能 中国建材行业向先进建材转型 因地制宜、分类施策 提升生态保护补偿综合效益——解读《推进... 国务院印发《关于推行常住地提供基本公共服务的实施意见》 第四届链博会倒计时30天 这些看点不容错过 公安部拟明确刑事案件电子数据取证中获取密码等特殊程序 报告显示我国基本形成具有中国特色的生物多样性治理体系 产业报告：户外用品市场增长“回归理性” 共建万物和谐的美丽家园——全球生物多样性保护的中国贡献 聚焦四大关键点，20项举措更大力度助推粤港澳大湾区融合发展 向上，再向上——攀岩消费“破圈”生长 ||| 新华社快讯：山西吕梁永聚煤业“11·16”重大火灾事故调查报告4月23日向社会公布。报告显示，山西省公安机关已对永聚煤业实际负责人等涉嫌违法犯罪的18名企业人员采取刑事强制措施。山西省纪检监察机关依规依纪依法对吕梁市、离石区、城北街道党委政府及能源、住建、消防救援、自然资源、应急管理、矿山监察等部门的42名公职人员进行严肃问责。 ||| 用微信扫描二维码 分享至好友和朋友圈 4月23日，山西吕梁永聚煤业“11·16”重大火灾事故调查报告公开发布。据报告披露，山西省公安机关已对包括永聚煤业实际负责人在内的18名涉嫌违法犯罪的企业人员实施刑事强制措施。与此同时，山西省纪检监察机关严格依据相关规定与程序，对涉及该事故的吕梁市、离石区、城北街道各级党委政府以及能源、住建、消防救援、自然资源、应急管理、矿山监察等相关部门的42名公职人员进行了严肃问责。 当地时间24日上午10时31分，位于首尔以南约45公里的韩国京畿道华城发生一起重大电池厂火灾事故。据韩联社报道，截至当天18时30分，已有22人在这场悲剧中遇难，其中20人为外国工人。 原标题：江西新余火灾事故39人遇难12名相关责任人员被控制央广网新余1月25日消息（记者胡斐刘培俊实习生彭玮希）1月24日22时 北京时间12月18日23时59分，甘肃临夏州积石山县发生6.2级地震，震源深度10公里。截至目前，地震已造成甘肃100人死亡、青海11人死亡，部分水、电、交通、通讯等基础设施受损。 12亩耕地违规建房子6人被问责4月2日报道，用12亩耕地违规建房子，黑龙江富锦市6人被问责。 2023年11月16日，山西吕梁永聚煤业有限公司联建楼职工澡堂发生重大火灾事故，导致26人不幸遇难，38人受伤。其中，4名危重伤员暂无生命危险，3名重伤员生命体征平稳，其余30余人为普通伤，正在 ||| 【#13人因吕梁火灾事故被采取刑事强制措施# 吕梁市市长道歉】11月16日7时许，山西吕梁永聚煤业有限公司联建楼发生火灾，已造成26人不幸遇难。17日下午3点，山西省人民政府新闻办公室召开事故情况通报会，会前全体参会人员向事故中死难者表示默哀。吕梁市市长张广勇表示：向遇难者家属深刻道歉，后续将依法依规做好善后赔偿，全力保证遇难者的尊严和遇难者家属应有的慰藉。目前，公安机关已对煤矿的实际控制人、主要负责人和其他责任人等13人采取了刑事强制措施。@CGTN记者团 举报邮箱：jubao@vip.sina.com Copyright © 1996-2026 SINA Corporation All Rights Reserved 新浪公司 版权所有 ||| 该公司成立于2012年7月，法定代表人为洪武，注册资本3151万人民币，由吕梁永宁煤焦集团有限责任公司、王国庆共同持股。据媒体此前报道，公安机关对涉嫌违法犯罪的18名企业人员采取刑事强制措施，纪检监察机关对事故中涉嫌违纪违法的42名公职人员进行严肃问责。 天眼查APP显示，近日，山西吕梁离石永聚煤业有限公司因重大火灾事故被罚1500万。处罚事由显示，去年11月16日，该公司联合建筑办公楼二层浴室发生火灾，造成26人死亡，38人受伤，过火面积约900㎡，直接经济损失4990.26万元。 该公司成立于2012年7月，法定代表人为洪武，注册资本3151万人民币，由吕梁永宁煤焦集团有限责任公司、王国庆共同持股。据媒体此前报道，公安机关对涉嫌违法犯罪的18名企业人员采取刑事强制措施，纪检监察机关对事故中涉嫌违纪违法的42名公职人员进行严肃问责。 1.TMT观察网遵循行业规范，任何转载的稿件都会明确标注作者和来源； 2.TMT观察网的原创文章，请转载时务必注明文章作者和""来源：TMT观察网""，不尊重原创的行为TMT观察网或将追究责任； 3.作者投稿可能会经TMT观察网编辑修改或补充。 ||| 11月16日下午，针对永聚煤业公司发生火灾一事，吕梁市新闻办公室微信公众号发布情况通报：2023年11月16日上午6时50分左右，离石区永聚煤业有限公司联建楼职工澡堂发生火灾。通报称，现场明火已被扑灭，“截至14时，经吕梁市第一人民医院抢救，26人不幸遇难，38名伤者正在全力救治。起火原因正在调查中。” 公开资料显示，山西吕梁离石永聚煤业有限公司为山西东泰能源集团下属民营企业，核定生产能力150万吨/年，员工总数837人。该矿于2020年11月4日批准开工建设，2021年6月1日兼并重组整合项目通过竣工验收。2021年10月12日，山西省应急管理厅批准该矿井为安全生产标准化管理体系二级矿井。 11月16日，新京报贝壳财经记者就火灾相关情况拨打了永聚煤业公司电话，截至发稿时电话并未接通。 11次行政处罚6次环保处罚 天眼查显示，永聚煤业成立于2012年，是一家以从事煤炭开采和洗选业为主的企业。该公司注册资本3151万元，法定代表人为王庆斌。股东信息显示，吕梁永宁煤焦集团有限责任公司（下称：永宁煤焦）持有该公司51%的股份，而公司董事王国庆持有49%的股份。 贝壳财经记者根据天眼查数据统计，永聚煤业曾被行政处罚11次，金额达92万元。其中，在2017年6月，吕梁市煤炭工业局依据《安全生产法》、《煤矿安全规程》及相关规范、标准，作出对煤矿矿长或者其他人员违反操作规程或安全管理规定作业的处 ||| 来源：中国银行保险报 11月17日，山西吕梁市永聚煤矿一办公楼火灾事故预赔付款1000万元已拨付到永聚煤业有限公司（以下简称“永聚煤业”）账户，及时为救灾减灾和民生保障提供了金融服务。 11月16日，山西省吕梁市离石区永聚煤业突发火灾事故。 按照国家金融监督管理总局部署，国家金融监督管理总局财产保险监管司、国家金融监督管理总局山西监管局主要负责同志16日下午迅速赶到山西省吕梁市，现场召开处置调度会。 承保公司中煤财产保险股份有限公司根据现场处置调度会议精神，按照安全生产责任险合同，迅速筹措1000万元预付赔款，于11月17日9时拨入待付帐户。 经当地党委政府和有关部门认可，11月17日10时37分，预付赔款拨付到永聚煤业账户。 责任编辑：曹睿潼 24小时滚动播报最新的财经资讯和视频，更多粉丝福利扫描二维码关注（sinafinance） 网友提问：@@=value.question$$ 老师回答：@@=value.answer$$ @@=value.title$$ 新浪财经意见反馈留言板 新浪简介|广告服务|About Sina 联系我们|招聘信息|通行证注册 产品答疑|网站律师|SINA English Copyright © 1996-2023 SINA Corporation All Rights Reserved 新浪公司 版权所有",public_web ||| public_web ||| public_web ||| mainstream_news ||| mainstream_news ||| mainstream_news ||| public_web ||| social_media ||| mainstream_news,http://baike.sogou.com/v216235967.htm?fromTitle=%E5%90%95%E6%A2%81%E6%B0%B8%E8%81%9A%E7%85%A4%E4%B8%9A%E7%81%AB%E7%81%BE%E4%BA%8B%E6%95%85 ||| https://coal.in-en.com/html/coal-2645867.shtml ||| http://www.nmgcb.com.cn/guonei/r-282289.html ||| http://www.news.cn/politics/20240423/588d3c48a23a4702b5cac089736bf71a/c.html ||| https://news.china.com/socialgd/10000169/20240423/46412300.html ||| https://k.sina.com.cn/article_3740356007_def14da704003bevc.html ||| http://www.looktmt.com/0000/688/60152771090.html ||| https://news.sina.com.cn/o/2023-11-17/doc-imzuwuqx3818446.shtml ||| https://finance.sina.com.cn/money/insurance/bxdt/2023-11-17/doc-imzuxruk5537275.shtml,9,silver_candidate,standard_review,0.000,low,low_risk,accept,,,,,,证据链完整支持企业主体责任、18人刑事强制措施、1500万罚款及保险预付赔款用于善后的事实。,annotator_A,adjudicated_final,annotator_A
E040,LLM_CANON_E040_002,吕梁市人民政府,向遇难者家属公开道歉，承诺全力配合上级调查组彻查事故原因，依法依规做好善后赔偿，给社会与家属交代,negative,通报会上市长代表市政府默哀并道歉，明确表态将配合调查、查明原因并落实赔偿，体现地方政府对事故的问责与善后态度。,SC_E040_002,吕梁市市长;张广勇;吕梁市新闻办公室,True,,ev-01329;ev-01330;ev-01340;ev-01365,"山西吕梁市离石区永聚煤业办公楼“11·16”重大火灾事故情况通报会现场,吕梁市委副书记、市长表示,将全力配合事故调查,在山西省调查组领导下重拳出击,尽快查明原因,给社会一个明白,给遇难者家属一个交代。 ||| 山西吕梁市离石区永聚煤业办公楼“11·16”重大火灾事故情况通报会现场,吕梁市委副书记、市长表示,将全力配合事故调查,在山西省调查组领导下重拳出击,尽快查明原因,给社会一个明白,给遇难者家属一个交代。 ||| 【#13人因吕梁火灾事故被采取刑事强制措施# 吕梁市市长道歉】11月16日7时许，山西吕梁永聚煤业有限公司联建楼发生火灾，已造成26人不幸遇难。17日下午3点，山西省人民政府新闻办公室召开事故情况通报会，会前全体参会人员向事故中死难者表示默哀。吕梁市市长张广勇表示：向遇难者家属深刻道歉，后续将依法依规做好善后赔偿，全力保证遇难者的尊严和遇难者家属应有的慰藉。目前，公安机关已对煤矿的实际控制人、主要负责人和其他责任人等13人采取了刑事强制措施。@CGTN记者团 举报邮箱：jubao@vip.sina.com Copyright © 1996-2026 SINA Corporation All Rights Reserved 新浪公司 版权所有 ||| 用微信扫码二维码 分享至好友和朋友圈 ↑↑↑觉得还不错，随手订阅我们吧↓↓↓ 民声天下11月17日吕梁快讯 随着各行业复工达产的不断推进，与安全生产工作的相关话题，再度成为焦点。然而，昨天（16日）开始，网络上传出，在山西吕梁一煤矿楼宇发生火灾致人伤亡的消息，一时间，引发社会广泛关注。对此，相关部门第一时间介入给予处置。 “民声君”今天（17日）下午从山西省人民政府新闻办公室正在吕梁市举行的永聚煤业办公楼“11.16”重大火灾事故情况通报会上了解到，吕梁市委副书记、市长表示，将全力配合事故调查，在山西省调查组领导下重拳出击，尽快查明原因，给社会一个明白，给遇难者家属一个交代。目前，公安机关已经对煤矿实际控制人以及负责人等13人采取刑事强制措施。 另悉，国务院安委会已对该起事故挂牌督办。将查清查透事故直接原因、火灾发生机理以及事故暴露出的制度和管理漏洞，对相关责任人员依法依规严肃处理。 值得注意的是，在此次通报会开始前，全体参会人员向事故中死难者表示默哀。（责编/翔宇） *编者注： 以上文字，旨在传递更多最新资讯。版权内容，未经许可，严禁转载。 （您可将相关线索私信我们，也可在文章末尾评论留言即可将您手中的相关线索第一时间反馈。） 万众一心！科学防控！守望相助！共克时艰！ 【互动话题：你对此怎么看？】 ↓↓↓欢迎在底部留言，发表您的见解。↓↓↓ 特别声明：以上内容(如有图片或视频亦包",mainstream_news ||| public_web ||| mainstream_news ||| social_media,https://www.zhengguannews.cn/news/337697.html ||| https://www.cnr.cn/newscenter/rebang/20231117/t20231117_526490009.shtml ||| https://k.sina.com.cn/article_3740356007_def14da704003bevc.html ||| https://www.163.com/dy/article/IJOOF4670525PDMG.html,4,silver_candidate,standard_review,0.000,low,low_risk,accept,,,,,,通报会实录与官方报道准确印证市长道歉、配合调查、依法赔偿及给社会家属交代的表态。,annotator_A,adjudicated_final,annotator_A
E040,LLM_CANON_E040_003,国务院安委会及应急管理部,对事故查处挂牌督办，派出工作组现场指导，严肃问责42名公职人员，要求彻查火灾机理与管理漏洞，强化安全生产监管,negative,中央及省级监管部门迅速介入，挂牌督办并启动问责程序，对42名公职人员严肃追责，强调彻查原因与制度漏洞。,SC_E040_003,国务院事故调查组;国家矿山安全监察局;山西省纪检监察机关;应急管理部工作组,True,,ev-00984;ev-01328;ev-01331;ev-01332;ev-01333;ev-01344;ev-01357;ev-01361;ev-01365,"吕梁永聚煤业火灾事故(2023年山西吕梁火灾事故) : 一般指本词条 2023年11月16日6时50分左右，山西省吕梁市离石区永聚煤业公司地面联建楼发生火灾，造成26人死亡，38人受伤1。 发生事故的联建楼地面共四层，起火点位于二层浴室。2023年11月16日6时50分许，吕梁市离石区永聚煤业联建楼发生火情，消防救援、应急管理、公安、医疗等部门第一时间赶赴现场开展应急处置救援。14时44分火势被扑灭，搜救工作基本结束。永聚煤业火灾事故13责任人被控制并配合调查4。2024年4月23日，山西吕梁永聚煤业“11·16”重大火灾事故调查报告向社会公布，事故直接原因是建筑办公楼二层井口浴室大更衣区0625号吊篮上方电机主供电线绝缘层与金属线卡接触部分破损短路引燃可燃物导致的火灾发生，加之事故初期应急处置不力，最终造成过火面积约900平方米，经济损失4990.26万元。涉嫌违法犯罪的18名企业人员被采取刑事强制措施，42名公职人员被问责6。 2025年9月29日，山西省吕梁市离石区人民法院依法对吕梁永聚煤业有限公司联建楼“11·16”重大火灾事故涉及的韩文明等10人重大劳动安全事故案和陈瑞强等3人工程重大安全事故案公开一审宣判，分别以重大劳动安全事故罪和工程重大安全事故罪依法对韩文明等10人分别判处四年六个月至一年三个月不等有期徒刑；对陈瑞强等3人分别判处三年三个月至二年三个月不等有期徒刑， ||| 当前位置： 煤炭网 » 煤炭安全 » 煤矿安全动态 » 正文 日期：2024-04-24 来源：央视新闻客户端 国际煤炭网 手机扫码看资讯 关键词： 山西煤矿煤矿安全永聚煤业 山西吕梁永聚煤业“11·16”重大火灾事故调查报告4月23日向社会公布。 报告显示，山西省公安机关已对永聚煤业实际负责人等涉嫌违法犯罪的18名企业人员采取刑事强制措施。山西省纪检监察机关依规依纪依法对吕梁市、离石区、城北街道党委政府及能源、住建、消防救援、自然资源、应急管理、矿山监察等部门的42名公职人员进行严肃问责。 能源资讯一手掌握，关注 ""国际能源网"" 微信公众号 看资讯 / 读政策 / 找项目 / 推品牌 / 卖产品 / 招投标 / 招代理 / 发文章 扫码关注 国际煤炭网声明：本文仅代表作者本人观点，与国际煤炭网无关，文章内容仅供参考。凡注明“来源：国际煤炭网”的所有作品，版权均属于国际煤炭网，转载时请署名来源。 本网转载自合作媒体或其它网站的信息，登载此文出于传递更多信息之目的，并不意味着赞同其观点或证实其描述。如因作品内容、版权和其它问题请及时与本网联系。 网站首页｜ 关于我们｜ 会员服务｜ 广告服务｜ 报告咨询｜ 服务条款｜ 版权声明｜ 联系方式｜ 网站地图 国际能源网——专业的能源产业价值链服务平台 京ICP备14050515号 增值电信业务许可证：京B2-20210837 京公网安备110 ||| 新华社快讯：山西吕梁永聚煤业“11·16”重大火灾事故调查报告4月23日向社会公布。报告显示，山西省公安机关已对永聚煤业实际负责人等涉嫌违法犯罪的18名企业人员采取刑事强制措施。山西省纪检监察机关依规依纪依法对吕梁市、离石区、城北街道党委政府及能源、住建、消防救援、自然资源、应急管理、矿山监察等部门的42名公职人员进行严肃问责。 市场最前沿|更绿色更智能 中国建材行业向先进建材转型 因地制宜、分类施策 提升生态保护补偿综合效益——解读《推进... 国务院印发《关于推行常住地提供基本公共服务的实施意见》 第四届链博会倒计时30天 这些看点不容错过 公安部拟明确刑事案件电子数据取证中获取密码等特殊程序 报告显示我国基本形成具有中国特色的生物多样性治理体系 产业报告：户外用品市场增长“回归理性” 共建万物和谐的美丽家园——全球生物多样性保护的中国贡献 聚焦四大关键点，20项举措更大力度助推粤港澳大湾区融合发展 向上，再向上——攀岩消费“破圈”生长 ||| 新华社快讯：山西吕梁永聚煤业“11·16”重大火灾事故调查报告4月23日向社会公布。报告显示，山西省公安机关已对永聚煤业实际负责人等涉嫌违法犯罪的18名企业人员采取刑事强制措施。山西省纪检监察机关依规依纪依法对吕梁市、离石区、城北街道党委政府及能源、住建、消防救援、自然资源、应急管理、矿山监察等部门的42名公职人员进行严肃问责。 ||| 用微信扫描二维码 分享至好友和朋友圈 4月23日，山西吕梁永聚煤业“11·16”重大火灾事故调查报告公开发布。据报告披露，山西省公安机关已对包括永聚煤业实际负责人在内的18名涉嫌违法犯罪的企业人员实施刑事强制措施。与此同时，山西省纪检监察机关严格依据相关规定与程序，对涉及该事故的吕梁市、离石区、城北街道各级党委政府以及能源、住建、消防救援、自然资源、应急管理、矿山监察等相关部门的42名公职人员进行了严肃问责。 当地时间24日上午10时31分，位于首尔以南约45公里的韩国京畿道华城发生一起重大电池厂火灾事故。据韩联社报道，截至当天18时30分，已有22人在这场悲剧中遇难，其中20人为外国工人。 原标题：江西新余火灾事故39人遇难12名相关责任人员被控制央广网新余1月25日消息（记者胡斐刘培俊实习生彭玮希）1月24日22时 北京时间12月18日23时59分，甘肃临夏州积石山县发生6.2级地震，震源深度10公里。截至目前，地震已造成甘肃100人死亡、青海11人死亡，部分水、电、交通、通讯等基础设施受损。 12亩耕地违规建房子6人被问责4月2日报道，用12亩耕地违规建房子，黑龙江富锦市6人被问责。 2023年11月16日，山西吕梁永聚煤业有限公司联建楼职工澡堂发生重大火灾事故，导致26人不幸遇难，38人受伤。其中，4名危重伤员暂无生命危险，3名重伤员生命体征平稳，其余30余人为普通伤，正在 ||| 用微信扫码二维码 分享至好友和朋友圈 记者从应急管理部了解到，在今天（11月17日）的安全防范工作调度会上指出，山西吕梁这起事故造成重大人员伤亡，影响十分恶劣，再次警示我们安全生产工作任何时候都不能有丝毫放松。按照中央领导同志批示要求，国务院安委会决定对该起事故查处挂牌督办，并派工作组进驻山西全程督办，督促依法依规、较真碰硬查清查透事故原因，严肃追究有关人员责任。 今年以来，全国事故总量继续保持下降，但重特大事故和较大事故反弹明显，有影响的事故和重大涉险事故多发频发，安全形势依然严峻复杂。 山西吕梁火灾事故遇难人数升至25人 13人被采取刑事强制措施！山西吕梁市长表态…… 来源 央视新闻（记者 赵雨彤） 责任编辑 何丹 责任校对 猫恩泊 主编 严云 终审 编委 李荣 特别声明：以上内容(如有图片或视频亦包括在内)为自媒体平台“网易号”用户上传并发布，本平台仅提供信息存储服务。 Notice: The content above (including the pictures and videos if any) is uploaded and posted by a user of NetEase Hao, which is a social media platform and only provides information storage services. 上游新闻 20 ||| 11月16日7时许，山西吕梁市永聚煤矿一办公楼发生火灾，造成重大人员伤亡。 接报后，应急管理部部长王祥喜持续调度了解情况，要求抓紧核清人数，全力科学搜救；调集医疗专家力量，全力救治伤员，最大限度减少伤亡。应急管理部已派出由副部长宋元明和国家矿山安监局局长黄锦生带队的工作组赴现场指导事故救援和应急处置工作，同时调派应急总医院呼吸重症医疗救援专家组前往支援。 目前，大火已经扑灭，伤员救治、现场清理、善后处置和原因调查等工作正在进行中。(来源：中华人民共和国应急管理部) 扫一扫在手机上查看当前页面 [打印][关闭] 主办：连城县人民政府 承办：连城县人民政府办公室 建设维护：连城县数字连城建设中心 网站标识码：3508250002 闽公安备：35082502000108闽ICP备14017300号 ||| 副县长：王秀金（女）陈祺张开谢锋刘淑琴（女）周龙辉陈冬枚韩小刚陈路招（女）朱建斌 连城天气： 预计今晚到27日，连城县... 详情>> 11月16日7时许，山西吕梁市永聚煤矿一办公楼发生火灾，造成重大人员伤亡。 接报后，应急管理部部长王祥喜持续调度了解情况，要求抓紧核清人数，全力科学搜救；调集医疗专家力量，全力救治伤员，最大限度减少伤亡。应急管理部已派出由副部长宋元明和国家矿山安监局局长黄锦生带队的工作组赴现场指导事故救援和应急处置工作，同时调派应急总医院呼吸重症医疗救援专家组前往支援。 目前，大火已经扑灭，伤员救治、现场清理、善后处置和原因调查等工作正在进行中。(来源：中华人民共和国应急管理部) 中国政府网 福建省政府门户网站 市政府门户网站 本级党群网站 兄弟县市区 网站地图|使用帮助|网站声明|联系我们 网站标识码：3508250002闽公安网备35082502000108闽ICP备14017300号-1 版权所有：© 连城县人民政府 主办：连城县人民政府 承办：连城县人民政府办公室 为确保最佳浏览效果，建议您使用以下浏览器版本：IE浏览器9.0版本及以上； Google Chrome浏览器 63版本及以上； 360浏览器9.1版本及以上，且IE内核9.0及以上。 ||| 用微信扫码二维码 分享至好友和朋友圈 ↑↑↑觉得还不错，随手订阅我们吧↓↓↓ 民声天下11月17日吕梁快讯 随着各行业复工达产的不断推进，与安全生产工作的相关话题，再度成为焦点。然而，昨天（16日）开始，网络上传出，在山西吕梁一煤矿楼宇发生火灾致人伤亡的消息，一时间，引发社会广泛关注。对此，相关部门第一时间介入给予处置。 “民声君”今天（17日）下午从山西省人民政府新闻办公室正在吕梁市举行的永聚煤业办公楼“11.16”重大火灾事故情况通报会上了解到，吕梁市委副书记、市长表示，将全力配合事故调查，在山西省调查组领导下重拳出击，尽快查明原因，给社会一个明白，给遇难者家属一个交代。目前，公安机关已经对煤矿实际控制人以及负责人等13人采取刑事强制措施。 另悉，国务院安委会已对该起事故挂牌督办。将查清查透事故直接原因、火灾发生机理以及事故暴露出的制度和管理漏洞，对相关责任人员依法依规严肃处理。 值得注意的是，在此次通报会开始前，全体参会人员向事故中死难者表示默哀。（责编/翔宇） *编者注： 以上文字，旨在传递更多最新资讯。版权内容，未经许可，严禁转载。 （您可将相关线索私信我们，也可在文章末尾评论留言即可将您手中的相关线索第一时间反馈。） 万众一心！科学防控！守望相助！共克时艰！ 【互动话题：你对此怎么看？】 ↓↓↓欢迎在底部留言，发表您的见解。↓↓↓ 特别声明：以上内容(如有图片或视频亦包",public_web ||| public_web ||| public_web ||| mainstream_news ||| mainstream_news ||| social_media ||| official ||| official ||| social_media,http://baike.sogou.com/v216235967.htm?fromTitle=%E5%90%95%E6%A2%81%E6%B0%B8%E8%81%9A%E7%85%A4%E4%B8%9A%E7%81%AB%E7%81%BE%E4%BA%8B%E6%95%85 ||| https://coal.in-en.com/html/coal-2645867.shtml ||| http://www.nmgcb.com.cn/guonei/r-282289.html ||| http://www.news.cn/politics/20240423/588d3c48a23a4702b5cac089736bf71a/c.html ||| https://news.china.com/socialgd/10000169/20240423/46412300.html ||| https://www.163.com/dy/article/IJP6LDFV0550QIIP.html ||| http://www.fjlylc.gov.cn/bm/ajj/zwgk/ztdsgyjxx/202311/t20231129_2078739.htm ||| http://www.fjlylc.gov.cn/xxgk/zdxxgk/zhsgjy/zhyj/202311/t20231129_2078884.htm ||| https://www.163.com/dy/article/IJOOF4670525PDMG.html,7,silver_candidate,standard_review,0.000,low,low_risk,accept,,,,,,应急管理部与国务院安委会挂牌督办、派驻工作组、问责42名公职人员及彻查漏洞的要求均有明确出处。,annotator_A,adjudicated_final,annotator_A
E040,LLM_CANON_E040_005,公众与遇难者家属,对重大伤亡表示震惊与悲痛，质疑初期伤亡数据通报的及时性与准确性，呼吁公开透明调查并加强煤矿消防安全管理,negative,媒体报道与社交平台反映公众对伤亡数字变化的质疑，以及对事故背后安全漏洞的担忧，要求彻查真相并保障工人安全。,SC_E040_005,社会各界;网民;遇难者家属;一线工人,True,,ev-01004;ev-01007;ev-01335;ev-01354;ev-01358,"山西省吕梁市离石区永聚煤业有限公司火灾事件:一则关于安全责任与社会警示的报道[新闻稿,日期]在山西省吕梁市离石区,一起严重的火灾事件在永聚煤业有限公司发生,引起了公众和政府部门的高度关注。作为一个客观 ||| 当地时间2023年11月16日清晨,一则紧急报告震动了山西省吕梁市的平静——位于当地的永聚煤业有限公司联建楼发生严重火灾事故。火灾揭示了民营矿业公司安全生产体系可能存在的漏洞,也触动了公众对煤矿安全生 ||| 据新华社消息,4月23号山西吕梁永聚煤业“11.16”重大火灾事故调查报告,向社会公布。 事情回顾 前段时间的山西吕梁永聚煤业“11.16”重大火灾事故,引起社会各界的广泛关注。这起事故造成了多人伤亡 ||| 永聚煤业火灾心得体会 2023年11月16日7时许,山西吕梁市永聚煤矿一办公楼发生火灾。事故已造成26人死亡、38人受伤,伤亡人数达到64人,触目惊心,这个冰凉的数字背后,是多少家庭残忍的支离破碎,多 ||| 用微信扫码二维码 分享至好友和朋友圈 在这个寂静的清晨，山西吕梁的永聚煤业有限公司成为了一场悲剧的舞台。突如其来的大火，如同燎原之势，将联建楼覆盖在熊熊火光之下。这一场突发事件的影响深远，令人震惊的不仅是火灾本身，更是涉事公司的黑幕和安全问题。 11月16日，火灾早上六点多爆发，由初时的惊愕很快演变成全社会的关注。永聚煤业有限公司以其在煤业领域的突出贡献而为人熟知，然而，一场突如其来的大火改变了一切。26名员工的生命在火海中消逝，他们中的大多数是一线的工人，默默为公司的进展付出着。 目击者描述火情的迅速蔓延，犹如魔法般夺走了工人们最后的生存通道。消防员在熊熊火海中的悲壮一幕，无法在第一时间操纵住火势，使整个事件更显无奈。 在火灾处理过程中，信息的不确定性也给社会带来了不小的波动。央视新闻在上午11点40分公布的死亡人数为11人，疏散人数为63人，然而，仅仅一个小时后，死亡人数迅速飙升至19人，最终达到了26人。这样的变化让人们对事件真相更加好奇，引发了对于事故背后是否存在隐瞒的质疑。 随着深入调查，令人震惊的信息浮出水面。联建楼，原先是工人们日常洗浴的场所，却成为了这场灾难的发生地。知情人透露，永聚煤业有限公司曾因频繁的安全事故和违规行为备受诟病，而此次火灾更是揭露了公司在安全治理方面的漏洞。此前的环保问题也为公司招致了社会的不满，形成了一系列的负面舆论。 然而，事件的调查尚未结束",social_media ||| social_media ||| social_media ||| public_web ||| social_media,https://www.toutiao.com/article/7303487463547355684/ ||| https://www.toutiao.com/article/7301985993132507657/ ||| https://www.toutiao.com/article/7361072533518696999/ ||| https://www.7en.cn/doc_494829.html ||| https://www.163.com/dy/article/IJPMJ1AU05561XU4.html,3,silver_candidate,standard_review,0.000,low,low_risk,accept,,,,,,媒体报道与公众反馈真实反映对伤亡数据的质疑、悲痛情绪及对透明调查与安全管理的呼吁。,annotator_A,adjudicated_final,annotator_A
E042,LLM_CANON_E042_001,广州市政府及交通治理相关部门,出台并严格执行电动自行车管理新规，实施限速、禁手持设备、违章停单等管控措施，督促平台落实安全主体责任并优化配送时限。,positive,多部门联合发布规定、开展督导、约谈平台、推行违章停单机制及安全教育，旨在从源头治理交通隐患。,SC_E042_001,广州市市场监管局;广州市公安局;广州交警;广州市人大常委会;市外卖行业电动自行车联合管理工作专班,True,,ev-01030;ev-01031;ev-01032;ev-01040;ev-01041;ev-01042;ev-01043;ev-01044;ev-01045;ev-01050;ev-01051;ev-01052;ev-01053;ev-01054;ev-01059;ev-01060;ev-01067,"随着广州外卖骑手数量的激增,交通安全问题日益突出。近日,广州市人大常委会发布了《广州市电动自行车管理规定》(以下简称《规定》),计划于2024年12月30日起实施。这一新规主要针对广州市约20万名外卖 ||| 广州交通新规将于12月30日正式实施,带来了诸多新的规定,包括限制电动车在非机动车道的最高时速不得超过15公里、禁止手持通讯工具以及对频繁违法的骑手进行派单管控。这样一系列新规不可避免地引发了社会的广 ||| “如果骑行的路线没有非机动车道,应该怎么行驶?”“靠车行道的右侧行驶。”......12月31日,在广州市越秀区一外卖站点内,广州交警工作人员正在向外卖骑手开展《广州市电动自行车管理规定》(以下简称“ ||| 随着电商经济的快速发展，方便、快捷、经济的电动车与网约车逐年增多，新就业形态劳动者也日益增多。提高交通安全意识，从源头上预防和减少道路交通事故的发生，减少职业伤害，物流司机、网约车司机、快递员、外卖小哥等新就业形态劳动者们，广州工伤预防提醒您，谨记交通规则，安全防范保平安。 一、每天驾驶前，认真检查车辆，确保车辆无故障，方可行车； 二、上车先系安全带，并督促乘客一起系好安全带； 三、大货车装载须合乎要求，不能超高、超宽，装载须均衡； 四、在行车中，注意各种禁令标志； 五、载货汽车、半挂牵引车、拖拉机挂车的信号、制动、联接、安全防护等装置应符合国家标准； 六、不闯红灯，自觉遵守交通信号与交警指挥，不违章占道行驶，文明礼让； 七、按照电动自行车管理规定，禁止改装、拼装、加装车辆上路，注意不要逆行，不要驶入机动车道，务必佩戴安全头盔。 遵守交通规则，预防工伤，从现在做起。 ||| 杨旭代表： 您提出的《关于加强外卖配送电动自行车管理的建议》（第20233035号）收悉。我局高度重视，组织市公安局、市商务局、市交通运输局等单位进行认真研究办理，并于7月11日会同相关单位与您座谈交流。您提出的建议很有针对性，经综合市公安局、市商务局、市交通运输局等单位的意见，现将办理情况答复如下： 根据市政府有关要求，我局牵头会同市公安局、市商务局、市交通运输局等部门，建立健全外卖行业电动自行车交通安全联合管理机制，成立工作专班，制订总体工作方案和2022年、2023年实施方案，细化工作任务和职责分工，建立起外卖行业电动自行车联合管理工作机制，综合治理外卖行业交通安全问题，初步形成政府协同、企业自律、行业自治、社会共治的治理格局。 一、关于“强化配送员岗前教育，优化配送时限要求”建议办理情况 (一)我局会同市公安局、市商务局、市交通运输局等管理工作专班成员单位，结合日常监管对平台开展约谈和行政指导，督促平台企业建立起常态化的交通安全宣传教育、培训制度。骑手入职前须经交通安全培训学习、考试合格方或上岗；入职后骑手须参加站点日常和月度安全教育。各平台不定期针对特定人群或特定区域开展定向投放教育内容进行专题安全教育，并组织事故骑手开展线下培训，不参加培训骑手将被限制接单。市公安交警部门不定期组织警力前往外卖平台、企业开展交通安全宣传和交通安全知识讲座，提高骑手安全守法意识。利用信息技 ||| 为贯彻落实《广州市电动自行车管理规定》（下称《规定》）有关要求，结合节前企业安全生产检查工作，近日，广州市市场监督管理局市管一级调研员易兆会带领市外卖行业电动自行车联合管理工作专班成员单位对平台配送服务站点及天河商圈进行督导检查，了解《规定》宣贯和执行情况，现场核查配送电动自行车号牌登记和使用情况。 针对无号牌、遮挡号牌、车辆信息与登记信息不符以及外卖骑手交通违法行为屡禁不止等问题，工作专班督促各平台企业落实主体责任，一是要进一步加强《规定》的学习与宣传，优化配送管理制度；按照遵守交通规则，守法行驶可完成配送任务标准，合理设定配送时限和路线，确保骑手在合法合规的前提下完成配送任务。二是要加大自查自纠和整改力度，完善配送合作商安全绩效考核制度、建立准入和退出机制，强化骑手和配送电动自行车日常安全管理工作，确保车辆合规、人员安全。三是要建立健全风险管理机制，加强骑手相关安全事件风险分析研判，及时化解矛盾纠纷，维护新业态群体合法权益和社会稳定。 ||| 外卖小哥：这段时间一直在熟悉新规内容 “大家骑行时可不可以用手机联系客户，或者边骑边吃早餐？”……近日，广州交警走进越秀区一骑手驿站，以“问答+派发宣传单”的形式，面对面普及《广州市电动自行车管理规定》的内容，为网约配送人员“划重点”。 骑手认真阅读新规内容。 不得违反道路交通安全法的规定，在非机动车道内行驶时最高时速超过15公里；不得以手持方式使用通信工具、浏览电子设备；即时配送企业应当对一个星期内有3次以上闯红灯、超速行驶、逆向行驶等严重交通违法行为的驾驶人实行派单管控……对高度依赖电动自行车的网约配送人员而言，2024年12月30日落地实施的《广州市电动自行车管理规定》与其息息相关。 “我们每天早会都有交通安全培训，这段时间我也一直在熟悉新规内容。”网约配送人员王先生告诉记者，“按照我个人的理解，出行最重要的是戴好头盔，其次是按照交通信号灯行驶，不逆行，正确悬挂有效号牌。” 针对新规中的限速要求，王先生坦言，自己的配送区域位于淘金商圈，那里非机动车道相对不多，“没有非机动车道时，我一般走机动车道的最右侧，时速约25公里。” “肯定要适应一段时间，最近送餐效率比原来低了一些，（因为）我上路行驶尤其是经过路口时会尽量慢一点。”另一名网约配送人员说，不过限速对其影响不大，日常他的配送范围就在附近三公里左右，基本上十几分钟就可以送到。 据广州道路运输行业协会有关负责人此前接受媒体采访 ||| 外卖小哥：这段时间一直在熟悉新规内容 “大家骑行时可不可以用手机联系客户，或者边骑边吃早餐？”……近日，广州交警走进越秀区一骑手驿站，以“问答+派发宣传单”的形式，面对面普及《广州市电动自行车管理规定》的内容，为网约配送人员“划重点”。 骑手认真阅读新规内容。 不得违反道路交通安全法的规定，在非机动车道内行驶时最高时速超过15公里；不得以手持方式使用通信工具、浏览电子设备；即时配送企业应当对一个星期内有3次以上闯红灯、超速行驶、逆向行驶等严重交通违法行为的驾驶人实行派单管控……对高度依赖电动自行车的网约配送人员而言，2024年12月30日落地实施的《广州市电动自行车管理规定》与其息息相关。 “我们每天早会都有交通安全培训，这段时间我也一直在熟悉新规内容。”网约配送人员王先生告诉记者，“按照我个人的理解，出行最重要的是戴好头盔，其次是按照交通信号灯行驶，不逆行，正确悬挂有效号牌。” 针对新规中的限速要求，王先生坦言，自己的配送区域位于淘金商圈，那里非机动车道相对不多，“没有非机动车道时，我一般走机动车道的最右侧，时速约25公里。” “肯定要适应一段时间，最近送餐效率比原来低了一些，（因为）我上路行驶尤其是经过路口时会尽量慢一点。”另一名网约配送人员说，不过限速对其影响不大，日常他的配送范围就在附近三公里左右，基本上十几分钟就可以送到。 据广州道路运输行业协会有关负责人此前接受媒体采访 ||| 刘建国代表： 您提出的《关于加强外卖骑手骑行安全管理的建议》（第20232338号）收悉。我局高度重视，积极组织市公安局、市商务局等单位进行认真研究办理，并于4月6日会同相关单位与您座谈交流。您提出的建议很有针对性和建设性，经综合市公安局、市商务局等单位的意见，现将办理情况答复如下： 一、主要工作情况 （一）推进政府部门协同治理。 我局根据市政府有关工作部署，2021年8月牵头联合市公安局、市商务局、市交通局等部门印发《广州市外卖行业电动自行车联合管理工作方案》、成立了市外卖行业电动自行车联合管理工作专班，明确管理工作目标和专班成员部门职责分工，建立起外卖行业电动自行车联合管理工作机制。同时，根据我市道路交通大整治有关要求，分别制订2022年、2023年联合管理实施方案，明确年度工作任务和牵头负责部门。各部门联合运用宣贯教育、行政督导、惩处曝光等方式，综合治理外卖行业交通问题。 （二）压实外卖平台企业安全主体责任。 一是结合日常监管对平台开展约谈和行政指导，宣贯国家市场监管总局等七部门联合印发的《关于落实网络餐饮平台责任切实维护外卖送餐员权益的指导意见》、《国务院安全生产委员会关于印发<加强电动自行车全链条安全监管重点工作任务及分工方案>的通知》有关精神，督促平台完善绩效考核制度，优化平台派单机制和算法规则，使骑手配送速度慢下来。目前，各外卖平台积极落实派单“算法取中”的要求，大部 ||| 广州市近期出台了一系列对外卖骑手的新规,旨在提高道路安全和服务质量。这些规定包括:- 骑手在使用电动自行车进行配送时,其行驶速度不得超过每小时25公里。这一规定主要是为了确保骑手的安全,减少因超速行驶 ||| 曝光台丨广州交警喊话这些外卖企业(三) 外卖送餐给生活带来便利 但一些骑手为了抢时间 频繁上演“速度与激情” 给城市交通带来极大的安全隐患 追“好评” 丢“安全” 这些外卖企业被曝光! 各企业外卖骑手 ||| 前言嘿,各位小伙伴们,最近广州市可是有大动作了!为了保障咱们市民的安全,特别是那些风里雨里送餐的外卖骑手们,广州市政府推出了新的电动自行车管理规定。 ||| 7月9日消息,据广州市场监管微信公众号昨日发布,广州市市场监管局针对外卖电动自行车的安全问题采取了一系列创新和系统的监管措施,以确保交通安全并提升行业标准。监管局以问题和目标为导向,推动即时配送平台企 ||| IT之家 7 月 9 日消息，“广州市场监管”公众号 7 月 8 日发文，称外卖电动自行车交通安全是大家关注的热门话题，广州市市场监管局坚持问题导向、目标导向，督促即时配送平台企业落实安全责任，深入开展电动自行车安全隐患全链条整治行动。 广州市市场监管局结合广州市外卖行业电动自行车登记上牌（IT之家注：行业蓝牌）工作，摸查在广州市开展业务的即时配送平台企业及配送服务商基本情况，建立主体数据库。 广州市市场监管局联合市公安部门召开行政指导会，开展整治工作政策宣贯，重点敦促： 配送企业对使用电动自行车配送的，按照最高速度 25km/h 守法行驶可完成配送任务的标准，设定配送时限、路线； 配送企业补充优化配送人员使用电动自行车及蓄电池的工作程序，强化动态监测核验。 广州市市场监管局发函相关平台企业和即时配送企业总部，书面告知： 企业要明确电动自行车安全隐患全链条整治具体要求，完善配送管理制度和配送人员车辆管理制度规则； 企业要主动查漏补缺，并将自查和整改情况函复监管部门。 广州市市场监管局会同市公安交警部门： 对美团、饿了么等平台骑手站点开展专项督导检查，督促平台配送合作企业强化配送人员日常安全教育培训，提高配送人员安全意识； 督促企业加强对配送车辆日常管理，及时发现改装车辆并落实恢复原状、禁止使用、限制接单等措施。 广州市市场监管局还指导行业协会： 组织平台企业，落实行业公约各项制度和 ||| 【财新网】外卖骑手是电动自行车重度使用群体，部分骑手迫于工作压力或为提高配送效率，常常铤而走险，逆行、超速、闯红灯等危险驾驶行为屡禁不止。市民一方面依赖快递和外卖小哥提供的便利，另一方面又常常抱怨其中不少人在驾车时不遵守交通法规。 8月30日，广州市人大常委会法工委发布《广州市电动自行车管理规定（草案修改稿·征求意见稿）》（下称《征求意见稿》）。《征求意见稿》提出，即时配送企业应当对一周内有闯红灯、超速行驶、逆向行驶等三次以上严重交通违法行为的驾驶人实行派单管控。 ""+tmpTitle+"" ||| 7月8日,广州市市场监管局发布消息称,他们正积极推进外卖电动自行车安全隐患整治行动,并呼吁即时配送平台企业落实安全责任。 ||| ---- 文明骑行 平安送达 2月28日，“广州市即时配送行业文明出行暨电动自行车规范化管理推广活动”在白云国际会议中心西广场举办。本次活动以“早点走、靠右行、慢慢开”为主题，旨在深入贯彻落实《广州市电动自行车管理规定》，推动行业各方全面落实主体责任，共同构建“源头可溯、过程可控、责任可究”的现代化治理体系，为广州城市安全与文明建设注入行业力量。 “广州市即时配送行业文明出行暨电动自行车规范化管理推广活动”成功举办。 活动现场设置了深入的政策宣贯环节，为行业明晰方向、划清底线。广州市市场监管局对即时配送行业文明出行工作要求进行解读，强调平台企业应当好“第一责任人”和“规则制定者”，从优化算法、合理设定配送时限等源头入手，完善内部车辆与人员管理。 广州市公安局就规范即时配送电动自行车通行秩序提出相关要求，进一步督促平台企业切实强化骑手日常管理，规范骑手交通出行行为，多方携手共建安全、有序、畅通的城市道路通行环境。 广州道路运输行业协会现场宣讲了行业车辆管理规范标准，并发布联合倡议，呼吁平台企业、合作商、骑手及社会各界协同发力，共同筑牢道路交通安全底线。 活动现场举行了庄重的承诺书签署仪式。美团、淘宝闪购、京东秒送等主要即时配送平台企业代表，配送合作商、众包企业负责人以及骑手代表分别签署了《文明出行承诺书》。大家承诺，将严格遵守交通法规，坚持使用合规车辆，自觉杜绝非法改装，摒弃交通陋习",mainstream_news ||| mainstream_news ||| social_media ||| official ||| official ||| official ||| official ||| official ||| official ||| social_media ||| mainstream_news ||| social_media ||| social_media ||| public_web ||| mainstream_news ||| social_media ||| official,https://www.sohu.com/a/833571929_122066678 ||| https://www.sohu.com/a/843118478_122066681 ||| https://www.toutiao.com/article/7454517663738429986/ ||| https://rsj.gz.gov.cn/zzzq/zwdt/content/post_10051968.html ||| https://scjgj.gz.gov.cn/ztzl/rdjyzxtablqk/rdjy/content/post_9411653.html ||| https://scjgj.gz.gov.cn/zwdt/gzdt/content/post_10090557.html ||| https://www.gz.gov.cn/zt/fxbxaqdx/aqxd/content/post_10061533.html ||| https://www.gz.gov.cn/zwfw/zxfw/jtfw/content/post_10061534.html ||| http://scjgj.gz.gov.cn/ztzl/rdjyzxtablqk/rdjy/content/post_8940900.html ||| https://www.toutiao.com/article/7401324492015895049/ ||| https://mp.weixin.qq.com/s?__biz=MjM5Mzc0MzIxNA==&mid=2652930026&idx=3&sn=9c1a30695f9a06b3e3be103bbcc355b1&scene=21 ||| https://www.toutiao.com/article/7446966622071390720/ ||| https://www.toutiao.com/article/7389509866798203401/ ||| https://www.ithome.com/0/780/584.htm ||| https://www.caixin.com/2024-08-31/102232116.html ||| https://www.toutiao.com/article/7389466200143626815/ ||| https://www.gz.gov.cn/zwfw/zxfw/jtfw/content/post_10705356.html,8,silver_candidate,standard_review,0.000,low,low_risk,accept,,,,,,多部门联合发文、督导检查、限速禁手持、违章停单及督促平台优化时限与落实主体责任等主张均获充分证据支撑。,annotator_A,adjudicated_final,annotator_A
E042,LLM_CANON_E042_002,外卖平台及即时配送企业,配合监管部门落实安全主体责任，优化配送算法与路线设定，加强骑手安全培训与违章管控，但面临合规成本与运营效率平衡的压力。,mixed,证据显示平台被督促建立培训制度、设定合理时限、实施停单管控，同时需自查整改并完善绩效考核，体现合规要求与业务压力的交织。,SC_E042_002,即时配送平台企业;配送企业;外卖企业;平台配送服务商,True,,ev-01031;ev-01033;ev-01034;ev-01041;ev-01042;ev-01043;ev-01044;ev-01045;ev-01051;ev-01053;ev-01054;ev-01055;ev-01060;ev-01067,"广州交通新规将于12月30日正式实施,带来了诸多新的规定,包括限制电动车在非机动车道的最高时速不得超过15公里、禁止手持通讯工具以及对频繁违法的骑手进行派单管控。这样一系列新规不可避免地引发了社会的广 ||| 用微信扫描二维码 分享至好友和朋友圈 外卖新规倒逼骑手更遵守交规 外卖骑手阿坤在红灯前停下电动自行车，而周围的其他骑手则无视信号灯，径直穿过马路。这一情景发生在广州市天河北路与体育东路的交叉口。阿坤分享道，尽管过去很少闯红灯，但保持在限速内行驶对他而言是个挑战。新出台的规定让他在工作中更加注意交通规则，同时也坦承，若规定严格实施，同行们的收入可能会大幅缩水。 近期颁布的《广州市网约配送行业公约》旨在规范外卖配送行业，广州市市场监督管理局将与相关部门联手，对电动自行车的安全隐患进行全面整治。根据公约，频繁违章的外卖骑手将面临行业内部的停职惩罚，严重者可能被列入黑名单，永久禁止从事此行业。 广东省体制改革研究会的彭澎会长认为，累积违章次数的制度是一种创新，能有效遏制外卖骑手的违章行为。他指出，新规的实际效果依赖于多部门的联合执行和网约配送平台的合作。 在海珠区中大布匹市场附近，外卖骑手的行驶速度尤为突出，甚至超过了运输布料的电动车。这一地带因临近居民区和高校，夜晚的外卖需求极高，也常有骑手为了赶时间而违章行驶。有市民反映，外卖骑手的超速、逆行等行为屡见不鲜，给交通安全带来了巨大隐患。 公开数据揭示，外卖骑手相关的交通事故频发，其中不乏因超速、逆行导致的事故。广州警方和市场监督部门虽持续关注并努力整治这一问题，违章现象仍难以根除。 新规之下，外卖骑手阿贵表达了内心的矛盾：遵守交通规则意味 ||| 7月8日，广州市市场监管局披露，督促即时配送平台企业落实安全责任，深入开展电动自行车安全隐患全链条整治行动，对一周内有三次以上违法行为的骑手实施全行业停单一天以上限制。一边是外卖员的“生死时速”，一边是百姓对交通安全的关切。新规能否管好外卖小哥的电单车，引起多方关注。 广州新规严治外卖电单车 ​ “我开车正常行驶，突然一个外卖小哥飞车穿越马路。”焦女士说，她遭遇过几次突发情况，至今心有余悸。李先生则与外卖小哥的电单车发生过“亲密接触”，他说：“当时，我驾驶着私家车，打转向灯右转。小哥可能走神了，速度太快来不及刹车，一下子从后面撞了上来。幸好当时我的车速不快，没有造成人员受伤。” ​ 恐怕不少人都有过类似经历。如何遏制外卖骑手交通违法行为多发现象，广州市市场监管部门率先在全省推出了新部署。 ​ 记者了解到，部署中明确了监管对象，即广州市登记上牌的外卖行业电动自行车（行业蓝牌）。整治工作强调要压实平台企业主体责任，重点督促配送企业对使用电动自行车配送的，按照最高速度25km/h守法行驶可完成配送任务的标准，设定配送时限、路线；配送企业补充优化配送人员使用电动自行车及蓄电池的工作程序，强化动态监测核验。 ​ 根据新部署，广州市市场监管局指导行业协会完善骑手管理系统，与市交警部门骑手交通违法信息实现实时对接，在全省率先启动对一周内有三次以上违法行为骑手实施全行业停单一天以上限制。 ​ 广州 ||| 杨旭代表： 您提出的《关于加强外卖配送电动自行车管理的建议》（第20233035号）收悉。我局高度重视，组织市公安局、市商务局、市交通运输局等单位进行认真研究办理，并于7月11日会同相关单位与您座谈交流。您提出的建议很有针对性，经综合市公安局、市商务局、市交通运输局等单位的意见，现将办理情况答复如下： 根据市政府有关要求，我局牵头会同市公安局、市商务局、市交通运输局等部门，建立健全外卖行业电动自行车交通安全联合管理机制，成立工作专班，制订总体工作方案和2022年、2023年实施方案，细化工作任务和职责分工，建立起外卖行业电动自行车联合管理工作机制，综合治理外卖行业交通安全问题，初步形成政府协同、企业自律、行业自治、社会共治的治理格局。 一、关于“强化配送员岗前教育，优化配送时限要求”建议办理情况 (一)我局会同市公安局、市商务局、市交通运输局等管理工作专班成员单位，结合日常监管对平台开展约谈和行政指导，督促平台企业建立起常态化的交通安全宣传教育、培训制度。骑手入职前须经交通安全培训学习、考试合格方或上岗；入职后骑手须参加站点日常和月度安全教育。各平台不定期针对特定人群或特定区域开展定向投放教育内容进行专题安全教育，并组织事故骑手开展线下培训，不参加培训骑手将被限制接单。市公安交警部门不定期组织警力前往外卖平台、企业开展交通安全宣传和交通安全知识讲座，提高骑手安全守法意识。利用信息技 ||| 为贯彻落实《广州市电动自行车管理规定》（下称《规定》）有关要求，结合节前企业安全生产检查工作，近日，广州市市场监督管理局市管一级调研员易兆会带领市外卖行业电动自行车联合管理工作专班成员单位对平台配送服务站点及天河商圈进行督导检查，了解《规定》宣贯和执行情况，现场核查配送电动自行车号牌登记和使用情况。 针对无号牌、遮挡号牌、车辆信息与登记信息不符以及外卖骑手交通违法行为屡禁不止等问题，工作专班督促各平台企业落实主体责任，一是要进一步加强《规定》的学习与宣传，优化配送管理制度；按照遵守交通规则，守法行驶可完成配送任务标准，合理设定配送时限和路线，确保骑手在合法合规的前提下完成配送任务。二是要加大自查自纠和整改力度，完善配送合作商安全绩效考核制度、建立准入和退出机制，强化骑手和配送电动自行车日常安全管理工作，确保车辆合规、人员安全。三是要建立健全风险管理机制，加强骑手相关安全事件风险分析研判，及时化解矛盾纠纷，维护新业态群体合法权益和社会稳定。 ||| 外卖小哥：这段时间一直在熟悉新规内容 “大家骑行时可不可以用手机联系客户，或者边骑边吃早餐？”……近日，广州交警走进越秀区一骑手驿站，以“问答+派发宣传单”的形式，面对面普及《广州市电动自行车管理规定》的内容，为网约配送人员“划重点”。 骑手认真阅读新规内容。 不得违反道路交通安全法的规定，在非机动车道内行驶时最高时速超过15公里；不得以手持方式使用通信工具、浏览电子设备；即时配送企业应当对一个星期内有3次以上闯红灯、超速行驶、逆向行驶等严重交通违法行为的驾驶人实行派单管控……对高度依赖电动自行车的网约配送人员而言，2024年12月30日落地实施的《广州市电动自行车管理规定》与其息息相关。 “我们每天早会都有交通安全培训，这段时间我也一直在熟悉新规内容。”网约配送人员王先生告诉记者，“按照我个人的理解，出行最重要的是戴好头盔，其次是按照交通信号灯行驶，不逆行，正确悬挂有效号牌。” 针对新规中的限速要求，王先生坦言，自己的配送区域位于淘金商圈，那里非机动车道相对不多，“没有非机动车道时，我一般走机动车道的最右侧，时速约25公里。” “肯定要适应一段时间，最近送餐效率比原来低了一些，（因为）我上路行驶尤其是经过路口时会尽量慢一点。”另一名网约配送人员说，不过限速对其影响不大，日常他的配送范围就在附近三公里左右，基本上十几分钟就可以送到。 据广州道路运输行业协会有关负责人此前接受媒体采访 ||| 外卖小哥：这段时间一直在熟悉新规内容 “大家骑行时可不可以用手机联系客户，或者边骑边吃早餐？”……近日，广州交警走进越秀区一骑手驿站，以“问答+派发宣传单”的形式，面对面普及《广州市电动自行车管理规定》的内容，为网约配送人员“划重点”。 骑手认真阅读新规内容。 不得违反道路交通安全法的规定，在非机动车道内行驶时最高时速超过15公里；不得以手持方式使用通信工具、浏览电子设备；即时配送企业应当对一个星期内有3次以上闯红灯、超速行驶、逆向行驶等严重交通违法行为的驾驶人实行派单管控……对高度依赖电动自行车的网约配送人员而言，2024年12月30日落地实施的《广州市电动自行车管理规定》与其息息相关。 “我们每天早会都有交通安全培训，这段时间我也一直在熟悉新规内容。”网约配送人员王先生告诉记者，“按照我个人的理解，出行最重要的是戴好头盔，其次是按照交通信号灯行驶，不逆行，正确悬挂有效号牌。” 针对新规中的限速要求，王先生坦言，自己的配送区域位于淘金商圈，那里非机动车道相对不多，“没有非机动车道时，我一般走机动车道的最右侧，时速约25公里。” “肯定要适应一段时间，最近送餐效率比原来低了一些，（因为）我上路行驶尤其是经过路口时会尽量慢一点。”另一名网约配送人员说，不过限速对其影响不大，日常他的配送范围就在附近三公里左右，基本上十几分钟就可以送到。 据广州道路运输行业协会有关负责人此前接受媒体采访 ||| 刘建国代表： 您提出的《关于加强外卖骑手骑行安全管理的建议》（第20232338号）收悉。我局高度重视，积极组织市公安局、市商务局等单位进行认真研究办理，并于4月6日会同相关单位与您座谈交流。您提出的建议很有针对性和建设性，经综合市公安局、市商务局等单位的意见，现将办理情况答复如下： 一、主要工作情况 （一）推进政府部门协同治理。 我局根据市政府有关工作部署，2021年8月牵头联合市公安局、市商务局、市交通局等部门印发《广州市外卖行业电动自行车联合管理工作方案》、成立了市外卖行业电动自行车联合管理工作专班，明确管理工作目标和专班成员部门职责分工，建立起外卖行业电动自行车联合管理工作机制。同时，根据我市道路交通大整治有关要求，分别制订2022年、2023年联合管理实施方案，明确年度工作任务和牵头负责部门。各部门联合运用宣贯教育、行政督导、惩处曝光等方式，综合治理外卖行业交通问题。 （二）压实外卖平台企业安全主体责任。 一是结合日常监管对平台开展约谈和行政指导，宣贯国家市场监管总局等七部门联合印发的《关于落实网络餐饮平台责任切实维护外卖送餐员权益的指导意见》、《国务院安全生产委员会关于印发<加强电动自行车全链条安全监管重点工作任务及分工方案>的通知》有关精神，督促平台完善绩效考核制度，优化平台派单机制和算法规则，使骑手配送速度慢下来。目前，各外卖平台积极落实派单“算法取中”的要求，大部 ||| 曝光台丨广州交警喊话这些外卖企业(三) 外卖送餐给生活带来便利 但一些骑手为了抢时间 频繁上演“速度与激情” 给城市交通带来极大的安全隐患 追“好评” 丢“安全” 这些外卖企业被曝光! 各企业外卖骑手 ||| 7月9日消息,据广州市场监管微信公众号昨日发布,广州市市场监管局针对外卖电动自行车的安全问题采取了一系列创新和系统的监管措施,以确保交通安全并提升行业标准。监管局以问题和目标为导向,推动即时配送平台企 ||| IT之家 7 月 9 日消息，“广州市场监管”公众号 7 月 8 日发文，称外卖电动自行车交通安全是大家关注的热门话题，广州市市场监管局坚持问题导向、目标导向，督促即时配送平台企业落实安全责任，深入开展电动自行车安全隐患全链条整治行动。 广州市市场监管局结合广州市外卖行业电动自行车登记上牌（IT之家注：行业蓝牌）工作，摸查在广州市开展业务的即时配送平台企业及配送服务商基本情况，建立主体数据库。 广州市市场监管局联合市公安部门召开行政指导会，开展整治工作政策宣贯，重点敦促： 配送企业对使用电动自行车配送的，按照最高速度 25km/h 守法行驶可完成配送任务的标准，设定配送时限、路线； 配送企业补充优化配送人员使用电动自行车及蓄电池的工作程序，强化动态监测核验。 广州市市场监管局发函相关平台企业和即时配送企业总部，书面告知： 企业要明确电动自行车安全隐患全链条整治具体要求，完善配送管理制度和配送人员车辆管理制度规则； 企业要主动查漏补缺，并将自查和整改情况函复监管部门。 广州市市场监管局会同市公安交警部门： 对美团、饿了么等平台骑手站点开展专项督导检查，督促平台配送合作企业强化配送人员日常安全教育培训，提高配送人员安全意识； 督促企业加强对配送车辆日常管理，及时发现改装车辆并落实恢复原状、禁止使用、限制接单等措施。 广州市市场监管局还指导行业协会： 组织平台企业，落实行业公约各项制度和 ||| 站长之家 站长之家 广州市市场监管部门积极关注外卖电动自行车交通安全，采取一系列措施整治电动自行车安全隐患。 监管部门协同行业协会完善骑手管理系统，与交警部门联动对接违法信息。针对一周内违法超三次的骑手，全行业实施停单惩戒，有效遏制交通违法现象。 监管部门会同公安部门开展整治工作，重点督促配送企业： （举报） 九号电动车与青岛城阳交警合作，在城阳实验小学举办“文明出行 安全相伴”交通安全宣讲活动。通过警企合作，普及闯红灯、不戴头盔等违法行为的严重后果，并结合真实案例和数据警示学生。活动还围绕“一盔一带”等规范进行实操讲解，强调骑行前检查车辆、遵守信号灯等要点。九号电动车表示将持续技术创新，联合交管部门开展安全科普，将安全理念转化为用户习惯。去年以来，已走进全国超200座城市开展465场安全公开课，并通过发布“9个放心”承诺、配备TCS和ABS等安全技术，提升产品安全性。未来将继续深耕智能安全技术，助力构建安全有序的交通环境。 近日，九号电动车与河南周口商水交警大队在融辉城社区举办“走进社区 文明平安行”交通安全宣传活动。活动聚焦电动自行车非法改装危害、交通法规及安全出行规范，通过科普讲解、实物对比和互动问答，向居民传递“拒绝改装、安全骑行”理念。民警结合案例剖析改装车辆隐患，九号工作人员演示合规车辆优势。现场还设有奖问答，巩固安全知识。九号电动车持续联合多方力量，已在全国超200城 ||| 7月8日,广州市市场监管局发布消息称,他们正积极推进外卖电动自行车安全隐患整治行动,并呼吁即时配送平台企业落实安全责任。 ||| ---- 文明骑行 平安送达 2月28日，“广州市即时配送行业文明出行暨电动自行车规范化管理推广活动”在白云国际会议中心西广场举办。本次活动以“早点走、靠右行、慢慢开”为主题，旨在深入贯彻落实《广州市电动自行车管理规定》，推动行业各方全面落实主体责任，共同构建“源头可溯、过程可控、责任可究”的现代化治理体系，为广州城市安全与文明建设注入行业力量。 “广州市即时配送行业文明出行暨电动自行车规范化管理推广活动”成功举办。 活动现场设置了深入的政策宣贯环节，为行业明晰方向、划清底线。广州市市场监管局对即时配送行业文明出行工作要求进行解读，强调平台企业应当好“第一责任人”和“规则制定者”，从优化算法、合理设定配送时限等源头入手，完善内部车辆与人员管理。 广州市公安局就规范即时配送电动自行车通行秩序提出相关要求，进一步督促平台企业切实强化骑手日常管理，规范骑手交通出行行为，多方携手共建安全、有序、畅通的城市道路通行环境。 广州道路运输行业协会现场宣讲了行业车辆管理规范标准，并发布联合倡议，呼吁平台企业、合作商、骑手及社会各界协同发力，共同筑牢道路交通安全底线。 活动现场举行了庄重的承诺书签署仪式。美团、淘宝闪购、京东秒送等主要即时配送平台企业代表，配送合作商、众包企业负责人以及骑手代表分别签署了《文明出行承诺书》。大家承诺，将严格遵守交通法规，坚持使用合规车辆，自觉杜绝非法改装，摒弃交通陋习",mainstream_news ||| mainstream_news ||| mainstream_news ||| official ||| official ||| official ||| official ||| official ||| mainstream_news ||| social_media ||| public_web ||| public_web ||| social_media ||| official,https://www.sohu.com/a/843118478_122066681 ||| https://news.china.com/socialgd/10000169/20240731/46945889.html ||| https://finance.sina.com.cn/jjxw/2024-07-10/doc-inccrmwf2796884.shtml ||| https://scjgj.gz.gov.cn/ztzl/rdjyzxtablqk/rdjy/content/post_9411653.html ||| https://scjgj.gz.gov.cn/zwdt/gzdt/content/post_10090557.html ||| https://www.gz.gov.cn/zt/fxbxaqdx/aqxd/content/post_10061533.html ||| https://www.gz.gov.cn/zwfw/zxfw/jtfw/content/post_10061534.html ||| http://scjgj.gz.gov.cn/ztzl/rdjyzxtablqk/rdjy/content/post_8940900.html ||| https://mp.weixin.qq.com/s?__biz=MjM5Mzc0MzIxNA==&mid=2652930026&idx=3&sn=9c1a30695f9a06b3e3be103bbcc355b1&scene=21 ||| https://www.toutiao.com/article/7389509866798203401/ ||| https://www.ithome.com/0/780/584.htm ||| https://www.chinaz.com/2024/0708/1628166.shtml ||| https://www.toutiao.com/article/7389466200143626815/ ||| https://www.gz.gov.cn/zwfw/zxfw/jtfw/content/post_10705356.html,9,silver_candidate,standard_review,0.000,low,low_risk,accept,,,,,,证据充分支持平台落实主体责任、优化算法与面临合规压力的观点，情感判断准确，无需修改。,annotator_A,adjudicated_final,annotator_A
E042,LLM_CANON_E042_003,外卖骑手/网约配送人员,认可交通安全重要性并积极配合新规学习与培训，但担忧限速及非机动车道缺失将导致配送效率下降、收入缩水，并对平台不合理的处罚与投诉机制表示不满。,mixed,骑手在证据中表达熟悉新规、重视安全，同时坦言限速影响收入、路况复杂难执行，且多起投诉反映平台扣款与申诉机制不公。,SC_E042_003,外卖小哥;网约配送人员;骑手阿坤;王先生;即时配送驾驶人,True,,ev-01032;ev-01033;ev-01034;ev-01043;ev-01044;ev-01064;ev-01066,"“如果骑行的路线没有非机动车道,应该怎么行驶?”“靠车行道的右侧行驶。”......12月31日,在广州市越秀区一外卖站点内,广州交警工作人员正在向外卖骑手开展《广州市电动自行车管理规定》(以下简称“ ||| 用微信扫描二维码 分享至好友和朋友圈 外卖新规倒逼骑手更遵守交规 外卖骑手阿坤在红灯前停下电动自行车，而周围的其他骑手则无视信号灯，径直穿过马路。这一情景发生在广州市天河北路与体育东路的交叉口。阿坤分享道，尽管过去很少闯红灯，但保持在限速内行驶对他而言是个挑战。新出台的规定让他在工作中更加注意交通规则，同时也坦承，若规定严格实施，同行们的收入可能会大幅缩水。 近期颁布的《广州市网约配送行业公约》旨在规范外卖配送行业，广州市市场监督管理局将与相关部门联手，对电动自行车的安全隐患进行全面整治。根据公约，频繁违章的外卖骑手将面临行业内部的停职惩罚，严重者可能被列入黑名单，永久禁止从事此行业。 广东省体制改革研究会的彭澎会长认为，累积违章次数的制度是一种创新，能有效遏制外卖骑手的违章行为。他指出，新规的实际效果依赖于多部门的联合执行和网约配送平台的合作。 在海珠区中大布匹市场附近，外卖骑手的行驶速度尤为突出，甚至超过了运输布料的电动车。这一地带因临近居民区和高校，夜晚的外卖需求极高，也常有骑手为了赶时间而违章行驶。有市民反映，外卖骑手的超速、逆行等行为屡见不鲜，给交通安全带来了巨大隐患。 公开数据揭示，外卖骑手相关的交通事故频发，其中不乏因超速、逆行导致的事故。广州警方和市场监督部门虽持续关注并努力整治这一问题，违章现象仍难以根除。 新规之下，外卖骑手阿贵表达了内心的矛盾：遵守交通规则意味 ||| 7月8日，广州市市场监管局披露，督促即时配送平台企业落实安全责任，深入开展电动自行车安全隐患全链条整治行动，对一周内有三次以上违法行为的骑手实施全行业停单一天以上限制。一边是外卖员的“生死时速”，一边是百姓对交通安全的关切。新规能否管好外卖小哥的电单车，引起多方关注。 广州新规严治外卖电单车 ​ “我开车正常行驶，突然一个外卖小哥飞车穿越马路。”焦女士说，她遭遇过几次突发情况，至今心有余悸。李先生则与外卖小哥的电单车发生过“亲密接触”，他说：“当时，我驾驶着私家车，打转向灯右转。小哥可能走神了，速度太快来不及刹车，一下子从后面撞了上来。幸好当时我的车速不快，没有造成人员受伤。” ​ 恐怕不少人都有过类似经历。如何遏制外卖骑手交通违法行为多发现象，广州市市场监管部门率先在全省推出了新部署。 ​ 记者了解到，部署中明确了监管对象，即广州市登记上牌的外卖行业电动自行车（行业蓝牌）。整治工作强调要压实平台企业主体责任，重点督促配送企业对使用电动自行车配送的，按照最高速度25km/h守法行驶可完成配送任务的标准，设定配送时限、路线；配送企业补充优化配送人员使用电动自行车及蓄电池的工作程序，强化动态监测核验。 ​ 根据新部署，广州市市场监管局指导行业协会完善骑手管理系统，与市交警部门骑手交通违法信息实现实时对接，在全省率先启动对一周内有三次以上违法行为骑手实施全行业停单一天以上限制。 ​ 广州 ||| 外卖小哥：这段时间一直在熟悉新规内容 “大家骑行时可不可以用手机联系客户，或者边骑边吃早餐？”……近日，广州交警走进越秀区一骑手驿站，以“问答+派发宣传单”的形式，面对面普及《广州市电动自行车管理规定》的内容，为网约配送人员“划重点”。 骑手认真阅读新规内容。 不得违反道路交通安全法的规定，在非机动车道内行驶时最高时速超过15公里；不得以手持方式使用通信工具、浏览电子设备；即时配送企业应当对一个星期内有3次以上闯红灯、超速行驶、逆向行驶等严重交通违法行为的驾驶人实行派单管控……对高度依赖电动自行车的网约配送人员而言，2024年12月30日落地实施的《广州市电动自行车管理规定》与其息息相关。 “我们每天早会都有交通安全培训，这段时间我也一直在熟悉新规内容。”网约配送人员王先生告诉记者，“按照我个人的理解，出行最重要的是戴好头盔，其次是按照交通信号灯行驶，不逆行，正确悬挂有效号牌。” 针对新规中的限速要求，王先生坦言，自己的配送区域位于淘金商圈，那里非机动车道相对不多，“没有非机动车道时，我一般走机动车道的最右侧，时速约25公里。” “肯定要适应一段时间，最近送餐效率比原来低了一些，（因为）我上路行驶尤其是经过路口时会尽量慢一点。”另一名网约配送人员说，不过限速对其影响不大，日常他的配送范围就在附近三公里左右，基本上十几分钟就可以送到。 据广州道路运输行业协会有关负责人此前接受媒体采访 ||| 外卖小哥：这段时间一直在熟悉新规内容 “大家骑行时可不可以用手机联系客户，或者边骑边吃早餐？”……近日，广州交警走进越秀区一骑手驿站，以“问答+派发宣传单”的形式，面对面普及《广州市电动自行车管理规定》的内容，为网约配送人员“划重点”。 骑手认真阅读新规内容。 不得违反道路交通安全法的规定，在非机动车道内行驶时最高时速超过15公里；不得以手持方式使用通信工具、浏览电子设备；即时配送企业应当对一个星期内有3次以上闯红灯、超速行驶、逆向行驶等严重交通违法行为的驾驶人实行派单管控……对高度依赖电动自行车的网约配送人员而言，2024年12月30日落地实施的《广州市电动自行车管理规定》与其息息相关。 “我们每天早会都有交通安全培训，这段时间我也一直在熟悉新规内容。”网约配送人员王先生告诉记者，“按照我个人的理解，出行最重要的是戴好头盔，其次是按照交通信号灯行驶，不逆行，正确悬挂有效号牌。” 针对新规中的限速要求，王先生坦言，自己的配送区域位于淘金商圈，那里非机动车道相对不多，“没有非机动车道时，我一般走机动车道的最右侧，时速约25公里。” “肯定要适应一段时间，最近送餐效率比原来低了一些，（因为）我上路行驶尤其是经过路口时会尽量慢一点。”另一名网约配送人员说，不过限速对其影响不大，日常他的配送范围就在附近三公里左右，基本上十几分钟就可以送到。 据广州道路运输行业协会有关负责人此前接受媒体采访 ||| 距离商家最新回复已经30个自然日，期间用户未做进一步操作，系统已自动变更为“已完成”状态。如对企业处理结果有异议，可重新发起投诉。 您好，我们已收到您的反馈，会安排尽快核实。 已分配商家 淘宝闪购客户关怀 12月28日，订单号为31753*********40974该订单，我抵达商家，商家表示顾客退货，他不给出餐，让我取消去找客服，什么狗屁道理这是？我联系客服，明确告知可以联系顾客及商家双方进行核实，客服置之不理，一再强调扣的取消无法申诉，完全不考虑实际情况，告诉我可以在商家等到出餐超时再进行超时无责取消。骑手没有人权吗？在商家明确告知我这一单会取消，不会出餐的条件下，还让骑手在店内等待10余分钟才能无责？？？能考虑一下现实问题吗？完全拿骑手当牛马吗？骑手的时间就活该被无意义的浪费吗？你们身为平台不会去核实责任吗？只会一味的处罚骑手来填补你们的损失吗？我这还没完，没有处理结果我还会对多部门进行投诉，我不信骑手身为合法的公民，就维护不了自身的合法权益。 声明： 1.以上内容仅代表投诉者本人，不代表黑猫投诉立场。 2.未经授权，本平台案例禁止任何转载，违者将被追究法律责任。 3.黑猫投诉处理投诉不收取任何费用，凡以黑猫投诉名义收费的均为冒充、欺骗行为，请及时报警并与黑猫官方反馈。举报邮箱 heimaotousu@vip.sina.com。 4.请大家选择官方渠道解决消费纠纷，不要轻信第 ||| 已隐藏内容 已隐藏内容 已分配商家 京东客服 我是京东秒送骑手，接了一个单，送到广州天河的，到了发件人那里，迟迟不给货，我就上报了出餐慢，拍了个小区图片，结果判定我违规上报，扣了 50 元，客服一直不处理，说无法联系发货人核实，这不是霸王条款吗，想扣就直接扣了，都无法申诉，诉求撤销违规。 声明： 1.以上内容仅代表投诉者本人，不代表黑猫投诉立场。 2.未经授权，本平台案例禁止任何转载，违者将被追究法律责任。 3.黑猫投诉处理投诉不收取任何费用，凡以黑猫投诉名义收费的均为冒充、欺骗行为，请及时报警并与黑猫官方反馈。举报邮箱 heimaotousu@vip.sina.com。 4.请大家选择官方渠道解决消费纠纷，不要轻信第三方机构或个人办理退费以免受骗。请不要随意通过QQ或微信等方式添加陌生人，更不要给陌生人汇款，谨防被骗，如遇诈骗请及时报警。 《文明诚信投诉公约》 24小时有效投诉26497 累计有效投诉35788690 关注官方微博 扫码关注微信 广东站|浙江站|上海站|陕西站|广西站 吉林站|江苏站|湖南站|安徽站|黑龙江站 河南站|江西站|天津站|重庆站|海南站 辽宁站|湖北站|河北站|四川站|福建站 重要提示 Copyright©1996-2025 SINA Corporation All Right Reserved 新浪公司 版权所有 隐私保护 新浪公司 版权所有京ICP",social_media ||| mainstream_news ||| mainstream_news ||| official ||| official ||| mainstream_news ||| mainstream_news,https://www.toutiao.com/article/7454517663738429986/ ||| https://news.china.com/socialgd/10000169/20240731/46945889.html ||| https://finance.sina.com.cn/jjxw/2024-07-10/doc-inccrmwf2796884.shtml ||| https://www.gz.gov.cn/zt/fxbxaqdx/aqxd/content/post_10061533.html ||| https://www.gz.gov.cn/zwfw/zxfw/jtfw/content/post_10061534.html ||| https://tousu.sina.com.cn/complaint/view/17391790056?sld=b56c1e453af2be1cee5af31dd0405a98 ||| https://tousu.sina.com.cn/complaint/view/17392298010?sld=7d181afd05929a401f23b28fe4a90496,5,silver_candidate,standard_review,0.000,low,low_risk,accept,,,,,,证据涵盖骑手配合培训、担忧收入缩水及投诉平台处罚不公，观点与情感判断与证据高度一致。,annotator_A,adjudicated_final,annotator_A
E042,LLM_CANON_E042_004,市民/消费者/公众,支持新规以遏制骑手危险驾驶行为、保障道路安全，但同时也依赖外卖便捷服务，对骑手服务态度及配送纠纷存在投诉与不满。,mixed,市民遭遇骑手违章或事故后心有余悸并支持整治，同时通过投诉平台反映骑手服务问题，体现安全诉求与服务依赖的矛盾。,SC_E042_004,市民;消费者;焦女士;李先生;公众,True,,ev-01034;ev-01051;ev-01052;ev-01056;ev-01058;ev-01061;ev-01062;ev-01063,"7月8日，广州市市场监管局披露，督促即时配送平台企业落实安全责任，深入开展电动自行车安全隐患全链条整治行动，对一周内有三次以上违法行为的骑手实施全行业停单一天以上限制。一边是外卖员的“生死时速”，一边是百姓对交通安全的关切。新规能否管好外卖小哥的电单车，引起多方关注。 广州新规严治外卖电单车 ​ “我开车正常行驶，突然一个外卖小哥飞车穿越马路。”焦女士说，她遭遇过几次突发情况，至今心有余悸。李先生则与外卖小哥的电单车发生过“亲密接触”，他说：“当时，我驾驶着私家车，打转向灯右转。小哥可能走神了，速度太快来不及刹车，一下子从后面撞了上来。幸好当时我的车速不快，没有造成人员受伤。” ​ 恐怕不少人都有过类似经历。如何遏制外卖骑手交通违法行为多发现象，广州市市场监管部门率先在全省推出了新部署。 ​ 记者了解到，部署中明确了监管对象，即广州市登记上牌的外卖行业电动自行车（行业蓝牌）。整治工作强调要压实平台企业主体责任，重点督促配送企业对使用电动自行车配送的，按照最高速度25km/h守法行驶可完成配送任务的标准，设定配送时限、路线；配送企业补充优化配送人员使用电动自行车及蓄电池的工作程序，强化动态监测核验。 ​ 根据新部署，广州市市场监管局指导行业协会完善骑手管理系统，与市交警部门骑手交通违法信息实现实时对接，在全省率先启动对一周内有三次以上违法行为骑手实施全行业停单一天以上限制。 ​ 广州 ||| 曝光台丨广州交警喊话这些外卖企业(三) 外卖送餐给生活带来便利 但一些骑手为了抢时间 频繁上演“速度与激情” 给城市交通带来极大的安全隐患 追“好评” 丢“安全” 这些外卖企业被曝光! 各企业外卖骑手 ||| 前言嘿,各位小伙伴们,最近广州市可是有大动作了!为了保障咱们市民的安全,特别是那些风里雨里送餐的外卖骑手们,广州市政府推出了新的电动自行车管理规定。 ||| 距离商家最新回复已经30个自然日，期间用户未做进一步操作，系统已自动变更为“已完成”状态。如对企业处理结果有异议，可重新发起投诉。 您好，阿饿君已收到您的反馈，会安排尽快核实。 已分配商家 淘宝闪购客户关怀 骑手不送餐让我下楼拿，未经过我同意提前送达商品，又用单子多为理由挂断电话说稍后再送，结果等了半个小时说餐丢了 声明： 1.以上内容仅代表投诉者本人，不代表黑猫投诉立场。 2.未经授权，本平台案例禁止任何转载，违者将被追究法律责任。 3.黑猫投诉处理投诉不收取任何费用，凡以黑猫投诉名义收费的均为冒充、欺骗行为，请及时报警并与黑猫官方反馈。举报邮箱 heimaotousu@vip.sina.com。 4.请大家选择官方渠道解决消费纠纷，不要轻信第三方机构或个人办理退费以免受骗。请不要随意通过QQ或微信等方式添加陌生人，更不要给陌生人汇款，谨防被骗，如遇诈骗请及时报警。 《文明诚信投诉公约》 24小时有效投诉26497 累计有效投诉35788690 关注官方微博 扫码关注微信 广东站|浙江站|上海站|陕西站|广西站 吉林站|江苏站|湖南站|安徽站|黑龙江站 河南站|江西站|天津站|重庆站|海南站 辽宁站|湖北站|河北站|四川站|福建站 重要提示 Copyright©1996-2025 SINA Corporation All Right Reserved 新浪公司 版权所有 隐私保护 ||| 距离商家最新回复已经30个自然日，期间用户未做进一步操作，系统已自动变更为“已完成”状态。如对企业处理结果有异议，可重新发起投诉。 您好，我们已收到您的反馈，会安排尽快核实。 已分配商家 淘宝闪购客户关怀 我已送达地点 客户说没有看到餐 我回去看餐不在了 不知道是不是顾客白嫖还是被别人偷了 我是送达只定地点的，送达地方了顾客也说放门口的 声明： 1.以上内容仅代表投诉者本人，不代表黑猫投诉立场。 2.未经授权，本平台案例禁止任何转载，违者将被追究法律责任。 3.黑猫投诉处理投诉不收取任何费用，凡以黑猫投诉名义收费的均为冒充、欺骗行为，请及时报警并与黑猫官方反馈。举报邮箱 heimaotousu@vip.sina.com。 4.请大家选择官方渠道解决消费纠纷，不要轻信第三方机构或个人办理退费以免受骗。请不要随意通过QQ或微信等方式添加陌生人，更不要给陌生人汇款，谨防被骗，如遇诈骗请及时报警。 《文明诚信投诉公约》 24小时有效投诉26497 累计有效投诉35788690 关注官方微博 扫码关注微信 广东站|浙江站|上海站|陕西站|广西站 吉林站|江苏站|湖南站|安徽站|黑龙江站 河南站|江西站|天津站|重庆站|海南站 辽宁站|湖北站|河北站|四川站|福建站 重要提示 Copyright©1996-2025 SINA Corporation All Right Reserved 新浪公 ||| 距离商家最新回复已经30个自然日，期间用户未做进一步操作，系统已自动变更为“已完成”状态。如对企业处理结果有异议，可重新发起投诉。 您好，我们已收到您的反馈，会安排尽快核实。 已分配商家 淘宝闪购客户关怀 2026年1月9日晚上10：47骑手打电话过来说叫我自己下去拿外卖，我说不方便骑手态度很差，然后还在聊天框里面骂人 声明： 1.以上内容仅代表投诉者本人，不代表黑猫投诉立场。 2.未经授权，本平台案例禁止任何转载，违者将被追究法律责任。 3.黑猫投诉处理投诉不收取任何费用，凡以黑猫投诉名义收费的均为冒充、欺骗行为，请及时报警并与黑猫官方反馈。举报邮箱 heimaotousu@vip.sina.com。 4.请大家选择官方渠道解决消费纠纷，不要轻信第三方机构或个人办理退费以免受骗。请不要随意通过QQ或微信等方式添加陌生人，更不要给陌生人汇款，谨防被骗，如遇诈骗请及时报警。 《文明诚信投诉公约》 24小时有效投诉26497 累计有效投诉35788690 关注官方微博 扫码关注微信 广东站|浙江站|上海站|陕西站|广西站 吉林站|江苏站|湖南站|安徽站|黑龙江站 河南站|江西站|天津站|重庆站|海南站 辽宁站|湖北站|河北站|四川站|福建站 重要提示 Copyright©1996-2025 SINA Corporation All Right Reserved 新浪公司 版权所有 隐私 ||| 小程序 小游戏 企业微信 微信支付 扫描小程序码分享 在哪里可以反映接入配送骑手问题？有些骑手态度不好,哪里可以操作拉黑 扫描小程序码分享 确定删除？ 删除后不可恢复 关注后，可在微信内接收相应的重要提醒。 请使用微信扫描二维码关注 “微信开放社区” 公众号 1 个回答 加粗 标红 插入代码 插入链接 插入图片 上传视频 你好，可以私信反馈给我，我来处理。 你好，麻烦通过点击下方“反馈信息”按钮，提供出现问题的。 加粗 标红 插入代码 插入链接 插入图片 上传视频 你好，麻烦通过点击下方“反馈信息”按钮，提供出现问题的。 加粗 标红 插入代码 插入链接 插入图片 上传视频 关注后，可在微信内接收相应的重要提醒。 请使用微信扫描二维码关注 “微信开放社区” 公众号 Copyright © 2012-2026 Tencent. All Rights Reserved. ||| 若要投诉广东的外卖骑手，可通过以下几种方式。首先，在外卖平台的订单页面通常会有“投诉”按钮，点击后可详细描述投诉内容，包括骑手的违规行为等相关信息。其次，有些外卖平台设有专门的客服热线，拨打该热线，向客服人员说明投诉事宜，客服会记录并跟进处理。再者，部分平台还提供在线客服功能，通过与在线客服沟通，提交投诉信息。在投诉时，应尽量详细、准确地描述事件经过，提供相关证据，如订单号、骑手编号、违规行为的截图等，以便平台能更有效地进行调查和处理。 以上是律师的法律建议，如有疑问，欢迎进一步咨询。 2004~2026年，27W+ 专业律师在华律网 解决了 0 个问题 今日咨询：123 条，律师解答：123 次 服务热线：（ 工作日 09:00-18:00 ） 400-6012-708 投诉举报：（ 2个工作日响应 ） fankui@66law.cn 关于华律 合作加盟 我是公众 免费咨询 随时追问 我是律师 案件接洽 合作加盟 Copyright 2004-2026 66Law.cn 版权所有 蜀ICP备11014096号-1 增值电信业务经营许可证(川B2-20211656) 有害信息举报 地址：成都市高新西区西区大道99号伯雅科技园华律大楼 来访路线",mainstream_news ||| mainstream_news ||| social_media ||| mainstream_news ||| mainstream_news ||| mainstream_news ||| forum ||| public_web,https://finance.sina.com.cn/jjxw/2024-07-10/doc-inccrmwf2796884.shtml ||| https://mp.weixin.qq.com/s?__biz=MjM5Mzc0MzIxNA==&mid=2652930026&idx=3&sn=9c1a30695f9a06b3e3be103bbcc355b1&scene=21 ||| https://www.toutiao.com/article/7446966622071390720/ ||| https://tousu.sina.com.cn/complaint/view/17392266209?sld=f8693438ebf28f08c1210e278e6db421 ||| https://tousu.sina.com.cn/complaint/view/17392221417?sld=cc5de76942a77d162ac749a4956ce8a5 ||| https://tousu.sina.com.cn/complaint/view/17392265473?sld=de94abfb5b25e6ff537f537ecf1ea4fe ||| https://developers.weixin.qq.com/community/minihome/doc/0006aa06088e40a888717300461000 ||| https://v.66law.cn/wenda/4674029.aspx,6,silver_candidate,standard_review,0.000,low,low_risk,accept,,,,,,证据包含市民支持整治以保安全及投诉服务纠纷的内容，准确反映公众矛盾心态，予以接受。,annotator_A,adjudicated_final,annotator_A
E042,LLM_CANON_E042_005,人大代表与行业专家/协会,肯定累积违章管控等创新机制，建议强化岗前教育与优化配送时限，呼吁政企协同、行业自治以构建长效治理格局。,positive,代表提出针对性建议获采纳，专家评价制度创新有效，协会发布倡议推动文明出行与规范化管理，整体持建设性支持态度。,SC_E042_005,杨旭代表;刘建国代表;彭澎会长;广东省体制改革研究会;广州道路运输行业协会,True,,ev-01033;ev-01041;ev-01045;ev-01055;ev-01067,用微信扫描二维码 分享至好友和朋友圈 外卖新规倒逼骑手更遵守交规 外卖骑手阿坤在红灯前停下电动自行车，而周围的其他骑手则无视信号灯，径直穿过马路。这一情景发生在广州市天河北路与体育东路的交叉口。阿坤分享道，尽管过去很少闯红灯，但保持在限速内行驶对他而言是个挑战。新出台的规定让他在工作中更加注意交通规则，同时也坦承，若规定严格实施，同行们的收入可能会大幅缩水。 近期颁布的《广州市网约配送行业公约》旨在规范外卖配送行业，广州市市场监督管理局将与相关部门联手，对电动自行车的安全隐患进行全面整治。根据公约，频繁违章的外卖骑手将面临行业内部的停职惩罚，严重者可能被列入黑名单，永久禁止从事此行业。 广东省体制改革研究会的彭澎会长认为，累积违章次数的制度是一种创新，能有效遏制外卖骑手的违章行为。他指出，新规的实际效果依赖于多部门的联合执行和网约配送平台的合作。 在海珠区中大布匹市场附近，外卖骑手的行驶速度尤为突出，甚至超过了运输布料的电动车。这一地带因临近居民区和高校，夜晚的外卖需求极高，也常有骑手为了赶时间而违章行驶。有市民反映，外卖骑手的超速、逆行等行为屡见不鲜，给交通安全带来了巨大隐患。 公开数据揭示，外卖骑手相关的交通事故频发，其中不乏因超速、逆行导致的事故。广州警方和市场监督部门虽持续关注并努力整治这一问题，违章现象仍难以根除。 新规之下，外卖骑手阿贵表达了内心的矛盾：遵守交通规则意味 ||| 杨旭代表： 您提出的《关于加强外卖配送电动自行车管理的建议》（第20233035号）收悉。我局高度重视，组织市公安局、市商务局、市交通运输局等单位进行认真研究办理，并于7月11日会同相关单位与您座谈交流。您提出的建议很有针对性，经综合市公安局、市商务局、市交通运输局等单位的意见，现将办理情况答复如下： 根据市政府有关要求，我局牵头会同市公安局、市商务局、市交通运输局等部门，建立健全外卖行业电动自行车交通安全联合管理机制，成立工作专班，制订总体工作方案和2022年、2023年实施方案，细化工作任务和职责分工，建立起外卖行业电动自行车联合管理工作机制，综合治理外卖行业交通安全问题，初步形成政府协同、企业自律、行业自治、社会共治的治理格局。 一、关于“强化配送员岗前教育，优化配送时限要求”建议办理情况 (一)我局会同市公安局、市商务局、市交通运输局等管理工作专班成员单位，结合日常监管对平台开展约谈和行政指导，督促平台企业建立起常态化的交通安全宣传教育、培训制度。骑手入职前须经交通安全培训学习、考试合格方或上岗；入职后骑手须参加站点日常和月度安全教育。各平台不定期针对特定人群或特定区域开展定向投放教育内容进行专题安全教育，并组织事故骑手开展线下培训，不参加培训骑手将被限制接单。市公安交警部门不定期组织警力前往外卖平台、企业开展交通安全宣传和交通安全知识讲座，提高骑手安全守法意识。利用信息技 ||| 刘建国代表： 您提出的《关于加强外卖骑手骑行安全管理的建议》（第20232338号）收悉。我局高度重视，积极组织市公安局、市商务局等单位进行认真研究办理，并于4月6日会同相关单位与您座谈交流。您提出的建议很有针对性和建设性，经综合市公安局、市商务局等单位的意见，现将办理情况答复如下： 一、主要工作情况 （一）推进政府部门协同治理。 我局根据市政府有关工作部署，2021年8月牵头联合市公安局、市商务局、市交通局等部门印发《广州市外卖行业电动自行车联合管理工作方案》、成立了市外卖行业电动自行车联合管理工作专班，明确管理工作目标和专班成员部门职责分工，建立起外卖行业电动自行车联合管理工作机制。同时，根据我市道路交通大整治有关要求，分别制订2022年、2023年联合管理实施方案，明确年度工作任务和牵头负责部门。各部门联合运用宣贯教育、行政督导、惩处曝光等方式，综合治理外卖行业交通问题。 （二）压实外卖平台企业安全主体责任。 一是结合日常监管对平台开展约谈和行政指导，宣贯国家市场监管总局等七部门联合印发的《关于落实网络餐饮平台责任切实维护外卖送餐员权益的指导意见》、《国务院安全生产委员会关于印发<加强电动自行车全链条安全监管重点工作任务及分工方案>的通知》有关精神，督促平台完善绩效考核制度，优化平台派单机制和算法规则，使骑手配送速度慢下来。目前，各外卖平台积极落实派单“算法取中”的要求，大部 ||| 站长之家 站长之家 广州市市场监管部门积极关注外卖电动自行车交通安全，采取一系列措施整治电动自行车安全隐患。 监管部门协同行业协会完善骑手管理系统，与交警部门联动对接违法信息。针对一周内违法超三次的骑手，全行业实施停单惩戒，有效遏制交通违法现象。 监管部门会同公安部门开展整治工作，重点督促配送企业： （举报） 九号电动车与青岛城阳交警合作，在城阳实验小学举办“文明出行 安全相伴”交通安全宣讲活动。通过警企合作，普及闯红灯、不戴头盔等违法行为的严重后果，并结合真实案例和数据警示学生。活动还围绕“一盔一带”等规范进行实操讲解，强调骑行前检查车辆、遵守信号灯等要点。九号电动车表示将持续技术创新，联合交管部门开展安全科普，将安全理念转化为用户习惯。去年以来，已走进全国超200座城市开展465场安全公开课，并通过发布“9个放心”承诺、配备TCS和ABS等安全技术，提升产品安全性。未来将继续深耕智能安全技术，助力构建安全有序的交通环境。 近日，九号电动车与河南周口商水交警大队在融辉城社区举办“走进社区 文明平安行”交通安全宣传活动。活动聚焦电动自行车非法改装危害、交通法规及安全出行规范，通过科普讲解、实物对比和互动问答，向居民传递“拒绝改装、安全骑行”理念。民警结合案例剖析改装车辆隐患，九号工作人员演示合规车辆优势。现场还设有奖问答，巩固安全知识。九号电动车持续联合多方力量，已在全国超200城 ||| ---- 文明骑行 平安送达 2月28日，“广州市即时配送行业文明出行暨电动自行车规范化管理推广活动”在白云国际会议中心西广场举办。本次活动以“早点走、靠右行、慢慢开”为主题，旨在深入贯彻落实《广州市电动自行车管理规定》，推动行业各方全面落实主体责任，共同构建“源头可溯、过程可控、责任可究”的现代化治理体系，为广州城市安全与文明建设注入行业力量。 “广州市即时配送行业文明出行暨电动自行车规范化管理推广活动”成功举办。 活动现场设置了深入的政策宣贯环节，为行业明晰方向、划清底线。广州市市场监管局对即时配送行业文明出行工作要求进行解读，强调平台企业应当好“第一责任人”和“规则制定者”，从优化算法、合理设定配送时限等源头入手，完善内部车辆与人员管理。 广州市公安局就规范即时配送电动自行车通行秩序提出相关要求，进一步督促平台企业切实强化骑手日常管理，规范骑手交通出行行为，多方携手共建安全、有序、畅通的城市道路通行环境。 广州道路运输行业协会现场宣讲了行业车辆管理规范标准，并发布联合倡议，呼吁平台企业、合作商、骑手及社会各界协同发力，共同筑牢道路交通安全底线。 活动现场举行了庄重的承诺书签署仪式。美团、淘宝闪购、京东秒送等主要即时配送平台企业代表，配送合作商、众包企业负责人以及骑手代表分别签署了《文明出行承诺书》。大家承诺，将严格遵守交通法规，坚持使用合规车辆，自觉杜绝非法改装，摒弃交通陋习,mainstream_news ||| official ||| official ||| public_web ||| official,https://news.china.com/socialgd/10000169/20240731/46945889.html ||| https://scjgj.gz.gov.cn/ztzl/rdjyzxtablqk/rdjy/content/post_9411653.html ||| http://scjgj.gz.gov.cn/ztzl/rdjyzxtablqk/rdjy/content/post_8940900.html ||| https://www.chinaz.com/2024/0708/1628166.shtml ||| https://www.gz.gov.cn/zwfw/zxfw/jtfw/content/post_10705356.html,4,silver_candidate,standard_review,0.000,low,low_risk,accept,,,,,,证据明确记录代表建议、专家肯定创新机制及协会倡议，建设性支持态度判断准确。,annotator_A,adjudicated_final,annotator_A
E043,LLM_CANON_E043_001,武汉市城管执法委及相关政府部门,启动共享单车超量投放专项整治，督促企业回收违规车辆并实施配额管控，对乱停乱放行为进行处罚与清理，明确不鼓励发展共享电单车，并对违规企业开展约谈。,neutral,多部门联合出台评估办法并开展减量行动，合规率提升至99%以上；对违停市民开罚单；回应市民诉求明确电单车管理政策；约谈哈行科技。,SC_E043_001,武汉市城管委;市交委;市公安交管局;江岸区城管执法部门;唐家墩街工作人员,True,,ev-01068;ev-01069;ev-01070;ev-01071;ev-01072;ev-01077;ev-01090;ev-01091;ev-01093;ev-01094;ev-01096;ev-01097;ev-01104,"共享单车作为一种绿色出行方式，为市民出行提供了便利。然而，部分企业因运维管理不到位导致的超量投放及车辆乱停乱放问题，对城市交通秩序和市容市貌造成了不良影响。 8月11日，武汉市城管执法委员会联合市交通运输局、市公安局交通管理局召开共享单车专题调度会。会议通报，三部门于上月联合出台了《武汉市互联网租赁自行车服务质量评估办法》，并随即启动了专项整治行动。近一个月以来，全市积极推进整治工作，取得显著成效：累计督促三家共享单车经营企业回收违规超量投放车辆10万余辆，全市共享单车运营合规率已提升至99%以上。专项整治行动聚焦三个关键环节： 一是大力开展车辆减量：督促各企业严格按照交通运输部门设定的配额上限合规运营。近一个月内，哈啰、美团、青桔三家企业的回收总量达104,254辆（其中哈啰单车回收52,000辆，美团单车24,962辆，青桔单车27,292辆），有效缓解了共享单车超量投放对城市造成的压力。 二是实施分区分级管控：依据道路停放条件、人流量及骑行需求，在全市重点区域科学设置了禁停区和严控区，明确不同区域的停放管控要求。同时，加强重点区域及潮汐点位的秩序管理，落实专人定点巡查值守制度。 三是优化停放点位施划：对全市严控区2,989个非机动车停放线框进行排查，对其中59处不合理线框进行了整改，并取消了禁停区内原有的共享单车停放区。 在专项整治行动期间，城管执法部门通过大规模扫码抽查发现 ||| 共享单车作为一种绿色出行方式，为市民出行提供了便利。然而，部分企业因运维管理不到位导致的超量投放及车辆乱停乱放问题，对城市交通秩序和市容市貌造成了不良影响。 8月11日，武汉市城管执法委员会联合市交通运输局、市公安局交通管理局召开共享单车专题调度会。会议通报，三部门于上月联合出台了《武汉市互联网租赁自行车服务质量评估办法》，并随即启动了专项整治行动。近一个月以来，全市积极推进整治工作，取得显著成效：累计督促三家共享单车经营企业回收违规超量投放车辆10万余辆，全市共享单车运营合规率已提升至99%以上。 专项整治行动聚焦三个关键环节： 一是大力开展车辆减量：督促各企业严格按照交通运输部门设定的配额上限合规运营。近一个月内，哈啰、美团、青桔三家企业的回收总量达104,254辆（其中哈啰单车回收52,000辆，美团单车24,962辆，青桔单车27,292辆），有效缓解了共享单车超量投放对城市造成的压力。 二是实施分区分级管控：依据道路停放条件、人流量及骑行需求，在全市重点区域科学设置了禁停区和严控区，明确不同区域的停放管控要求。同时，加强重点区域及潮汐点位的秩序管理，落实专人定点巡查值守制度。 三是优化停放点位施划：对全市严控区2989个非机动车停放线框进行排查，对其中59处不合理线框进行了整改，并取消了禁停区内原有的共享单车停放区。 在专项整治行动期间，城管执法部门通过大规模扫码抽查发现 ||| 湖北日报讯 记者 王哲 通讯员 吕作武 针对共享单车运营乱象,昨日武汉市对其按下“暂停键”。当天,该市文明办、市交委、市城管局、市公安交管局联合召开新闻发布会,宣布自即日起,暂停共享单车投放。 现状 ||| 首页|新闻|军事|文史|政务|财经|汽车|文化|娱乐|健康|解梦|趣闻|游戏|佛学|古诗词|生活|守艺中华|国防军事|文旅|军事APP|头条APP 用微信扫描二维码 分享至好友和朋友圈 人民网武汉9月5日电 9月4日，武汉市交委要求共享单车企业暂停新增投放。据统计，共享单车自去年12月登陆武汉以来，5家企业共在全市投放共享单车近70万辆，武汉现有非机动车停放区域1万处，但仅能满足40万辆非机动车停放，发展规模已严重超出武汉非机动车可停放区域承载能力。同时，企业无序竞争、过度投放等问题突出，给城市交通安全及市民正常生活造成一定影响。 近期，社会各界对此反映强烈，要求政府部门加强管理、科学引导、合理控制发展规模。针对武汉市共享单车发展存在的问题及社会各界提出的意见建议，结合全市现有非机动车停放实际容量，武汉市政府有关部门已向相关企业下达告知书，要求共享单车经营企业即日起停止新增共享单车在武汉市投放。对告知后不予配合或执行不力的企业，武汉市交委将对其进行约谈或会同相关部门采取进一步管控措施。 同时，武汉市还将建立数据监控平台，将各企业车辆投放运营数据接入交委信息管理平台，由城管委实施统一监控管理，掌握车辆投放和运营数据，引导企业合理有序投放车辆，避免无序竞争。（肖璐欣/文、王郭骥/视频） ||| 九派新闻 2025-08-12 16:52发布于湖北武汉晨报九派新闻官方账号 共享单车作为一种绿色出行方式，为市民出行提供了便利。然而，部分企业因运维管理不到位导致的超量投放及车辆乱停乱放问题，对城市交通秩序和市容市貌造成了不良影响。 8月11日，武汉市城管执法委员会联合市交通运输局、市公安局交通管理局召开共享单车专题调度会。会议通报，三部门于上月联合出台了《武汉市互联网租赁自行车服务质量评估办法》，并随即启动了专项整治行动。近一个月以来，全市积极推进整治工作，取得显著成效：累计督促三家共享单车经营企业回收违规超量投放车辆10万余辆，全市共享单车运营合规率已提升至99%以上。 专项整治行动聚焦三个关键环节： 一是大力开展车辆减量：督促各企业严格按照交通运输部门设定的配额上限合规运营。近一个月内，哈啰、美团、青桔三家企业的回收总量达104,254辆（其中哈啰单车回收52,000辆，美团单车24,962辆，青桔单车27,292辆），有效缓解了共享单车超量投放对城市造成的压力。 二是实施分区分级管控：依据道路停放条件、人流量及骑行需求，在全市重点区域科学设置了禁停区和严控区，明确不同区域的停放管控要求。同时，加强重点区域及潮汐点位的秩序管理，落实专人定点巡查值守制度。 三是优化停放点位施划：对全市严控区2989个非机动车停放线框进行排查，对其中59处不合理线框进行了整改，并取消了禁停区内 ||| 国家重点新闻网 长江流域核心门户 联系我们：027-85695666 新闻热线：027-85695686 广告热线：027-85751777 A首页 长江头条 B首页 发布会 武汉 视频 城区 图库 湖北 法治 都市圈 长江时评 中游城市群 问答活动 长江经济带 文旅教育 国内 生态 国际 宜居 专题 健康 双语 出行 财经 水电气 我们 留言板 首张罚单开出时的执法场景(江岸区城管委供图) 长江网12月12日讯(长江日报记者黄师师 通讯员宋宏雷 任骞)共享单车乱停乱放没人管?错。12日,武汉市江岸区城管执法部门启动规范市民有序停放共享单车的宣传整治活动,首日对10位未按规定停放共享单车、影响交通的违章市民进行了处罚。 上午9时40分左右,四唯路口公交站附近,一名年轻人骑着单车来到一家早点店前,随手将单车停在路边。不远处,就有禁止停放单车的警示标识,而距此路口不到10米的转弯处,就有划线的非机动车停放点。 执法人员用执法记录仪记录下这一行为,随即叫住当事人张某,向其出示影像,并宣读了《武汉市城市管理相对集中行政处罚权办法》的相关规定,“非机动车在人行道(含桥梁人行道)、人行天桥、过街隧道未按照规定停放的,处警告或者20元罚款”,对其作出处罚。张某态度较好,在处罚通知单上签字,并缴纳了20元罚款。 执法人员表示,该路段为机动车单行道,由于道路狭窄,其道路一侧房屋就紧邻机动车道,过去曾 ||| 在城市交通的发展进程中，共享单车已告别粗放式生长模式，步入精细化治理的成熟发展阶段。技术创新、政企协同与公众参与形成合力，推动城市出行秩序实现系统性升级，成为城市治理现代化的一个缩影。近年来，多地以“人民城市人民建，人民城市为人民”为核心理念，以解决民生出行痛点为出发点，在优化城市交通结构、重塑城市公共秩序、提升市民出行获得感等方面不断尝试，全面优化共享单车精细化治理模式。 其中，湖北武汉、甘肃兰州、浙江杭州积极融入“智慧城市”建设浪潮，以技术创新为支撑构建智慧出行体系，通过数字化手段实现对车辆的精细化管控，既避免了无序停放对城市公共空间秩序的干扰，又通过动态匹配出行供需提升了资源利用效率，在满足市民多元出行需求的同时，为城市交通秩序优化与空间资源合理配置提供了有力支撑。 武汉 新机制 协同治理破解投放难题 伴随城市化进程推进，共享单车虽为市民短途出行带来便利，但因超量投放、管理无序等问题，出现挤占道路资源、扰乱公共秩序、埋下安全隐患等情况。对此，武汉市积极整合多方力量，通过协同治理破解共享单车管理难题。 今年7月，武汉市城市管理执法委员会联合市交通运输局、市公安局交通管理局，经调研论证与意见征集后，出台《武汉市互联网租赁自行车服务质量评估办法》，明确共享单车运营企业的服务标准与责任边界，为监管提供政策依据。同时，启动专项整治工作，以“问题导向、从严管控”为原则，聚焦市场规范、“一 ||| 观点新媒体 2025-08-13 09:26发布于广东观点地产新媒体官方账号 观点网讯：8月11日，武汉市城管执法委员会联合市交通运输局、市公安局交通管理局召开共享单车专题调度会。 会议通报，近一个月以来，累计督促哈啰、美团、青桔三家共享单车经营企业回收违规超量投放车辆10万余辆，全市共享单车运营合规率已提升至99%以上。整治期间，执法部门发现武汉哈行网络科技有限公司存在严重的“一码多车”及违规超量投放的问题。针对以上不诚信经营行为，三部门在调度会后联合对武汉哈行网络科技有限公司进行了约谈。该公司相关负责人承诺将立即采取措施加速回收超量投放的车辆，并且杜绝“一码多车”的现象。 免责声明：本文内容与数据由观点根据公开信息整理，不构成投资建议，使用前请核实。 ||| 共享单车自去年12月登陆武汉以来，给市民的出行带来了极大的便利。 据近日发布的《2017年武汉市共享单车出行报告》估算，武汉各类共享单车总量突破60万，已经接近饱和。共享单车已经超越出租车、网约车成为武汉市仅次于公交和地铁的第三大公共出行方式。可是在许多公交站、地铁口、小区入口，乱停乱放的共享单车不计其数……网友戏称其为“共享蝗虫”。还有各种层出不穷的""单车乱像""也让社会各界饱受困扰。 随意停放 挤占道路 “攻占”长江大桥 针对共享单车的这些乱像，武汉近期陆续出台多项政策，希望用制度来规范共享单车的野蛮生长。 【立规矩】 经武汉市政府常务会审议通过，《市人民政府关于鼓励规范互联网租赁自行车健康发展的意见》已于近日正式颁布实施。今天（8月24号），武汉市交委、城管委、国土规划局、城建委、公安交管局五部门联合召开新闻发布会，详细解读共享单车有关政策。 《意见》规定，武汉将分辖区制订车辆年度发展计划，合理控制车辆投放时序和数量。并利用卫星定位等技术手段设置电子围栏区域，建立文明用车奖惩制度和个人信用评价体系，有效规范用户停车行为。对不适宜停放的区域和路段，制定负面清单实行禁停管理，对乱停乱放问题严重的经营企业限制投放车辆。武汉市城管委督查室副处长林良根表示，今年全市已增加约10000处非机动车停放点位，还有6000处将于11月底施划完毕，届时将能满足约72万辆非机动车的停放需求。 《意见 ||| 70万辆单车超出我市承载能力近一倍 昨天下午,市文明办、市交委、市城管委、市公安交管局四部门联合召开新闻发布会,给共享单车投放“踩刹车”:即日起,武汉市暂停新增共享单车投放。目前,摩拜、OFO、哈罗、 ||| 穗丰花园东区出入口有共享单车停放 影响汽车出行 出行不方便 尊敬的市民：您好！您反映的诉求已收到，现将办理情况回复如下:接到您反映的问题后，唐家墩街工作人员立即到现场核查。经了解，该处是穗丰花园东区附近，有共享单车乱停乱放。现综合巡查员已联系单车公司，并已将乱停放的共享单车进行清理，移至规定的点位。不影响周边居民正常出行，已处理。感谢您的信任与支持，希望您一如既往支持和监督我们的工作！ ||| 首张罚单开出时的执法场景 江岸区城管委供图 长江网12月13日讯（记者黄师师 通讯员宋宏雷 任骞）共享单车乱停乱放没人管？错。12月12日，江岸城管执法部门启动规范市民有序停放共享单车的宣传整治活动，首日对10名未按规定停放共享单车、影响交通的违章市民进行了处罚。 上午9时40分左右，四唯路口公交站附近，一年轻人骑着单车来到一家早点店前，随手将单车停在路边。不远处，就有禁止停放单车的警示标识，而距此路口不到10米的转弯处，就有划线的非机动车停放点。 执法人员用执法记录仪记录下这一行为，随即叫住当事人张某，向其出示影像，并宣读了《武汉市城市管理相对集中行政处罚权办法》的相关规定：“非机动车在人行道（含桥梁人行道）、人行天桥、过街隧道未按照规定停放的，处警告或者20元罚款”，对其作出处罚。张某态度较好，在处罚通知单上签字，并缴纳了20元罚款。 执法人员表示，该路段为机动车单行道，由于道路狭窄，其道路一侧房屋就紧邻机动车道，过去就曾发生因单车随意停放、影响机动车正常通行的纠纷。今年11月，街道城管部门就在该处悬挂起警示标识，提醒市民勿乱停乱放。 据了解，江岸区本月4日开展共享单车有序停放宣传整治行动，共依法代为保存违章停放共享单车近万辆，企业受到警示，随意投放情况明显改观，闲置单车转运频率也有所加快，但市民乱停乱放情况仍十分突出。 为此，城管部门除了在合适地点增设停放区域外，还在严重影响 ||| 近日，有网友在武汉城市留言板反映，请武汉市政府引进共享电动单车，方便各地大学生来武旅游，填补地铁、公交线路的不足。 武汉市交通运输局最新回应：2017年8月，交通运输部、公安部等十部委出台《关于鼓励和规范互联网租赁自行车发展的指导意见》（交运发〔2017〕109号）指出“不鼓励发展互联网租赁电动自行车”，2017年9月4日市文明办、市交委、市城管委、市交管局联合发布的共享单车“禁投令”，根据国家指导意见、结合我市实际情况、参照国内同类城市做法，一直以来我市对共享电单车发展持谨慎态度，并持续对违规投放的共享电单车开展清理。 根据《市城综委办关于重申互联网租赁电动自行车管理有关政策规定及整治要求的通知》中提出：市城综委办对全市范围内拉自运营的互联冈租年电动自行车进行全面清理整顿，对相关企业依法依规进行处理。因此，如您发现有违规投放共享电单车，可直接与市城市管理执法委员会（12319）联系反映。",mainstream_news ||| official ||| mainstream_news ||| mainstream_news ||| mainstream_news ||| mainstream_news ||| official ||| mainstream_news ||| mainstream_news ||| mainstream_news ||| official ||| public_web ||| public_interaction,https://news.hbtv.com.cn/p/4542385.html ||| https://cgw.wuhan.gov.cn/cgdt/cgtp/202508/t20250813_2632788.shtml ||| http://wh.cnhubei.com/yw/201709/t3903390.shtml ||| https://news.china.com/domesticgd/10000159/20170905/31289662.html ||| https://news.qq.com/rain/a/20250812A05NWH00 ||| http://news.cjn.cn/sywh/201712/t3118758.htm ||| https://cgj.ezhou.gov.cn/dtcg/xyxx/202511/t20251126_735333.html ||| https://news.qq.com/rain/a/20250813A02BY200 ||| https://www.sohu.com/a/167008339_355692 ||| http://news.gog.cn/system/2017/09/05/016066094.shtml ||| https://www.wuhan.gov.cn/hdjl/lxgs/202602/t20260205_2725362.shtml ||| http://news.cjn.cn/wsqzgzb/zf/zdlm/201712/t3119050.htm ||| https://m.163.com/dy/article/I0AHH0GD0553R58G.html,11,silver_candidate,standard_review,0.000,low,low_risk,accept,,,,,,证据完整支撑政府部门开展专项整治、配额管控、处罚违停及约谈企业的各项事实，予以接受。,annotator_A,adjudicated_final,annotator_A
E043,LLM_CANON_E043_002,共享单车运营企业,因运维管理不到位导致超量投放与乱停放，部分企业存在“一码多车”等违规行为；在监管部门督促下承诺加速回收超量车辆并整改不诚信经营问题。,mixed,证据指出企业超量投放挤占道路，哈行科技被查出“一码多车”；但三家主要企业已回收超10万辆，违规企业承诺整改。,SC_E043_002,哈啰;美团;青桔;摩拜;ofo;武汉哈行网络科技有限公司;单车公司,True,,ev-01068;ev-01069;ev-01071;ev-01072;ev-01090;ev-01091;ev-01093;ev-01094;ev-01095;ev-01096;ev-01100,"共享单车作为一种绿色出行方式，为市民出行提供了便利。然而，部分企业因运维管理不到位导致的超量投放及车辆乱停乱放问题，对城市交通秩序和市容市貌造成了不良影响。 8月11日，武汉市城管执法委员会联合市交通运输局、市公安局交通管理局召开共享单车专题调度会。会议通报，三部门于上月联合出台了《武汉市互联网租赁自行车服务质量评估办法》，并随即启动了专项整治行动。近一个月以来，全市积极推进整治工作，取得显著成效：累计督促三家共享单车经营企业回收违规超量投放车辆10万余辆，全市共享单车运营合规率已提升至99%以上。专项整治行动聚焦三个关键环节： 一是大力开展车辆减量：督促各企业严格按照交通运输部门设定的配额上限合规运营。近一个月内，哈啰、美团、青桔三家企业的回收总量达104,254辆（其中哈啰单车回收52,000辆，美团单车24,962辆，青桔单车27,292辆），有效缓解了共享单车超量投放对城市造成的压力。 二是实施分区分级管控：依据道路停放条件、人流量及骑行需求，在全市重点区域科学设置了禁停区和严控区，明确不同区域的停放管控要求。同时，加强重点区域及潮汐点位的秩序管理，落实专人定点巡查值守制度。 三是优化停放点位施划：对全市严控区2,989个非机动车停放线框进行排查，对其中59处不合理线框进行了整改，并取消了禁停区内原有的共享单车停放区。 在专项整治行动期间，城管执法部门通过大规模扫码抽查发现 ||| 共享单车作为一种绿色出行方式，为市民出行提供了便利。然而，部分企业因运维管理不到位导致的超量投放及车辆乱停乱放问题，对城市交通秩序和市容市貌造成了不良影响。 8月11日，武汉市城管执法委员会联合市交通运输局、市公安局交通管理局召开共享单车专题调度会。会议通报，三部门于上月联合出台了《武汉市互联网租赁自行车服务质量评估办法》，并随即启动了专项整治行动。近一个月以来，全市积极推进整治工作，取得显著成效：累计督促三家共享单车经营企业回收违规超量投放车辆10万余辆，全市共享单车运营合规率已提升至99%以上。 专项整治行动聚焦三个关键环节： 一是大力开展车辆减量：督促各企业严格按照交通运输部门设定的配额上限合规运营。近一个月内，哈啰、美团、青桔三家企业的回收总量达104,254辆（其中哈啰单车回收52,000辆，美团单车24,962辆，青桔单车27,292辆），有效缓解了共享单车超量投放对城市造成的压力。 二是实施分区分级管控：依据道路停放条件、人流量及骑行需求，在全市重点区域科学设置了禁停区和严控区，明确不同区域的停放管控要求。同时，加强重点区域及潮汐点位的秩序管理，落实专人定点巡查值守制度。 三是优化停放点位施划：对全市严控区2989个非机动车停放线框进行排查，对其中59处不合理线框进行了整改，并取消了禁停区内原有的共享单车停放区。 在专项整治行动期间，城管执法部门通过大规模扫码抽查发现 ||| 首页|新闻|军事|文史|政务|财经|汽车|文化|娱乐|健康|解梦|趣闻|游戏|佛学|古诗词|生活|守艺中华|国防军事|文旅|军事APP|头条APP 用微信扫描二维码 分享至好友和朋友圈 人民网武汉9月5日电 9月4日，武汉市交委要求共享单车企业暂停新增投放。据统计，共享单车自去年12月登陆武汉以来，5家企业共在全市投放共享单车近70万辆，武汉现有非机动车停放区域1万处，但仅能满足40万辆非机动车停放，发展规模已严重超出武汉非机动车可停放区域承载能力。同时，企业无序竞争、过度投放等问题突出，给城市交通安全及市民正常生活造成一定影响。 近期，社会各界对此反映强烈，要求政府部门加强管理、科学引导、合理控制发展规模。针对武汉市共享单车发展存在的问题及社会各界提出的意见建议，结合全市现有非机动车停放实际容量，武汉市政府有关部门已向相关企业下达告知书，要求共享单车经营企业即日起停止新增共享单车在武汉市投放。对告知后不予配合或执行不力的企业，武汉市交委将对其进行约谈或会同相关部门采取进一步管控措施。 同时，武汉市还将建立数据监控平台，将各企业车辆投放运营数据接入交委信息管理平台，由城管委实施统一监控管理，掌握车辆投放和运营数据，引导企业合理有序投放车辆，避免无序竞争。（肖璐欣/文、王郭骥/视频） ||| 九派新闻 2025-08-12 16:52发布于湖北武汉晨报九派新闻官方账号 共享单车作为一种绿色出行方式，为市民出行提供了便利。然而，部分企业因运维管理不到位导致的超量投放及车辆乱停乱放问题，对城市交通秩序和市容市貌造成了不良影响。 8月11日，武汉市城管执法委员会联合市交通运输局、市公安局交通管理局召开共享单车专题调度会。会议通报，三部门于上月联合出台了《武汉市互联网租赁自行车服务质量评估办法》，并随即启动了专项整治行动。近一个月以来，全市积极推进整治工作，取得显著成效：累计督促三家共享单车经营企业回收违规超量投放车辆10万余辆，全市共享单车运营合规率已提升至99%以上。 专项整治行动聚焦三个关键环节： 一是大力开展车辆减量：督促各企业严格按照交通运输部门设定的配额上限合规运营。近一个月内，哈啰、美团、青桔三家企业的回收总量达104,254辆（其中哈啰单车回收52,000辆，美团单车24,962辆，青桔单车27,292辆），有效缓解了共享单车超量投放对城市造成的压力。 二是实施分区分级管控：依据道路停放条件、人流量及骑行需求，在全市重点区域科学设置了禁停区和严控区，明确不同区域的停放管控要求。同时，加强重点区域及潮汐点位的秩序管理，落实专人定点巡查值守制度。 三是优化停放点位施划：对全市严控区2989个非机动车停放线框进行排查，对其中59处不合理线框进行了整改，并取消了禁停区内 ||| 在城市交通的发展进程中，共享单车已告别粗放式生长模式，步入精细化治理的成熟发展阶段。技术创新、政企协同与公众参与形成合力，推动城市出行秩序实现系统性升级，成为城市治理现代化的一个缩影。近年来，多地以“人民城市人民建，人民城市为人民”为核心理念，以解决民生出行痛点为出发点，在优化城市交通结构、重塑城市公共秩序、提升市民出行获得感等方面不断尝试，全面优化共享单车精细化治理模式。 其中，湖北武汉、甘肃兰州、浙江杭州积极融入“智慧城市”建设浪潮，以技术创新为支撑构建智慧出行体系，通过数字化手段实现对车辆的精细化管控，既避免了无序停放对城市公共空间秩序的干扰，又通过动态匹配出行供需提升了资源利用效率，在满足市民多元出行需求的同时，为城市交通秩序优化与空间资源合理配置提供了有力支撑。 武汉 新机制 协同治理破解投放难题 伴随城市化进程推进，共享单车虽为市民短途出行带来便利，但因超量投放、管理无序等问题，出现挤占道路资源、扰乱公共秩序、埋下安全隐患等情况。对此，武汉市积极整合多方力量，通过协同治理破解共享单车管理难题。 今年7月，武汉市城市管理执法委员会联合市交通运输局、市公安局交通管理局，经调研论证与意见征集后，出台《武汉市互联网租赁自行车服务质量评估办法》，明确共享单车运营企业的服务标准与责任边界，为监管提供政策依据。同时，启动专项整治工作，以“问题导向、从严管控”为原则，聚焦市场规范、“一 ||| 观点新媒体 2025-08-13 09:26发布于广东观点地产新媒体官方账号 观点网讯：8月11日，武汉市城管执法委员会联合市交通运输局、市公安局交通管理局召开共享单车专题调度会。 会议通报，近一个月以来，累计督促哈啰、美团、青桔三家共享单车经营企业回收违规超量投放车辆10万余辆，全市共享单车运营合规率已提升至99%以上。整治期间，执法部门发现武汉哈行网络科技有限公司存在严重的“一码多车”及违规超量投放的问题。针对以上不诚信经营行为，三部门在调度会后联合对武汉哈行网络科技有限公司进行了约谈。该公司相关负责人承诺将立即采取措施加速回收超量投放的车辆，并且杜绝“一码多车”的现象。 免责声明：本文内容与数据由观点根据公开信息整理，不构成投资建议，使用前请核实。 ||| 共享单车自去年12月登陆武汉以来，给市民的出行带来了极大的便利。 据近日发布的《2017年武汉市共享单车出行报告》估算，武汉各类共享单车总量突破60万，已经接近饱和。共享单车已经超越出租车、网约车成为武汉市仅次于公交和地铁的第三大公共出行方式。可是在许多公交站、地铁口、小区入口，乱停乱放的共享单车不计其数……网友戏称其为“共享蝗虫”。还有各种层出不穷的""单车乱像""也让社会各界饱受困扰。 随意停放 挤占道路 “攻占”长江大桥 针对共享单车的这些乱像，武汉近期陆续出台多项政策，希望用制度来规范共享单车的野蛮生长。 【立规矩】 经武汉市政府常务会审议通过，《市人民政府关于鼓励规范互联网租赁自行车健康发展的意见》已于近日正式颁布实施。今天（8月24号），武汉市交委、城管委、国土规划局、城建委、公安交管局五部门联合召开新闻发布会，详细解读共享单车有关政策。 《意见》规定，武汉将分辖区制订车辆年度发展计划，合理控制车辆投放时序和数量。并利用卫星定位等技术手段设置电子围栏区域，建立文明用车奖惩制度和个人信用评价体系，有效规范用户停车行为。对不适宜停放的区域和路段，制定负面清单实行禁停管理，对乱停乱放问题严重的经营企业限制投放车辆。武汉市城管委督查室副处长林良根表示，今年全市已增加约10000处非机动车停放点位，还有6000处将于11月底施划完毕，届时将能满足约72万辆非机动车的停放需求。 《意见 ||| 70万辆单车超出我市承载能力近一倍 昨天下午,市文明办、市交委、市城管委、市公安交管局四部门联合召开新闻发布会,给共享单车投放“踩刹车”:即日起,武汉市暂停新增共享单车投放。目前,摩拜、OFO、哈罗、 ||| 4个月前，共享单车作为新生事物初来武汉，找单车，一度成为年轻人上下班日常。如今，共享单车却因过量投放，运营维护不足，带来乱停乱放、占道堵路的新难题。 小区楼下，公交站、地铁站口，扎堆乱放的共享单车不计其数……据《长江日报》报道，6月29日武汉市地铁2号线积玉桥站，1000余量共享单车将C出口团团包围。 现场大图来了，有密集恐惧症的请绕行~ 记者粗略数了一下，其他3个出口以及附近路口还有大约近千辆。本来还挺宽的人行道上停满了各色共享单车 ↓↓↓ ｜共享单车扎堆 人行道被围堵｜ 共享单车如今到了拼数量的阶段，可区域的过度投放，算不算另一种形式的浪费？ ▲武昌都府堤，十几辆共享单车被丢弃在一单位大门口的花坛上。 ▲武昌解放路自由路口，大量共享单车停在了本就不宽敞的人行道上，将盲道占压。 ▲不少共享单车占用了很多本来是非机动车或者人行道，对行人和非机动车很不安全。 ▲图片来自网友@宋格格 ▲金银湖环湖中路公交站，近百辆共享单车在站牌两边密集排列。 ▲解放大道航空路立交附近，大量共享单车停在路边。 ▲常青公园门前路边，大量共享单车停放在工地围栏边，占据了行人通道。 ▲光谷往华科方向第一个天桥下桥处大量单车堆积。（图片来源：@放羊的黑丫头） ｜共享单车泛滥成灾，网友这样说｜ 上述情景也引发了网友们的热议： @ 清晨的驮马：这场面。没办法，需求多也不能投放这么多单车出来。 @王什么宁啊：每一项新 ||| 穗丰花园东区出入口有共享单车停放 影响汽车出行 出行不方便 尊敬的市民：您好！您反映的诉求已收到，现将办理情况回复如下:接到您反映的问题后，唐家墩街工作人员立即到现场核查。经了解，该处是穗丰花园东区附近，有共享单车乱停乱放。现综合巡查员已联系单车公司，并已将乱停放的共享单车进行清理，移至规定的点位。不影响周边居民正常出行，已处理。感谢您的信任与支持，希望您一如既往支持和监督我们的工作！ ||| 近日，有武汉市民反映，汉阳一处露天空地上堆放了密密麻麻上千辆各品牌的共享单车。令人不解的是，这些共享单车并没有损坏，都能够正常使用，那为什么堆放在这呢？ 以下视频来源于 湖北经视 已关注 关注 重播分享赞 关闭 观看更多 更多 正在加载 正在加载 退出全屏 视频加载失败，请刷新页面再试 刷新 视频详情 家住武汉汉阳的梁先生反映，近日他去买菜时，路过一处闲置的空地，而空地上密密麻麻的共享单车让他惊呆了。 梁先生：“这里怎么丢这么多共享单车，还丢在偏僻的位置，车子颜色八九成新。如果是坏了的车，丢在这里还说得过去。” 湖北经视记者来到汉阳马沧湖附近的一块空地，这里东倒西歪地停放着许多共享单车。而记者放眼望去，发现大概有上千辆共享单车停在这里。 记者发现，这些共享单车的成色比较新，其中不乏有2023年的新款单车。这些共享单车可以正常使用吗？记者现场扫码了其中一辆单车二维码，开锁成功可正常使用。 梁先生：“我觉得是资源浪费，我怀疑是不是竞争对手故意使坏。” 采访期间，记者看到一辆货车装载着满满一车共享单车来到现场。 货车停稳后，记者立即上前询问，对方告知他们是城管工作人员，这里是辖区违规停放共享单车的停放点。 城管工作人员：“这里是街道划的停车位，专门停违规停放的共享单车，有几千辆车。我们通知公司来清理共享单车，有的公司不理。” 共享单车因为绿色环保、方便快捷而受到广大市民的青睐，但是乱停乱",mainstream_news ||| official ||| mainstream_news ||| mainstream_news ||| official ||| mainstream_news ||| mainstream_news ||| mainstream_news ||| mainstream_news ||| official ||| mainstream_news,https://news.hbtv.com.cn/p/4542385.html ||| https://cgw.wuhan.gov.cn/cgdt/cgtp/202508/t20250813_2632788.shtml ||| https://news.china.com/domesticgd/10000159/20170905/31289662.html ||| https://news.qq.com/rain/a/20250812A05NWH00 ||| https://cgj.ezhou.gov.cn/dtcg/xyxx/202511/t20251126_735333.html ||| https://news.qq.com/rain/a/20250813A02BY200 ||| https://www.sohu.com/a/167008339_355692 ||| http://news.gog.cn/system/2017/09/05/016066094.shtml ||| https://www.sohu.com/a/153310348_160929 ||| https://www.wuhan.gov.cn/hdjl/lxgs/202602/t20260205_2725362.shtml ||| https://www.sohu.com/a/742780954_121123713,8,silver_candidate,standard_review,0.000,low,low_risk,accept,,,,,,证据指出企业超投乱停及“一码多车”问题，同时记录回收车辆与承诺整改，混合情感判断合理。,annotator_A,adjudicated_final,annotator_A
E043,LLM_CANON_E043_003,武汉市民及周边居民,反映共享单车超量投放与乱停乱放严重影响出行与市容，对违规集中堆放产生的噪音和空间占用表示不满，举报车身色情广告，并呼吁政府引进共享电单车以便利旅游出行。,mixed,市民多次投诉单车堆积如山、占道堵路、车身贴色情广告；部分网友建议引入共享电单车填补公交地铁不足。,SC_E043_003,网友;周边居民;张林;梁先生;大学生,True,,ev-01073;ev-01074;ev-01076;ev-01089;ev-01092;ev-01093;ev-01095;ev-01100;ev-01101;ev-01103;ev-01104;ev-01105;ev-01113,"车辆堆积如山市民烦 新华社电（记者冯国栋）有网友爆料称，武汉有大批共享单车被集中存放，原本的空地被堆成了山，周边居民生活受到一定影响。武汉市城管委相关负责人告诉记者，集中存放的共享单车涉嫌违规停放、挤占人行道，执法人员暂扣后将其存放在空地上。 10日，在湖北省武汉市洪山区世茂林屿岸小区附近，大批共享单车在一块空地扎堆存放。记者粗略统计，数量有近万辆。在空地附近居住的几位市民说，从今年年初开始，陆续有车辆将共享单车成批运至这块空地。短短三个多月时间，这块面积约2至3 亩的空地已经快堆满了。记者注意到，这些共享单车大部分外观完好、性能正常，走近后还能听到一些单车发出“滴滴”报警声。 共享单车为何会扎堆存放？武汉市城管委相关负责人告诉记者，武汉共享单车规模已达70万辆左右，运营商包括摩拜、ofo、Hellobike、酷骑、牛拜等。部分路段投放的车辆已远超群众实际需求。针对共享单车挤占人行道、乱停乱放等现象，为不影响市民生活和出行，执法部门将违规的共享单车进行暂扣，采取集中停放的措施代为保管，目前已通知相关公司尽快处理，将视情况采取进一步措施。 国内统一连续出版物号:CN13-0005 广告经营许可证号:1304034000019/20 地址：河北省邯郸市滏河北大街42号 邮政编码：056002 投稿信箱:hdrbs@126.com 联系电话：0310-3111097(网站) 广告:311 ||| 新华社武汉4月11日电（记者冯国栋）有网友爆料称，武汉有大批共享单车被集中存放，原本的空地被堆成了山，周边居民生活受到一定影响。武汉市城管委相关负责人告诉记者，集中存放的共享单车涉嫌违规停放、挤占人行道，执法人员暂扣后将其存放在空地上，目前已通知相关运营公司尽快处理，将视处理情况采取进一步措施。 10日，在湖北省武汉市洪山区世茂林屿岸小区附近，大批共享单车在一块空地扎堆存放。记者粗略统计，数量有近万辆。在空地附近居住的几位市民说，从今年年初开始，陆续有车辆将共享单车成批运至这块空地。短短三个多月时间，这块面积约2至3亩的空地已经快堆满了。记者注意到，这些共享单车大部分外观完好、性能正常，走近后还能听到一些单车发出“滴滴”报警声。 数千米以外的武昌区和平大道附近也有类似情景。在一个荒废的体育场，大约300平方米的空地上堆放了大量不同品牌的共享单车。因为影响到周围居民锻炼活动，一些市民对如此扎堆存放颇有意见。 共享单车为何会扎堆存放？武汉市城管委相关负责人告诉记者，武汉共享单车规模已达70万辆左右，运营商包括摩拜、ofo、Hellobike、酷骑、牛拜等。部分路段投放的车辆已远超群众实际需求。去年，武汉多部门联合发布共享单车“禁增令”。针对共享单车挤占人行道、乱停乱放等现象，为不影响市民生活和出行，执法部门将违规的共享单车进行暂扣，采取集中停放的措施代为保管，目前已通知相关公司尽快处理 ||| 首页|新闻|军事|文史|政务|财经|汽车|文化|娱乐|健康|解梦|趣闻|游戏|佛学|古诗词|生活|守艺中华|国防军事|文旅|军事APP|头条APP 用微信扫描二维码 分享至好友和朋友圈 央广网武汉4月12日消息（记者黄炎秋）近日，湖北省武汉市洪山区世茂林屿岸小区附近的一块空地上堆满了共享单车，空地中的凉亭变“孤岛”。据了解，共享单车乱停现象在城市中时有发生，为了不影响市民正常出行，当地城管部门将违规停放的共享单车集中停放。 武汉市城管委相关负责人告诉记者，集中存放的共享单车涉嫌违规停放、挤占人行道，执法人员暂扣后将其存放在空地上，目前已通知相关运营公司尽快处理，将视处理情况采取进一步措施。 据周边菜农介绍，今年春节后，这块空地陆续被各类共享单车填满，粗略估计有上万辆。周边的居民反映，有些共享单车会发出“滴滴”的声音，让周边居民十分烦恼。 记者注意到，这些共享单车大部分外观完好、性能正常，大部分都被整齐摆放，仍有一些共享单车被杂乱地堆在一起。 武汉市城管委相关负责人告诉记者，武汉共享单车规模已达70万辆左右，部分路段投放的车辆已远超群众实际需求。为了不影响市民正常出行，当地城管部门将违规停放的共享单车集中停放。 各共享单车公司的负责人表示，将与有关部门进行沟通，积极配合执法部门解决问题。 新华社武汉６月２０日电（记者冯国栋）武汉针对共享单车超量投放、乱停乱放、企业履职不力等共性问题， ||| 近日，武汉市民张林（化名）向澎湃公众互动平台“服务湃”反映，武汉市内很多共享单车座椅上出现色情广告，有时一连十几辆单车上都有色情网址和招嫖信息的贴纸或印章。张林希望相关部门和共享单车企业重视这一问题，采取措施加以管理。 9月26日，澎湃新闻记者从12345市民热线获悉，针对前述情况，武汉江岸区相关街道针对辖区路段的小广告进行处理，联系单车公司进行清理；黄浦路段另一侧劳动街道也安排人员（对小广告）进行初步清理，并联系共享单车公司加强共享单车清运工作。由于共享单车流动性较强，机动性较大，下一步劳动街道将加强巡逻，并对共享单车督促清运。 澎湃新闻此前报道，武汉市民张林住武汉汉口，最近他发现江岸区多个地铁站出口有贴着色情信息的共享单车，尤其集中在黄浦路、三阳路、香港路和竹叶山地铁站出口。 “出地铁口后，一整排共享单车上都盖着印章或贴着小广告，信息多为黄色网站网址，也有博彩网站、代开发票、疑似招嫖等信息。”他说。 在武昌区徐东商圈，张林也发现了类似情况。“整个（商圈的单车）都沦陷了。”他发来的视频和图片显示，多辆哈啰单车和美团单车上贴有色情网站、博彩网站和招嫖信息，并附有联系方式或二维码。“还有租房、办证刻章、医保取现和收驾照分的贴纸广告，但最突出就是色情广告，不但车座盖章，还在车身贴纸，特别严重。” 澎湃新闻注意到，共享单车成为违法或灰产小广告载体已是老问题，早期这些小广告常以贴纸形式贴在 ||| 新闻 >国内新闻 >大陆 来源：人民网 作者： 2017-12-08 15:39:12 共享单车无序投放、停放市民烦心 城管、交管集中清理 人民网武汉12月8日电 扫码骑车、随取随放，经济便捷的特性，让共享单车一进入武汉就深受市民喜爱，瞬间成为街头巷尾一道亮丽的风景线。但几十万辆共享单车“野蛮生长”，乱停乱放已成为管理中的重要问题。侵占盲道、人行道甚至机动车停车位的现象屡见不鲜。本月初，武汉市江岸区城管执法部门针对此情况展开整治，12月7日，记者随同江岸区城管、交管部门执法人员参与了整治。 在沿江大道、解放公园路、黄埔大街、惠济路等景观路和人流密集路段，记者见到，各路段都有共享单车胡乱停放的情况，有的车辆直接倒在路面，有的则像叠罗汉一样堆放着挤占了机动车道，对于这些胡乱停放的单车，工作人员将其一辆辆搬上平板车集中收整。 江岸区城管执法大队负责人告诉记者，共享单车由当初的方便快捷，到如今的无序投放、阻碍交通、危害市容，甚至严重影响人们出行和道路交通安全，对此城管部门反复宣传要求各共享单车管理公司有序投放，规范停放。12月初，江岸区城管部门又专门告知摩拜、ofo、哈罗三家共享单车管理公司如不规范投放，加大投入，及时转运，将进行集中收整。 由于企业整改并不明显，12月4日起，江岸城管与交警部门联合开展集中收整。整治行动从每天上午8时30分至下午17时30分不间断进行，夜间则是从20时至凌 ||| 共享单车自去年12月登陆武汉以来，给市民的出行带来了极大的便利。 据近日发布的《2017年武汉市共享单车出行报告》估算，武汉各类共享单车总量突破60万，已经接近饱和。共享单车已经超越出租车、网约车成为武汉市仅次于公交和地铁的第三大公共出行方式。可是在许多公交站、地铁口、小区入口，乱停乱放的共享单车不计其数……网友戏称其为“共享蝗虫”。还有各种层出不穷的""单车乱像""也让社会各界饱受困扰。 随意停放 挤占道路 “攻占”长江大桥 针对共享单车的这些乱像，武汉近期陆续出台多项政策，希望用制度来规范共享单车的野蛮生长。 【立规矩】 经武汉市政府常务会审议通过，《市人民政府关于鼓励规范互联网租赁自行车健康发展的意见》已于近日正式颁布实施。今天（8月24号），武汉市交委、城管委、国土规划局、城建委、公安交管局五部门联合召开新闻发布会，详细解读共享单车有关政策。 《意见》规定，武汉将分辖区制订车辆年度发展计划，合理控制车辆投放时序和数量。并利用卫星定位等技术手段设置电子围栏区域，建立文明用车奖惩制度和个人信用评价体系，有效规范用户停车行为。对不适宜停放的区域和路段，制定负面清单实行禁停管理，对乱停乱放问题严重的经营企业限制投放车辆。武汉市城管委督查室副处长林良根表示，今年全市已增加约10000处非机动车停放点位，还有6000处将于11月底施划完毕，届时将能满足约72万辆非机动车的停放需求。 《意见 ||| 4个月前，共享单车作为新生事物初来武汉，找单车，一度成为年轻人上下班日常。如今，共享单车却因过量投放，运营维护不足，带来乱停乱放、占道堵路的新难题。 小区楼下，公交站、地铁站口，扎堆乱放的共享单车不计其数……据《长江日报》报道，6月29日武汉市地铁2号线积玉桥站，1000余量共享单车将C出口团团包围。 现场大图来了，有密集恐惧症的请绕行~ 记者粗略数了一下，其他3个出口以及附近路口还有大约近千辆。本来还挺宽的人行道上停满了各色共享单车 ↓↓↓ ｜共享单车扎堆 人行道被围堵｜ 共享单车如今到了拼数量的阶段，可区域的过度投放，算不算另一种形式的浪费？ ▲武昌都府堤，十几辆共享单车被丢弃在一单位大门口的花坛上。 ▲武昌解放路自由路口，大量共享单车停在了本就不宽敞的人行道上，将盲道占压。 ▲不少共享单车占用了很多本来是非机动车或者人行道，对行人和非机动车很不安全。 ▲图片来自网友@宋格格 ▲金银湖环湖中路公交站，近百辆共享单车在站牌两边密集排列。 ▲解放大道航空路立交附近，大量共享单车停在路边。 ▲常青公园门前路边，大量共享单车停放在工地围栏边，占据了行人通道。 ▲光谷往华科方向第一个天桥下桥处大量单车堆积。（图片来源：@放羊的黑丫头） ｜共享单车泛滥成灾，网友这样说｜ 上述情景也引发了网友们的热议： @ 清晨的驮马：这场面。没办法，需求多也不能投放这么多单车出来。 @王什么宁啊：每一项新 ||| 近日，有武汉市民反映，汉阳一处露天空地上堆放了密密麻麻上千辆各品牌的共享单车。令人不解的是，这些共享单车并没有损坏，都能够正常使用，那为什么堆放在这呢？ 以下视频来源于 湖北经视 已关注 关注 重播分享赞 关闭 观看更多 更多 正在加载 正在加载 退出全屏 视频加载失败，请刷新页面再试 刷新 视频详情 家住武汉汉阳的梁先生反映，近日他去买菜时，路过一处闲置的空地，而空地上密密麻麻的共享单车让他惊呆了。 梁先生：“这里怎么丢这么多共享单车，还丢在偏僻的位置，车子颜色八九成新。如果是坏了的车，丢在这里还说得过去。” 湖北经视记者来到汉阳马沧湖附近的一块空地，这里东倒西歪地停放着许多共享单车。而记者放眼望去，发现大概有上千辆共享单车停在这里。 记者发现，这些共享单车的成色比较新，其中不乏有2023年的新款单车。这些共享单车可以正常使用吗？记者现场扫码了其中一辆单车二维码，开锁成功可正常使用。 梁先生：“我觉得是资源浪费，我怀疑是不是竞争对手故意使坏。” 采访期间，记者看到一辆货车装载着满满一车共享单车来到现场。 货车停稳后，记者立即上前询问，对方告知他们是城管工作人员，这里是辖区违规停放共享单车的停放点。 城管工作人员：“这里是街道划的停车位，专门停违规停放的共享单车，有几千辆车。我们通知公司来清理共享单车，有的公司不理。” 共享单车因为绿色环保、方便快捷而受到广大市民的青睐，但是乱停乱 ||| 网络配图武汉晚报讯(记者 谢冰林)原本停放整齐的共享单车,一夜之后竟被人恶意堆积在楼道前。近日,有市民反映:在汉口澳门路湖边坊社区内,有人连续多日将共享单车推倒并堆放在一起,影响了居民的正常使用。昨天 ||| 登录 近日，湖北武汉洪山区世茂林屿岸小区附近一处空地上，上万辆共享单车堆叠如山。据悉这些单车大多功能正常，系城管部门集中堆放的违停车辆。 澎湃新闻通讯员 叶婷 澎湃新闻编辑 许嘉宁 Android版 iPhone版 iPad版 沪ICP备14003370号 沪公网安备31010602000299号 互联网新闻信息服务许可证：31120170006 增值电信业务经营许可证：沪B2-2017116 © 2014-2026 上海东方报业有限公司 ||| 近日，有网友在武汉城市留言板反映，请武汉市政府引进共享电动单车，方便各地大学生来武旅游，填补地铁、公交线路的不足。 武汉市交通运输局最新回应：2017年8月，交通运输部、公安部等十部委出台《关于鼓励和规范互联网租赁自行车发展的指导意见》（交运发〔2017〕109号）指出“不鼓励发展互联网租赁电动自行车”，2017年9月4日市文明办、市交委、市城管委、市交管局联合发布的共享单车“禁投令”，根据国家指导意见、结合我市实际情况、参照国内同类城市做法，一直以来我市对共享电单车发展持谨慎态度，并持续对违规投放的共享电单车开展清理。 根据《市城综委办关于重申互联网租赁电动自行车管理有关政策规定及整治要求的通知》中提出：市城综委办对全市范围内拉自运营的互联冈租年电动自行车进行全面清理整顿，对相关企业依法依规进行处理。因此，如您发现有违规投放共享电单车，可直接与市城市管理执法委员会（12319）联系反映。 ||| 近日,有网友在武汉城市留言板反映,请武汉市政府引进共享电动单车,方便各地大学生来武旅游,填补地铁、公交线路的不足。 武汉市交通运输局最新回应:2017年8月,交通运输部、公安部等十部委出台《关于鼓励 ||| 近日,有网友在武汉城市留言板反映,请武汉市政府引进共享电动单车,方便各地大学生来武旅游,填补地铁、公交线路的不足。",mainstream_news ||| mainstream_news ||| mainstream_news ||| public_interaction ||| mainstream_news ||| mainstream_news ||| mainstream_news ||| mainstream_news ||| forum ||| mainstream_news ||| public_interaction ||| public_interaction ||| public_interaction,http://szb.handannews.com.cn/new_epaper/hdwb/html/2018-04/12/content_216156.htm ||| https://finance.sina.com.cn/roll/2018-04-11/doc-ifyuwqez9020500.shtml ||| https://news.china.com/socialgd/10000169/20180413/32306142_all.html ||| https://finance.sina.com.cn/jjxw/2024-09-26/doc-incqnrnu8678746.shtml ||| http://news.iqilu.com/china/gedi/2017/1208/3773162.shtml ||| https://www.sohu.com/a/167008339_355692 ||| https://www.sohu.com/a/153310348_160929 ||| https://www.sohu.com/a/742780954_121123713 ||| http://news.iwuye.com/XiaoQu/201708/115766.shtml ||| https://www.thepaper.cn/newsDetail_forward_2095663 ||| https://m.163.com/dy/article/I0AHH0GD0553R58G.html ||| https://m.toutiao.com/article/7212536826832093754/?wid=1707949125036 ||| https://www.toutiao.com/article/7212537169758388768/,10,silver_candidate,standard_review,0.000,low,low_risk,accept,,,,,,证据涵盖市民投诉堆积占道、举报色情广告及呼吁引入电单车，观点与证据覆盖度良好。,annotator_A,adjudicated_final,annotator_A
E044,LLM_CANON_E044_001,牡丹江市城市管理综合执法局,启动共享单车乱停放专项整治，约谈运营企业并暂扣违规车辆，要求企业加强日常巡查、增设电子围栏并规范停放秩序。,neutral,官方通报显示城管局制定整治方案，约谈企业负责人，暂扣3500余台违规车辆，建立多部门协同管理群，并多次下发整改通知督促落实。,SC_E044_001,市城管局;牡丹江市城管局;牡丹江市综合行政执法局,True,,ev-01118;ev-02036;ev-02037;ev-02045,"登录 近日，针对市民反映哈啰单车乱停放，严重影响交通安全和市容市貌问题，市城市管理综合执法局约谈了哈啰单车牡丹江负责人，进一步规范共享单车停放秩序，提升城市市容环境。 据了解，按照全市创城工作要求，市城管局要求运营企业加强日常巡查管理，增加运维人员，增设电子围栏，规范车辆停放秩序，及时清运乱停放的共享单车，保证市区重点街路和区域的停放秩序。同时，市城管局在优化营商环境方面，对运营企业目前遇到的困难进行了询问和了解。 哈啰单车牡丹江负责人表示，一定提高思想认识，积极整改存在的问题，确保车辆停放有序，在方便市民出行的同时，维护城市整体形象，消除安全隐患。同时，将加大宣传力度，引导市民规范用车、文明骑行。 天气渐暖，选择共享单车出行的市民逐渐增多，下一步，市城管局将加大管理力度，督促运营企业强化管理和服务，规范共享单车停放秩序，共同努力为广大市民提供绿色便捷的出行方式，确保市容环境整洁有序。 原标题：《维护城市形象、消除安全隐患！牡丹江城管局约谈共享单车企业》 阅读原文 本文为澎湃号作者或机构在澎湃新闻上传并发布，仅代表该作者或机构观点，不代表澎湃新闻的观点或立场，澎湃新闻仅提供信息发布平台。申请澎湃号请用电脑访问http://renzheng.thepaper.cn。 Android版 iPhone版 iPad版 沪ICP备14003370号 沪公网安备31010602000299号  ||| 暂扣乱停放共享单车 近日，牡丹江市城管局针对共享单车经营中争夺客源、维管不到位且无法实现智慧化定点精准停车导致停车秩序混乱等问题。7月5日，牡丹江市城管局制定并下发了《牡丹江市共享单车停放秩序专项整治工作实施方案》，组织各城区执法大队召开专题工作会议，对专项整治行动进行详细的安排和部署，各城区执法大队抽调专人和车辆共同对违规停放的共享单车车辆进行暂扣。7月15日再次组织城管公安大队、各区城管队伍、四家运营企业召开会议会议，对整治工作进行再部署再落实，截至目前，已暂扣乱停放车辆3500余台。 目前，已建立由牡丹江综合行政局执法人员、公安交警人员、单车运维人员共同加入共享单车微信管理群。城管执法人员、公安交警人员将日常巡查过程中发现的问题拍照发送到群内，要求各单车企业运维人员限时整改，对未及时整改的车辆依法进行清理。针对市民反映的共享单车乱停放问题，牡丹江市综合行政执法局多次向运营企业下发《关于开展共享单车集中整治的通知》《关于加强共享单车停放秩序管理的通知》《关于共享单车乱停放责令改正的通知》《牡丹江市实施共享单车停放秩序专项整治的通知》，并约谈运营企业负责人，告知运营企业已违反《共享单车规范停放管理协议》第四条相关规定，经多次提醒、约谈仍未进行有效整改，将开展集中整治，暂扣车辆，限制运营。同时，督促运营企业加大宣传力度，通过车体广告、设置标识牌等方式宣传安全骑行、文明停放，提高广大 ||| 暂扣乱停放共享单车 近日，牡丹江市城管局针对共享单车经营中争夺客源、维管不到位且无法实现智慧化定点精准停车导致停车秩序混乱等问题。7月5日，牡丹江市城管局制定并下发了《牡丹江市共享单车停放秩序专项整治工作实施方案》，组织各城区执法大队召开专题工作会议，对专项整治行动进行详细的安排和部署，各城区执法大队抽调专人和车辆共同对违规停放的共享单车车辆进行暂扣。7月15日再次组织城管公安大队、各区城管队伍、四家运营企业召开会议会议，对整治工作进行再部署再落实，截至目前，已暂扣乱停放车辆3500余台。 目前，已建立由牡丹江综合行政局执法人员、公安交警人员、单车运维人员共同加入共享单车微信管理群。城管执法人员、公安交警人员将日常巡查过程中发现的问题拍照发送到群内，要求各单车企业运维人员限时整改，对未及时整改的车辆依法进行清理。针对市民反映的共享单车乱停放问题，牡丹江市综合行政执法局多次向运营企业下发《关于开展共享单车集中整治的通知》《关于加强共享单车停放秩序管理的通知》《关于共享单车乱停放责令改正的通知》《牡丹江市实施共享单车停放秩序专项整治的通知》，并约谈运营企业负责人，告知运营企业已违反《共享单车规范停放管理协议》第四条相关规定，经多次提醒、约谈仍未进行有效整改，将开展集中整治，暂扣车辆，限制运营。同时，督促运营企业加大宣传力度，通过车体广告、设置标识牌等方式宣传安全骑行、文明停放，提高广大 ||| 為了進一步增強共享單車管理, 4月9日,市城市管理綜合執法局約談了哈囉單車負責人。會上簽訂了《牡丹江市城市管理綜合執法局約談書》,城管部門對共享單車的管理提出了一系列要求。 據了解,近年來,共享單車在",mainstream_news ||| official ||| official ||| public_web,https://www.thepaper.cn/newsDetail_forward_22611409 ||| http://www.mdj.gov.cn/mdjsrmzf/c100010/202407/c03_964560.shtml ||| https://www.mdj.gov.cn/mdjsrmzf/c100010/202407/c03_964560.shtml ||| http://heilongjiang.big5.dbw.cn/system/2021/04/13/058626822.shtml,3,silver_candidate,standard_review,0.000,low,low_risk,accept,,,,,,证据详细记录城管局制定方案、暂扣车辆、建立协同群及下发通知等监管动作，事实支撑充分。,annotator_A,adjudicated_final,annotator_A
E044,LLM_CANON_E044_002,共享单车运营企业,接受城管部门约谈与整改要求，承诺加强运维调度与车辆清运，引导市民规范用车并配合建立长效管理机制。,positive,证据显示企业负责人表态将积极整改问题，确保车辆停放有序，加大宣传引导，并配合主管部门落实清运与电子围栏管理要求。,SC_E044_002,哈啰单车牡丹江负责人;哈啰、美团和青桔;单车运营企业;四家运营企业,True,,ev-01118;ev-01124;ev-02036;ev-02037,"登录 近日，针对市民反映哈啰单车乱停放，严重影响交通安全和市容市貌问题，市城市管理综合执法局约谈了哈啰单车牡丹江负责人，进一步规范共享单车停放秩序，提升城市市容环境。 据了解，按照全市创城工作要求，市城管局要求运营企业加强日常巡查管理，增加运维人员，增设电子围栏，规范车辆停放秩序，及时清运乱停放的共享单车，保证市区重点街路和区域的停放秩序。同时，市城管局在优化营商环境方面，对运营企业目前遇到的困难进行了询问和了解。 哈啰单车牡丹江负责人表示，一定提高思想认识，积极整改存在的问题，确保车辆停放有序，在方便市民出行的同时，维护城市整体形象，消除安全隐患。同时，将加大宣传力度，引导市民规范用车、文明骑行。 天气渐暖，选择共享单车出行的市民逐渐增多，下一步，市城管局将加大管理力度，督促运营企业强化管理和服务，规范共享单车停放秩序，共同努力为广大市民提供绿色便捷的出行方式，确保市容环境整洁有序。 原标题：《维护城市形象、消除安全隐患！牡丹江城管局约谈共享单车企业》 阅读原文 本文为澎湃号作者或机构在澎湃新闻上传并发布，仅代表该作者或机构观点，不代表澎湃新闻的观点或立场，澎湃新闻仅提供信息发布平台。申请澎湃号请用电脑访问http://renzheng.thepaper.cn。 Android版 iPhone版 iPad版 沪ICP备14003370号 沪公网安备31010602000299号  ||| #城市观察员#牡丹江市政府办公室消息: 目前,牡丹江市城区内运营的共享单车企业共有3家,分别是哈啰、美团和青桔。三家共享单车运营企业是2020年6月至今陆续经过市政府及相关部门招商进驻我市。依据《黑龙 ||| 暂扣乱停放共享单车 近日，牡丹江市城管局针对共享单车经营中争夺客源、维管不到位且无法实现智慧化定点精准停车导致停车秩序混乱等问题。7月5日，牡丹江市城管局制定并下发了《牡丹江市共享单车停放秩序专项整治工作实施方案》，组织各城区执法大队召开专题工作会议，对专项整治行动进行详细的安排和部署，各城区执法大队抽调专人和车辆共同对违规停放的共享单车车辆进行暂扣。7月15日再次组织城管公安大队、各区城管队伍、四家运营企业召开会议会议，对整治工作进行再部署再落实，截至目前，已暂扣乱停放车辆3500余台。 目前，已建立由牡丹江综合行政局执法人员、公安交警人员、单车运维人员共同加入共享单车微信管理群。城管执法人员、公安交警人员将日常巡查过程中发现的问题拍照发送到群内，要求各单车企业运维人员限时整改，对未及时整改的车辆依法进行清理。针对市民反映的共享单车乱停放问题，牡丹江市综合行政执法局多次向运营企业下发《关于开展共享单车集中整治的通知》《关于加强共享单车停放秩序管理的通知》《关于共享单车乱停放责令改正的通知》《牡丹江市实施共享单车停放秩序专项整治的通知》，并约谈运营企业负责人，告知运营企业已违反《共享单车规范停放管理协议》第四条相关规定，经多次提醒、约谈仍未进行有效整改，将开展集中整治，暂扣车辆，限制运营。同时，督促运营企业加大宣传力度，通过车体广告、设置标识牌等方式宣传安全骑行、文明停放，提高广大 ||| 暂扣乱停放共享单车 近日，牡丹江市城管局针对共享单车经营中争夺客源、维管不到位且无法实现智慧化定点精准停车导致停车秩序混乱等问题。7月5日，牡丹江市城管局制定并下发了《牡丹江市共享单车停放秩序专项整治工作实施方案》，组织各城区执法大队召开专题工作会议，对专项整治行动进行详细的安排和部署，各城区执法大队抽调专人和车辆共同对违规停放的共享单车车辆进行暂扣。7月15日再次组织城管公安大队、各区城管队伍、四家运营企业召开会议会议，对整治工作进行再部署再落实，截至目前，已暂扣乱停放车辆3500余台。 目前，已建立由牡丹江综合行政局执法人员、公安交警人员、单车运维人员共同加入共享单车微信管理群。城管执法人员、公安交警人员将日常巡查过程中发现的问题拍照发送到群内，要求各单车企业运维人员限时整改，对未及时整改的车辆依法进行清理。针对市民反映的共享单车乱停放问题，牡丹江市综合行政执法局多次向运营企业下发《关于开展共享单车集中整治的通知》《关于加强共享单车停放秩序管理的通知》《关于共享单车乱停放责令改正的通知》《牡丹江市实施共享单车停放秩序专项整治的通知》，并约谈运营企业负责人，告知运营企业已违反《共享单车规范停放管理协议》第四条相关规定，经多次提醒、约谈仍未进行有效整改，将开展集中整治，暂扣车辆，限制运营。同时，督促运营企业加大宣传力度，通过车体广告、设置标识牌等方式宣传安全骑行、文明停放，提高广大",mainstream_news ||| social_media ||| official ||| official,https://www.thepaper.cn/newsDetail_forward_22611409 ||| https://m.toutiao.com/w/1767908523531331/ ||| http://www.mdj.gov.cn/mdjsrmzf/c100010/202407/c03_964560.shtml ||| https://www.mdj.gov.cn/mdjsrmzf/c100010/202407/c03_964560.shtml,3,silver_candidate,standard_review,0.000,low,low_risk,accept,,,,,,证据显示企业负责人表态积极整改、加强运维与宣传引导，正面配合态度判断准确。,annotator_A,adjudicated_final,annotator_A
E044,LLM_CANON_E044_003,市民及公众,投诉乱停放影响市容与交通安全，部分公众呼吁直接取缔共享电动车，另有社会组织提出加强市区共享单车管理的具体建议。,mixed,市民投诉引发政府整治行动；网络留言表达取缔诉求；老科协分会提交管理建议，反映公众对出行便利性与城市秩序管理的双重关注。,SC_E044_003,市民;网友;爱民区老科协铁北街道分会,True,,ev-01117;ev-01118;ev-01126,"希望牡丹江取缔共享电动车 主办：黑龙江省人民政府 承办：黑龙江省人民政府办公厅 地址：黑龙江省哈尔滨市南岗区中山路202号 邮政编码：150001 政府网站标识码：2300000061 备案序号：黑ICP备05008713 黑公网安备 23010302000360号 主办：黑龙江省人民政府 地址：黑龙江省哈尔滨市南岗区中山路202号 ||| 登录 近日，针对市民反映哈啰单车乱停放，严重影响交通安全和市容市貌问题，市城市管理综合执法局约谈了哈啰单车牡丹江负责人，进一步规范共享单车停放秩序，提升城市市容环境。 据了解，按照全市创城工作要求，市城管局要求运营企业加强日常巡查管理，增加运维人员，增设电子围栏，规范车辆停放秩序，及时清运乱停放的共享单车，保证市区重点街路和区域的停放秩序。同时，市城管局在优化营商环境方面，对运营企业目前遇到的困难进行了询问和了解。 哈啰单车牡丹江负责人表示，一定提高思想认识，积极整改存在的问题，确保车辆停放有序，在方便市民出行的同时，维护城市整体形象，消除安全隐患。同时，将加大宣传力度，引导市民规范用车、文明骑行。 天气渐暖，选择共享单车出行的市民逐渐增多，下一步，市城管局将加大管理力度，督促运营企业强化管理和服务，规范共享单车停放秩序，共同努力为广大市民提供绿色便捷的出行方式，确保市容环境整洁有序。 原标题：《维护城市形象、消除安全隐患！牡丹江城管局约谈共享单车企业》 阅读原文 本文为澎湃号作者或机构在澎湃新闻上传并发布，仅代表该作者或机构观点，不代表澎湃新闻的观点或立场，澎湃新闻仅提供信息发布平台。申请澎湃号请用电脑访问http://renzheng.thepaper.cn。 Android版 iPhone版 iPad版 沪ICP备14003370号 沪公网安备31010602000299号  ||| 关于加强市区共享单车管理的建议 爱民区老科协铁北街道分会 共享单车已成为市民中短途绿色便捷的新选择,随着各类品牌的共享电动自行车企业入驻牡丹江,城区共享单车的投放数量与日俱增,这些车辆在为市民的中短途",official ||| mainstream_news ||| public_web,https://www.hlj.gov.cn/hlj/c115707/202407/c00_31757355.shtml ||| https://www.thepaper.cn/newsDetail_forward_22611409 ||| http://www.mlkx.net/show.asp?id=2976,3,silver_candidate,standard_review,0.000,low,low_risk,accept,,,,,,证据包含市民投诉乱停放、网络呼吁取缔电单车及老科协提交建议，准确反映公众多元诉求。,annotator_A,adjudicated_final,annotator_A
E045,LLM_CANON_E045_001,武汉东湖风景区城管执法局,对多次忽视预警且未及时清理淤积车辆的共享单车运营企业依法处以罚款，并推行“半阈值报警”智慧监管系统与“电子围栏”技术，督促企业落实运维责任与总量控制。,positive,官方通报与新闻报道明确指出城管部门对违规企业开出罚单，并部署智能监管平台、电子围栏及调度会议以强化精准管控。,SC_E045_001,东湖城管;东湖高新区城管局;武汉市城管执法委,True,,ev-01139;ev-02051;ev-02053;ev-02065;ev-02070;ev-01138;ev-01140,因多次忽视潮汐点位预警、未及时清理车辆造成通行受阻，近日，东湖风景区城管执法局对某共享单车运营企业依法处以2000元罚款。 据悉，这是东湖风景区运用“半阈值报警”智慧监管系统精准治理单车乱象的首起典型案例，标志着东湖风景区共享单车管理迈入“预警前置、精准管控”新阶段。 作为热门旅游目的地，东湖风景区内共享单车流量波动剧烈，尤其在网红打卡点及交通枢纽周边，早晚高峰“潮汐式”淤积问题突出。东湖风景区共划定16个共享单车潮汐点位，其中一棵树、水生所、湖山道与鲁磨路交界处、凌波门及磨山景区一号停车场北等5个点位，因紧邻网红地标或景区入口，成为城管一中队重点管控区域。 为精准管控，中队执法人员每日通过“武汉市共享单车智能监管平台”查看点位情况，上午、下午各开展两次专项巡检，形成“平台预警+现场核查”的双重管控模式。 “以往要等车辆堆满才预警，处置时早已影响通行。”东湖城管一中队执法人员介绍，今年启用的“武汉市共享单车智能监管平台”创新采用“半阈值报警”模式，当点位单车数量达到最大承载量的50%时，系统便自动向企业运维人员和执法队员推送预警信息。收到预警后，执法人员会第一时间督促企业清运，同时现场规整阻碍盲道、机动车道的车辆，从源头避免淤积。 此次处罚严格依据《武汉市非机动车管理办法》第三十六条第一款：互联网租赁自行车企业未做好车辆停放管理、未清理禁停区域车辆等，城管部门可责令改正，按每车20 ||| 因多次忽视潮汐点位预警、未及时清理车辆造成通行受阻，近日，东湖风景区城管执法局对某共享单车运营企业依法处以2000元罚款。 据悉，这是东湖风景区运用“半阈值报警”智慧监管系统精准治理单车乱象的首起典型案例，标志着东湖风景区共享单车管理迈入“预警前置、精准管控”新阶段。 作为热门旅游目的地，东湖风景区内共享单车流量波动剧烈，尤其在网红打卡点及交通枢纽周边，早晚高峰“潮汐式”淤积问题突出。东湖风景区共划定16个共享单车潮汐点位，其中一棵树、水生所、湖山道与鲁磨路交界处、凌波门及磨山景区一号停车场北等5个点位，因紧邻网红地标或景区入口，成为城管一中队重点管控区域。 为精准管控，中队执法人员每日通过“武汉市共享单车智能监管平台”查看点位情况，上午、下午各开展两次专项巡检，形成“平台预警+现场核查”的双重管控模式。 “以往要等车辆堆满才预警，处置时早已影响通行。”东湖城管一中队执法人员介绍，今年启用的“武汉市共享单车智能监管平台”创新采用“半阈值报警”模式，当点位单车数量达到最大承载量的50%时，系统便自动向企业运维人员和执法队员推送预警信息。收到预警后，执法人员会第一时间督促企业清运，同时现场规整阻碍盲道、机动车道的车辆，从源头避免淤积。 此次处罚严格依据《武汉市非机动车管理办法》第三十六条第一款：互联网租赁自行车企业未做好车辆停放管理、未清理禁停区域车辆等，城管部门可责令改正，按每车20 ||| 6月25日，东湖绿道三期正式开放，吸引众多市民游客前来打卡。 为给市民游客营造良好的骑行环境，6月24日上午，武汉市东湖风景区城管执法局组织召开绿道三期单车工作调度会，对东湖南路沿线共享单车进行协调部署，与绿道公司、哈啰单车公司、美团单车公司共同制定运维保障方案。 东湖绿道三期北起双湖桥南端，途经天鹅路、东湖南路，止于风光村一棵树，全长3.45公里，沿线增设了骑行车道，凌波门也新增了夜间灯光秀。观赏灯光秀和等待日出的市民游客成为东湖南路的一道靓丽风景，同时，也为城市管理带来新的挑战。 执法一中队副中队长杨霜介绍，将督促企业落实好社会责任，做好全时段单车运维工作。中队也将适当倾斜执法力量，重点加强一棵树、凌波门、中国科学院水生所等易淤积点位及夜间和日出等“潮汐”时段的巡查值守，做好一线执法管理、文明志愿服务等工作，全力打造“高颜值”城市市容环境。 东湖风景区城管执法局温馨提示，为保障市民、游客有序出行，东湖南路全线禁止停放共享单车，在沿线区域内无法落锁。建议欣赏灯光秀或观看日出的游客，可选择其他公共交通，绿色出行。 扫一扫在手机上查看当前页面 附件: 主办单位：武汉市交通运输局 地址：武汉市江岸区黄孝河路47号 电话：027-12328 邮编：430015 站点地图 政府网站标识码：4201000024 鄂ICP备20001416号 鄂公网安备42010202000104号 您访问的 ||| “强化日常巡查管理，重点管控‘潮汐’点位，共享单车停放秩序提升效果明显。”东湖高新区城管局采取一系列措施，联合共享单车运营企业加强共享单车共治。 近日，东湖高新区城管局组织共享单车运营企业开展工作推进会，督促企业履行管理责任和义务。 今年以来，东湖高新区为做好共享单车减量工作，持续扫码抽查共享单车备案情况6万余辆次，开展共享单车秩序整治60余次，有效督促企业减量回收车辆。辖区共享单车运营数量减少超两万辆。 利用科技手段促进共享单车秩序提升，通过武汉市共享单车管理服务系统细化东湖高新区潮汐点位90余处，根据点位共享单车实际容纳量在系统合理设置超量预警值，并在重点点位配置“蓝牙嗅探”，实时监控潮汐点位共享单车停放数量，及时调度督促共享单车企业清理超量车辆。 创新管理手段强化单车秩序管理，在金融港北地铁站、黄龙山路地铁站、光谷一路宜科中心等重点点位，实施共享单车分色停放，并逐步在重点区域推行，有效规范共享单车企业竞争投放，共享单车停放秩序明显提升。 同时，工作人员加强主次干道及“三圈三站”现场巡查，通过微信小程序“武汉城管通”向共享单车企业反馈单车秩序和管理情况，督促企业加强共享单车运维，有效保障共享单车骑行秩序。 共享单车以便捷、灵活的特点，为市民提供极大的便利，工作人员加大温馨提示力度，呼吁广大市民文明骑行、有序停放，创建文明市容环境。 东湖高新区城管局负责人表示，将持续加强共享单车 ||| 东湖高新区互联网租赁自行车停放秩序 精细化管理工作方案 各有关单位： 为进一步加强东湖高新区互联网租赁自行车（以下简称共享单车）停放秩序规范，根据《武汉市非机动车管理办法》相关规定，结合本区实际，特制定本方案: 一、工作目标 充分调动企业积极性，督促企业落实社会责任感，进一步规范停放秩序，完善政企联动、部门共治的长效管理机制，科学合理控制共享单车总量，严控共享单车停放乱象，增强技术手段，提高共享单车精细化管理水平，切实维护道路交通安全。 二、工作任务 （一）调控共享单车数量 目前高新区有共享单车企业三家，分别为美团单车、哈啰单车、青桔单车，约有共享单车7万余辆。根据市场调查及可停车区域范围，我区共享单车体量仅能满足3万辆，美团、哈啰、青桔每家企业各1万辆。 为确保我区共享单车数量在限额区间内良好运行，根据《武汉市非机动车管理办法》相关规定，区人民政府及其相关部门按照属地原则，负责编制本辖区互联网租赁自行车发展和停放规划，明确车辆停放及禁停区域，根据本区容纳量进行区域数量调控。 按照市城管委要求指导街道做好共享单车执法工作，城管局做好停车区域施划与修补工作。各街道安排专人与各单车公司对接，建立共享单车企业管理平台账号，实时掌握辖区内单车总量运行情况及堆放点位。建设局（交通）加大日常巡查力度，加强对平台数据核对清查情况，如若发现各单车公司提供虚假平台数据，责令其改正，连续两次以上则上报 ||| 登录 “共享单车一族”注意了 如果任性随意停放共享单车 将有可能锁不上车 还要多付费用 11月23日，记者 从市城管部门获悉 在东湖风景区推出的20处“电子围栏” 已在规范停车方面收到效果 下一步将在全市铺开 游客在东湖绿道骑行。记者苗剑 摄 电子围栏外停车 无法锁车 持续计费 11月22日，记者来到东湖绿道湖心岛景区，在这里设有200多平方米的单车停放区，周边用白线框出，设有“P”样的自行车停车标识，不少游客在此扫码取车，停放区内车辆摆放整齐划一。 “这就是一处电子围栏停车区。”东湖风景区城管局督查室工作人员王涵介绍，电子围栏是利用卫星定位技术给共享单车指定停放区域划定一个虚拟“围栏”，只有将单车停放到该“围栏”内，才能锁车支付使用费用。违规停放在电子围栏外的用户，将被禁止锁车结算，并收到系统发出的规范停车提醒。 记者通过哈啰出行APP刷码骑行一辆单车，在距离该电子围栏10米处停放后，手动上锁。2秒钟后，车锁突然自动弹开，手机上立即收到该APP短信：“您本次骑行未在P点还车，车锁已自动弹开，系统将持续计费，请将车辆停在P点内。” 随后，记者将该单车推到停车区P点后，再次落锁，这次成功还车。 “如果不在围栏内停车，将持续计费，直至成功还车时为止。”哈啰单车武昌运营经理尹光辉说，在东湖绿道上的20个规范停车点在哈啰出行APP上可看到，停车很方便。 美团单车武汉运营负责人田成明说，美团 ||| 9月8日，武汉市东湖风景区城管部门在东湖绿道试点启用共享单车“电子围栏”技术，今后用户需将共享单车停放在规定的10处电子围栏内，如果随意停放，就会无法锁车且持续计费。 电子围栏是指利用卫星定位技术给共享单车指定停放区域划定的虚拟“围栏”。用户只有将单车按规定停放到该“围栏”内，才能顺利锁车支付。如果违规停放在电子围栏外将被禁止锁车结算，并收到系统发出的规范停车提醒。假如出现强制违停的行为，体统将扣除相应调度费用或继续计费。 武汉市城管执法委介绍，以前对于乱停乱放的共享单车只能由城管部门联系企业处理，电子围栏的设立将提高政府和企业管理效能，引导市民规范出行。目前，电子围栏系统应用范围为东湖绿道一期大约20公里的路段，首批三家共享单车企业在该区域设置了10个规范停车点。 武汉市城管执法委督查处主任科员 胡汉金 “东湖绿道属于国家级5A级风景区，如果这里的共享单车处于一个乱停放状况，会严重影响游客的游玩体验感，所以我们决定在此进行共享单车电子围栏的试点，等到技术条件达到我们相应的要求以后再向全市推广。” 武汉广播电视台出品 责编：齐雯 融媒体记者：杨文杰 欧阳荣光 游玉婷 通讯员：金辉 凤娇 华华 编辑：章婷婷 邬玲返回搜狐，查看更多,official ||| official ||| official ||| official ||| official ||| mainstream_news ||| mainstream_news,https://cgw.wuhan.gov.cn/zzzq/zzzq_cgxw/202509/t20250918_2649348.shtml ||| https://cgw.wuhan.gov.cn/cgdt/cgw_cgxw/202509/t20250918_2649348.shtml ||| https://jtj.wuhan.gov.cn/jtzx/zwdt/202406/t20240626_2421103.shtml ||| https://cgw.wuhan.gov.cn/CGYW_13530/jggl/HWGGJGZM_13548/202411/t20241113_2483866.shtml ||| http://www.wehdz.gov.cn/2022/zfxxgk/dfbm/cgj/fdzdgknr_43896/gysyjs_43903/cszhzf/202207/t20220707_2001708.shtml ||| https://www.thepaper.cn/newsDetail_forward_15529396 ||| https://www.sohu.com/a/488890076_121106908,5,silver_candidate,standard_review,0.000,low,low_risk,accept,,,,,,证据明确支持城管局开出罚单、推行半阈值报警与电子围栏技术，监管举措描述与证据一致。,annotator_A,adjudicated_final,annotator_A
E045,LLM_CANON_E045_003,游客与市民,部分游客随意停放共享单车造成景区道路淤积与通行压力，在电子围栏技术限制与现场人员引导下，逐步适应规范停放要求。,mixed,网友爆料与报道指出乱停放引发淤积问题，同时电子围栏无法锁车机制及专人提醒促使游客改变停车习惯。,SC_E045_003,骑行者;网友;消费者,True,,ev-01137;ev-01138;ev-01140;ev-01146;ev-02064;ev-02067,"楚天都市报讯楚天都市报讯(记者卢成汉通讯员徐凤娇宋华华)昨日,武汉市东湖风景区划出469个共享单车停放处,可停放3万辆共享单车。今后,在该景区范围内,随意停放共享单车可能被列入禁骑名单。 东湖风景区环 ||| 登录 “共享单车一族”注意了 如果任性随意停放共享单车 将有可能锁不上车 还要多付费用 11月23日，记者 从市城管部门获悉 在东湖风景区推出的20处“电子围栏” 已在规范停车方面收到效果 下一步将在全市铺开 游客在东湖绿道骑行。记者苗剑 摄 电子围栏外停车 无法锁车 持续计费 11月22日，记者来到东湖绿道湖心岛景区，在这里设有200多平方米的单车停放区，周边用白线框出，设有“P”样的自行车停车标识，不少游客在此扫码取车，停放区内车辆摆放整齐划一。 “这就是一处电子围栏停车区。”东湖风景区城管局督查室工作人员王涵介绍，电子围栏是利用卫星定位技术给共享单车指定停放区域划定一个虚拟“围栏”，只有将单车停放到该“围栏”内，才能锁车支付使用费用。违规停放在电子围栏外的用户，将被禁止锁车结算，并收到系统发出的规范停车提醒。 记者通过哈啰出行APP刷码骑行一辆单车，在距离该电子围栏10米处停放后，手动上锁。2秒钟后，车锁突然自动弹开，手机上立即收到该APP短信：“您本次骑行未在P点还车，车锁已自动弹开，系统将持续计费，请将车辆停在P点内。” 随后，记者将该单车推到停车区P点后，再次落锁，这次成功还车。 “如果不在围栏内停车，将持续计费，直至成功还车时为止。”哈啰单车武昌运营经理尹光辉说，在东湖绿道上的20个规范停车点在哈啰出行APP上可看到，停车很方便。 美团单车武汉运营负责人田成明说，美团 ||| 9月8日，武汉市东湖风景区城管部门在东湖绿道试点启用共享单车“电子围栏”技术，今后用户需将共享单车停放在规定的10处电子围栏内，如果随意停放，就会无法锁车且持续计费。 电子围栏是指利用卫星定位技术给共享单车指定停放区域划定的虚拟“围栏”。用户只有将单车按规定停放到该“围栏”内，才能顺利锁车支付。如果违规停放在电子围栏外将被禁止锁车结算，并收到系统发出的规范停车提醒。假如出现强制违停的行为，体统将扣除相应调度费用或继续计费。 武汉市城管执法委介绍，以前对于乱停乱放的共享单车只能由城管部门联系企业处理，电子围栏的设立将提高政府和企业管理效能，引导市民规范出行。目前，电子围栏系统应用范围为东湖绿道一期大约20公里的路段，首批三家共享单车企业在该区域设置了10个规范停车点。 武汉市城管执法委督查处主任科员 胡汉金 “东湖绿道属于国家级5A级风景区，如果这里的共享单车处于一个乱停放状况，会严重影响游客的游玩体验感，所以我们决定在此进行共享单车电子围栏的试点，等到技术条件达到我们相应的要求以后再向全市推广。” 武汉广播电视台出品 责编：齐雯 融媒体记者：杨文杰 欧阳荣光 游玉婷 通讯员：金辉 凤娇 华华 编辑：章婷婷 邬玲返回搜狐，查看更多 ||| 声明:本文由入驻搜狐公众平台的作者撰写,除搜狐官方账号外,观点仅代表作者本人,不代表搜狐立场。 举报 据多名网友爆料,今日在武汉东湖绿道内,共享单车被成堆丢弃在路边坡上、沟里... 有网友指出拍摄地正 ||| 极目新闻记者 卢成汉 通讯员余芳利 规整游客乱停放的共享单车、清理景区门口的流动摊贩、清除乱张贴的违规小广告……五一期间，在涌动的人潮中，武汉东湖风景区城管执法局执法队员与市政环卫工人员用精致的服务，为游客提供了不一样的旅游新体验。 环卫工人加大清扫保洁频次 “五一假期”模式开启，文旅市场强劲复苏，武汉也一跃而成“网红旅游城市”，山水形盛、人文如歌的东湖也成了一张“靓丽名片”。 为保障假期辖区市容环境秩序，营造干净整洁、有序安全的节日氛围，东湖城管人节前部署不松懈，“五一”在岗“不打烊”，全力做好城市管理各项工作，用心用情护航市民游客的“诗和远方”。 环卫工人加大清扫保洁频次 “共享单车要按照停车区域的指示箭头规范停放，像这样的停放点，我们每天都要整理三四遍。”执法一中队磨山片区组长刘晨指着植物园路一处共享单车停放点说。 “请问一下，磨山是往哪个方向啊？”“景区大门的话，沿着人流方向，往那个方向一直走。”在巡查执法途中，执法队员们时常还会被游客当作“活地图”，帮忙指路。 城管队员帮摆共享单车 “五一”假期期间，该区城管执法局根据往年执法保障经验，结合辖区各重点点位客流量和违法行为高发时段，统筹调配执法力量，日均出动执法人员100余人次，并充分调动路长、店长、楼长等多元共治力量，实行全天候、不间断、无缝隙巡查管控。在湖北省博物馆、梨园广场绿道入口、东湖南路沿线、磨山景区等热门旅游景点 ||| 被誉为武汉单车“骑行天堂”的东湖绿道，高峰时上万辆共享单车“扎堆”，却因无序停放一度给景区道路、景观造成压力。而今共享单车进入武汉已“满周岁”，记者再度探访东湖绿道发现，这匹“不羁放纵爱自由”的“野马”终于变规矩了。 绿道上共享单车变“规矩”了 “一棵树”是东湖绿道共享单车的“大本营”，每天至少上千辆共享单车在这里停放。昨天中午，武汉晚报记者在这段600多米长的堤道上看到，6米多宽的道路上，上千辆共享单车统一停放在道路北侧。车辆不仅停得很整齐，还按照红、黄、蓝、白、绿的车身颜色划分出各自区域。 在磨山驿站，便利店门前空地上，两排共享单车车头向内停放得整整齐齐。 在湖心岛、九女墩等景点，也都有专人在岗，随时提醒游客按秩序停放共享单车。个别游客随意停放车辆，工作人员也会很快上前把车挪到正确停车位。在东湖绿道沿途，电瓶车和小型厢式货车来回巡逻，随时把路边散乱的共享单车收集到车上，然后集中摆放到路边宽敞的地方。 改变的还有游客的骑车习惯。昨天中午绿道游客不算拥挤，从湖光序曲到“一棵树”十多公里沿途可以看到，游客骑行时主动贴着道路右侧，没有了过去大摇大摆在道路中间骑行的情况。很多游客在路边拍照、休息临时停车，也会把车尽量停在身边空旷处，避免影响道路通行。 来自武汉大学的小张昨天特地带华农的朋友骑车游览东湖绿道。他说：“现在对文明使用共享单车宣传越来越多，大家使用单车的时候也越发注重文明。” ",social_media ||| mainstream_news ||| mainstream_news ||| mainstream_news ||| mainstream_news ||| mainstream_news,https://www.toutiao.com/article/6454646292940931342/ ||| https://www.thepaper.cn/newsDetail_forward_15529396 ||| https://www.sohu.com/a/488890076_121106908 ||| http://mt.sohu.com/20170217/n481036527.shtml ||| https://travel.sohu.com/a/672184160_121284943 ||| https://news.sina.com.cn/c/2017-05-18/doc-ifyfkkmc9542653.shtml,6,silver_candidate,standard_review,0.000,low,low_risk,accept,,,,,,证据记录游客乱停放导致淤积，以及在技术限制与人员引导下逐步规范，混合情感判断合理。,annotator_A,adjudicated_final,annotator_A
E046,LLM_CANON_E046_001,工业和信息化部,持续组织第三方检测机构抽查并通报侵害用户权益的App及SDK，要求相关企业限期整改，对整改不到位者将依法依规采取下架、罚款等处置措施。,neutral,多份证据显示工信部定期发布通报名单，明确违规情形，设定整改期限，并声明逾期不改将依法处置。,SC_E046_001,工信部;工业和信息化部信息通信管理局;工信微报,True,,ev-01157;ev-01158;ev-01161;ev-01163;ev-02073;ev-02075;ev-02077;ev-02078;ev-02083;ev-02087;ev-02088,"用微信扫码二维码 分享至好友和朋友圈 工信部对APP、SDK违法违规收集使用个人信息等问题开展治理。近期，经组织第三方检测机构进行抽查，共发现42款APP及SDK存在侵害用户权益行为，现予以通报。详见↓ 综合自：上海发布、工信部 编辑：罗时珎 转载请注明来自上海徐汇官方账号 特别声明：以上内容(如有图片或视频亦包括在内)为自媒体平台“网易号”用户上传并发布，本平台仅提供信息存储服务。 Notice: The content above (including the pictures and videos if any) is uploaded and posted by a user of NetEase Hao, which is a social media platform and only provides information storage services. 大风新闻 2026-05-25 22:28:10 极目新闻 2026-05-25 21:42:20 大象新闻 2026-05-25 17:18:26 齐鲁壹点 2026-05-25 19:03:50 财狗商业评论 2026-05-26 01:28:51 晚风也遗憾 2026-05-26 01:45:00 掌闻视讯 2026-05-23 19:54:51 上游新闻 2026-05-25 14:46:47 虎嗅AP ||| 工业和信息化部通报 42款APP及SDK存在侵害用户权益行为凡本报注明“来源:上海证券报”、“来源:上海证券报·中国证券网”和“来源:上海证券报微信公众号”的所有原创作品,著作权均属于本报所有。未经本 ||| 登录 据工业和信息化部官方微信公众号“工信微报”消息，近期，工业和信息化部组织第三方检测机构对群众关注的生活服务、休闲娱乐、实用工具等移动互联网应用程序（APP）及第三方软件开发工具包（SDK）进行检查，发现55款APP（SDK）存在侵害用户权益行为。 工业和信息化部表示，相关APP及SDK应按有关规定进行整改，整改落实不到位的，将依法依规组织开展相关处置工作。 工业和信息化部通报存在问题的APP（SDK）名单 （来源：工信微报微信公众号、人民网微信公众号） 本文为澎湃号作者或机构在澎湃新闻上传并发布，仅代表该作者或机构观点，不代表澎湃新闻的观点或立场，澎湃新闻仅提供信息发布平台。申请澎湃号请用电脑访问http://renzheng.thepaper.cn。 Android版 iPhone版 iPad版 沪ICP备14003370号 沪公网安备31010602000299号 互联网新闻信息服务许可证：31120170006 增值电信业务经营许可证：沪B2-2017116 © 2014-2026 上海东方报业有限公司 ||| IT之家 12 月 27 日消息，工业和信息化部信息通信管理局今日发布关于侵害用户权益行为的 App（SDK）通报（2024 年第 10 批，总第 45 批）。 工业和信息化部高度重视用户权益保护工作，依据《个人信息保护法》《网络安全法》《电信条例》《电信和互联网用户个人信息保护规定》等法律法规，持续整治 App 侵害用户权益的违规行为。 工信部近期组织第三方检测机构进行抽查，共发现 22 款 App 及 SDK 存在侵害用户权益行为，现予以通报。 IT之家附工业和信息化部通报存在问题的 App (SDK) 名单如下： 上述 App 及 SDK 应按有关规定进行整改，整改落实不到位的，工信部将依法依规组织开展相关处置工作。 广告声明：文内含有的对外跳转链接（包括不限于超链接、二维码、口令等形式），用于传递更多信息，节省甄选时间，结果仅供参考，IT之家所有文章均包含本声明。 软媒旗下网站：IT之家最会买 - 返利返现优惠券iPhone之家Win7之家Win10之家Win11之家 软媒旗下软件：软媒手机APP应用魔方最会买要知 IT之家，软媒旗下科技门户网站 - 爱科技，爱这里。 Copyright © RuanMei.com, All Rights Reserved. ||| 央视新闻 2025-10-28 17:53发布于北京中央广播电视总台央视新闻官方账号 根据中央网信办、工业和信息化部、公安部、市场监管总局等四部门联合发布的《关于开展2025年个人信息保护系列专项行动的公告》，工信部对App、SDK违法违规收集使用个人信息等问题开展治理。近期，经组织第三方检测机构进行抽查，共发现42款App及SDK存在侵害用户权益行为，现予以通报。 这些App及SDK应按有关规定进行整改，整改落实不到位的，工信部将依法依规组织开展相关处置工作。 附件：工业和信息化部通报存在问题的APP（SDK）名单 ©2025中央广播电视总台版权所有。未经许可，请勿转载使用。 ||| 用微信扫码二维码 分享至好友和朋友圈 根据中央网信办、工业和信息化部、公安部、市场监管总局等四部门联合发布的《关于开展2025年个人信息保护系列专项行动的公告》，工信部对App、SDK违法违规收集使用个人信息等问题开展治理。近期，经组织第三方检测机构进行抽查，共发现42款App及SDK存在侵害用户权益行为，现予以通报。 这些App及SDK应按有关规定进行整改，整改落实不到位的，工信部将依法依规组织开展相关处置工作。 附件：工业和信息化部通报存在问题的App（SDK）名单 来源 央视财经 责任编辑 吕世成 严云 责任校对 李鸿睿 主编 武熙智 终审 编委 李荣 特别声明：以上内容(如有图片或视频亦包括在内)为自媒体平台“网易号”用户上传并发布，本平台仅提供信息存储服务。 Notice: The content above (including the pictures and videos if any) is uploaded and posted by a user of NetEase Hao, which is a social media platform and only provides information storage services. 大风新闻 2026-05-25 22:28:10 上游新闻 2026-05-25 14:46:47 中国新闻周刊 2026- ||| 【环球网科技报道 记者 林迪】5月15日消息，记者从工信部官网了解到，信息通信管理局发布了《关于侵害用户权益行为的APP通报（2020年第一批）》（以下简称为“通报”）。 通报显示，依据《网络安全法》《电信条例》《电信和互联网用户个人信息保护规定》等法律法规，工业和信息化部近期组织第三方检测机构对手机应用软件进行检查，对发现存在问题的企业进行督促整改。不过，截至目前，尚有16款APP未完成整改（详见附件），包括租租车、店长直聘、1药网、步多多和当当等。 工信部提醒上述APP，应在5月25日前完成整改落实工作，逾期不整改的，工业和信息化部将依法依规组织开展相关处置工作。 附： ||| 更新时间：2024-09-29 18:06:37点击： 据工信部网站消息，工信部发布关于侵害用户权益行为的APP(SDK)通报：工业和信息化部高度重视用户权益保护工作，依据《个人信息保护法》《网络安全法》《电信条例》《电信和互联网用户个人信息保护规定》等法律法规，持续整治APP侵害用户权益的违规行为。近期，工信部组织第三方检测机构进行抽查，共发现21款APP及SDK存在侵害用户权益行为(详见附件)，现予以通报。 上述APP及SDK应按有关规定进行整改，整改落实不到位的，工信部将依法依规组织开展相关处置工作。 具体如下： 来源：工信部网站 专题：APP 5月22日启幕！汇聚全球视野，第26届上海国际房车展×户外展蓄势待发 三星电子决定撤出中国家电市场 北京20至29岁常住人口减少逾213万 扎根黑土，艺为人民—— 大庆青年文艺工作者以青春践行使命担当 《民用无人驾驶航空器实名登记和激活要求》和《民用无人驾驶航空器系统运行识别规范》5月1日起实施 北京上海深圳广州对比 2026五一劳动节放假时间5月1日(周五)至5日(周二)放假调休5月9日(周六) 宁德时代发布新一代超充电池 满电仅需六分钟 苹果公司重大人事调整：特纳斯接棒库克担任首席执行官 美国蓝色起源发射任务失败 搭载卫星未入预定轨道 兵种军旗自2025年8月1日启用 互联网平台企业涉税信息报送规定（国令第810号） 中国知名的律 ||| 观点新媒体 2025-11-11 11:56发布于广东观点地产新媒体官方账号 观点网讯：11月11日，工业和信息化部依据《个人信息保护法》等法规，通报39款APP及SDK存在违规收集使用个人信息问题，要求相关企业限期整改。 此次抽查由四部门联合开展，属2025年个人信息保护专项行动一部分。工信部明确，对整改落实不到位者，将依法依规采取下架、罚款等处置措施。根据公开资料整理，违规情形主要包括强制授权、超范围收集、未明示规则等。 免责声明：本文内容与数据由观点根据公开信息整理，不构成投资建议，使用前请核实。 ||| 5月6日工信部对羊了个羊、消除星星乐等56款侵害用户权益的移动互联网应用程序（APP）及第三方软件开发工具包（SDK）进行通报要求这56款APP及SDK按有关规定进行整改 依据相关法律法规，工信部近期组织第三方检测机构对群众关注的实用工具、休闲娱乐及短视频等APP及SDK进行检查，发现56款APP及SDK存在侵害用户权益行为。工信部要求上述APP及SDK按有关规定进行整改，整改落实不到位的，工信部将依法依规组织开展相关处置工作。 工业和信息化部通报 存在问题的APP(SDK)名单 ↓↓↓ 来源 / 新华社 责任编辑 / 翟玉静 值班编辑 / 徐丹 审校 / 窦怀国 责校 / 王永波 24小时滚动播报最新的财经资讯和视频，更多粉丝福利扫描二维码关注（sinafinance） 新浪财经意见反馈留言板 新浪简介|广告服务|About Sina 联系我们|招聘信息|通行证注册 产品答疑|网站律师|SINA English Copyright © 1996-2023 SINA Corporation All Rights Reserved 新浪公司 版权所有 ||| （来源：云南发布） 近日 工业和信息化部 对55款侵害用户权益的 移动互联网应用程序（APP）及 第三方软件开发工具包（SDK）进行通报 要求这55款APP及SDK 按有关规定进行整改 整改落实不到位的 将依法依规组织开展相关处置工作 工业和信息化部通报 存在问题的APP(SDK)名单 ↓ ↓ 来源：新华社、“工信微报”微信公众号 编辑：郭晨泽 ●原 来 你 是 这 样 的 云 南 “云” ●云南多所高职院校新增专业点获批！ ●直招军官报名通道开启！ 返回搜狐，查看更多",social_media ||| social_media ||| social_media ||| public_web ||| mainstream_news ||| social_media ||| public_web ||| public_web ||| mainstream_news ||| mainstream_news ||| mainstream_news,https://www.163.com/dy/article/KD1Q5A5305149R72.html ||| https://www.cnstock.com/commonDetail/567245 ||| https://www.thepaper.cn/newsDetail_forward_22413038 ||| https://www.ithome.com/0/820/681.htm ||| https://news.qq.com/rain/a/20251028A0542A00 ||| https://www.163.com/dy/article/KD28P0MF0514TQ48.html ||| https://tech.huanqiu.com/article/3yFCtcE15No ||| https://www.bbthy.net/news/8099.html ||| https://news.qq.com/rain/a/20251111A02ZV100 ||| https://finance.sina.com.cn/wm/2023-05-09/doc-imytcmzf8321645.shtml ||| https://www.sohu.com/a/658145357_121106902,9,silver_candidate,standard_review,0.000,low,low_risk,accept,,,,,,证据充分支持工信部组织第三方抽查、通报名单、设定整改期限及依法处置的监管行为，关键事实与情感标签准确。,annotator_A,adjudicated_final,annotator_A
E046,LLM_CANON_E046_002,违规App及SDK运营企业,被通报存在强制授权、超范围收集、未明示规则等侵害用户权益行为，需按监管要求限期完成整改，否则面临下架或行政处罚。,negative,证据明确指出多款App及SDK因违规收集使用个人信息被通报，并被责令整改，部分企业逾期未改或整改不到位。,SC_E046_002,APP及SDK主办者;相关企业;应用开发者;App运营者,True,,ev-01161;ev-01163;ev-02073;ev-02075;ev-02077;ev-02078;ev-02083;ev-02086;ev-02087;ev-02088,"登录 据工业和信息化部官方微信公众号“工信微报”消息，近期，工业和信息化部组织第三方检测机构对群众关注的生活服务、休闲娱乐、实用工具等移动互联网应用程序（APP）及第三方软件开发工具包（SDK）进行检查，发现55款APP（SDK）存在侵害用户权益行为。 工业和信息化部表示，相关APP及SDK应按有关规定进行整改，整改落实不到位的，将依法依规组织开展相关处置工作。 工业和信息化部通报存在问题的APP（SDK）名单 （来源：工信微报微信公众号、人民网微信公众号） 本文为澎湃号作者或机构在澎湃新闻上传并发布，仅代表该作者或机构观点，不代表澎湃新闻的观点或立场，澎湃新闻仅提供信息发布平台。申请澎湃号请用电脑访问http://renzheng.thepaper.cn。 Android版 iPhone版 iPad版 沪ICP备14003370号 沪公网安备31010602000299号 互联网新闻信息服务许可证：31120170006 增值电信业务经营许可证：沪B2-2017116 © 2014-2026 上海东方报业有限公司 ||| IT之家 12 月 27 日消息，工业和信息化部信息通信管理局今日发布关于侵害用户权益行为的 App（SDK）通报（2024 年第 10 批，总第 45 批）。 工业和信息化部高度重视用户权益保护工作，依据《个人信息保护法》《网络安全法》《电信条例》《电信和互联网用户个人信息保护规定》等法律法规，持续整治 App 侵害用户权益的违规行为。 工信部近期组织第三方检测机构进行抽查，共发现 22 款 App 及 SDK 存在侵害用户权益行为，现予以通报。 IT之家附工业和信息化部通报存在问题的 App (SDK) 名单如下： 上述 App 及 SDK 应按有关规定进行整改，整改落实不到位的，工信部将依法依规组织开展相关处置工作。 广告声明：文内含有的对外跳转链接（包括不限于超链接、二维码、口令等形式），用于传递更多信息，节省甄选时间，结果仅供参考，IT之家所有文章均包含本声明。 软媒旗下网站：IT之家最会买 - 返利返现优惠券iPhone之家Win7之家Win10之家Win11之家 软媒旗下软件：软媒手机APP应用魔方最会买要知 IT之家，软媒旗下科技门户网站 - 爱科技，爱这里。 Copyright © RuanMei.com, All Rights Reserved. ||| 央视新闻 2025-10-28 17:53发布于北京中央广播电视总台央视新闻官方账号 根据中央网信办、工业和信息化部、公安部、市场监管总局等四部门联合发布的《关于开展2025年个人信息保护系列专项行动的公告》，工信部对App、SDK违法违规收集使用个人信息等问题开展治理。近期，经组织第三方检测机构进行抽查，共发现42款App及SDK存在侵害用户权益行为，现予以通报。 这些App及SDK应按有关规定进行整改，整改落实不到位的，工信部将依法依规组织开展相关处置工作。 附件：工业和信息化部通报存在问题的APP（SDK）名单 ©2025中央广播电视总台版权所有。未经许可，请勿转载使用。 ||| 用微信扫码二维码 分享至好友和朋友圈 根据中央网信办、工业和信息化部、公安部、市场监管总局等四部门联合发布的《关于开展2025年个人信息保护系列专项行动的公告》，工信部对App、SDK违法违规收集使用个人信息等问题开展治理。近期，经组织第三方检测机构进行抽查，共发现42款App及SDK存在侵害用户权益行为，现予以通报。 这些App及SDK应按有关规定进行整改，整改落实不到位的，工信部将依法依规组织开展相关处置工作。 附件：工业和信息化部通报存在问题的App（SDK）名单 来源 央视财经 责任编辑 吕世成 严云 责任校对 李鸿睿 主编 武熙智 终审 编委 李荣 特别声明：以上内容(如有图片或视频亦包括在内)为自媒体平台“网易号”用户上传并发布，本平台仅提供信息存储服务。 Notice: The content above (including the pictures and videos if any) is uploaded and posted by a user of NetEase Hao, which is a social media platform and only provides information storage services. 大风新闻 2026-05-25 22:28:10 上游新闻 2026-05-25 14:46:47 中国新闻周刊 2026- ||| 【环球网科技报道 记者 林迪】5月15日消息，记者从工信部官网了解到，信息通信管理局发布了《关于侵害用户权益行为的APP通报（2020年第一批）》（以下简称为“通报”）。 通报显示，依据《网络安全法》《电信条例》《电信和互联网用户个人信息保护规定》等法律法规，工业和信息化部近期组织第三方检测机构对手机应用软件进行检查，对发现存在问题的企业进行督促整改。不过，截至目前，尚有16款APP未完成整改（详见附件），包括租租车、店长直聘、1药网、步多多和当当等。 工信部提醒上述APP，应在5月25日前完成整改落实工作，逾期不整改的，工业和信息化部将依法依规组织开展相关处置工作。 附： ||| 更新时间：2024-09-29 18:06:37点击： 据工信部网站消息，工信部发布关于侵害用户权益行为的APP(SDK)通报：工业和信息化部高度重视用户权益保护工作，依据《个人信息保护法》《网络安全法》《电信条例》《电信和互联网用户个人信息保护规定》等法律法规，持续整治APP侵害用户权益的违规行为。近期，工信部组织第三方检测机构进行抽查，共发现21款APP及SDK存在侵害用户权益行为(详见附件)，现予以通报。 上述APP及SDK应按有关规定进行整改，整改落实不到位的，工信部将依法依规组织开展相关处置工作。 具体如下： 来源：工信部网站 专题：APP 5月22日启幕！汇聚全球视野，第26届上海国际房车展×户外展蓄势待发 三星电子决定撤出中国家电市场 北京20至29岁常住人口减少逾213万 扎根黑土，艺为人民—— 大庆青年文艺工作者以青春践行使命担当 《民用无人驾驶航空器实名登记和激活要求》和《民用无人驾驶航空器系统运行识别规范》5月1日起实施 北京上海深圳广州对比 2026五一劳动节放假时间5月1日(周五)至5日(周二)放假调休5月9日(周六) 宁德时代发布新一代超充电池 满电仅需六分钟 苹果公司重大人事调整：特纳斯接棒库克担任首席执行官 美国蓝色起源发射任务失败 搭载卫星未入预定轨道 兵种军旗自2025年8月1日启用 互联网平台企业涉税信息报送规定（国令第810号） 中国知名的律 ||| 观点新媒体 2025-11-11 11:56发布于广东观点地产新媒体官方账号 观点网讯：11月11日，工业和信息化部依据《个人信息保护法》等法规，通报39款APP及SDK存在违规收集使用个人信息问题，要求相关企业限期整改。 此次抽查由四部门联合开展，属2025年个人信息保护专项行动一部分。工信部明确，对整改落实不到位者，将依法依规采取下架、罚款等处置措施。根据公开资料整理，违规情形主要包括强制授权、超范围收集、未明示规则等。 免责声明：本文内容与数据由观点根据公开信息整理，不构成投资建议，使用前请核实。 ||| 据悉，10月26日，工信部向社会通报了131家存在侵害用户权益行为APP企业的名单。截至目前，经第三方检测机构核查复检，尚有60款APP未按照工业和信息化部要求完成整改。 工信部表示，相关应用商店应在本通报发布后，立即组织对名单中应用软件进行下架处理。后续，工信部还将对未严格落实管理主体责任的部分应用商店及移动应用分发平台，存在违规收集用户个人信息行为的SDK企业，依法严厉处置。 分享快讯到朋友圈 扫码关注腾讯云开发者 领取腾讯云代金券 Copyright © 2013 - 2026 Tencent Cloud. All Rights Reserved. 腾讯云 版权所有 深圳市腾讯计算机系统有限公司 ICP备案/许可证号：粤B2-20090059 粤公网安备44030502008569号 腾讯云计算（北京）有限责任公司 京ICP证150476号 | 京ICP备11018762号 ||| 5月6日工信部对羊了个羊、消除星星乐等56款侵害用户权益的移动互联网应用程序（APP）及第三方软件开发工具包（SDK）进行通报要求这56款APP及SDK按有关规定进行整改 依据相关法律法规，工信部近期组织第三方检测机构对群众关注的实用工具、休闲娱乐及短视频等APP及SDK进行检查，发现56款APP及SDK存在侵害用户权益行为。工信部要求上述APP及SDK按有关规定进行整改，整改落实不到位的，工信部将依法依规组织开展相关处置工作。 工业和信息化部通报 存在问题的APP(SDK)名单 ↓↓↓ 来源 / 新华社 责任编辑 / 翟玉静 值班编辑 / 徐丹 审校 / 窦怀国 责校 / 王永波 24小时滚动播报最新的财经资讯和视频，更多粉丝福利扫描二维码关注（sinafinance） 新浪财经意见反馈留言板 新浪简介|广告服务|About Sina 联系我们|招聘信息|通行证注册 产品答疑|网站律师|SINA English Copyright © 1996-2023 SINA Corporation All Rights Reserved 新浪公司 版权所有 ||| （来源：云南发布） 近日 工业和信息化部 对55款侵害用户权益的 移动互联网应用程序（APP）及 第三方软件开发工具包（SDK）进行通报 要求这55款APP及SDK 按有关规定进行整改 整改落实不到位的 将依法依规组织开展相关处置工作 工业和信息化部通报 存在问题的APP(SDK)名单 ↓ ↓ 来源：新华社、“工信微报”微信公众号 编辑：郭晨泽 ●原 来 你 是 这 样 的 云 南 “云” ●云南多所高职院校新增专业点获批！ ●直招军官报名通道开启！ 返回搜狐，查看更多",social_media ||| public_web ||| mainstream_news ||| social_media ||| public_web ||| public_web ||| mainstream_news ||| forum ||| mainstream_news ||| mainstream_news,https://www.thepaper.cn/newsDetail_forward_22413038 ||| https://www.ithome.com/0/820/681.htm ||| https://news.qq.com/rain/a/20251028A0542A00 ||| https://www.163.com/dy/article/KD28P0MF0514TQ48.html ||| https://tech.huanqiu.com/article/3yFCtcE15No ||| https://www.bbthy.net/news/8099.html ||| https://news.qq.com/rain/a/20251111A02ZV100 ||| https://cloud.tencent.com/developer/news/722324 ||| https://finance.sina.com.cn/wm/2023-05-09/doc-imytcmzf8321645.shtml ||| https://www.sohu.com/a/658145357_121106902,9,silver_candidate,standard_review,0.000,low,low_risk,accept,,,,,,证据明确记载多款App及SDK因强制授权、超范围收集等被通报并责令整改，负面情感与违规受罚事实匹配。,annotator_A,adjudicated_final,annotator_A
E046,LLM_CANON_E046_003,用户及公众,对App非法获取、超范围收集、过度索权等侵害个人信息的行为反应强烈，是监管部门开展专项治理与通报行动的核心保护对象。,negative,证据提及群众关注的生活服务类App问题，以及广大网民对个人信息被违规收集反应强烈，直接推动专项治理行动。,SC_E046_003,群众;广大网民;个人信息主体;人民群众,True,,ev-01160;ev-01161;ev-02080;ev-02084,"人民网北京3月21日电 (记者申佳平)据工业和信息化部官方微信公众号“工信微报”消息,近期,工业和信息化部组织第三方检测机构对群众关注的生活服务、休闲娱乐、实用工具等移动互联网应用程序(APP)及第三 ||| 登录 据工业和信息化部官方微信公众号“工信微报”消息，近期，工业和信息化部组织第三方检测机构对群众关注的生活服务、休闲娱乐、实用工具等移动互联网应用程序（APP）及第三方软件开发工具包（SDK）进行检查，发现55款APP（SDK）存在侵害用户权益行为。 工业和信息化部表示，相关APP及SDK应按有关规定进行整改，整改落实不到位的，将依法依规组织开展相关处置工作。 工业和信息化部通报存在问题的APP（SDK）名单 （来源：工信微报微信公众号、人民网微信公众号） 本文为澎湃号作者或机构在澎湃新闻上传并发布，仅代表该作者或机构观点，不代表澎湃新闻的观点或立场，澎湃新闻仅提供信息发布平台。申请澎湃号请用电脑访问http://renzheng.thepaper.cn。 Android版 iPhone版 iPad版 沪ICP备14003370号 沪公网安备31010602000299号 互联网新闻信息服务许可证：31120170006 增值电信业务经营许可证：沪B2-2017116 © 2014-2026 上海东方报业有限公司 ||| 中央网信办 工业和信息化部 公安部 市场监管总局 关于开展App违法违规收集使用个人信息 专项治理的公告 〔2019年 第1号〕 近年来，移动互联网应用程序（App）得到广泛应用，在促进经济社会发展、服务民生等方面发挥了不可替代的作用。同时，App强制授权、过度索权、超范围收集个人信息的现象大量存在，违法违规使用个人信息的问题十分突出，广大网民对此反应强烈。落实《网络安全法》《消费者权益保护法》的要求，为保障个人信息安全，维护广大网民合法权益，中央网信办、工业和信息化部、公安部、市场监管总局决定，自2019年1月至12月，在全国范围组织开展App违法违规收集使用个人信息专项治理。现将有关事项公告如下： 一、App运营者收集使用个人信息时要严格履行《网络安全法》规定的责任义务，对获取的个人信息安全负责，采取有效措施加强个人信息保护。遵循合法、正当、必要的原则，不收集与所提供服务无关的个人信息；收集个人信息时要以通俗易懂、简单明了的方式展示个人信息收集使用规则，并经个人信息主体自主选择同意；不以默认、捆绑、停止安装使用等手段变相强迫用户授权，不得违反法律法规和与用户的约定收集使用个人信息。倡导App运营者在定向推送新闻、时政、广告时，为用户提供拒绝接收定向推送的选项。 二、全国信息安全标准化技术委员会、中国消费者协会、中国互联网协会、中国网络空间安全协会，依据法律法规和国家相关标准，编 ||| 来源：雪球App，作者： 看点科技，（https://xueqiu.com/4453566636/182569006） 中国网科技6月11日讯 据网信中国微信公众号消息，近期，针对人民群众反映强烈的App非法获取、超范围收集、过度索权等侵害个人信息的现象，国家互联网信息办公室依据相关法律和有关规定，组织对运动健身、新闻资讯、网络直播、应用商店、女性健康等常见类型公众大量使用的部分App的个人信息收集使用情况进行了检测。 图片来源：应用市场 检测发现，由中兴通讯股份有限公司运营的应用商店APP(版本：10.07.2006121636)存在违反必要原则和《常见类型移动互联网应用程序必要个人信息范围规定》，收集与其提供服务无关的个人信息等问题。 网信办强调，针对检测发现的问题，相关App运营者应当于本通报发布之日起15个工作日内完成整改。各地网信办指导督促本地区App运营者按要求限期进行整改，逾期未完成整改的网信办将依法予以处置。 公开资料显示，中兴通讯股份有限公司于1985年在深圳成立，是一家综合通信解决方案提供商，中兴通讯主要运营三大业务：运营商网络、终端、电信。 风险提示：用户发表的所有文章仅代表个人观点，与雪球的立场无关。投资决策需建立在独立思考之上。 中国网科技6月11日讯 据网信中国微信公众号消息，近期，针对人民群众反映强烈的App非法获取、超范围收集、过度索权等侵害个人信息",social_media ||| social_media ||| official ||| social_media,http://finance.people.com.cn/n1/2023/0321/c1004-32648518.html ||| https://www.thepaper.cn/newsDetail_forward_22413038 ||| http://www.gov.cn/zhengce/zhengceku/2019-11/11/content_5450754.htm ||| https://xueqiu.com/4453566636/182569006,4,silver_candidate,standard_review,0.000,low,low_risk,accept,,,,,,证据提及群众关注的生活服务类App问题及网民对违规收集信息反应强烈，支持公众作为核心保护对象的定位。,annotator_A,adjudicated_final,annotator_A
E046,LLM_CANON_E046_005,中央网信办等多部门联合监管部门,联合开展个人信息保护系列专项行动，印发违规行为认定方法，协同推进App违法违规收集使用个人信息治理工作。,neutral,证据显示多部门联合发布公告与认定方法，明确治理范围与标准，协同开展抽查与专项行动，形成监管合力。,SC_E046_005,中央网信办;公安部;市场监管总局;四部门;国家互联网信息办公室,True,,ev-02073;ev-02075;ev-02080;ev-02081,"央视新闻 2025-10-28 17:53发布于北京中央广播电视总台央视新闻官方账号 根据中央网信办、工业和信息化部、公安部、市场监管总局等四部门联合发布的《关于开展2025年个人信息保护系列专项行动的公告》，工信部对App、SDK违法违规收集使用个人信息等问题开展治理。近期，经组织第三方检测机构进行抽查，共发现42款App及SDK存在侵害用户权益行为，现予以通报。 这些App及SDK应按有关规定进行整改，整改落实不到位的，工信部将依法依规组织开展相关处置工作。 附件：工业和信息化部通报存在问题的APP（SDK）名单 ©2025中央广播电视总台版权所有。未经许可，请勿转载使用。 ||| 用微信扫码二维码 分享至好友和朋友圈 根据中央网信办、工业和信息化部、公安部、市场监管总局等四部门联合发布的《关于开展2025年个人信息保护系列专项行动的公告》，工信部对App、SDK违法违规收集使用个人信息等问题开展治理。近期，经组织第三方检测机构进行抽查，共发现42款App及SDK存在侵害用户权益行为，现予以通报。 这些App及SDK应按有关规定进行整改，整改落实不到位的，工信部将依法依规组织开展相关处置工作。 附件：工业和信息化部通报存在问题的App（SDK）名单 来源 央视财经 责任编辑 吕世成 严云 责任校对 李鸿睿 主编 武熙智 终审 编委 李荣 特别声明：以上内容(如有图片或视频亦包括在内)为自媒体平台“网易号”用户上传并发布，本平台仅提供信息存储服务。 Notice: The content above (including the pictures and videos if any) is uploaded and posted by a user of NetEase Hao, which is a social media platform and only provides information storage services. 大风新闻 2026-05-25 22:28:10 上游新闻 2026-05-25 14:46:47 中国新闻周刊 2026- ||| 中央网信办 工业和信息化部 公安部 市场监管总局 关于开展App违法违规收集使用个人信息 专项治理的公告 〔2019年 第1号〕 近年来，移动互联网应用程序（App）得到广泛应用，在促进经济社会发展、服务民生等方面发挥了不可替代的作用。同时，App强制授权、过度索权、超范围收集个人信息的现象大量存在，违法违规使用个人信息的问题十分突出，广大网民对此反应强烈。落实《网络安全法》《消费者权益保护法》的要求，为保障个人信息安全，维护广大网民合法权益，中央网信办、工业和信息化部、公安部、市场监管总局决定，自2019年1月至12月，在全国范围组织开展App违法违规收集使用个人信息专项治理。现将有关事项公告如下： 一、App运营者收集使用个人信息时要严格履行《网络安全法》规定的责任义务，对获取的个人信息安全负责，采取有效措施加强个人信息保护。遵循合法、正当、必要的原则，不收集与所提供服务无关的个人信息；收集个人信息时要以通俗易懂、简单明了的方式展示个人信息收集使用规则，并经个人信息主体自主选择同意；不以默认、捆绑、停止安装使用等手段变相强迫用户授权，不得违反法律法规和与用户的约定收集使用个人信息。倡导App运营者在定向推送新闻、时政、广告时，为用户提供拒绝接收定向推送的选项。 二、全国信息安全标准化技术委员会、中国消费者协会、中国互联网协会、中国网络空间安全协会，依据法律法规和国家相关标准，编 ||| 发布时间：2024-09-08浏览次数：328 国家互联网信息办公室秘书局 工业和信息化部办公厅 公安部办公厅 国家市场监督管理总局办公厅 关于印发《App违法违规收集使用个人信息行为认定方法》的通知 国信办秘字〔2019〕191号 各省、自治区、直辖市及新疆生产建设兵团网信办、通信管理局、公安厅(局)、市场监管局(厅、委)： 根据《关于开展App违法违规收集使用个人信息专项治理的公告》，为认定App违法违规收集使用个人信息行为提供参考，落实《网络安全法》等法律法规，国家互联网信息办公室、工业和信息化部、公安部、市场监管总局联合制定了《App违法违规收集使用个人信息行为认定方法》。现印发你们，请结合监管和执法工作实际参考执行。 国家互联网信息办公室秘书局 工业和信息化部办公厅 公安部办公厅 市场监管总局办公厅 2019年11月28日 App违法违规收集使用个人信息行为认定方法 根据《关于开展App违法违规收集使用个人信息专项治理的公告》，为监督管理部门认定App违法违规收集使用个人信息行为提供参考，为App运营者自查自纠和网民社会监督提供指引，落实《网络安全法》等法律法规，制定本方法。 一、以下行为可被认定为“未公开收集使用规则” 1.在App中没有隐私政策，或者隐私政策中没有收集使用个人信息规则； 2.在App首次运行时未通过弹窗等明显方式提示用户阅读隐私政策等收集使用规则； 3",mainstream_news ||| social_media ||| official ||| public_web,https://news.qq.com/rain/a/20251028A0542A00 ||| https://www.163.com/dy/article/KD28P0MF0514TQ48.html ||| http://www.gov.cn/zhengce/zhengceku/2019-11/11/content_5450754.htm ||| https://www.chu.edu.cn/wlaq/2024/0908/c2452a184350/page.htm,4,silver_candidate,standard_review,0.000,low,low_risk,accept,,,,,,证据涵盖四部门联合发布专项行动公告及印发认定方法，协同治理与政策框架表述准确无误。,annotator_A,adjudicated_final,annotator_A
E047,LLM_CANON_E047_001,中央网信办,发布通报指出15款App和16款SDK存在违法违规收集使用个人信息问题，并组织专项检测以推动平台合规与用户权益保护。,neutral,证据明确记载中央网信办组织检测并发布通报，指出具体违规问题及整改导向。,SC_E047_001,网信办;中央网信办秘书局,True,,ev-01177;ev-01178;ev-01179;ev-01180;ev-01181;ev-01182;ev-01183;ev-01184;ev-01185;ev-01186,"中央网信办发布关于15款App和16款SDK个人信息收集使用问题的通报。中央网信办组织对App、SDK收集使用个人信息行为进行检测,现对有关问题予以通报:一、墨迹天气tv版、医家等15款App存在未逐 ||| 网信办通报了15款App和16款SDK存在的问题。根据中央网信办、工业和信息化部、公安部、市场监管总局联合发布的公告，依据相关法律法规，中央网信办组织对App、SDK收集使用个人信息行为进行了检测。 墨迹天气tv版、医家等15款App未逐一列出收集使用个人信息的SDK，也未准确列出SDK收集使用个人信息的目的、方式和范围等问题。CTP穿透采集、金仕达穿透采集等16款SDK在收集使用个人信息时，未提供个人信息收集使用规则，未说明自行或协助App响应用户个人信息权利请求的措施，且未及时响应用户个人信息投诉举报等权利请求。 相关App和SDK运营者需在通报发布之日起的15个工作日内完成整改。 ||| 用微信扫描二维码 分享至好友和朋友圈 网信办通报了15款App和16款SDK存在的问题。根据中央网信办、工业和信息化部、公安部、市场监管总局联合发布的公告，依据相关法律法规，中央网信办组织对App、SDK收集使用个人信息行为进行了检测。 墨迹天气tv版、医家等15款App未逐一列出收集使用个人信息的SDK，也未准确列出SDK收集使用个人信息的目的、方式和范围等问题。CTP穿透采集、金仕达穿透采集等16款SDK在收集使用个人信息时，未提供个人信息收集使用规则，未说明自行或协助App响应用户个人信息权利请求的措施，且未及时响应用户个人信息投诉举报等权利请求。 相关App和SDK运营者需在通报发布之日起的15个工作日内完成整改。 根据中央网信办、工业和信息化部、公安部、市场监管总局联合发布的《关于开展2025年个人信息保护系列专项行动的公告》，依据相关法律法规，中央网信办对App和SDK收集使用个人信息的行为进行了检测 近日，中央网信办专门印发通知，从阻断“开盒”信息传播、完善预警机制、加大惩治力度、优化保护措施、加强宣传引导等多个维度明确工作要求 2月19日，国家网信办发布通报，北京猿力科技有限公司运营的小猿搜题、马上消费金融股份有限公司运营的安逸花、北京中公教育科技有限公司运营的中公教师等APP因侵害个人信息权益被依法责令限期整改 11月24日，中央网信办印发通知，启动“清朗·网络平 ||| 打开微信，点击底部的“发现”， 使用“扫一扫”即可将网页分享至朋友圈。 第一财经2025-05-06 20:42:27听新闻 责编：高莉珊 {{aisd}} AI生成 免责声明 据“网信中国”公众号消息，中央网信办秘书局发布关于15款App和16款SDK个人信息收集使用问题的通报。其中提到，墨迹天气tv版、医家等15款App存在未逐一列出收集使用个人信息的SDK，未准确列出SDK收集使用个人信息的目的、方式、范围等问题；CTP穿透采集、金仕达穿透采集等16款SDK收集使用个人信息，存在未提供个人信息收集使用规则，未说明自行或协助App响应用户个人信息权利请求的措施，未及时响应用户个人信息投诉举报等权利请求等问题。 严惩“内鬼”。 A股停牌提示：15股今日停牌 目前，美团客服已向每一位受影响用户致歉，并将承担全部费用和赔偿相应损失。 上海市通信管理局：下架10款侵害用户权益行为APP（SDK） 一方面要更加突出重点领域和重点对象，另一方面要进一步压实网络服务提供者的责任。 ||| 每日经济新闻 2025-05-06 20:54发布于四川每日经济新闻官方账号 每经AI快讯，据“网信中国”公众号消息，中央网信办发布关于15款App和16款SDK个人信息收集使用问题的通报。其中提到，墨迹天气tv版、医家等15款App存在未逐一列出收集使用个人信息的SDK，未准确列出SDK收集使用个人信息的目的、方式、范围等问题；CTP穿透采集、金仕达穿透采集等16款SDK收集使用个人信息，存在未提供个人信息收集使用规则，未说明自行或协助App响应用户个人信息权利请求的措施，未及时响应用户个人信息投诉举报等权利请求等问题。 每日经济新闻 ||| 调查问题加载中，请稍候。 若长时间无响应，请刷新本页面 关于侵害用户权益行为的APP（SDK）通报 （2025年第7批，总第52批） 根据中央网信办、工业和信息化部、公安部、市场监管总局等四部门联合发布的《关于开展2025年个人信息保护系列专项行动的公告》，依据《个人信息保护法》《网络安全法》《电信条例》《电信和互联网用户个人信息保护规定》等法律法规，我部对APP、SDK违法违规收集使用个人信息等问题开展治理。近期，经组织第三方检测机构进行抽查，共发现39款APP及SDK存在侵害用户权益行为，现予以通报。 上述APP及SDK应按有关规定进行整改，整改落实不到位的，我部将依法依规组织开展相关处置工作。 工业和信息化部信息通信管理局 2025年11月10日 转自：工信微报 点击右上角微信好友 朋友圈 点击浏览器下方“”分享微信好友Safari浏览器请点击“”按钮 点击右上角QQ 点击浏览器下方“”分享QQ好友Safari浏览器请点击“”按钮 ||| 首页 > 要闻动态 > 国内要闻 关于15款App和16款SDK个人信息收集使用问题的通报 根据中央网信办、工业和信息化部、公安部、市场监管总局联合发布的《关于开展2025年个人信息保护系列专项行动的公告》，依据《中华人民共和国网络安全法》《中华人民共和国个人信息保护法》《网络数据安全管理条例》《App违法违规收集使用个人信息行为认定方法》等法律法规和有关规定，中央网信办组织对App、SDK收集使用个人信息行为进行检测，现对有关问题予以通报： 一、墨迹天气tv版、医家等15款App存在未逐一列出收集使用个人信息的SDK，未准确列出SDK收集使用个人信息的目的、方式、范围等问题（详见下表）。 二、CTP穿透采集、金仕达穿透采集等16款SDK收集使用个人信息，存在未提供个人信息收集使用规则，未说明自行或协助App响应用户个人信息权利请求的措施，未及时响应用户个人信息投诉举报等权利请求等问题（详见下表）。 三、相关App和SDK运营者应当于本通报发布之日起的15个工作日内完成整改，并将整改情况报我办。我办将会同有关部门进行核查，并结合整改情况依法依规开展处置处罚。 联系电话：010-55635865，邮箱：Appzhili@cac.gov.cn 中央网信办秘书局 2025年５月６日 扫一扫在手机打开当前页 【关闭当前页面】 相关阅读： ||| 调查问题加载中，请稍候。 若长时间无响应，请刷新本页面 关于侵害用户权益行为的APP（SDK）通报 （2025年第7批，总第52批） 根据中央网信办、工业和信息化部、公安部、市场监管总局等四部门联合发布的《关于开展2025年个人信息保护系列专项行动的公告》，依据《个人信息保护法》《网络安全法》《电信条例》《电信和互联网用户个人信息保护规定》等法律法规，我部对APP、SDK违法违规收集使用个人信息等问题开展治理。近期，经组织第三方检测机构进行抽查，共发现39款APP及SDK存在侵害用户权益行为（详见附件），现予以通报。 上述APP及SDK应按有关规定进行整改，整改落实不到位的，我部将依法依规组织开展相关处置工作。 附件：工业和信息化部通报存在问题的APP（SDK）名单 工业和信息化部信息通信管理局 2025年11月10日 转自：工业和信息化部 点击右上角微信好友 朋友圈 点击浏览器下方“”分享微信好友Safari浏览器请点击“”按钮 点击右上角QQ 点击浏览器下方“”分享QQ好友Safari浏览器请点击“”按钮 ||| 关于侵害用户权益行为的APP（SDK）通报 （2025年第1批，总第46批） 根据中央网信办、工业和信息化部、公安部、市场监管总局等四部门联合发布的《关于开展2025年个人信息保护系列专项行动的公告》，依据《个人信息保护法》《网络安全法》《电信条例》《电信和互联网用户个人信息保护规定》等法律法规，我部对APP、SDK违法违规收集使用个人信息等问题开展治理。近期，经组织第三方检测机构进行抽查，共发现52款APP及SDK存在侵害用户权益行为（详见附件），现予以通报。 上述APP及SDK应按有关规定进行整改，整改落实不到位的，我部将依法依规组织开展相关处置工作。 附件：工业和信息化部通报存在问题的APP（SDK）名单 工业和信息化部信息通信管理局 2025年4月21日 ||| 关于侵害用户权益行为的APP（SDK）通报 （2025年第2批，总第47批） 根据中央网信办、工业和信息化部、公安部、市场监管总局等四部门联合发布的《关于开展2025年个人信息保护系列专项行动的公告》，依据《个人信息保护法》《网络安全法》《电信条例》《电信和互联网用户个人信息保护规定》等法律法规，我部对APP、SDK违法违规收集使用个人信息等问题开展治理。近期，经组织第三方检测机构进行抽查，共发现49款APP及SDK存在侵害用户权益行为（详见附件），现予以通报。 上述APP及SDK应按有关规定进行整改，整改落实不到位的，我部将依法依规组织开展相关处置工作。 附件：工业和信息化部通报存在问题的APP（SDK）名单 工业和信息化部信息通信管理局 2025年5月29日 最新要闻 ZUIXIN YAOWEN",social_media ||| mainstream_news ||| mainstream_news ||| public_web ||| mainstream_news ||| mainstream_news ||| official ||| mainstream_news ||| public_web ||| official,https://www.toutiao.com/article/7501315768747852303/ ||| https://3g.china.com/act/news/10000169/20250507/48296893.html ||| https://news.china.com/socialgd/10000169/20250507/48296893.html ||| https://www.yicai.com/news/102601630.html ||| https://new.qq.com/rain/a/20250506A08MUD00 ||| https://m.gmw.cn/2025-11/10/content_1304219555.htm ||| https://www.henan.gov.cn/2025/05-07/3155501.html ||| https://m.gmw.cn/2025-11/11/content_1304220471.htm ||| https://www.cqn.com.cn/ms/content/2025-04/22/content_9102236.htm ||| https://www.zjwx.gov.cn/art/2025/5/30/art_1673576_58876847.html,9,silver_candidate,standard_review,0.000,low,low_risk,accept,,,,,,证据直接对应中央网信办组织专项检测并发布通报15款App和16款SDK的具体事实，支持度高。,annotator_A,adjudicated_final,annotator_A
E047,LLM_CANON_E047_002,联合监管部门（工业和信息化部、公安部、市场监管总局）,联合发布2025年个人信息保护系列专项行动公告，为App和SDK个人信息收集使用治理提供法律法规依据与政策框架。,neutral,多份证据提及四部门联合发布公告，依据《个人信息保护法》等法规协同开展治理行动。,SC_E047_002,工信部;公安部;市场监管总局;四部门,True,,ev-01178;ev-01179;ev-01182;ev-01183;ev-01184;ev-01185;ev-01186,网信办通报了15款App和16款SDK存在的问题。根据中央网信办、工业和信息化部、公安部、市场监管总局联合发布的公告，依据相关法律法规，中央网信办组织对App、SDK收集使用个人信息行为进行了检测。 墨迹天气tv版、医家等15款App未逐一列出收集使用个人信息的SDK，也未准确列出SDK收集使用个人信息的目的、方式和范围等问题。CTP穿透采集、金仕达穿透采集等16款SDK在收集使用个人信息时，未提供个人信息收集使用规则，未说明自行或协助App响应用户个人信息权利请求的措施，且未及时响应用户个人信息投诉举报等权利请求。 相关App和SDK运营者需在通报发布之日起的15个工作日内完成整改。 ||| 用微信扫描二维码 分享至好友和朋友圈 网信办通报了15款App和16款SDK存在的问题。根据中央网信办、工业和信息化部、公安部、市场监管总局联合发布的公告，依据相关法律法规，中央网信办组织对App、SDK收集使用个人信息行为进行了检测。 墨迹天气tv版、医家等15款App未逐一列出收集使用个人信息的SDK，也未准确列出SDK收集使用个人信息的目的、方式和范围等问题。CTP穿透采集、金仕达穿透采集等16款SDK在收集使用个人信息时，未提供个人信息收集使用规则，未说明自行或协助App响应用户个人信息权利请求的措施，且未及时响应用户个人信息投诉举报等权利请求。 相关App和SDK运营者需在通报发布之日起的15个工作日内完成整改。 根据中央网信办、工业和信息化部、公安部、市场监管总局联合发布的《关于开展2025年个人信息保护系列专项行动的公告》，依据相关法律法规，中央网信办对App和SDK收集使用个人信息的行为进行了检测 近日，中央网信办专门印发通知，从阻断“开盒”信息传播、完善预警机制、加大惩治力度、优化保护措施、加强宣传引导等多个维度明确工作要求 2月19日，国家网信办发布通报，北京猿力科技有限公司运营的小猿搜题、马上消费金融股份有限公司运营的安逸花、北京中公教育科技有限公司运营的中公教师等APP因侵害个人信息权益被依法责令限期整改 11月24日，中央网信办印发通知，启动“清朗·网络平 ||| 调查问题加载中，请稍候。 若长时间无响应，请刷新本页面 关于侵害用户权益行为的APP（SDK）通报 （2025年第7批，总第52批） 根据中央网信办、工业和信息化部、公安部、市场监管总局等四部门联合发布的《关于开展2025年个人信息保护系列专项行动的公告》，依据《个人信息保护法》《网络安全法》《电信条例》《电信和互联网用户个人信息保护规定》等法律法规，我部对APP、SDK违法违规收集使用个人信息等问题开展治理。近期，经组织第三方检测机构进行抽查，共发现39款APP及SDK存在侵害用户权益行为，现予以通报。 上述APP及SDK应按有关规定进行整改，整改落实不到位的，我部将依法依规组织开展相关处置工作。 工业和信息化部信息通信管理局 2025年11月10日 转自：工信微报 点击右上角微信好友 朋友圈 点击浏览器下方“”分享微信好友Safari浏览器请点击“”按钮 点击右上角QQ 点击浏览器下方“”分享QQ好友Safari浏览器请点击“”按钮 ||| 首页 > 要闻动态 > 国内要闻 关于15款App和16款SDK个人信息收集使用问题的通报 根据中央网信办、工业和信息化部、公安部、市场监管总局联合发布的《关于开展2025年个人信息保护系列专项行动的公告》，依据《中华人民共和国网络安全法》《中华人民共和国个人信息保护法》《网络数据安全管理条例》《App违法违规收集使用个人信息行为认定方法》等法律法规和有关规定，中央网信办组织对App、SDK收集使用个人信息行为进行检测，现对有关问题予以通报： 一、墨迹天气tv版、医家等15款App存在未逐一列出收集使用个人信息的SDK，未准确列出SDK收集使用个人信息的目的、方式、范围等问题（详见下表）。 二、CTP穿透采集、金仕达穿透采集等16款SDK收集使用个人信息，存在未提供个人信息收集使用规则，未说明自行或协助App响应用户个人信息权利请求的措施，未及时响应用户个人信息投诉举报等权利请求等问题（详见下表）。 三、相关App和SDK运营者应当于本通报发布之日起的15个工作日内完成整改，并将整改情况报我办。我办将会同有关部门进行核查，并结合整改情况依法依规开展处置处罚。 联系电话：010-55635865，邮箱：Appzhili@cac.gov.cn 中央网信办秘书局 2025年５月６日 扫一扫在手机打开当前页 【关闭当前页面】 相关阅读： ||| 调查问题加载中，请稍候。 若长时间无响应，请刷新本页面 关于侵害用户权益行为的APP（SDK）通报 （2025年第7批，总第52批） 根据中央网信办、工业和信息化部、公安部、市场监管总局等四部门联合发布的《关于开展2025年个人信息保护系列专项行动的公告》，依据《个人信息保护法》《网络安全法》《电信条例》《电信和互联网用户个人信息保护规定》等法律法规，我部对APP、SDK违法违规收集使用个人信息等问题开展治理。近期，经组织第三方检测机构进行抽查，共发现39款APP及SDK存在侵害用户权益行为（详见附件），现予以通报。 上述APP及SDK应按有关规定进行整改，整改落实不到位的，我部将依法依规组织开展相关处置工作。 附件：工业和信息化部通报存在问题的APP（SDK）名单 工业和信息化部信息通信管理局 2025年11月10日 转自：工业和信息化部 点击右上角微信好友 朋友圈 点击浏览器下方“”分享微信好友Safari浏览器请点击“”按钮 点击右上角QQ 点击浏览器下方“”分享QQ好友Safari浏览器请点击“”按钮 ||| 关于侵害用户权益行为的APP（SDK）通报 （2025年第1批，总第46批） 根据中央网信办、工业和信息化部、公安部、市场监管总局等四部门联合发布的《关于开展2025年个人信息保护系列专项行动的公告》，依据《个人信息保护法》《网络安全法》《电信条例》《电信和互联网用户个人信息保护规定》等法律法规，我部对APP、SDK违法违规收集使用个人信息等问题开展治理。近期，经组织第三方检测机构进行抽查，共发现52款APP及SDK存在侵害用户权益行为（详见附件），现予以通报。 上述APP及SDK应按有关规定进行整改，整改落实不到位的，我部将依法依规组织开展相关处置工作。 附件：工业和信息化部通报存在问题的APP（SDK）名单 工业和信息化部信息通信管理局 2025年4月21日 ||| 关于侵害用户权益行为的APP（SDK）通报 （2025年第2批，总第47批） 根据中央网信办、工业和信息化部、公安部、市场监管总局等四部门联合发布的《关于开展2025年个人信息保护系列专项行动的公告》，依据《个人信息保护法》《网络安全法》《电信条例》《电信和互联网用户个人信息保护规定》等法律法规，我部对APP、SDK违法违规收集使用个人信息等问题开展治理。近期，经组织第三方检测机构进行抽查，共发现49款APP及SDK存在侵害用户权益行为（详见附件），现予以通报。 上述APP及SDK应按有关规定进行整改，整改落实不到位的，我部将依法依规组织开展相关处置工作。 附件：工业和信息化部通报存在问题的APP（SDK）名单 工业和信息化部信息通信管理局 2025年5月29日 最新要闻 ZUIXIN YAOWEN,mainstream_news ||| mainstream_news ||| mainstream_news ||| official ||| mainstream_news ||| public_web ||| official,https://3g.china.com/act/news/10000169/20250507/48296893.html ||| https://news.china.com/socialgd/10000169/20250507/48296893.html ||| https://m.gmw.cn/2025-11/10/content_1304219555.htm ||| https://www.henan.gov.cn/2025/05-07/3155501.html ||| https://m.gmw.cn/2025-11/11/content_1304220471.htm ||| https://www.cqn.com.cn/ms/content/2025-04/22/content_9102236.htm ||| https://www.zjwx.gov.cn/art/2025/5/30/art_1673576_58876847.html,6,silver_candidate,standard_review,0.000,low,low_risk,accept,,,,,,多份证据明确引用四部门联合发布的2025年专项行动公告，政策依据与联合监管描述准确。,annotator_A,adjudicated_final,annotator_A
E047,LLM_CANON_E047_003,涉事App与SDK企业,被通报存在未逐一列出收集使用个人信息的SDK、未准确说明收集目的/方式/范围等违规问题，面临监管整改要求。,negative,证据直接点名多款App和SDK存在具体违规收集使用个人信息行为，并被官方通报要求整改。,SC_E047_003,墨迹天气tv版;医家;CTP穿透采集;金仕达穿透采集;被通报App/SDK,True,,ev-01177;ev-01178;ev-01179;ev-01180;ev-01181,"中央网信办发布关于15款App和16款SDK个人信息收集使用问题的通报。中央网信办组织对App、SDK收集使用个人信息行为进行检测,现对有关问题予以通报:一、墨迹天气tv版、医家等15款App存在未逐 ||| 网信办通报了15款App和16款SDK存在的问题。根据中央网信办、工业和信息化部、公安部、市场监管总局联合发布的公告，依据相关法律法规，中央网信办组织对App、SDK收集使用个人信息行为进行了检测。 墨迹天气tv版、医家等15款App未逐一列出收集使用个人信息的SDK，也未准确列出SDK收集使用个人信息的目的、方式和范围等问题。CTP穿透采集、金仕达穿透采集等16款SDK在收集使用个人信息时，未提供个人信息收集使用规则，未说明自行或协助App响应用户个人信息权利请求的措施，且未及时响应用户个人信息投诉举报等权利请求。 相关App和SDK运营者需在通报发布之日起的15个工作日内完成整改。 ||| 用微信扫描二维码 分享至好友和朋友圈 网信办通报了15款App和16款SDK存在的问题。根据中央网信办、工业和信息化部、公安部、市场监管总局联合发布的公告，依据相关法律法规，中央网信办组织对App、SDK收集使用个人信息行为进行了检测。 墨迹天气tv版、医家等15款App未逐一列出收集使用个人信息的SDK，也未准确列出SDK收集使用个人信息的目的、方式和范围等问题。CTP穿透采集、金仕达穿透采集等16款SDK在收集使用个人信息时，未提供个人信息收集使用规则，未说明自行或协助App响应用户个人信息权利请求的措施，且未及时响应用户个人信息投诉举报等权利请求。 相关App和SDK运营者需在通报发布之日起的15个工作日内完成整改。 根据中央网信办、工业和信息化部、公安部、市场监管总局联合发布的《关于开展2025年个人信息保护系列专项行动的公告》，依据相关法律法规，中央网信办对App和SDK收集使用个人信息的行为进行了检测 近日，中央网信办专门印发通知，从阻断“开盒”信息传播、完善预警机制、加大惩治力度、优化保护措施、加强宣传引导等多个维度明确工作要求 2月19日，国家网信办发布通报，北京猿力科技有限公司运营的小猿搜题、马上消费金融股份有限公司运营的安逸花、北京中公教育科技有限公司运营的中公教师等APP因侵害个人信息权益被依法责令限期整改 11月24日，中央网信办印发通知，启动“清朗·网络平 ||| 打开微信，点击底部的“发现”， 使用“扫一扫”即可将网页分享至朋友圈。 第一财经2025-05-06 20:42:27听新闻 责编：高莉珊 {{aisd}} AI生成 免责声明 据“网信中国”公众号消息，中央网信办秘书局发布关于15款App和16款SDK个人信息收集使用问题的通报。其中提到，墨迹天气tv版、医家等15款App存在未逐一列出收集使用个人信息的SDK，未准确列出SDK收集使用个人信息的目的、方式、范围等问题；CTP穿透采集、金仕达穿透采集等16款SDK收集使用个人信息，存在未提供个人信息收集使用规则，未说明自行或协助App响应用户个人信息权利请求的措施，未及时响应用户个人信息投诉举报等权利请求等问题。 严惩“内鬼”。 A股停牌提示：15股今日停牌 目前，美团客服已向每一位受影响用户致歉，并将承担全部费用和赔偿相应损失。 上海市通信管理局：下架10款侵害用户权益行为APP（SDK） 一方面要更加突出重点领域和重点对象，另一方面要进一步压实网络服务提供者的责任。 ||| 每日经济新闻 2025-05-06 20:54发布于四川每日经济新闻官方账号 每经AI快讯，据“网信中国”公众号消息，中央网信办发布关于15款App和16款SDK个人信息收集使用问题的通报。其中提到，墨迹天气tv版、医家等15款App存在未逐一列出收集使用个人信息的SDK，未准确列出SDK收集使用个人信息的目的、方式、范围等问题；CTP穿透采集、金仕达穿透采集等16款SDK收集使用个人信息，存在未提供个人信息收集使用规则，未说明自行或协助App响应用户个人信息权利请求的措施，未及时响应用户个人信息投诉举报等权利请求等问题。 每日经济新闻",social_media ||| mainstream_news ||| mainstream_news ||| public_web ||| mainstream_news,https://www.toutiao.com/article/7501315768747852303/ ||| https://3g.china.com/act/news/10000169/20250507/48296893.html ||| https://news.china.com/socialgd/10000169/20250507/48296893.html ||| https://www.yicai.com/news/102601630.html ||| https://new.qq.com/rain/a/20250506A08MUD00,5,silver_candidate,standard_review,0.000,low,low_risk,accept,,,,,,证据详细列出涉事App/SDK未逐一列出SDK、未准确说明收集目的等具体违规情形，指控有据。,annotator_A,adjudicated_final,annotator_A
E048,LLM_CANON_E048_001,江苏省通信管理局,通报20款侵害用户权益的App，要求开发运营者在2月28日前完成整改，逾期将视情采取下架、关停或行政处罚等措施，持续强化App违规行为整治以保护用户权益。,positive,证据明确记载该局发布2025年第1批通报，设定整改期限并声明对整改不到位者将依法处置，体现其积极履行监管职责、维护用户权益的立场。,SC_E048_001,我局;该局,True,,ev-01198;ev-01199;ev-01200;ev-01201;ev-01206,"扬眼 2025-02-20 22:41发布于江苏扬子晚报扬眼官方账号 2月20日，记者从江苏省通信管理局官网获悉，江苏省通信管理局通报2025年第1批侵害用户权益行为APP。 图源 江苏省通信管理局官网 江苏省通信管理局高度重视用户权益保护工作，依据《个人信息保护法》《网络安全法》《电信条例》《电信和互联网用户个人信息保护规定》等法律法规，持续整治APP侵害用户权益的违规行为。近期，江苏省通信管理局组织第三方检测机构对群众关注的省内生活服务、休闲娱乐、实用工具等类型的APP进行检查，并通报相关违规APP主办者限期整改。 截至目前，尚有20款APP未完成整改，予以通报。上述APP开发运营者须在2月28日前完成整改，整改落实不到位的，江苏省通信管理局将视情采取下架、关停、行政处罚等措施。 存在问题的APP清单 图源 江苏省通信管理局官网 扬子晚报/紫牛新闻记者 马燕 校对 盛媛媛 ||| 2月20日,记者从江苏省通信管理局官网获悉,江苏省通信管理局通报2025年第1批侵害用户权益行为APP。 图源 江苏省通信管理局官网 江苏省通信管理局高度重视用户权益保护工作,依据《个人信息保护法》《 ||| 2月20日，记者从江苏省通信管理局官网获悉，江苏省通信管理局通报2025年第1批侵害用户权益行为APP。 江苏省通信管理局高度重视用户权益保护工作，依据《个人信息保护法》《网络安全法》《电信条例》《电信和互联网用户个人信息保护规定》等法律法规，持续整治APP侵害用户权益的违规行为。近期，江苏省通信管理局组织第三方检测机构对群众关注的省内生活服务、休闲娱乐、实用工具等类型的APP进行检查，并通报相关违规APP主办者限期整改。 截至目前，尚有20款APP未完成整改，予以通报。上述APP开发运营者须在2月28日前完成整改，整改落实不到位的，江苏省通信管理局将视情采取下架、关停、行政处罚等措施。 存在问题的APP清单 图源 江苏省通信管理局官网 扬子晚报/紫牛新闻记者 马燕 校对 盛媛媛 媒体来源：扬子晚报 ||| 扬眼 2025-02-20 22:41发布于江苏扬子晚报扬眼官方账号 2月20日，记者从江苏省通信管理局官网获悉，江苏省通信管理局通报2025年第1批侵害用户权益行为APP。 图源 江苏省通信管理局官网 江苏省通信管理局高度重视用户权益保护工作，依据《个人信息保护法》《网络安全法》《电信条例》《电信和互联网用户个人信息保护规定》等法律法规，持续整治APP侵害用户权益的违规行为。近期，江苏省通信管理局组织第三方检测机构对群众关注的省内生活服务、休闲娱乐、实用工具等类型的APP进行检查，并通报相关违规APP主办者限期整改。 截至目前，尚有20款APP未完成整改，予以通报。上述APP开发运营者须在2月28日前完成整改，整改落实不到位的，江苏省通信管理局将视情采取下架、关停、行政处罚等措施。 存在问题的APP清单 图源 江苏省通信管理局官网 扬子晚报/紫牛新闻记者 马燕 校对 盛媛媛 ||| 江苏省通信管理局高度重视用户权益保护工作，依据《个人信息保护法》《网络安全法》《电信条例》《电信和互联网用户个人信息保护规定》等法律法规，持续整治APP侵害用户权益的违规行为。近期，江苏省通信管理局组织第三方检测机构对群众关注的省内生活服务、休闲娱乐、实用工具等类型的APP进行检查，并通报相关违规APP主办者限期整改。 截至目前，尚有20款APP未完成整改（详见附件），现予以通报。请上述APP开发运营者在2月28日前完成整改，整改落实不到位的，江苏省通信管理局将视情采取下架、关停、行政处罚等措施。 联系方式：025-63090206，邮箱：app@jsca.gov.cn 附件：存在问题的APP清单 序号 APP名称 APP主办者 所涉问题 版本信息 是否备案 1 咕咕社区 江苏金点子品牌推广有限公司 违规收集个人信息；超范围收集个人信息；APP强制、频繁、过度索取权限 3.0.0 是 2 乖淘 苏州乖淘网络科技有限公司 超范围收集个人信息；强制用户使用定向推送功能；APP强制、频繁、过度索取权限；APP频繁自启动和关联启动 0.4.8 是 3 憨妈妈 憨妈妈网络科技（苏州）有限公司 违规收集个人信息；超范围收集个人信息；违规使用个人信息；APP强制、频繁、过度索取权限 3.3.1.8 是 4 通行宝 江苏通行宝智慧交通科技股份有限公司 违规收集个人信息；超范围收集个人信息；违规使用",mainstream_news ||| social_media ||| public_web ||| mainstream_news ||| mainstream_news,https://new.qq.com/rain/a/20250220A09IOA00 ||| https://www.toutiao.com/article/7473506739116048908/ ||| https://partners.sina.cn/html/uc/toutiao/article?docUrl=https%3A%2F%2Fk.sina.cn%2Farticle_1653603955_628ffe7302001q8ak.html&en_dataid=810b9a7384f4d288a7a3af8983e043441bbc80544315c29fa301e58f10624157&wm=6079 ||| https://view.inews.qq.com/a/20250220A09IOA00?scene=qqsearch ||| https://m.thepaper.cn/newsDetail_forward_30246131,5,silver_candidate,standard_review,0.000,low,low_risk,accept,,,,,,证据完整覆盖江苏通管局通报20款App、设定2月28日整改期限及逾期处置措施，积极履职定位合理。,annotator_A,adjudicated_final,annotator_A
E048,LLM_CANON_E048_002,App开发运营者,被通报存在违规收集使用个人信息等侵害用户权益问题，被监管方要求限期整改，需在2月28日前完成整改并反馈，否则面临下架等处置。,neutral,证据显示相关App因违法违规收集使用个人信息被点名通报，监管方明确要求其限期整改，但未提及运营方的具体回应或态度。,SC_E048_002,APP主办者;违规App运营单位;相关单位,True,,ev-01198;ev-01199;ev-01200;ev-01201;ev-01206,"扬眼 2025-02-20 22:41发布于江苏扬子晚报扬眼官方账号 2月20日，记者从江苏省通信管理局官网获悉，江苏省通信管理局通报2025年第1批侵害用户权益行为APP。 图源 江苏省通信管理局官网 江苏省通信管理局高度重视用户权益保护工作，依据《个人信息保护法》《网络安全法》《电信条例》《电信和互联网用户个人信息保护规定》等法律法规，持续整治APP侵害用户权益的违规行为。近期，江苏省通信管理局组织第三方检测机构对群众关注的省内生活服务、休闲娱乐、实用工具等类型的APP进行检查，并通报相关违规APP主办者限期整改。 截至目前，尚有20款APP未完成整改，予以通报。上述APP开发运营者须在2月28日前完成整改，整改落实不到位的，江苏省通信管理局将视情采取下架、关停、行政处罚等措施。 存在问题的APP清单 图源 江苏省通信管理局官网 扬子晚报/紫牛新闻记者 马燕 校对 盛媛媛 ||| 2月20日,记者从江苏省通信管理局官网获悉,江苏省通信管理局通报2025年第1批侵害用户权益行为APP。 图源 江苏省通信管理局官网 江苏省通信管理局高度重视用户权益保护工作,依据《个人信息保护法》《 ||| 2月20日，记者从江苏省通信管理局官网获悉，江苏省通信管理局通报2025年第1批侵害用户权益行为APP。 江苏省通信管理局高度重视用户权益保护工作，依据《个人信息保护法》《网络安全法》《电信条例》《电信和互联网用户个人信息保护规定》等法律法规，持续整治APP侵害用户权益的违规行为。近期，江苏省通信管理局组织第三方检测机构对群众关注的省内生活服务、休闲娱乐、实用工具等类型的APP进行检查，并通报相关违规APP主办者限期整改。 截至目前，尚有20款APP未完成整改，予以通报。上述APP开发运营者须在2月28日前完成整改，整改落实不到位的，江苏省通信管理局将视情采取下架、关停、行政处罚等措施。 存在问题的APP清单 图源 江苏省通信管理局官网 扬子晚报/紫牛新闻记者 马燕 校对 盛媛媛 媒体来源：扬子晚报 ||| 扬眼 2025-02-20 22:41发布于江苏扬子晚报扬眼官方账号 2月20日，记者从江苏省通信管理局官网获悉，江苏省通信管理局通报2025年第1批侵害用户权益行为APP。 图源 江苏省通信管理局官网 江苏省通信管理局高度重视用户权益保护工作，依据《个人信息保护法》《网络安全法》《电信条例》《电信和互联网用户个人信息保护规定》等法律法规，持续整治APP侵害用户权益的违规行为。近期，江苏省通信管理局组织第三方检测机构对群众关注的省内生活服务、休闲娱乐、实用工具等类型的APP进行检查，并通报相关违规APP主办者限期整改。 截至目前，尚有20款APP未完成整改，予以通报。上述APP开发运营者须在2月28日前完成整改，整改落实不到位的，江苏省通信管理局将视情采取下架、关停、行政处罚等措施。 存在问题的APP清单 图源 江苏省通信管理局官网 扬子晚报/紫牛新闻记者 马燕 校对 盛媛媛 ||| 江苏省通信管理局高度重视用户权益保护工作，依据《个人信息保护法》《网络安全法》《电信条例》《电信和互联网用户个人信息保护规定》等法律法规，持续整治APP侵害用户权益的违规行为。近期，江苏省通信管理局组织第三方检测机构对群众关注的省内生活服务、休闲娱乐、实用工具等类型的APP进行检查，并通报相关违规APP主办者限期整改。 截至目前，尚有20款APP未完成整改（详见附件），现予以通报。请上述APP开发运营者在2月28日前完成整改，整改落实不到位的，江苏省通信管理局将视情采取下架、关停、行政处罚等措施。 联系方式：025-63090206，邮箱：app@jsca.gov.cn 附件：存在问题的APP清单 序号 APP名称 APP主办者 所涉问题 版本信息 是否备案 1 咕咕社区 江苏金点子品牌推广有限公司 违规收集个人信息；超范围收集个人信息；APP强制、频繁、过度索取权限 3.0.0 是 2 乖淘 苏州乖淘网络科技有限公司 超范围收集个人信息；强制用户使用定向推送功能；APP强制、频繁、过度索取权限；APP频繁自启动和关联启动 0.4.8 是 3 憨妈妈 憨妈妈网络科技（苏州）有限公司 违规收集个人信息；超范围收集个人信息；违规使用个人信息；APP强制、频繁、过度索取权限 3.3.1.8 是 4 通行宝 江苏通行宝智慧交通科技股份有限公司 违规收集个人信息；超范围收集个人信息；违规使用",mainstream_news ||| social_media ||| public_web ||| mainstream_news ||| mainstream_news,https://new.qq.com/rain/a/20250220A09IOA00 ||| https://www.toutiao.com/article/7473506739116048908/ ||| https://partners.sina.cn/html/uc/toutiao/article?docUrl=https%3A%2F%2Fk.sina.cn%2Farticle_1653603955_628ffe7302001q8ak.html&en_dataid=810b9a7384f4d288a7a3af8983e043441bbc80544315c29fa301e58f10624157&wm=6079 ||| https://view.inews.qq.com/a/20250220A09IOA00?scene=qqsearch ||| https://m.thepaper.cn/newsDetail_forward_30246131,5,silver_candidate,standard_review,0.000,low,low_risk,accept,,,,,,证据明确运营者被点名通报并要求限期整改，中性情感符合客观监管要求与事实陈述。,annotator_A,adjudicated_final,annotator_A
E048,LLM_CANON_E048_003,公众用户,关注生活服务、休闲娱乐等类型App的个人信息安全，其合法权益是此次监管通报与专项整治行动的核心保护对象。,positive,证据指出检查针对“群众关注的”App类型，且监管行动旨在“高度重视用户权益保护工作”，表明公众是此次整治的受益方和关注主体。,SC_E048_003,群众;用户,True,,ev-01198;ev-01199;ev-01200;ev-01201;ev-01206,"扬眼 2025-02-20 22:41发布于江苏扬子晚报扬眼官方账号 2月20日，记者从江苏省通信管理局官网获悉，江苏省通信管理局通报2025年第1批侵害用户权益行为APP。 图源 江苏省通信管理局官网 江苏省通信管理局高度重视用户权益保护工作，依据《个人信息保护法》《网络安全法》《电信条例》《电信和互联网用户个人信息保护规定》等法律法规，持续整治APP侵害用户权益的违规行为。近期，江苏省通信管理局组织第三方检测机构对群众关注的省内生活服务、休闲娱乐、实用工具等类型的APP进行检查，并通报相关违规APP主办者限期整改。 截至目前，尚有20款APP未完成整改，予以通报。上述APP开发运营者须在2月28日前完成整改，整改落实不到位的，江苏省通信管理局将视情采取下架、关停、行政处罚等措施。 存在问题的APP清单 图源 江苏省通信管理局官网 扬子晚报/紫牛新闻记者 马燕 校对 盛媛媛 ||| 2月20日,记者从江苏省通信管理局官网获悉,江苏省通信管理局通报2025年第1批侵害用户权益行为APP。 图源 江苏省通信管理局官网 江苏省通信管理局高度重视用户权益保护工作,依据《个人信息保护法》《 ||| 2月20日，记者从江苏省通信管理局官网获悉，江苏省通信管理局通报2025年第1批侵害用户权益行为APP。 江苏省通信管理局高度重视用户权益保护工作，依据《个人信息保护法》《网络安全法》《电信条例》《电信和互联网用户个人信息保护规定》等法律法规，持续整治APP侵害用户权益的违规行为。近期，江苏省通信管理局组织第三方检测机构对群众关注的省内生活服务、休闲娱乐、实用工具等类型的APP进行检查，并通报相关违规APP主办者限期整改。 截至目前，尚有20款APP未完成整改，予以通报。上述APP开发运营者须在2月28日前完成整改，整改落实不到位的，江苏省通信管理局将视情采取下架、关停、行政处罚等措施。 存在问题的APP清单 图源 江苏省通信管理局官网 扬子晚报/紫牛新闻记者 马燕 校对 盛媛媛 媒体来源：扬子晚报 ||| 扬眼 2025-02-20 22:41发布于江苏扬子晚报扬眼官方账号 2月20日，记者从江苏省通信管理局官网获悉，江苏省通信管理局通报2025年第1批侵害用户权益行为APP。 图源 江苏省通信管理局官网 江苏省通信管理局高度重视用户权益保护工作，依据《个人信息保护法》《网络安全法》《电信条例》《电信和互联网用户个人信息保护规定》等法律法规，持续整治APP侵害用户权益的违规行为。近期，江苏省通信管理局组织第三方检测机构对群众关注的省内生活服务、休闲娱乐、实用工具等类型的APP进行检查，并通报相关违规APP主办者限期整改。 截至目前，尚有20款APP未完成整改，予以通报。上述APP开发运营者须在2月28日前完成整改，整改落实不到位的，江苏省通信管理局将视情采取下架、关停、行政处罚等措施。 存在问题的APP清单 图源 江苏省通信管理局官网 扬子晚报/紫牛新闻记者 马燕 校对 盛媛媛 ||| 江苏省通信管理局高度重视用户权益保护工作，依据《个人信息保护法》《网络安全法》《电信条例》《电信和互联网用户个人信息保护规定》等法律法规，持续整治APP侵害用户权益的违规行为。近期，江苏省通信管理局组织第三方检测机构对群众关注的省内生活服务、休闲娱乐、实用工具等类型的APP进行检查，并通报相关违规APP主办者限期整改。 截至目前，尚有20款APP未完成整改（详见附件），现予以通报。请上述APP开发运营者在2月28日前完成整改，整改落实不到位的，江苏省通信管理局将视情采取下架、关停、行政处罚等措施。 联系方式：025-63090206，邮箱：app@jsca.gov.cn 附件：存在问题的APP清单 序号 APP名称 APP主办者 所涉问题 版本信息 是否备案 1 咕咕社区 江苏金点子品牌推广有限公司 违规收集个人信息；超范围收集个人信息；APP强制、频繁、过度索取权限 3.0.0 是 2 乖淘 苏州乖淘网络科技有限公司 超范围收集个人信息；强制用户使用定向推送功能；APP强制、频繁、过度索取权限；APP频繁自启动和关联启动 0.4.8 是 3 憨妈妈 憨妈妈网络科技（苏州）有限公司 违规收集个人信息；超范围收集个人信息；违规使用个人信息；APP强制、频繁、过度索取权限 3.3.1.8 是 4 通行宝 江苏通行宝智慧交通科技股份有限公司 违规收集个人信息；超范围收集个人信息；违规使用",mainstream_news ||| social_media ||| public_web ||| mainstream_news ||| mainstream_news,https://new.qq.com/rain/a/20250220A09IOA00 ||| https://www.toutiao.com/article/7473506739116048908/ ||| https://partners.sina.cn/html/uc/toutiao/article?docUrl=https%3A%2F%2Fk.sina.cn%2Farticle_1653603955_628ffe7302001q8ak.html&en_dataid=810b9a7384f4d288a7a3af8983e043441bbc80544315c29fa301e58f10624157&wm=6079 ||| https://view.inews.qq.com/a/20250220A09IOA00?scene=qqsearch ||| https://m.thepaper.cn/newsDetail_forward_30246131,5,silver_candidate,standard_review,0.000,low,low_risk,accept,,,,,,证据指出检查针对群众关注的App类型且旨在保护用户权益，公众作为受益方与关注主体的定位准确。,annotator_A,adjudicated_final,annotator_A
E049,LLM_CANON_E049_001,网约车司机,投诉平台存在“阴阳账单”与层层高抽成（部分超30%甚至近50%），导致实际收入大幅缩水，对平台不透明的计费规则表示强烈不满，呼吁保障知情权与合理收入。,negative,多份证据显示司机端显示金额显著低于乘客实付金额，司机普遍反映抽成过高且规则不透明，收入受损引发群体性不满与维权投诉。,SC_E049_001,司机;司机群体;陈晨;黄欣;滴滴司机,True,,ev-01217;ev-01218;ev-01221;ev-01367;ev-01369;ev-01370;ev-01371;ev-01372;ev-01375;ev-01377;ev-01378;ev-01383,"2024-01-16 11:33:07新视界来自北京市 凤凰网科技《新视界》出品 作者｜陈枫 编辑｜任清 “乘客支付155.06元，而平台却显示乘客支付了102.89元。”1月15日，某网约车平台（阳光出行）司机陈晨（化名）在某投诉平台上称。 1月14日，陈晨接到由北京朝阳站到北京西站的外派订单。据他表示，在订单结束时，乘客端支付了155.06元，但是司机端却显示乘客支付了102.89元，52.17元的差额“不翼而飞”。这样的“阴阳账单”让陈晨很懊恼。 长久以来，网约车司机饱受平台抽成过高之苦，部分平台抽成比例一度超过乘客支付金额的30%，引起司机群体严重不满。 据上海民声直通车，东南大学交通法治与发展研究中心执行主任、中国城市公共交通协会网约车分会会长顾大松晒出的账单截图显示，一位乘客打车，订单结束实付98.11元。 但司机端却显示乘客付费为71.46元，司机实收52.17元。追问下去，发现这个订单系第三方订单：也就是说，乘客所下单平台并非司机接单平台。乘客下单平台接到订单后，将订单转卖。转卖订单的平台收取费用为26.65元，承运平台抽佣为19.29元，最后司机实收仅为乘客支付金额的53%。 顾大松晒出的账单截图｜来源上海民声直通车 近日，聚合模式的兴起和“阴阳账单”的出现再度让高抽成重新出现在网约车行业中。据悉在固有的抽成金额之外，聚合平台会再次收取部分费用；而部分平台在司机端 ||| “乘客支付155.06元,而平台却显示乘客支付了102.89元。”1月15日,某网约车平台(阳光出行)司机陈晨(化名)在某投诉平台上称。 “乘客支付155.06元,而平台却显示乘客支付了102.89元 ||| 【#你打车费的三分之一不翼而飞了# 抽成超30%，阴阳账单涉嫌违法？】#网约车司机为什么选择聚合平台# ？ 长久以来，网约车司机饱受平台抽成过高之苦，部分平台抽成比例一度超过乘客支付金额的30%，引起司机群体严重不满。 近日，聚合模式的兴起和“阴阳账单”的出现再度让高抽成重新出现在网约车行业中。据悉在固有的抽成金额之外，聚合平台会再次收取部分费用；而部分平台在司机端降低了乘客实际支付金额，造成一种“低抽成”的假象。 1月15日，凤凰网采访了多位网约车司机。其中一位在广州市跑车（曹操出行）的司机表示，司机端显示支付金额低于乘客实际支付金额的情况普遍存在。“这是公司的猫腻，我们也没办法。”@凤凰网科技 24小时滚动播报最新的财经资讯和视频，更多粉丝福利扫描二维码关注（sinafinance） 网友提问：@@=value.question$$ 老师回答：@@=value.answer$$ @@=value.title$$ 新浪财经意见反馈留言板 新浪简介|广告服务|About Sina 联系我们|招聘信息|通行证注册 产品答疑|网站律师|SINA English Copyright © 1996-2024 SINA Corporation All Rights Reserved 新浪公司 版权所有 ||| 距离商家最新回复已经30个自然日，期间用户未做进一步操作，系统已自动变更为“已完成”状态。如对企业处理结果有异议，可重新发起投诉。 工作人员正在快马加鞭为您处理，还请您耐心等待。 滴滴出行客服给我来电了，说客服解决不了这个事。那滴滴还要客服干嘛？还是不承认乘客实付金额的账单，试问，公道在哪里？连账单都能造假，还有法律吗？ 我们已经收到您的反馈，立马帮您对接，请您放心，我们也是希望您的问题尽快得到解决。 已分配商家 滴滴出行客服 首先，我是一名滴滴司机。在此投诉平台投诉滴滴出行阴阳账单。2025年11月11日我接到订单（如下图），到达目的地后司机端显示司机收入34.37元，乘客支付45.68元，抽成比例24.7%，这似乎看着一切正常，滴滴法律规定抽成比例不超过29%。但是乘客是个学生，比较老实靠谱。当着我的面就支付车费，其实打网约车就不用的，会自动划扣的。还说了师傅我钱付了哈，。我一看付了51.58元（如下图，并且有详细的订单号）我再看看我们司机端显示她付了45.68元，要不是亲眼所见，根本不敢相信。一直都有别的同行说滴滴有阴阳账单，我一直不信，现在看来确实有，只是一般不会让人发现，今天只是一次机会看到了乘客实际支付的车费。结合这次事件滴滴抽成比例高达33.33%。相信这事件不是一次发生，只是兢兢业业的网约车司机并不知道而已。打了客服电话也没用，客服坚称乘客支付45.68元，我说乘客 ||| 我们先来看一笔账单。但司机端却显示乘客只支付了144.27元,抽成只有25.69%。在企业订单和第三方渠道订单中,这种“阴阳账单”更是屡见不鲜。有司机提醒,如果你在机场接到这类订单,可得留神了,抽佣比 ||| 四川在线记者 田珊 廖文卓 王了 视频剪辑 郭雨荷 实习生 幸定坤 长期以来，网约车平台抽成过高问题饱受争议。司机们辛苦奔波，却因平台高抽成，收入大打折扣。 近日，有网友在问政四川反映，家里人开网约车太难了，平台抽成太高了。再刨去停车费、高速费、加油充电费、维修费、保险费，到司机手里的钱少得可怜。 对此，四川省交通运输厅回应，相关监管工作还处于摸索阶段，交通运输部门一直在有力有序推进网约车司机权益保障工作，推动网约车平台抽成降至30%以下。 近期，国家层面已经关注对网络平台收费行为的监管，国家市场监管总局正在制定《网络交易平台收费行为合规指南》，下一步将按国家统筹安排部署做好有关工作。 具体到咱们四川省，省交通运输厅也联合10部门开展行动，重点整治抽成不透明、比例过高，还有 “阴阳账单” 坑司机的情况。后续咱就等着看整治效果，希望司机师傅们能多赚点，大家对此有啥想法，评论区聊聊！ ||| “乘客支付155.06元，而平台却显示乘客支付了102.89元。”1月15日，某网约车平台（阳光出行）司机陈晨（化名）在某投诉平台上称。 1月14日，陈晨接到由北京朝阳站到北京西站的外派订单。据他表示，在订单结束时，乘客端支付了155.06元，但是司机端却显示乘客支付了102.89元，52.17元的差额“不翼而飞”。这样的“阴阳账单”让陈晨很懊恼。 长久以来，网约车司机饱受平台抽成过高之苦，部分平台抽成比例一度超过乘客支付金额的30%，引起司机群体严重不满。 据上海民声直通车，东南大学交通法治与发展研究中心执行主任、中国城市公共交通协会网约车分会会长顾大松晒出的账单截图显示，一位乘客打车，订单结束实付98.11元。 但司机端却显示乘客付费为71.46元，司机实收52.17元。追问下去，发现这个订单系第三方订单：也就是说，乘客所下单平台并非司机接单平台。乘客下单平台接到订单后，将订单转卖。转卖订单的平台收取费用为26.65元，承运平台抽佣为19.29元，最后司机实收仅为乘客支付金额的53%。 顾大松晒出的账单截图｜来源上海民声直通车 近日，聚合模式的兴起和“阴阳账单”的出现再度让高抽成重新出现在网约车行业中。据悉在固有的抽成金额之外，聚合平台会再次收取部分费用；而部分平台在司机端降低了乘客实际支付金额，造成一种“低抽成”的假象。 以陈晨的这一订单为例，被平台刻意隐去的52.17元占到 ||| 用微信扫码二维码 分享至好友和朋友圈 有些话没人敢说，今天我来捅破——现在网约车行业最大的问题，就是监管缺位，监管力度根本跟不上，平台明目张胆违反明文规定，最终受害者始终是司机，却没人真正管过。 最核心的痛点就是“阴阳账单”，很多自媒体博主都报道过，我前段时间也反复说过这个问题，但直到现在，毫无改善。这种阴阳账单到底给司机带来多大损害？交通部门的领导们，真心希望你们能看到这条视频，看看真实情况。 给大家看一个真实订单案例：乘客在某团下单，全程34公里，司机最终到手仅32.06元，算下来一公里单价不足一块钱。先不说单价高低，关键看乘客实际支付金额——打开乘客支付界面，实打实付了51.89元；但司机端账单显示，乘客仅支付42.59元，中间近10元差额凭空消失。之后平台还在42.59元的基础上，抽成32.55%，最后司机才拿到32.06元。要是按乘客实际支付的51.89元算，这单抽成远超文件规定的30%，离谱程度可想而知。 为什么平台能这么明目张胆违规？我专门让司机大哥咨询了平台客服，对话很无奈：客服先是道歉记录问题，却始终坚称平台计价、抽成没有任何问题，完全合法合规，只让司机后续再关注。直到仔细看订单才发现猫腻，司机端账单标注着“该订单为第三方渠道订单，仅为第三方渠道与某平台结算金额，不代表乘客实际支付金额”。 说白了，这单是某团派给某网约车平台，某团先抽走10元；某平台再派给司机，又 ||| 聚合平台“套娃式”抽佣 跑一单扣五成 网约车司机被迫“极限接单” IT时报记者孙妍图东方IC “现在每天跑15个小时，也就赚几千块钱。”2024年初，黄欣（化名）和同事们发现，乘坐网约车时，司机常常抱怨收入越来越低，主动跟乘客核对实付金额的现象明显增多，而且每次乘客实付金额都比司机端显示的“乘客支付金额”多几元，路程长时，价差会高至10元。 透过这些“阴阳单”，网约车司机们发现，抽成比例超30%的单子渐渐多了。 仅从司机端很难判断，订单有几个平台抽佣，每个平台实际抽成多少。 2023年4月17日，交通运输部官网发布《2023年推动交通运输新业态平台企业降低过高抽成工作方案》，明确要求保障从业人员合理劳动报酬水平，推动主要网约车和道路货运新业态平台公司降低平台过高的抽成比例或者会员费上限。 然而，越来越多蛛丝马迹指向一个事实：通过层层抽佣，有些聚合平台接单的司机实际被抽佣比例，超过30%的“隐形”红线。 平台层层抽佣屡碰30%红线 2022年7月，交通运输部公布，在交通运输新业态平台企业抽成“阳光行动”中，主要网约车平台公布了抽成比例的上限多在18%至30%之间。这被认为，30%是监管部门认可的网约车抽佣的隐形“红线”。 “现在抽成比例基本是25%，甚至29%，而以前基本是20%。”在上海跑了多年网约车的韩师傅明显感到最近抽成比例在提高，而且有几次乘客主动核对价格时，他发现，司机端显 ||| 近年来，聚合平台迅速发展，为不少网约车司机增添了订单。然而，有聚合平台将订单层层转卖，各平台层层抽成，导致佣金一路攀升，司机收入不断缩水。据《工人日报》报道，有乘客实际支付98.11元，而司机端显示乘客付费仅为71.46元，司机实际收入52.17元。在这笔交易中，有26.65元不翼而飞。 一则订单，几乎一半的付费被各路小平台拿走，这恐怕已经不能用雁过拔毛来形容了，而是直接拽掉了翅膀、大腿。这也说明，平台凭借技术上、信息上的优势，很容易对司机形成钳制，如此不对等的关系靠什么来打破？还是要让司机基本的知情权得到满足，将抽成、接单等规则进一步明晰，并透明化。 其实早在2021年，人社部、交通运输部等八部门就出台了《关于维护新就业形态劳动者劳动保障权益的指导意见》，要求网约车平台设定抽成比例上限并向社会公布。此后，各大平台公布的抽成比例上限大致在18%至30%之间，30%也成了行业内一条未成文的红线。 现在回过头看，如果一些聚合平台层层抽佣导致的公开的抽成比例和实际抽成比例不一，甚至相差甚大，这种“阳奉阴违”是否涉嫌欺诈？ 很多人打网约车都有过这样的遭遇，有时司机会打听乘客的实际付款，然后发现相差甚多。有的平台解释称，司机看到的是抽佣后的，但是既然抽成比例公开化了，司机是不是也有权知道乘客的实际付款，然后对比自己的实际所得，以此来监督平台的实际抽成？无论乘客还是网约车司机，其知情权都不该被 ||| 三年前，一篇《外卖骑手，困在系统里》的文章刷屏，“困在系统里的外卖骑手”至今没有脱困，而网约车司机，也开始像外卖骑手一样，被困在了层层抽成的系统里。 近一段时期，部分聚合平台在未经用户授权的情况下，暗中将乘客的订单转售给其他平台，导致佣金一路攀升，司机收入不断缩水。有司机反映，一笔在免佣期间的订单，乘客支付了84.34元，但司机只收到61.12元，剩下的23.22元不知去向。更有甚者，订单显示，一名乘客的行程实际支付了98.11元，而司机端显示的乘客付费仅为71.46元，司机实际收入52.17元。在这笔交易中，数额几乎是司机实际收入一半的26.65元不翼而飞， 司机怀疑，是平台将订单转卖给另一家平台，后者抽取了佣金。一般来说，网约车抽成比例上限大致在18%至30%之间。而现在，因为订单在网约车平台中被多次转手，导致佣金比例不仅高于30%的红线，部分订单甚至超过了50%。 于是，原先跑10小时就能挣到的钱，现在要跑13个小时，网约车司机越来越疲劳，乘客的体验也没有提升，大家都开始被困在平台抽成里。那么，把网约车司机困住的聚合平台，到底是从什么时候开始的？怎么开始的？ 所谓的聚合出行平台，平台本身并不拥有车辆和司机，而是通过技术手段将乘客与驾驶员资源进行匹配，提供出行服务。平台诞生的初衷，是乘客、司机、网约车平台、聚合平台四方均在这一模式下受益。 2017年，高德地图吃下了聚合打车服务 ||| 网约车平台订单问题频频曝光。司机到手收入与乘客实际支付费用差距较大的“阴阳账单”浮出水面，引起不小的争议。乘客支付了84.34元的车费，但司机只收到61.12元，剩下的23.22元不知去向。 此后，中国城市公共交通协会网约车分会工作人员还晒出多份订单，订单显示，乘车交易中，乘客付费与司机实际收到的金额出现差额，数额几乎是司机实际收入的一半。 阴阳账单？ 今年6月底，深圳一名网约车司机接到一笔由深圳宝安国际机场到深圳市交通警察支队车辆管理处的远途拼车订单。该笔订单在免佣期间，乘客支付了84.34元，但司机最后收到61.12元。 司机怀疑是平台将订单转卖给另一家平台，后者抽取了佣金，因为他的同行近期也遭遇过类似的情况。 此前，东南大学交通法治与发展研究中心执行主任、中国城市公共交通协会网约车分会会长顾大松晒出的账单截图显示，一位乘客打车，订单结束实付98.11元。 但司机端却显示乘客付费为71.46元，司机实收52.17元。追问下去，发现这个订单系第三方订单：也就是说，乘客所下单平台并非司机接单平台。乘客下单平台接到订单后，将订单转卖。转卖订单的平台收取费用为26.65元，承运平台抽佣为19.29元，最后司机实收仅为乘客支付金额的53%。 当然，这一现象不只在滴滴，此前，市民黄小姐向12345市民服务热线反映，说最近乘坐易到用车的网约车，结账时发现自己实付车费，比司机端显示的订单总金额",mainstream_news ||| public_web ||| mainstream_news ||| mainstream_news ||| social_media ||| public_interaction ||| public_web ||| social_media ||| mainstream_news ||| mainstream_news ||| public_web ||| mainstream_news,https://tech.ifeng.com/c/8WOAmlKXkWQ ||| https://news.iresearch.cn/content/202401/490460.shtml ||| https://finance.sina.com.cn/jjxw/2024-01-16/doc-inacsxvc7608256.shtml ||| https://tousu.sina.com.cn/complaint/view/17389903827?sld=6fe9f1c2251be00c053609d7719d3ed8 ||| https://www.toutiao.com/article/7446254260548895259/ ||| https://sichuan.scol.com.cn/spsc/202507/83080320.html ||| https://www.36kr.com/p/2606936234205312 ||| https://www.163.com/dy/article/KGRD6O7G0553K5ZV.html ||| https://finance.sina.com.cn/tech/roll/2024-02-05/doc-inafyhce3288179.shtml ||| https://m.thepaper.cn/newsDetail_forward_28358887?commTag=true ||| https://www.36kr.com/p/2908134631381895 ||| https://finance.sina.cn/2024-08-21/detail-inckmfqa7640444.d.html,10,silver_candidate,standard_review,0.000,low,low_risk,accept,,,,,,证据大量记载司机投诉阴阳账单、高抽成及收入缩水，负面情感与群体不满事实高度吻合。,annotator_A,adjudicated_final,annotator_A
E049,LLM_CANON_E049_002,网约车聚合平台及运营企业,被指通过订单转卖与多层抽佣获取高额利润，并在司机端展示低于乘客实付的金额以制造“低抽成”假象，部分客服回应称无法解决账单差异问题。,negative,调查与投诉证据指出平台存在订单转售、抽成叠加及账单显示不一致的操作，且部分平台客服对司机质疑采取推诿或无法处理的态度。,SC_E049_002,聚合平台;网约车平台;阳光出行;滴滴出行;平台方,True,,ev-01221;ev-01226;ev-01367;ev-01373;ev-01375;ev-01377;ev-01378;ev-01383,"【#你打车费的三分之一不翼而飞了# 抽成超30%，阴阳账单涉嫌违法？】#网约车司机为什么选择聚合平台# ？ 长久以来，网约车司机饱受平台抽成过高之苦，部分平台抽成比例一度超过乘客支付金额的30%，引起司机群体严重不满。 近日，聚合模式的兴起和“阴阳账单”的出现再度让高抽成重新出现在网约车行业中。据悉在固有的抽成金额之外，聚合平台会再次收取部分费用；而部分平台在司机端降低了乘客实际支付金额，造成一种“低抽成”的假象。 1月15日，凤凰网采访了多位网约车司机。其中一位在广州市跑车（曹操出行）的司机表示，司机端显示支付金额低于乘客实际支付金额的情况普遍存在。“这是公司的猫腻，我们也没办法。”@凤凰网科技 24小时滚动播报最新的财经资讯和视频，更多粉丝福利扫描二维码关注（sinafinance） 网友提问：@@=value.question$$ 老师回答：@@=value.answer$$ @@=value.title$$ 新浪财经意见反馈留言板 新浪简介|广告服务|About Sina 联系我们|招聘信息|通行证注册 产品答疑|网站律师|SINA English Copyright © 1996-2024 SINA Corporation All Rights Reserved 新浪公司 版权所有 ||| 近日，有媒体调查网约车行业抽佣现象发现，在一些聚合平台上，网约车订单被层层转卖，多平台“总抽成”近五成；还有平台“阴阳账单”频现，也即司机端显示的乘客付费，通常会比乘客端显示的实际付费少很多。 多年来，围绕网约车平台抽成问题，社会展开了广泛讨论，管理部门也一再约谈相关平台，并制定相应的行业规范。2022年，交通运输部开展“交通运输新业态平台企业抽成‘阳光行动’”，当时各大公司公布的抽成比例上限多在18%至30%之间。此后，30%也成为业内抽佣的隐形红线。 近些年，聚合平台大量涌现，又让抽佣出现了新场景：在聚合平台上，乘客下单平台并非司机接单平台，乘客下单后订单被转卖，司机所在平台接单时已经是二手订单，甚至三手订单。这就衍生了一些新问题：聚合平台要收转卖费，雁过拔毛，促使实际抽佣过高；出现纠纷后，聚合平台和网约车公司互相推诿扯皮。 显然，聚合平台不该游离在普遍性的行业规则之外。无论平台之间怎么“周转”，乘客的实际支付、司机的实际收入总是明确的，二者之差如果过大，不符合按生产要素合理分配的原则，也不利于构建正向激励的网约车生态。 说到底，这就是一个蛋糕如何分配的问题。聚合平台的确提供了订单信息，起到了一个桥梁作用，但这个“信息价值”不能被无限拔高。毕竟司机才是完成订单的核心，直接付出了劳动，理应分得最大块蛋糕，也应该匹配更大话语权。 此外，有平台为了吸引客源发放的优惠券，最终成本也多转 ||| 距离商家最新回复已经30个自然日，期间用户未做进一步操作，系统已自动变更为“已完成”状态。如对企业处理结果有异议，可重新发起投诉。 工作人员正在快马加鞭为您处理，还请您耐心等待。 滴滴出行客服给我来电了，说客服解决不了这个事。那滴滴还要客服干嘛？还是不承认乘客实付金额的账单，试问，公道在哪里？连账单都能造假，还有法律吗？ 我们已经收到您的反馈，立马帮您对接，请您放心，我们也是希望您的问题尽快得到解决。 已分配商家 滴滴出行客服 首先，我是一名滴滴司机。在此投诉平台投诉滴滴出行阴阳账单。2025年11月11日我接到订单（如下图），到达目的地后司机端显示司机收入34.37元，乘客支付45.68元，抽成比例24.7%，这似乎看着一切正常，滴滴法律规定抽成比例不超过29%。但是乘客是个学生，比较老实靠谱。当着我的面就支付车费，其实打网约车就不用的，会自动划扣的。还说了师傅我钱付了哈，。我一看付了51.58元（如下图，并且有详细的订单号）我再看看我们司机端显示她付了45.68元，要不是亲眼所见，根本不敢相信。一直都有别的同行说滴滴有阴阳账单，我一直不信，现在看来确实有，只是一般不会让人发现，今天只是一次机会看到了乘客实际支付的车费。结合这次事件滴滴抽成比例高达33.33%。相信这事件不是一次发生，只是兢兢业业的网约车司机并不知道而已。打了客服电话也没用，客服坚称乘客支付45.68元，我说乘客 ||| 困在平台抽成里的,不止是网约车司机 表面上看,聚合平台层层抽层困住的是网约车司机,但长此以往,若平台优势不足以抵消带来的乱象,那么势必引起反噬,届时也会困住聚合平台的发展。 鸟哥笔记 特邀作者 学运营 ||| 聚合平台“套娃式”抽佣 跑一单扣五成 网约车司机被迫“极限接单” IT时报记者孙妍图东方IC “现在每天跑15个小时，也就赚几千块钱。”2024年初，黄欣（化名）和同事们发现，乘坐网约车时，司机常常抱怨收入越来越低，主动跟乘客核对实付金额的现象明显增多，而且每次乘客实付金额都比司机端显示的“乘客支付金额”多几元，路程长时，价差会高至10元。 透过这些“阴阳单”，网约车司机们发现，抽成比例超30%的单子渐渐多了。 仅从司机端很难判断，订单有几个平台抽佣，每个平台实际抽成多少。 2023年4月17日，交通运输部官网发布《2023年推动交通运输新业态平台企业降低过高抽成工作方案》，明确要求保障从业人员合理劳动报酬水平，推动主要网约车和道路货运新业态平台公司降低平台过高的抽成比例或者会员费上限。 然而，越来越多蛛丝马迹指向一个事实：通过层层抽佣，有些聚合平台接单的司机实际被抽佣比例，超过30%的“隐形”红线。 平台层层抽佣屡碰30%红线 2022年7月，交通运输部公布，在交通运输新业态平台企业抽成“阳光行动”中，主要网约车平台公布了抽成比例的上限多在18%至30%之间。这被认为，30%是监管部门认可的网约车抽佣的隐形“红线”。 “现在抽成比例基本是25%，甚至29%，而以前基本是20%。”在上海跑了多年网约车的韩师傅明显感到最近抽成比例在提高，而且有几次乘客主动核对价格时，他发现，司机端显 ||| 近年来，聚合平台迅速发展，为不少网约车司机增添了订单。然而，有聚合平台将订单层层转卖，各平台层层抽成，导致佣金一路攀升，司机收入不断缩水。据《工人日报》报道，有乘客实际支付98.11元，而司机端显示乘客付费仅为71.46元，司机实际收入52.17元。在这笔交易中，有26.65元不翼而飞。 一则订单，几乎一半的付费被各路小平台拿走，这恐怕已经不能用雁过拔毛来形容了，而是直接拽掉了翅膀、大腿。这也说明，平台凭借技术上、信息上的优势，很容易对司机形成钳制，如此不对等的关系靠什么来打破？还是要让司机基本的知情权得到满足，将抽成、接单等规则进一步明晰，并透明化。 其实早在2021年，人社部、交通运输部等八部门就出台了《关于维护新就业形态劳动者劳动保障权益的指导意见》，要求网约车平台设定抽成比例上限并向社会公布。此后，各大平台公布的抽成比例上限大致在18%至30%之间，30%也成了行业内一条未成文的红线。 现在回过头看，如果一些聚合平台层层抽佣导致的公开的抽成比例和实际抽成比例不一，甚至相差甚大，这种“阳奉阴违”是否涉嫌欺诈？ 很多人打网约车都有过这样的遭遇，有时司机会打听乘客的实际付款，然后发现相差甚多。有的平台解释称，司机看到的是抽佣后的，但是既然抽成比例公开化了，司机是不是也有权知道乘客的实际付款，然后对比自己的实际所得，以此来监督平台的实际抽成？无论乘客还是网约车司机，其知情权都不该被 ||| 三年前，一篇《外卖骑手，困在系统里》的文章刷屏，“困在系统里的外卖骑手”至今没有脱困，而网约车司机，也开始像外卖骑手一样，被困在了层层抽成的系统里。 近一段时期，部分聚合平台在未经用户授权的情况下，暗中将乘客的订单转售给其他平台，导致佣金一路攀升，司机收入不断缩水。有司机反映，一笔在免佣期间的订单，乘客支付了84.34元，但司机只收到61.12元，剩下的23.22元不知去向。更有甚者，订单显示，一名乘客的行程实际支付了98.11元，而司机端显示的乘客付费仅为71.46元，司机实际收入52.17元。在这笔交易中，数额几乎是司机实际收入一半的26.65元不翼而飞， 司机怀疑，是平台将订单转卖给另一家平台，后者抽取了佣金。一般来说，网约车抽成比例上限大致在18%至30%之间。而现在，因为订单在网约车平台中被多次转手，导致佣金比例不仅高于30%的红线，部分订单甚至超过了50%。 于是，原先跑10小时就能挣到的钱，现在要跑13个小时，网约车司机越来越疲劳，乘客的体验也没有提升，大家都开始被困在平台抽成里。那么，把网约车司机困住的聚合平台，到底是从什么时候开始的？怎么开始的？ 所谓的聚合出行平台，平台本身并不拥有车辆和司机，而是通过技术手段将乘客与驾驶员资源进行匹配，提供出行服务。平台诞生的初衷，是乘客、司机、网约车平台、聚合平台四方均在这一模式下受益。 2017年，高德地图吃下了聚合打车服务 ||| 网约车平台订单问题频频曝光。司机到手收入与乘客实际支付费用差距较大的“阴阳账单”浮出水面，引起不小的争议。乘客支付了84.34元的车费，但司机只收到61.12元，剩下的23.22元不知去向。 此后，中国城市公共交通协会网约车分会工作人员还晒出多份订单，订单显示，乘车交易中，乘客付费与司机实际收到的金额出现差额，数额几乎是司机实际收入的一半。 阴阳账单？ 今年6月底，深圳一名网约车司机接到一笔由深圳宝安国际机场到深圳市交通警察支队车辆管理处的远途拼车订单。该笔订单在免佣期间，乘客支付了84.34元，但司机最后收到61.12元。 司机怀疑是平台将订单转卖给另一家平台，后者抽取了佣金，因为他的同行近期也遭遇过类似的情况。 此前，东南大学交通法治与发展研究中心执行主任、中国城市公共交通协会网约车分会会长顾大松晒出的账单截图显示，一位乘客打车，订单结束实付98.11元。 但司机端却显示乘客付费为71.46元，司机实收52.17元。追问下去，发现这个订单系第三方订单：也就是说，乘客所下单平台并非司机接单平台。乘客下单平台接到订单后，将订单转卖。转卖订单的平台收取费用为26.65元，承运平台抽佣为19.29元，最后司机实收仅为乘客支付金额的53%。 当然，这一现象不只在滴滴，此前，市民黄小姐向12345市民服务热线反映，说最近乘坐易到用车的网约车，结账时发现自己实付车费，比司机端显示的订单总金额",mainstream_news ||| mainstream_news ||| mainstream_news ||| public_web ||| mainstream_news ||| mainstream_news ||| public_web ||| mainstream_news,https://finance.sina.com.cn/jjxw/2024-01-16/doc-inacsxvc7608256.shtml ||| https://news.ifeng.com/c/8WMvjiIpN63 ||| https://tousu.sina.com.cn/complaint/view/17389903827?sld=6fe9f1c2251be00c053609d7719d3ed8 ||| https://36kr.com/user/17947882 ||| https://finance.sina.com.cn/tech/roll/2024-02-05/doc-inafyhce3288179.shtml ||| https://m.thepaper.cn/newsDetail_forward_28358887?commTag=true ||| https://www.36kr.com/p/2908134631381895 ||| https://finance.sina.cn/2024-08-21/detail-inckmfqa7640444.d.html,6,silver_candidate,standard_review,0.000,low,low_risk,accept,,,,,,调查与投诉证据证实平台存在订单转卖、抽成叠加、制造低抽成假象及客服推诿，指控与情感标签均有充分支撑。,annotator_A,adjudicated_final,annotator_A
E049,LLM_CANON_E049_003,交通运输等监管部门,持续关注平台抽成透明化问题，已开展“阳光行动”并推动抽成比例降至30%以下，正研究制定网络交易平台收费合规指南以加强行业监管与司机权益保障。,positive,官方回应与历史政策文件表明监管部门已设定抽成上限红线，并正通过制定合规指南与推进透明化措施回应社会关切。,SC_E049_003,交通运输部;交通运输部门;四川省交通运输厅;国家市场监管总局;管理部门,True,,ev-01226;ev-01370;ev-01375;ev-01379;ev-01382,近日，有媒体调查网约车行业抽佣现象发现，在一些聚合平台上，网约车订单被层层转卖，多平台“总抽成”近五成；还有平台“阴阳账单”频现，也即司机端显示的乘客付费，通常会比乘客端显示的实际付费少很多。 多年来，围绕网约车平台抽成问题，社会展开了广泛讨论，管理部门也一再约谈相关平台，并制定相应的行业规范。2022年，交通运输部开展“交通运输新业态平台企业抽成‘阳光行动’”，当时各大公司公布的抽成比例上限多在18%至30%之间。此后，30%也成为业内抽佣的隐形红线。 近些年，聚合平台大量涌现，又让抽佣出现了新场景：在聚合平台上，乘客下单平台并非司机接单平台，乘客下单后订单被转卖，司机所在平台接单时已经是二手订单，甚至三手订单。这就衍生了一些新问题：聚合平台要收转卖费，雁过拔毛，促使实际抽佣过高；出现纠纷后，聚合平台和网约车公司互相推诿扯皮。 显然，聚合平台不该游离在普遍性的行业规则之外。无论平台之间怎么“周转”，乘客的实际支付、司机的实际收入总是明确的，二者之差如果过大，不符合按生产要素合理分配的原则，也不利于构建正向激励的网约车生态。 说到底，这就是一个蛋糕如何分配的问题。聚合平台的确提供了订单信息，起到了一个桥梁作用，但这个“信息价值”不能被无限拔高。毕竟司机才是完成订单的核心，直接付出了劳动，理应分得最大块蛋糕，也应该匹配更大话语权。 此外，有平台为了吸引客源发放的优惠券，最终成本也多转 ||| 四川在线记者 田珊 廖文卓 王了 视频剪辑 郭雨荷 实习生 幸定坤 长期以来，网约车平台抽成过高问题饱受争议。司机们辛苦奔波，却因平台高抽成，收入大打折扣。 近日，有网友在问政四川反映，家里人开网约车太难了，平台抽成太高了。再刨去停车费、高速费、加油充电费、维修费、保险费，到司机手里的钱少得可怜。 对此，四川省交通运输厅回应，相关监管工作还处于摸索阶段，交通运输部门一直在有力有序推进网约车司机权益保障工作，推动网约车平台抽成降至30%以下。 近期，国家层面已经关注对网络平台收费行为的监管，国家市场监管总局正在制定《网络交易平台收费行为合规指南》，下一步将按国家统筹安排部署做好有关工作。 具体到咱们四川省，省交通运输厅也联合10部门开展行动，重点整治抽成不透明、比例过高，还有 “阴阳账单” 坑司机的情况。后续咱就等着看整治效果，希望司机师傅们能多赚点，大家对此有啥想法，评论区聊聊！ ||| 聚合平台“套娃式”抽佣 跑一单扣五成 网约车司机被迫“极限接单” IT时报记者孙妍图东方IC “现在每天跑15个小时，也就赚几千块钱。”2024年初，黄欣（化名）和同事们发现，乘坐网约车时，司机常常抱怨收入越来越低，主动跟乘客核对实付金额的现象明显增多，而且每次乘客实付金额都比司机端显示的“乘客支付金额”多几元，路程长时，价差会高至10元。 透过这些“阴阳单”，网约车司机们发现，抽成比例超30%的单子渐渐多了。 仅从司机端很难判断，订单有几个平台抽佣，每个平台实际抽成多少。 2023年4月17日，交通运输部官网发布《2023年推动交通运输新业态平台企业降低过高抽成工作方案》，明确要求保障从业人员合理劳动报酬水平，推动主要网约车和道路货运新业态平台公司降低平台过高的抽成比例或者会员费上限。 然而，越来越多蛛丝马迹指向一个事实：通过层层抽佣，有些聚合平台接单的司机实际被抽佣比例，超过30%的“隐形”红线。 平台层层抽佣屡碰30%红线 2022年7月，交通运输部公布，在交通运输新业态平台企业抽成“阳光行动”中，主要网约车平台公布了抽成比例的上限多在18%至30%之间。这被认为，30%是监管部门认可的网约车抽佣的隐形“红线”。 “现在抽成比例基本是25%，甚至29%，而以前基本是20%。”在上海跑了多年网约车的韩师傅明显感到最近抽成比例在提高，而且有几次乘客主动核对价格时，他发现，司机端显 ||| 点击右上角微信好友 朋友圈 点击浏览器下方“”分享微信好友Safari浏览器请点击“”按钮 请使用浏览器分享功能进行分享 作者：熊志 单程共计11.77公里，用时35分钟，共支付车费40.2元，司机实收金额仅23元。近日，记者调查网约车行业抽佣现象发现，不少网约车订单收取总费用远超订单金额的30%，有的甚至被抽取近一半。 网约车行业的抽成问题，一直是社会关注的热点。前些年，一些平台因为抽成太高且计算规则不透明，导致广大司机群体怨声载道，影响了行业的良性发展。为此交通运输部门多次出手，推动抽成比例下调，最终形成了18%至30%的抽成上限。 然而从调查来看，30%的抽成红线正在被打破。究其原因，一些网约车聚合平台出现，成为网约车派单的“中间商”。它们自身流量大，比如有的平台就是导航软件，在接到订单之后，将订单“转卖”给一些小平台，以此赚取差价。在聚合平台上，司机接单和乘客打车可能不是来自同一平台，而且订单经过了转卖。同样一笔订单，因为多了一个“中间商”抽成，司机拿到手的钱自然就更少了。 如今，网约车行业的发展已经较为成熟，聚合平台的加入其实不是坏事。对司机而言，它提供了更多的派单渠道；对乘客来说，这也增加了一个打车的平台选项。 然而从目前来看，聚合平台的搅局让行业越来越“卷”。这种内卷，并没有变成行业服务质量的提升，而是造成了成本的转移——在价格战的基本逻辑下，不敢向乘客涨价的平台，只 ||| 网约车的发展不该滑向零和博弈的局面。只有确保司机的合法权益得到保障，收入构成合理、透明，抽成比例合适，他们才有更强大的动力投身运输服务中。 单程共计11.77公里，用时35分钟，共支付车费40.2元，司机实收金额仅23元。近日，记者调查网约车行业抽佣现象发现，不少网约车订单收取总费用远超订单金额的30%，有的甚至被抽取近一半。 网约车行业的抽成问题，一直是社会关注的热点。前些年，一些平台因为抽成太高且计算规则不透明，导致广大司机群体怨声载道，影响了行业的良性发展。为此交通运输部门多次出手，推动抽成比例下调，最终形成了18%至30%的抽成上限。 然而从调查来看，30%的抽成红线正在被打破。究其原因，一些网约车聚合平台出现，成为网约车派单的“中间商”。它们自身流量大，比如有的平台就是导航软件，在接到订单之后，将订单“转卖”给一些小平台，以此赚取差价。在聚合平台上，司机接单和乘客打车可能不是来自同一平台，而且订单经过了转卖。同样一笔订单，因为多了一个“中间商”抽成，司机拿到手的钱自然就更少了。 如今，网约车行业的发展已经较为成熟，聚合平台的加入其实不是坏事。对司机而言，它提供了更多的派单渠道；对乘客来说，这也增加了一个打车的平台选项。 然而从目前来看，聚合平台的搅局让行业越来越“卷”。这种内卷，并没有变成行业服务质量的提升，而是造成了成本的转移——在价格战的基本逻辑下，不敢向乘客涨价的平,mainstream_news ||| public_interaction ||| mainstream_news ||| public_web ||| public_web,https://news.ifeng.com/c/8WMvjiIpN63 ||| https://sichuan.scol.com.cn/spsc/202507/83080320.html ||| https://finance.sina.com.cn/tech/roll/2024-02-05/doc-inafyhce3288179.shtml ||| https://guancha.gmw.cn/2024-01/16/content_37092279.htm ||| https://guancha.gmw.cn/zhuanlan/2024-01/16/content_37092423.htm,4,silver_candidate,standard_review,0.000,low,low_risk,accept,,,,,,证据充分支持监管部门开展阳光行动、设定30%红线及制定合规指南的表述，情感与理由合理。,annotator_A,adjudicated_final,annotator_A
E049,LLM_CANON_E049_004,乘客与公众网友,对“阴阳账单”与高抽成现象表示关注与不满，部分舆论呼吁取消聚合模式或加强监管，以维护司机权益与行业健康发展。,negative,社交媒体与新闻报道反映公众对账单不透明感到愤怒，网友普遍质疑聚合模式并主张通过监管或模式调整解决行业乱象。,SC_E049_004,乘客;公众;网友;顾客,True,,ev-01368;ev-01370;ev-01381;ev-01382,"近日,网约车平台再次陷入“阴阳账单”风波,引发了公众的广泛关注和愤怒。据报道, 一位顾客在平台叫了一辆出租车,实际支付了59.36元。然而,司机的支付记录却显示顾客支付了49.18元,而司机实际收到的 ||| 四川在线记者 田珊 廖文卓 王了 视频剪辑 郭雨荷 实习生 幸定坤 长期以来，网约车平台抽成过高问题饱受争议。司机们辛苦奔波，却因平台高抽成，收入大打折扣。 近日，有网友在问政四川反映，家里人开网约车太难了，平台抽成太高了。再刨去停车费、高速费、加油充电费、维修费、保险费，到司机手里的钱少得可怜。 对此，四川省交通运输厅回应，相关监管工作还处于摸索阶段，交通运输部门一直在有力有序推进网约车司机权益保障工作，推动网约车平台抽成降至30%以下。 近期，国家层面已经关注对网络平台收费行为的监管，国家市场监管总局正在制定《网络交易平台收费行为合规指南》，下一步将按国家统筹安排部署做好有关工作。 具体到咱们四川省，省交通运输厅也联合10部门开展行动，重点整治抽成不透明、比例过高，还有 “阴阳账单” 坑司机的情况。后续咱就等着看整治效果，希望司机师傅们能多赚点，大家对此有啥想法，评论区聊聊！ ||| 进入9月网约车淡季以来，不少网约车司机反馈空驶率攀升、订单量下降。这不是司机的个体困境，而是行业周期性调整的表现。 数据显示，2025年9月全国网约车订单共计7.58亿单，环比下降3.9%。其中，聚合平台的下降趋势特别明显--共计完成2.6亿单，环比下降9.6%。 聚合平台的单量降幅明显高于行业整体，说明淡季聚合平台单量下滑更为明显。与8月亿相比，9月聚合平台的订单少了约2700万单。 社交媒体上，有网友认为网约车的聚合模式导致了订单买卖泛滥，“聚合平台不除，网约车就好不了”。网友认为，应该取消聚合平台，让没有司机愿意跑的平台退出行业。 也有网友认为，网约车聚合模式就是司机的“噩梦”，为了吸引乘客打车而一再牺牲司机的合理收入、持续压低运营成本，把本就廉价的订单抽成后以更低的价格转卖给下游中小平台，导致司机到手收入被大幅挤压。 因为有聚合平台这样的流量贩子存在，多级平台对抽佣做层层包装后，导致抽成不透明，司机实得与乘客实付屡屡出现抽成比例超30%的现象。 有案例显示，乘客支付98.11元的订单，经转卖后司机端仅显示71.46元，司机最终收入进一步降至52.17元。对此有网约车司机认为，聚合平台转卖的三方订单，“账面上每一道都没超，叠在一起就飙到三成、四成”。 聚合模式下，司机端显示的乘客支付金额远低于实际支付金额，中间差价被平台以“隐形抽成”的方式截留。收入减少的淡季，这样的订单转卖 ||| 网约车的发展不该滑向零和博弈的局面。只有确保司机的合法权益得到保障，收入构成合理、透明，抽成比例合适，他们才有更强大的动力投身运输服务中。 单程共计11.77公里，用时35分钟，共支付车费40.2元，司机实收金额仅23元。近日，记者调查网约车行业抽佣现象发现，不少网约车订单收取总费用远超订单金额的30%，有的甚至被抽取近一半。 网约车行业的抽成问题，一直是社会关注的热点。前些年，一些平台因为抽成太高且计算规则不透明，导致广大司机群体怨声载道，影响了行业的良性发展。为此交通运输部门多次出手，推动抽成比例下调，最终形成了18%至30%的抽成上限。 然而从调查来看，30%的抽成红线正在被打破。究其原因，一些网约车聚合平台出现，成为网约车派单的“中间商”。它们自身流量大，比如有的平台就是导航软件，在接到订单之后，将订单“转卖”给一些小平台，以此赚取差价。在聚合平台上，司机接单和乘客打车可能不是来自同一平台，而且订单经过了转卖。同样一笔订单，因为多了一个“中间商”抽成，司机拿到手的钱自然就更少了。 如今，网约车行业的发展已经较为成熟，聚合平台的加入其实不是坏事。对司机而言，它提供了更多的派单渠道；对乘客来说，这也增加了一个打车的平台选项。 然而从目前来看，聚合平台的搅局让行业越来越“卷”。这种内卷，并没有变成行业服务质量的提升，而是造成了成本的转移——在价格战的基本逻辑下，不敢向乘客涨价的平",social_media ||| public_interaction ||| mainstream_news ||| public_web,https://www.toutiao.com/article/7370272907878236681/ ||| https://sichuan.scol.com.cn/spsc/202507/83080320.html ||| https://m.163.com/dy/article/KC05J0RI055394Y9.html ||| https://guancha.gmw.cn/zhuanlan/2024-01/16/content_37092423.htm,4,silver_candidate,standard_review,0.000,low,low_risk,accept,,,,,,证据明确反映公众对阴阳账单与高抽成的不满，以及取消聚合模式的舆论诉求，情感与事实匹配。,annotator_A,adjudicated_final,annotator_A
E050,LLM_CANON_E050_001,滴滴出行,回应抽成质疑，承认存在部分高抽成订单（超30%占2.7%），公布收入分配结构（司机79.1%、补贴10.9%、成本6.9%、利润3.1%），承诺推进收费定价公开透明并排查极端订单原因。,neutral,滴滴通过官方声明及公众号详细回应了抽成比例、成本构成及极端订单占比，并承诺透明化与整改，态度为官方说明与合规回应。,SC_E050_001,滴滴;滴滴平台;滴滴网约车平台,True,,ev-01237;ev-01239;ev-01241;ev-01243;ev-01244;ev-01246;ev-02138;ev-02139;ev-02149;ev-02150,"站长之家 站长之家 近期，有声音显示，滴滴抽成超过30%，质疑其抽成过高;此外，司机端和乘客端价格比例相差过大。对于这些质疑声，滴滴公开表示称，确实存在一部分司机收入占比较低的订单，如顺路单;其中，抽成高于30%的订单占总订单的2.7%，已在陆续排查出现极端订单的原因，尽全力避免极端情况的出现。 滴滴回应高额抽成 滴滴昨天通过微信公众号发布声明，对网约车「抽成」问题进行回应：2020年滴滴网约车司机收入占乘客应付总额的79.1%;剩下20.9% 中，10.9% 为乘客补贴优惠，6.9% 为企业经营成本等，3.1% 为网约车业务净利润。 滴滴承认，确实存在一部分司机收入占比较低的订单，如顺路单;其中，抽成高于30% 的订单占总订单的2.7%。滴滴称在陆续排查出现极端订单的原因，尽全力避免极端情况的出现。 滴滴表示将持续推进平台收费定价公开透明，司机委员会也将持续征集司机意见并公示进展。2021年4月21日，滴滴成立司机委员会以来，目前收到了2000多条司机师傅实名反馈的意见和建议。滴滴表示将尝试邀请提出好意见的司机加入司机委员会，帮助改进优化。 （举报） 此前，有媒体报道了“网约车平台高额抽成”现象。报道称，一些网约车平台抽成比例能达到25%甚至更高，而司机和乘客对每一单的抽成比例、计算方式毫不知情。 近日，湖南长沙一家餐饮店卫生间门口贴出的男女标识牌，因为设计内容十分出格，在网络上 ||| 登录 5月7日。滴滴回应“抽成”问题：确实存在部分司机收入占比较低，抽成高于30%的订单占总订单的2.7%。虽占比不高，但确给司机师傅造成困扰，公司正陆续排查原因。 澎湃新闻记者：王佳珺 编辑：王福艳 素材来源：网络 Android版 iPhone版 iPad版 沪ICP备14003370号 沪公网安备31010602000299号 互联网新闻信息服务许可证：31120170006 增值电信业务经营许可证：沪B2-2017116 © 2014-2026 上海东方报业有限公司 ||| 近期,司机师傅、媒体、自媒体通过个别账单对比、司机采访等方式关注报道滴滴“抽成”等问题。滴滴表示,确实存在一部分司机收入占比较低的订单,如顺路单;其中,抽成高于30%的订单占总订单的2.7%,类似极端 ||| 滴滴表示抽成高不是普遍现象，确实存在一部分司机收入占比较低的订单，如顺路单。 近日，部分网约车平台隐瞒高额抽成的新闻被曝出，网约车平台利用其相对垄断地位，以提高服务费率等手段，从司机和乘客身上攫取高额利益，造成平台和用户之间的关系失衡，引发网友热议。据新华社调查发现，一些网约车平台抽成超过20%，有时甚至高达50%。 针对新华社近日揭露“一些网约车平台抽成比例能达到25%甚至更高，而司机和乘客对每一单的抽成比例、计算方式毫不知情”，滴滴平台官方正式就此事做出说明称，去年滴滴网约车司机收入占乘客应付总额的79.1%，剩下20.9%中，10.9%为乘客补贴优惠，6.9%为企业经营成本（技术研发、服务器、安全保障、客服、人力、线下运营等）及纳税和支付手续费等，3.1%为网约车业务净利润。 滴滴表示抽成高不是普遍现象，确实存在一部分司机收入占比较低的订单，如顺路单；其中，抽成高于30%的订单占总订单的2.7%，类似极端情况下的订单虽然占比不高，但是确实给司机师傅造成了困扰，比较容易被传播，让大家以为滴滴的抽成都高于30%。 对于媒体质疑滴滴抽成不透明，滴滴官方也在公开说明中公布了其乘客端和司机端不同的计价规则 ，称将持续推进平台收费定价公开透明，持续征集司机意见并公开进展。 声明：泰伯网登载此文出于传递更多信息之目的，并不意味着赞同其观点或证实其描述，文章内容仅供参考。 【登录后才能评论哦 ||| 滴滴回应抽成高：超30%的订单占2.7% 【大中小】 【打 印】 【 第1页 第2页 】 滴滴回应抽成高：超30%的订单占2.7% http://www.CRNTT.com 2021-05-09 09:42:38 图片来源：新华社 中评社北京5月9日电／据北京青年报报道，5月7日，滴滴发布《滴滴网约车关于“抽成”的说明》，回应近期对于抽成高说法的质疑。滴滴表示，抽成高于30%的订单占总订单的2.7%，其中包括乘客补贴优惠、企业经营成本、纳税和支付手续费等。滴滴表示，将持续推进平台收费定价公开透明。 近期，有声音显示，滴滴抽成超过30%，质疑其抽成过高；此外，司机端和乘客端价格比例相差过大。滴滴表示，确实存在一部分司机收入占比较低的订单，如顺路单；其中，抽成高于30%的订单占总订单的2.7%，已在陆续排查出现极端订单的原因，尽全力避免极端情况的出现。 滴滴给出的数据显示，2020年，滴滴网约车司机收入占乘客应付总额的79.1%。剩下20.9%中，10.9%为乘客补贴优惠，6.9%为企业经营成本（技术研发、服务器、安全保障、客服、人力、线下运营等）及纳税和支付手续费等，3.1%为网约车业务净利润。 据新华社报道，对于滴滴平台的解释，有网民表示理解，“用数据说话，态度不错”“平台经营也要成本”。 但也有不少网民对滴滴拆解抽成、列举用途的做法并不买账，认为有偷换概念、转移视线之嫌，“不可能 ||| 网约车佣金比例（也就是平常所说的抽成）的高低，直接影响到网约车司机的收入和各大平台的效益，因此一直是平台和司机博弈的焦点。 我们经常听到网约车司机抱怨抽成太高不划算，希望能够降低抽成的比例，但具体的抽成到底是多少，这个数据往往只有平台才能掌握，而平台却总说没有赚到钱，降低抽成也就变得不那么切合实际。 但是，自从3月份二十多个部门联合发布了一份《加快培育新型消费实施方案》，网约车抽成终于有了松动的转机。方案要求网约车等网络平台，要合理优化抽成、佣金等费用，促进平台内经营者降本增效。 在这之后，网约车司机抱怨平台抽成高的声音再次多了起来，一些媒体也对几家大的网约车平台进行了跟踪调查，对网约车平台高抽成、乱抽成的声讨也越来越激烈。作为国内最大网约车平台的滴滴出行，无疑是大家关注的焦点。下面我们就来看一看滴滴针对抽成问题的一系列行动。 首先，滴滴迅速对不利舆论做出了积极响应。成立了由网约车部门负责人牵头的司机生态发展委员会，强调要保障滴滴司机的各项权益，致力于司机收入稳定透明、平台规则公平合理。 紧接着，滴滴以2020年网约车抽成的具体数据为依据，详细说明了平台抽成的构成，综合算下来的实际抽成大致为20.9%，网约车的利润大概是3.1%。滴滴表示将虚心接受公众批评，持续推进公开透明。 不过，滴滴还没来得及公布具体措施的时候，监管部门就对包括滴滴、首汽约车、美团出行、高德打车在内的10家网约 ||| 股市瞬息万变，投资难以决策？来#A股参谋部#超话聊一聊，[点击进入超话] 5月8日，#滴滴回应网约车抽成质疑#登上微博热搜。 日前，滴滴在其官微发布声明，回应近期公众对于其“抽成过高”、“抽成规则不透明”等问题的质疑。滴滴表示，虚心接受公众批评，将持续推进公开透明。 滴滴声明称，滴滴网约车司机收入占乘客应付总额的79.1%。10.9%为乘客补贴优惠，3.1%为网约车业务净利润。 滴滴表示，确实存在部分司机收入占比较低，抽成高于30%的订单占总订单的2.7%。虽占比不高，但确给司机师傅造成困扰，公司正陆续排查原因。 对此，有网友表示，抽成太多了吧…我打车付了40多结果看到司机实际就收了28。有网友认为，开滴滴还是能挣钱的吧，而且在平台上接单子不用像出租车那种去找活。还有网友称，其实应该让司机用自己的流水去对比，这样就好了。 责任编辑：邓健 24小时滚动播报最新的财经资讯和视频，更多粉丝福利扫描二维码关注（sinafinance） 网友提问：@@=value.question$$ 老师回答：@@=value.answer$$ @@=value.title$$ 新浪财经意见反馈留言板 电话：400-052-0066 欢迎批评指正 新浪简介|广告服务|About Sina 联系我们|招聘信息|通行证注册 产品答疑|网站律师|SINA English Copyright © 1996-202 ||| 登录 5月7日。滴滴回应“抽成”问题：确实存在部分司机收入占比较低，抽成高于30%的订单占总订单的2.7%。虽占比不高，但确给司机师傅造成困扰，公司正陆续排查原因。 澎湃新闻记者：王佳珺 编辑：王福艳 素材来源：网络 Android版 iPhone版 iPad版 沪ICP备14003370号 沪公网安备31010602000299号 互联网新闻信息服务许可证：31120170006 增值电信业务经营许可证：沪B2-2017116 © 2014-2026 上海东方报业有限公司 ||| 用微信扫码二维码 分享至好友和朋友圈 回应 为何司机端和乘客端显示金额差距较大？ 滴滴回应表示，司机和乘客根据单独的计价规则分别计算车费。由于受不同城市、订单距离长短、时间长短、路况拥堵等因素影响，司机收入占乘客应付车费的比例也不一致。 据介绍，司机收入包含司机分成和司机补贴两部分。其中，司机分成：包含每笔订单的基础收入、其他收入（乘客支付的动态调价、调度费、感谢费、取消费、春节服务费等全额给司机，平台支付的空驶补偿等）。而司机补贴：平台发放冲单奖、早晚高峰奖、节日补贴等（司机当天补贴一般是第二天统一到账）。 对于有司机提出疑问：滴滴收了“高抽成”之后再补贴司机和乘客，何必大费周章做二次再分配，为什么不直接降低“抽成”？ 滴滴回应表示，为了激励司机在雨雪天气、早晚高峰、节假日出行高峰、需求旺盛的区域多出车接单，平台会通过补贴激励司机多劳多得、优劳优得。如果完全按照“平均主义”，那意味着失去供需调节的弹性，高峰期和热点区域就更难打到车了。这种分配方式让乘客体验更好，给司机更多保障，努力实现司机、乘客、平台三方正循环。 据透露，两年以来，在安全投入不断增加的基础上，滴滴持续在提升效率、降低经营成本并保持在低毛利水平下持续运营，目前，滴滴网约车已经扭亏为盈，2020年盈利3.1%。 滴滴表示，将持续推进平台收费定价公开透明，司机委员会也将持续征集司机意见并公示进展。2021年4月21日， ||| 5月7日。滴滴回应“抽成”问题：确实存在部分司机收入占比较低，抽成高于30%的订单占总订单的2.7%。虽占比不高，但确给司机师傅造成困扰，公司正陆续排查原因。返回搜狐，查看更多",public_web ||| mainstream_news ||| mainstream_news ||| mainstream_news ||| public_web ||| public_web ||| mainstream_news ||| mainstream_news ||| mainstream_news ||| mainstream_news,https://www.chinaz.com/2021/0508/1247343.shtml ||| https://www.thepaper.cn/newsDetail_forward_12564944?commTag=true ||| http://opinion.gxnews.com.cn/staticpages/20210508/newgx60965d84-20252256.shtml ||| https://www.taibo.cn/p/70857 ||| https://www.crntt.com/doc/7_0_106080355_1.html ||| http://www.67848.cn/32537.html ||| https://finance.sina.com.cn/chanjing/gsnews/2021-05-08/doc-ikmyaawc4048999.shtml ||| https://www.thepaper.cn/newsDetail_forward_12564944 ||| https://news.china.com/social/1007/20210509/39554606_1.html ||| https://www.sohu.com/a/465174814_260616,9,silver_candidate,standard_review,0.000,low,low_risk,accept,,,,,,滴滴官方声明中的具体数据（79.1%、2.7%等）与推进透明化承诺在证据中均有直接对应，表述准确。,annotator_A,adjudicated_final,annotator_A
E050,LLM_CANON_E050_002,网约车司机,质疑平台抽成过高且不透明，抱怨收入占比低、运营成本高，要求平台降低抽成比例并公开计价规则。,negative,多名司机及司机群体反馈抽成高、收入低，对平台规则不透明表示不满，并通过司机委员会等渠道实名反馈意见。,SC_E050_002,司机;司机师傅;滴滴司机,True,,ev-01237;ev-01241;ev-01243;ev-01245;ev-01246;ev-02138;ev-02149,"站长之家 站长之家 近期，有声音显示，滴滴抽成超过30%，质疑其抽成过高;此外，司机端和乘客端价格比例相差过大。对于这些质疑声，滴滴公开表示称，确实存在一部分司机收入占比较低的订单，如顺路单;其中，抽成高于30%的订单占总订单的2.7%，已在陆续排查出现极端订单的原因，尽全力避免极端情况的出现。 滴滴回应高额抽成 滴滴昨天通过微信公众号发布声明，对网约车「抽成」问题进行回应：2020年滴滴网约车司机收入占乘客应付总额的79.1%;剩下20.9% 中，10.9% 为乘客补贴优惠，6.9% 为企业经营成本等，3.1% 为网约车业务净利润。 滴滴承认，确实存在一部分司机收入占比较低的订单，如顺路单;其中，抽成高于30% 的订单占总订单的2.7%。滴滴称在陆续排查出现极端订单的原因，尽全力避免极端情况的出现。 滴滴表示将持续推进平台收费定价公开透明，司机委员会也将持续征集司机意见并公示进展。2021年4月21日，滴滴成立司机委员会以来，目前收到了2000多条司机师傅实名反馈的意见和建议。滴滴表示将尝试邀请提出好意见的司机加入司机委员会，帮助改进优化。 （举报） 此前，有媒体报道了“网约车平台高额抽成”现象。报道称，一些网约车平台抽成比例能达到25%甚至更高，而司机和乘客对每一单的抽成比例、计算方式毫不知情。 近日，湖南长沙一家餐饮店卫生间门口贴出的男女标识牌，因为设计内容十分出格，在网络上 ||| 近期,司机师傅、媒体、自媒体通过个别账单对比、司机采访等方式关注报道滴滴“抽成”等问题。滴滴表示,确实存在一部分司机收入占比较低的订单,如顺路单;其中,抽成高于30%的订单占总订单的2.7%,类似极端 ||| 滴滴表示抽成高不是普遍现象，确实存在一部分司机收入占比较低的订单，如顺路单。 近日，部分网约车平台隐瞒高额抽成的新闻被曝出，网约车平台利用其相对垄断地位，以提高服务费率等手段，从司机和乘客身上攫取高额利益，造成平台和用户之间的关系失衡，引发网友热议。据新华社调查发现，一些网约车平台抽成超过20%，有时甚至高达50%。 针对新华社近日揭露“一些网约车平台抽成比例能达到25%甚至更高，而司机和乘客对每一单的抽成比例、计算方式毫不知情”，滴滴平台官方正式就此事做出说明称，去年滴滴网约车司机收入占乘客应付总额的79.1%，剩下20.9%中，10.9%为乘客补贴优惠，6.9%为企业经营成本（技术研发、服务器、安全保障、客服、人力、线下运营等）及纳税和支付手续费等，3.1%为网约车业务净利润。 滴滴表示抽成高不是普遍现象，确实存在一部分司机收入占比较低的订单，如顺路单；其中，抽成高于30%的订单占总订单的2.7%，类似极端情况下的订单虽然占比不高，但是确实给司机师傅造成了困扰，比较容易被传播，让大家以为滴滴的抽成都高于30%。 对于媒体质疑滴滴抽成不透明，滴滴官方也在公开说明中公布了其乘客端和司机端不同的计价规则 ，称将持续推进平台收费定价公开透明，持续征集司机意见并公开进展。 声明：泰伯网登载此文出于传递更多信息之目的，并不意味着赞同其观点或证实其描述，文章内容仅供参考。 【登录后才能评论哦 ||| 红星新闻消息,近日,网约车“臭车”问题受热议,滴滴道歉称要对司机车内环境奖罚分明,但司机也诉苦,称现在单量少、成本高,平台抽成也很高。还有网友称,上海有网约车司机为了多跑单节约时间,选择在车上睡觉。 ||| 网约车佣金比例（也就是平常所说的抽成）的高低，直接影响到网约车司机的收入和各大平台的效益，因此一直是平台和司机博弈的焦点。 我们经常听到网约车司机抱怨抽成太高不划算，希望能够降低抽成的比例，但具体的抽成到底是多少，这个数据往往只有平台才能掌握，而平台却总说没有赚到钱，降低抽成也就变得不那么切合实际。 但是，自从3月份二十多个部门联合发布了一份《加快培育新型消费实施方案》，网约车抽成终于有了松动的转机。方案要求网约车等网络平台，要合理优化抽成、佣金等费用，促进平台内经营者降本增效。 在这之后，网约车司机抱怨平台抽成高的声音再次多了起来，一些媒体也对几家大的网约车平台进行了跟踪调查，对网约车平台高抽成、乱抽成的声讨也越来越激烈。作为国内最大网约车平台的滴滴出行，无疑是大家关注的焦点。下面我们就来看一看滴滴针对抽成问题的一系列行动。 首先，滴滴迅速对不利舆论做出了积极响应。成立了由网约车部门负责人牵头的司机生态发展委员会，强调要保障滴滴司机的各项权益，致力于司机收入稳定透明、平台规则公平合理。 紧接着，滴滴以2020年网约车抽成的具体数据为依据，详细说明了平台抽成的构成，综合算下来的实际抽成大致为20.9%，网约车的利润大概是3.1%。滴滴表示将虚心接受公众批评，持续推进公开透明。 不过，滴滴还没来得及公布具体措施的时候，监管部门就对包括滴滴、首汽约车、美团出行、高德打车在内的10家网约 ||| 股市瞬息万变，投资难以决策？来#A股参谋部#超话聊一聊，[点击进入超话] 5月8日，#滴滴回应网约车抽成质疑#登上微博热搜。 日前，滴滴在其官微发布声明，回应近期公众对于其“抽成过高”、“抽成规则不透明”等问题的质疑。滴滴表示，虚心接受公众批评，将持续推进公开透明。 滴滴声明称，滴滴网约车司机收入占乘客应付总额的79.1%。10.9%为乘客补贴优惠，3.1%为网约车业务净利润。 滴滴表示，确实存在部分司机收入占比较低，抽成高于30%的订单占总订单的2.7%。虽占比不高，但确给司机师傅造成困扰，公司正陆续排查原因。 对此，有网友表示，抽成太多了吧…我打车付了40多结果看到司机实际就收了28。有网友认为，开滴滴还是能挣钱的吧，而且在平台上接单子不用像出租车那种去找活。还有网友称，其实应该让司机用自己的流水去对比，这样就好了。 责任编辑：邓健 24小时滚动播报最新的财经资讯和视频，更多粉丝福利扫描二维码关注（sinafinance） 网友提问：@@=value.question$$ 老师回答：@@=value.answer$$ @@=value.title$$ 新浪财经意见反馈留言板 电话：400-052-0066 欢迎批评指正 新浪简介|广告服务|About Sina 联系我们|招聘信息|通行证注册 产品答疑|网站律师|SINA English Copyright © 1996-202 ||| 用微信扫码二维码 分享至好友和朋友圈 回应 为何司机端和乘客端显示金额差距较大？ 滴滴回应表示，司机和乘客根据单独的计价规则分别计算车费。由于受不同城市、订单距离长短、时间长短、路况拥堵等因素影响，司机收入占乘客应付车费的比例也不一致。 据介绍，司机收入包含司机分成和司机补贴两部分。其中，司机分成：包含每笔订单的基础收入、其他收入（乘客支付的动态调价、调度费、感谢费、取消费、春节服务费等全额给司机，平台支付的空驶补偿等）。而司机补贴：平台发放冲单奖、早晚高峰奖、节日补贴等（司机当天补贴一般是第二天统一到账）。 对于有司机提出疑问：滴滴收了“高抽成”之后再补贴司机和乘客，何必大费周章做二次再分配，为什么不直接降低“抽成”？ 滴滴回应表示，为了激励司机在雨雪天气、早晚高峰、节假日出行高峰、需求旺盛的区域多出车接单，平台会通过补贴激励司机多劳多得、优劳优得。如果完全按照“平均主义”，那意味着失去供需调节的弹性，高峰期和热点区域就更难打到车了。这种分配方式让乘客体验更好，给司机更多保障，努力实现司机、乘客、平台三方正循环。 据透露，两年以来，在安全投入不断增加的基础上，滴滴持续在提升效率、降低经营成本并保持在低毛利水平下持续运营，目前，滴滴网约车已经扭亏为盈，2020年盈利3.1%。 滴滴表示，将持续推进平台收费定价公开透明，司机委员会也将持续征集司机意见并公示进展。2021年4月21日，",public_web ||| mainstream_news ||| mainstream_news ||| social_media ||| public_web ||| mainstream_news ||| mainstream_news,https://www.chinaz.com/2021/0508/1247343.shtml ||| http://opinion.gxnews.com.cn/staticpages/20210508/newgx60965d84-20252256.shtml ||| https://www.taibo.cn/p/70857 ||| https://www.toutiao.com/article/7454403654976684578/ ||| http://www.67848.cn/32537.html ||| https://finance.sina.com.cn/chanjing/gsnews/2021-05-08/doc-ikmyaawc4048999.shtml ||| https://news.china.com/social/1007/20210509/39554606_1.html,7,silver_candidate,standard_review,0.000,low,low_risk,accept,,,,,,证据涵盖司机对高抽成与规则不透明的质疑及通过委员会反馈的渠道，情感判定合理。,annotator_A,adjudicated_final,annotator_A
E050,LLM_CANON_E050_003,乘客及网友,关注乘客支付费用与司机实际收入差距过大，质疑平台抽成过高及定价机制不透明，部分认为司机接单仍有盈利空间。,mixed,网友对比账单发现乘客付费与司机收入差距大，质疑抽成；同时也有部分声音认为平台接单模式仍具盈利性，公众观点存在分歧。,SC_E050_003,乘客;网友;打车用户,True,,ev-01237;ev-01243;ev-02138,站长之家 站长之家 近期，有声音显示，滴滴抽成超过30%，质疑其抽成过高;此外，司机端和乘客端价格比例相差过大。对于这些质疑声，滴滴公开表示称，确实存在一部分司机收入占比较低的订单，如顺路单;其中，抽成高于30%的订单占总订单的2.7%，已在陆续排查出现极端订单的原因，尽全力避免极端情况的出现。 滴滴回应高额抽成 滴滴昨天通过微信公众号发布声明，对网约车「抽成」问题进行回应：2020年滴滴网约车司机收入占乘客应付总额的79.1%;剩下20.9% 中，10.9% 为乘客补贴优惠，6.9% 为企业经营成本等，3.1% 为网约车业务净利润。 滴滴承认，确实存在一部分司机收入占比较低的订单，如顺路单;其中，抽成高于30% 的订单占总订单的2.7%。滴滴称在陆续排查出现极端订单的原因，尽全力避免极端情况的出现。 滴滴表示将持续推进平台收费定价公开透明，司机委员会也将持续征集司机意见并公示进展。2021年4月21日，滴滴成立司机委员会以来，目前收到了2000多条司机师傅实名反馈的意见和建议。滴滴表示将尝试邀请提出好意见的司机加入司机委员会，帮助改进优化。 （举报） 此前，有媒体报道了“网约车平台高额抽成”现象。报道称，一些网约车平台抽成比例能达到25%甚至更高，而司机和乘客对每一单的抽成比例、计算方式毫不知情。 近日，湖南长沙一家餐饮店卫生间门口贴出的男女标识牌，因为设计内容十分出格，在网络上 ||| 滴滴表示抽成高不是普遍现象，确实存在一部分司机收入占比较低的订单，如顺路单。 近日，部分网约车平台隐瞒高额抽成的新闻被曝出，网约车平台利用其相对垄断地位，以提高服务费率等手段，从司机和乘客身上攫取高额利益，造成平台和用户之间的关系失衡，引发网友热议。据新华社调查发现，一些网约车平台抽成超过20%，有时甚至高达50%。 针对新华社近日揭露“一些网约车平台抽成比例能达到25%甚至更高，而司机和乘客对每一单的抽成比例、计算方式毫不知情”，滴滴平台官方正式就此事做出说明称，去年滴滴网约车司机收入占乘客应付总额的79.1%，剩下20.9%中，10.9%为乘客补贴优惠，6.9%为企业经营成本（技术研发、服务器、安全保障、客服、人力、线下运营等）及纳税和支付手续费等，3.1%为网约车业务净利润。 滴滴表示抽成高不是普遍现象，确实存在一部分司机收入占比较低的订单，如顺路单；其中，抽成高于30%的订单占总订单的2.7%，类似极端情况下的订单虽然占比不高，但是确实给司机师傅造成了困扰，比较容易被传播，让大家以为滴滴的抽成都高于30%。 对于媒体质疑滴滴抽成不透明，滴滴官方也在公开说明中公布了其乘客端和司机端不同的计价规则 ，称将持续推进平台收费定价公开透明，持续征集司机意见并公开进展。 声明：泰伯网登载此文出于传递更多信息之目的，并不意味着赞同其观点或证实其描述，文章内容仅供参考。 【登录后才能评论哦 ||| 股市瞬息万变，投资难以决策？来#A股参谋部#超话聊一聊，[点击进入超话] 5月8日，#滴滴回应网约车抽成质疑#登上微博热搜。 日前，滴滴在其官微发布声明，回应近期公众对于其“抽成过高”、“抽成规则不透明”等问题的质疑。滴滴表示，虚心接受公众批评，将持续推进公开透明。 滴滴声明称，滴滴网约车司机收入占乘客应付总额的79.1%。10.9%为乘客补贴优惠，3.1%为网约车业务净利润。 滴滴表示，确实存在部分司机收入占比较低，抽成高于30%的订单占总订单的2.7%。虽占比不高，但确给司机师傅造成困扰，公司正陆续排查原因。 对此，有网友表示，抽成太多了吧…我打车付了40多结果看到司机实际就收了28。有网友认为，开滴滴还是能挣钱的吧，而且在平台上接单子不用像出租车那种去找活。还有网友称，其实应该让司机用自己的流水去对比，这样就好了。 责任编辑：邓健 24小时滚动播报最新的财经资讯和视频，更多粉丝福利扫描二维码关注（sinafinance） 网友提问：@@=value.question$$ 老师回答：@@=value.answer$$ @@=value.title$$ 新浪财经意见反馈留言板 电话：400-052-0066 欢迎批评指正 新浪简介|广告服务|About Sina 联系我们|招聘信息|通行证注册 产品答疑|网站律师|SINA English Copyright © 1996-202,public_web ||| mainstream_news ||| mainstream_news,https://www.chinaz.com/2021/0508/1247343.shtml ||| https://www.taibo.cn/p/70857 ||| https://finance.sina.com.cn/chanjing/gsnews/2021-05-08/doc-ikmyaawc4048999.shtml,3,silver_candidate,standard_review,0.000,low,low_risk,accept,,,,,,证据中网友观点呈现分歧（质疑抽成过高与认为仍有盈利空间并存），mixed情感与理由恰当。,annotator_A,adjudicated_final,annotator_A
E050,LLM_CANON_E050_004,媒体及调查机构,调查并曝光网约车平台抽成比例过高（部分超20%甚至50%）及定价计算不透明问题，引发公众对平台垄断与利益分配的质疑。,negative,新华社等媒体通过调查报道披露高抽成现象，指出平台利用相对垄断地位提高费率且规则不透明，直接触发本次舆论事件。,SC_E050_004,新华社;媒体;自媒体;调查记者,True,,ev-01237;ev-01241;ev-01243;ev-02133;ev-02134;ev-02135;ev-02146,"站长之家 站长之家 近期，有声音显示，滴滴抽成超过30%，质疑其抽成过高;此外，司机端和乘客端价格比例相差过大。对于这些质疑声，滴滴公开表示称，确实存在一部分司机收入占比较低的订单，如顺路单;其中，抽成高于30%的订单占总订单的2.7%，已在陆续排查出现极端订单的原因，尽全力避免极端情况的出现。 滴滴回应高额抽成 滴滴昨天通过微信公众号发布声明，对网约车「抽成」问题进行回应：2020年滴滴网约车司机收入占乘客应付总额的79.1%;剩下20.9% 中，10.9% 为乘客补贴优惠，6.9% 为企业经营成本等，3.1% 为网约车业务净利润。 滴滴承认，确实存在一部分司机收入占比较低的订单，如顺路单;其中，抽成高于30% 的订单占总订单的2.7%。滴滴称在陆续排查出现极端订单的原因，尽全力避免极端情况的出现。 滴滴表示将持续推进平台收费定价公开透明，司机委员会也将持续征集司机意见并公示进展。2021年4月21日，滴滴成立司机委员会以来，目前收到了2000多条司机师傅实名反馈的意见和建议。滴滴表示将尝试邀请提出好意见的司机加入司机委员会，帮助改进优化。 （举报） 此前，有媒体报道了“网约车平台高额抽成”现象。报道称，一些网约车平台抽成比例能达到25%甚至更高，而司机和乘客对每一单的抽成比例、计算方式毫不知情。 近日，湖南长沙一家餐饮店卫生间门口贴出的男女标识牌，因为设计内容十分出格，在网络上 ||| 近期,司机师傅、媒体、自媒体通过个别账单对比、司机采访等方式关注报道滴滴“抽成”等问题。滴滴表示,确实存在一部分司机收入占比较低的订单,如顺路单;其中,抽成高于30%的订单占总订单的2.7%,类似极端 ||| 滴滴表示抽成高不是普遍现象，确实存在一部分司机收入占比较低的订单，如顺路单。 近日，部分网约车平台隐瞒高额抽成的新闻被曝出，网约车平台利用其相对垄断地位，以提高服务费率等手段，从司机和乘客身上攫取高额利益，造成平台和用户之间的关系失衡，引发网友热议。据新华社调查发现，一些网约车平台抽成超过20%，有时甚至高达50%。 针对新华社近日揭露“一些网约车平台抽成比例能达到25%甚至更高，而司机和乘客对每一单的抽成比例、计算方式毫不知情”，滴滴平台官方正式就此事做出说明称，去年滴滴网约车司机收入占乘客应付总额的79.1%，剩下20.9%中，10.9%为乘客补贴优惠，6.9%为企业经营成本（技术研发、服务器、安全保障、客服、人力、线下运营等）及纳税和支付手续费等，3.1%为网约车业务净利润。 滴滴表示抽成高不是普遍现象，确实存在一部分司机收入占比较低的订单，如顺路单；其中，抽成高于30%的订单占总订单的2.7%，类似极端情况下的订单虽然占比不高，但是确实给司机师傅造成了困扰，比较容易被传播，让大家以为滴滴的抽成都高于30%。 对于媒体质疑滴滴抽成不透明，滴滴官方也在公开说明中公布了其乘客端和司机端不同的计价规则 ，称将持续推进平台收费定价公开透明，持续征集司机意见并公开进展。 声明：泰伯网登载此文出于传递更多信息之目的，并不意味着赞同其观点或证实其描述，文章内容仅供参考。 【登录后才能评论哦 ||| 汽车界十万个为什么之为什么滴滴的抽成会如此之高? @滴滴出行 近日,面对来自监管部门的压力,滴滴终于认怂了。一周前,新华社出了一篇报道,大致内就是强调网约车平台抽成高的问题,少则20%,多了超过30% ||| 近日,网约车平台“高抽成”争议愈演愈烈。此前,新华社调查发现,一些网约车平台抽成超过20%,有时甚至高达50%。 ||| 近日,新华社发文揭露网约车平台利用其相对垄断地位,以提高服务费率等手段,从司机和乘客身上攫取高额利益,一些网约车平台抽成超过20%,定价计算方式也不透明。 ||| 原创视频量产者,擅长新闻的发掘与剪辑,比如生活中的人和事,奇闻异事之类的。如有侵权,请联系删除。 315调查记者实探网约车平台“抽成”现状,抽成低于20%订单仅为一成乘客优惠券由司机承担......",public_web ||| mainstream_news ||| mainstream_news ||| mainstream_news ||| social_media ||| social_media ||| mainstream_news,https://www.chinaz.com/2021/0508/1247343.shtml ||| http://opinion.gxnews.com.cn/staticpages/20210508/newgx60965d84-20252256.shtml ||| https://www.taibo.cn/p/70857 ||| https://t.cj.sina.com.cn/articles/view/6182460553/m17080dc8903301jv77 ||| https://www.toutiao.com/article/6959763355733066248/ ||| https://www.toutiao.com/article/6960212939739496974/ ||| https://www.sohu.com/a/763934486_121453799,6,silver_candidate,standard_review,0.000,low,low_risk,accept,,,,,,新华社等媒体调查报道直接支撑高抽成曝光、垄断质疑及不透明问题，证据覆盖完整。,annotator_A,adjudicated_final,annotator_A
