event_id,chain_id,event_chain,evidence_ids,evidence_texts_preview,evidence_texts_full,evidence_texts_full_status,evidence_texts,evidence_source_types,evidence_urls,evidence_titles,evidence_dates,independent_source_count,confidence_route,required_action,adjudication_priority_score,priority_bucket,priority_reason,review_decision,revised_event_chain,revised_evidence_ids,reviewer_note,reviewer_id,adjudication_status,annotator_id
E006,LLM_CHAIN_E006_001,美心翡翠明庭小区公示物业费涨价表决结果 ||| 业主质疑投票数据差异大与程序合法性，联名提出异议 ||| 大龙街道办介入并要求核查结束前暂停提价 ||| 官方启动核查程序，争议持续待最终结论,ev-00116,两个星期过去，围绕着小区物业费涨价的争论在广州市番禺区大龙街道美心翡翠明庭小区还是日益激烈，大家都在追问：公示的投票结果...[preview_truncated],full_text_unavailable; use evidence_texts and evidence_urls,full_text_unavailable,两个星期过去，围绕着小区物业费涨价的争论在广州市番禺区大龙街道美心翡翠明庭小区还是日益激烈，大家都在追问：公示的投票结果与实际调查为什么相差那么大？是谁在作假？ 翡翠明庭已是一个20多年的小区 对服务不满却同意涨价？ 17日中午，记者来到该小区，注意到虽然刚搞了卫生，但仍掩不住这个2004年就建成的有近千户业主的小区老旧之态：有些出口的门卫室闲置无人，地下车库里电动车混杂在过道及角落里，一些楼门禁损坏随意出入。业主李小姐告诉记者，她居住在此已有10多年了，感觉物业服务态度恶劣，对业主诉求置若罔闻，大家都一直在忍，却因物业费要涨价而爆发了。 门卫室里没人 李小姐介绍，长久以来，该小区物业费收取标准较为稳定，楼梯楼为0.9元/平方米，电梯楼为1.2 元/平方米。负责小区物业的广州市创佳物业管理有限公司，是番禺本地颇具规模的物业公司，管理着多个小区。就在翡翠明庭小区对面，有个同样是2004年建成的老小区，也由创佳物业负责管理，其物业费仅0.8元/平方米。 2024年8月23日，美心翡翠明庭小区物业管理委员会骤然提出一系列重要议题，其中最为引人关注的便是物业费涨价方案：楼梯楼物业费计划提升至1.26元/平方米，涨幅高达40%；电梯楼涨至 1.68元/平方米，涨幅同样为40%；商铺物业费更是飙升至3.5元/平方米。物业给出的调价依据是，2023年度美心翡翠明庭物业管理费财务收支净额为-140,mainstream_news,https://www.sohu.com/a/885914198_100116740,title_unavailable,date_unavailable,1,low_confidence,human_review_required,0.500,high,few_evidence;single_source_type;missing_response_or_resolution_signal,accept,,,事件链各节点与证据文本中的争议焦点、街道介入及核查程序高度吻合，逻辑连贯。,annotator_A,adjudicated_final,annotator_A
E045,LLM_CHAIN_E045_001,东湖风景区热门点位早晚高峰出现共享单车“潮汐式”淤积，影响道路通行 ||| 运营企业多次忽视智能监管平台预警，未及时清理淤积车辆 ||| 东湖风景区城管执法局依法对涉事运营企业处以2000元罚款 ||| 景区启用“半阈值报警”智慧监管系统，建立“平台预警+现场核查”双重管控模式,ev-01139,因多次忽视潮汐点位预警、未及时清理车辆造成通行受阻，近日，东湖风景区城管执法局对某共享单车运营企业依法处以2000元罚款...[preview_truncated],full_text_unavailable; use evidence_texts and evidence_urls,full_text_unavailable,因多次忽视潮汐点位预警、未及时清理车辆造成通行受阻，近日，东湖风景区城管执法局对某共享单车运营企业依法处以2000元罚款。 据悉，这是东湖风景区运用“半阈值报警”智慧监管系统精准治理单车乱象的首起典型案例，标志着东湖风景区共享单车管理迈入“预警前置、精准管控”新阶段。 作为热门旅游目的地，东湖风景区内共享单车流量波动剧烈，尤其在网红打卡点及交通枢纽周边，早晚高峰“潮汐式”淤积问题突出。东湖风景区共划定16个共享单车潮汐点位，其中一棵树、水生所、湖山道与鲁磨路交界处、凌波门及磨山景区一号停车场北等5个点位，因紧邻网红地标或景区入口，成为城管一中队重点管控区域。 为精准管控，中队执法人员每日通过“武汉市共享单车智能监管平台”查看点位情况，上午、下午各开展两次专项巡检，形成“平台预警+现场核查”的双重管控模式。 “以往要等车辆堆满才预警，处置时早已影响通行。”东湖城管一中队执法人员介绍，今年启用的“武汉市共享单车智能监管平台”创新采用“半阈值报警”模式，当点位单车数量达到最大承载量的50%时，系统便自动向企业运维人员和执法队员推送预警信息。收到预警后，执法人员会第一时间督促企业清运，同时现场规整阻碍盲道、机动车道的车辆，从源头避免淤积。 此次处罚严格依据《武汉市非机动车管理办法》第三十六条第一款：互联网租赁自行车企业未做好车辆停放管理、未清理禁停区域车辆等，城管部门可责令改正，按每车20,official,https://cgw.wuhan.gov.cn/zzzq/zzzq_cgxw/202509/t20250918_2649348.shtml,title_unavailable,date_unavailable,1,low_confidence,human_review_required,0.500,high,few_evidence;single_source_type;missing_response_or_resolution_signal,accept,,,事件链完整还原了淤积现象、企业忽视预警、城管罚款及智慧监管系统启用的全过程，证据支撑充分。,annotator_A,adjudicated_final,annotator_A
E005,LLM_CHAIN_E005_002,虹凉馨苑物业启动续聘程序并同步推出三年阶梯式涨价计划 ||| 业主认为质价不符，在表决协调会上拍案质问并集体投反对票 ||| 街道及居委会介入搭建沟通平台回应涨价诉求 ||| 账目公开与服务质量争议未决，续聘与调价程序陷入僵局,ev-00096,扫描二维码下载APP ⁺ 历史 ⁺ 收藏 ⁺ 订阅 在12345市民热线系统中，关于物业服务的投诉总量排名前列，堪称基层...[preview_truncated],full_text_unavailable; use evidence_texts and evidence_urls,full_text_unavailable,扫描二维码下载APP ⁺ 历史 ⁺ 收藏 ⁺ 订阅 在12345市民热线系统中，关于物业服务的投诉总量排名前列，堪称基层治理的“硬骨头”。比如，虹凉馨苑小区就因为物业要涨物业费，引发了居民与物业之间的一场激烈争吵。 “不需要你提醒，我说话不要插嘴。你说什么呀！” 上周二，为了物业费涨价问题，虹凉馨苑小区特意召开了一次协调会，结果刚开场就炸了锅。居民们拍案而起：“你要涨价要有依据，讲出来让老百姓心服口服！”有人指着表决表质问：“同步每年递增2角钱，你看这里基本上都是反对的！” 虹凉馨苑小区从2016年至今，多层住宅的物业费为每月0.68元/平方米，高层是每月1.45元/平方米。6月初，居民们突然收到了续聘物业服务企业以及物业费涨价的表决通知，告知大家，物业费将从明年1月1日起，“三年三连涨”，每年涨0.2元/平方米/月。这让不少居民很不买账，认为物业服务质量并不见涨，收费凭什么涨价？既然正逢续聘，如果要涨价，那不如干脆换一家。“口碑这么差，什么都不好，为什么还要续聘？”业主们愤然要求公开招标，“同等价格同等服务，大家要有选择权”。 物业则觉得委屈，收费多年没涨，但人工成本却不断上涨，现在的收费标准，连维持安保、保洁等日常开支都已捉襟见肘了。虹凉馨苑物业负责人方林清倍感委屈：“每平方六角钱，在这片区已不多见，售后公房都要八角了……我们一年亏损十几万。” 也有居民表示体谅。“我第一次交物,public_interaction,https://www.kankanews.com/detail/DgwMVGOYZ2W,title_unavailable,date_unavailable,1,low_confidence,human_review_required,0.320,medium,few_evidence;single_source_type,accept,,,证据准确对应三年阶梯涨价、业主协调会拍案质疑、居委介入及程序僵局的各环节。,annotator_A,adjudicated_final,annotator_A
E007,LLM_CHAIN_E007_001,业主集中反映物业费上涨、违约金收取及公共花园改作员工宿舍 ||| 瑞丰物业回应称违约金系追缴前期欠费且宿舍水电未纳入公摊，业主质疑费用透明度与安全隐患 ||| 广州市物业管理行业协会介入，指出物业不得直接收取违约金且不得擅自调整收费标准 ||| 市物管协会督促物业方尽快整改，争议事件持续跟进,ev-00139,业主反映蓝色康园物业方存在多种问题，市物管协会正在督促该小区物业方尽快整改 原本每平方米一块多的物业费，如今涨到了两块多...[preview_truncated],full_text_unavailable; use evidence_texts and evidence_urls,full_text_unavailable,业主反映蓝色康园物业方存在多种问题，市物管协会正在督促该小区物业方尽快整改 原本每平方米一块多的物业费，如今涨到了两块多，又看不到新合同，业主们怀疑物业偷偷涨价。前段时间，广州市海珠区赤岗街道蓝色康园小区的业主就碰上这种事情。据业主们反映，该小区的物业公司——广州市瑞丰物业管理有限公司（下称“瑞丰物业”）还存在用公共区域改造成员工宿舍和安全疏忽等多项问题。 近日，记者对该小区展开走访，也向物业公司进行了询问。物业公司回复向新快报记者称，发给部分业主的“违约金”不针对当个月，而是属于上一阶段2、3月份没有及时缴纳所产生的违约金；员工宿舍属于公共用地，水电未纳入业主公摊中。广州市物业管理协会引用相关条例指出，物业不得直接收取违约金，并且不能私自调整收费标准。 业主反映 物业提前收取物业费 还收取业主水费违约金 5月23日，记者来到位于海珠区滨江东路的蓝色康园小区。业主黄先生（化姓）告诉新快报记者，他每月都有按时缴费，此前不存在欠费行为。他提供的收费单显示，瑞丰物业在2025年5月3日发交款通知书时，要求黄先生缴纳2025年5月的物业服务费违约金，同时还要预收5-6月的物业服务费。 业主小敏（化名）也收到了缴费通知，但她打电话向供水公司确认过，并不存在欠缴水费的情况，却被物业要求交水费违约金以及预收5-6月的物业服务费。小敏质疑：“物业是否有权利直接在缴费单上收违约金？而且还是收的水费违,mainstream_news,https://k.sina.com.cn/article_1652484947_627eeb5302001q30e.html?from=news&subch=onews,title_unavailable,date_unavailable,1,low_confidence,human_review_required,0.320,medium,few_evidence;single_source_type,accept,,,证据清晰支撑业主诉求、物业回应、物管协会定性违规及督促整改的完整链条。,annotator_A,adjudicated_final,annotator_A
E001,LLM_CHAIN_E001_001,白云区政府印发三元里村改造补偿安置方案 ||| 舆论关注补偿标准与地价落差及安置条件 ||| 政府出台早签奖励政策并公开征求补充方案意见 ||| 改造同意率超75%且项目获资金保障进入实质征拆,ev-00001;ev-00031;ev-00022;ev-00013;ev-00033;ev-00027,村民安置房全部迁回三元里街 1月10日，记者从广州市白云区获悉，根据已批复的三元里村城中村改造方案，村民的安置房全部回迁...[preview_truncated] ||| 手机看新闻 最近，三元里旧改的补偿标准在网上热传，最高拆迁补偿费达到6600元/平米。按目前的方案，每月临时安置费为20...[preview_truncated] ||| 白云融媒 2025-04-25 16:13发布于广东广州市白云通讯社官方账号 先签约有大礼包派送 三元里村城中村改造项目...[preview_truncated] ||| 《关于广州市白云区三元里村城中村改造项目旧村地块国有土地上房屋征收补偿补充方案（征求意见稿）征求公众意见的公告》于202...[preview_truncated] ||| 三元里旧改补偿标准曝光，地价4万+，补偿6600元/平？ 根据网传的三元里旧改征收补偿方案，补偿标准最高为6600元/平...[preview_truncated] ||| 金羊网 2025-04-24 20:01发布于广东金羊网官方账号 文/羊城晚报全媒体记者 符畅 近日，随着一系列激励政策...[preview_truncated],full_text_unavailable; use evidence_texts and evidence_urls ||| full_text_unavailable; use evidence_texts and evidence_urls ||| full_text_unavailable; use evidence_texts and evidence_urls ||| full_text_unavailable; use evidence_texts and evidence_urls ||| full_text_unavailable; use evidence_texts and evidence_urls ||| full_text_unavailable; use evidence_texts and evidence_urls,full_text_unavailable ||| full_text_unavailable ||| full_text_unavailable ||| full_text_unavailable ||| full_text_unavailable ||| full_text_unavailable,村民安置房全部迁回三元里街 1月10日，记者从广州市白云区获悉，根据已批复的三元里村城中村改造方案，村民的安置房全部回迁在改造范围内，即三元里街辖内。对于集体土地上的村民住宅，符合“一户一宅”等安置条件且选择安置的，按照“拆一补一”的原则，按房屋实测面积且不超过280平方米进行核定安置面积。 三元里村城中村改造项目效果图 据了解，此次征地范围包括广园中路以南、三元里大道以北、广园西路以东、解放西路以西的整片区域，涉及的拟征收土地面积为375301平方米，合计562.95亩，几乎覆盖整个三元里村。作为广州火车站改造片区的重要组成部分，三元里村城中村改造大面积征地，意味着改造也有了实质进展。 日前，白云区政府印发三元里村城中村改造项目土地及房屋征收补偿安置方案，拟征地面积375301平方米，合计562.95亩，最高补偿7590元/平方米（权属人按期签约、交房并放弃安置），范围覆盖三元里村全村，将用于居住用地、商业用地等成片开发。 根据补偿安置方案，三元里村住宅部分原则上采用“先补偿，后回购公寓式住宅安置房”的形式实施安置。权属人若在监理单位出具正式报告之日起3个月内签约并按约定交房，可额外获得补偿金额的15%的搬迁奖励，即最高7590元/平方米（权属人放弃安置）。权属人若3—6个月内签约并按约定交房则予以10%的搬迁奖励，前述期限内未签订补偿协议或交房则不予以奖励。临迁安置费标准则为4 ||| 手机看新闻 最近，三元里旧改的补偿标准在网上热传，最高拆迁补偿费达到6600元/平米。按目前的方案，每月临时安置费为20元/平米，按时搬迁还能额外奖励15%。小编觉得，这样的补偿对村民来说还是挺有吸引力的，因为跟以前曝光的潭村补偿方案差不多。 从曝光的补偿方案来看，征收补偿分为多种标准，合法房屋的货币补偿最高可达3600元/平米，加上3000元/平米的征收奖励，总共可以拿到6600元/平米。而地价高达4万元/平米，相比之下，补偿金额还是有些落差的。为了尽量照顾到所有村民的利益，补偿方案中也对小产权房做了安排，例如小产权房每平米补偿500元，像康鹭旧改中，小产权房业主还可以获得公寓40年使用权。 拆迁奖励和补偿方面，临时安置费为20元/平米/月，搬迁费为5000元/栋。对于国有住宅，按照评估价补偿，合法产权证的国有住宅可以实行产权调换，按套内面积1:1复建。集体土地住宅房屋则按符合一户一宅、不超过280平米的标准核算复建安置面积，超出部分按建安成本指导价补偿。虽然这些标准都是网传版本，还需以官方最终确定为准，但已经引起了不小的关注。 三元里的地段不错，这样的补偿标准比起市中心其他旧改来说，并不算高。不过，由于是国企主导的做地旧改，保障性更强，拆补方案也尽量平衡各方权益，相信接下来白云区的其他旧改项目基本会参考类似方案推进。从目前的数据来看，三元里村的改造意愿非常高，超1800社员和5 ||| 白云融媒 2025-04-25 16:13发布于广东广州市白云通讯社官方账号 先签约有大礼包派送 三元里村城中村改造项目 又有新进展啦！ 近日 “三元里村城中村改造项目激励政策”出炉 5月10日前签约的村民 将可享受三重奖励 涵盖奖励金额1万元 50年车位使用权、优先选房权 另外 三元里辖内批发市场 兴发广场三、四期商户逐步清退 广东音像城 也正在紧锣密鼓清场中 4月23日 记者在三元里村走访看到 村口摆着巨幅展板 村内张贴横幅 “激励政策”展板详细介绍了 签约三重大礼包的奖励依据 条件及标准等情况 这两日，各工作组办公地点 也迎来大批村民详细咨询相关奖励措施 根据《公告》，在三元里村城中村改造项目征收范围内符合安置条件且选择复建安置或产权调换、已签订住宅房屋征收补偿安置协议(以下简称《补偿协议》)且完成房屋交付搬迁的被征收人，可参与选房。 在三元里村旧村、松柏新村征收范围内享有首批选房权的村民，同时可享1万元奖励及停车位50年无偿使用权。 根据《三元里村城中村改造公告》 住宅安置地块有2宗 位于兴发广场三、四期 当天，记者走访了解到 批发市场商户正逐步清退 有工人在拆卸档口招牌、内饰 “在这里十几年了，虽然舍不得，但确实是需要改造了，从我们接待客户的角度来讲，整个环境、交通都亟须升级。改造完希望能搬回来，毕竟这里的美甲批发相对集聚，客人来到广州都往这边来，对于顾客来说相对方便。” ||| 《关于广州市白云区三元里村城中村改造项目旧村地块国有土地上房屋征收补偿补充方案（征求意见稿）征求公众意见的公告》于2025年4月27日起在广州市白云区人民政府门户网站及征收现场进行征求意见公示。经调查、询问被征收人的意见和存在的问题，并对被征收人进行政策解释后，在征求意见期间，共收到网上留言反馈意见37条。现将公众意见征集及采纳情况（见附件）进行公告。 特此公告。 附件：广州市白云区三元里村城中村改造项目旧村地块国有土地上房屋征收补偿补充方案（征求意见稿）公众意见征集及采纳情况.pdf 广州市白云区人民政府国有土地上房屋征收办公室 2025年6月25日 主办：广州市白云区人民政府办公室承办：广州市白云区政务服务和数据管理局 粤ICP备12055861号-1网站统计：-网站标识码：4401110001粤公网安备 44011102000010号 ||| 三元里旧改补偿标准曝光，地价4万+，补偿6600元/平？ 根据网传的三元里旧改征收补偿方案，补偿标准最高为6600元/平，与之前曝光的潭村方案相似。补偿金额与地价相比存在较大落差，可能导致部分村民选择原地安置回迁。 据曝光的补偿方案显示，根据房屋不同情况，弃产货币补偿分为5个标准，最高为合法房屋的框架结构（A）可补偿3600元/平。若再加上征收奖励3000元/平，村民可获得6600元/平的补偿。然而，地价能卖到4万/平，补偿金额与之相比存在较大落差。 除了弃产的货币补偿，其他补偿标准包括国有住宅按评估价补偿，集体土地住宅按符合一户一宅不超过280㎡核算复建安置面积，超出部分按建安成本指导价补偿。 尽管补偿标准相对较低，但三元里村旧改的推进势头良好。据统计，截至6月26日，已有超过1800社员和5000多村民同意改造，同意率分别为93.85%和75.7%。这一旧改项目将推动片区蜕变和发展，提高村民生活水平。 尽管补偿标准存在一定落差，但三元里村旧改的推进势头良好。该项目将促进片区蜕变和发展，提高村民生活水平。 深圳市吉屋网络技术有限公司 服务热线：0755-26404403 粤ICP备11045667号 公网安备 44030502001914 ||| 金羊网 2025-04-24 20:01发布于广东金羊网官方账号 文/羊城晚报全媒体记者 符畅 近日，随着一系列激励政策的出炉，三元里村城中村改造项目按下加速键。对于住宅房屋如何补偿安置等备受关注的问题，记者整理了一份热点问答： 问：如何确保项目顺利实施，不烂尾？ 答：三元里村城中村改造项目严格依照《广州市城中村改造条例》等法规，采用“政府主导、依法征收、净地出让”新模式推进，改造资金由国家开发银行、中国农业发展银行提供专项借款支持（已授信166亿元）。改造资金由政府统借统还，与土地出让不挂钩，改造资金支付与房地产市场无关，不受商品房销售行情影响。改造资金的使用由政府全程监管并进行专项审计，充分保障征拆费用及安置房建设资金并严格把控安置房建设进度。综上，改造资金来源及还款均有政府保障，项目不存在资金链断裂风险。 问：安置房的具体回迁范围？ 答：三元里村城中村改造项目控规方案由市政府正式批复并公示，改造方案已正式经市城中村改造建设指挥部专题会议审议通过。该方案已明确9宗安置住宅地块（3宗位于三元里内村共约5416套、约35.37万平方米；6宗位于松柏新村共约5561套、约53.16万平方米），10宗安置物业地块（总安置量约为28.12万㎡，其中4宗位于三元里内村，约6.07万平方米；4宗位于松柏新村，约5.33万平方米；1宗位于三角地，约9.02万平方米，另有1宗位于改造范围外美湾二,official ||| mainstream_news ||| mainstream_news ||| official ||| public_web ||| mainstream_news,https://www.gz.gov.cn/zwfw/zxfw/zffw/content/post_10072842.html ||| https://gz.news.fang.com/2024-07-12/50618185.htm ||| https://new.qq.com/rain/a/20250425A06LSH00 ||| https://www.by.gov.cn/zwgk/zdlyxxgkzl/gytdsfwzsbcxxgkzl/gytdsfwzsxmxx/content/post_10325899.html ||| https://m.jiwu.com/www/news/5631019.html ||| https://new.qq.com/rain/a/20250424A08RHR00,title_unavailable ||| title_unavailable ||| title_unavailable ||| title_unavailable ||| title_unavailable ||| title_unavailable,date_unavailable ||| date_unavailable ||| date_unavailable ||| date_unavailable ||| date_unavailable ||| date_unavailable,5,silver_candidate,standard_review,0.180,low,missing_response_or_resolution_signal,accept,,,多源证据完整覆盖方案印发、舆论关注落差、早签奖励与补充意见征求、高同意率及资金保障等节点。,annotator_A,adjudicated_final,annotator_A
E001,LLM_CHAIN_E001_002,公布“拆一补一”原则及不超过280平米安置标准 ||| 部分村民对补偿金额存疑并引发广泛讨论 ||| 街道成立征收工作组进驻并推出签约三重奖励 ||| 超1800名社员同意改造，安置房确定全部原址回迁,ev-00002;ev-00021;ev-00010;ev-00027;ev-00034,"南方都市报 2025-01-11 07:07发布于广东南方都市报官方账号 南都讯1月10日，南都记者获悉，根据已批复的广...[preview_truncated] ||| 随着城市化进程的不断加快,广州的城中村改造工作已成为一项重要的民生工程。近日,广州三元里的城中村改造补偿安置方案正式确定...[preview_truncated] ||| 经过长达十年的停滞，广州市白云区三元里村的旧城改造项目迎来了实质性进展。根据最新消息，白云区已成立13个征收工作组进驻三...[preview_truncated] ||| 金羊网 2025-04-24 20:01发布于广东金羊网官方账号 文/羊城晚报全媒体记者 符畅 近日，随着一系列激励政策...[preview_truncated] ||| 手机看新闻 最近，继禁电鸡之后，三元里全面重启旧改的消息，纷至沓来。 有村民曝料，现在村内已经开始进行基础数据调查和摸排...[preview_truncated]",full_text_unavailable; use evidence_texts and evidence_urls ||| full_text_unavailable; use evidence_texts and evidence_urls ||| full_text_unavailable; use evidence_texts and evidence_urls ||| full_text_unavailable; use evidence_texts and evidence_urls ||| full_text_unavailable; use evidence_texts and evidence_urls,full_text_unavailable ||| full_text_unavailable ||| full_text_unavailable ||| full_text_unavailable ||| full_text_unavailable,"南方都市报 2025-01-11 07:07发布于广东南方都市报官方账号 南都讯1月10日，南都记者获悉，根据已批复的广州市白云区三元里村城中村改造方案，村民的安置房全部回迁在改造范围内，即三元里街辖内。对于集体土地上的村民住宅，符合“一户一宅”等安置条件且选择安置的，按照“拆一补一”的原则，按房屋实测面积且不超过280平方米进行核定安置面积。 广州三元里村航拍图。通讯员 供图 据了解，此次征地范围包括广园中路以南、三元里大道以北、广园西路以东、解放西路以西的整片区域，涉及到的拟征收土地面积为375301平方米，合计562.95亩，几乎覆盖整个三元里村。作为广州火车站改造片区的重要组成部分，三元里村城中村改造大面积征地，意味着改造也有了实质性进展。根据三元里现行控规，此次征地的南面地铁站、牌坊部分，规划以公园和商住地块为主。未来，三元里和广州火车站将打造一条串联广州火车站、抗英斗争纪念公园、平英团旧址、飞翔公园、白云新城等地标群的文化商业生态轴。 日前，白云区政府印发三元里村城中村改造项目土地及房屋征收补偿安置方案，拟征地面积375301平方米，合计562.95亩，最高补偿7590元/平方米（权属人按期签约、交房并放弃安置），范围覆盖三元里村全村，将用于居住用地、商业用地等成片开发。 根据安置补偿方案，三元里村住宅部分原则上采用“先补偿，后回购公寓式住宅安置房”的形式实施安置。权属 ||| 随着城市化进程的不断加快,广州的城中村改造工作已成为一项重要的民生工程。近日,广州三元里的城中村改造补偿安置方案正式确定,引起了广泛的关注和讨论。这个备受期待的方案,不仅关乎居民的切身利益,更是城市发 ||| 经过长达十年的停滞，广州市白云区三元里村的旧城改造项目迎来了实质性进展。根据最新消息，白云区已成立13个征收工作组进驻三元里村，正式启动征拆工作。居民对这一变化感到振奋，已有多人主动前往工作组咨询征收补偿和安置方案，并签署了相关确认表。 此次三元里村的改造，涉及的征地范围包括四个主要地块，面积约926.07亩，现有建筑量达到167万平方米。这一经历了岁月洗礼的村落，终于能够通过改造焕发新生。为吸引居民配合，村内多处张贴了动员宣传，包括“早签早奖励”、“旧村换新颜”等口号，鼓励居民尽快签署补偿协议。 在补偿方案上，居民将拥有自主选择的权力。根据不同类型的房屋，补偿方式包括货币补偿和产权调换。货币补偿方面，老旧小区和农民公寓的指导补偿价为2.48万元/平方米，集转国独栋村居为1.68万元/平方米。在此基础上，最终补偿可能因各种奖励累计达到3.78万元/平方米。 产权调换方面，居民可选择以1:1的比例置换复建房屋，同时享5000元的额外补贴。若居民希望获得更大的房屋面积，签约前3个月内，超出10平方米的部分可按市场价70%购买，超过10平方米的部分则按照评估价100%购买。这一系列补偿政策使得居民感到温暖，也为改造的顺利推进奠定了基础。 不仅如此，三元里旧改项目更是广州市火车站片区升级改造规划的重要部分，未来将成为连接白云新城与广州火车站的重要枢纽。项目强调高质量建设，将打造1.5公里的 ||| 金羊网 2025-04-24 20:01发布于广东金羊网官方账号 文/羊城晚报全媒体记者 符畅 近日，随着一系列激励政策的出炉，三元里村城中村改造项目按下加速键。对于住宅房屋如何补偿安置等备受关注的问题，记者整理了一份热点问答： 问：如何确保项目顺利实施，不烂尾？ 答：三元里村城中村改造项目严格依照《广州市城中村改造条例》等法规，采用“政府主导、依法征收、净地出让”新模式推进，改造资金由国家开发银行、中国农业发展银行提供专项借款支持（已授信166亿元）。改造资金由政府统借统还，与土地出让不挂钩，改造资金支付与房地产市场无关，不受商品房销售行情影响。改造资金的使用由政府全程监管并进行专项审计，充分保障征拆费用及安置房建设资金并严格把控安置房建设进度。综上，改造资金来源及还款均有政府保障，项目不存在资金链断裂风险。 问：安置房的具体回迁范围？ 答：三元里村城中村改造项目控规方案由市政府正式批复并公示，改造方案已正式经市城中村改造建设指挥部专题会议审议通过。该方案已明确9宗安置住宅地块（3宗位于三元里内村共约5416套、约35.37万平方米；6宗位于松柏新村共约5561套、约53.16万平方米），10宗安置物业地块（总安置量约为28.12万㎡，其中4宗位于三元里内村，约6.07万平方米；4宗位于松柏新村，约5.33万平方米；1宗位于三角地，约9.02万平方米，另有1宗位于改造范围外美湾二 ||| 手机看新闻 最近，继禁电鸡之后，三元里全面重启旧改的消息，纷至沓来。 有村民曝料，现在村内已经开始进行基础数据调查和摸排改造意见。 而在今天，楼市君又看到一则公告显示，截止到6月26日，三元里已有1802位社员同意改造，占到全村的93.85%。 全村18周岁以上的村民，也有5483人赞同改造，同意率为75.7%。 楼市君上周实踩三元里的时候，大部分村民也反馈同意拆迁，并支持复建回迁。 也就是说，三元里同意改造的群体，占据了大多数。 此前，那些猜测禁电鸡与旧改推进之间的言论，现在可以“闭麦”了。 免责声明：本文系注册用户（作者）在房产圈发布，房天下未对内容作任何修改或整理。本文仅代表作者观点，不代表房天下立场，若侵犯了您的合法权益，请进行投诉。对作者发布之内容，未经许可，不得转载。 我们带你读懂市场，识破套路，买到合心意、高性价比的好房子！ 50000元/平方米 价格待定 25000元/平方米 23000元/平方米 35000元/平方米 12888元/平方米 35000元/平方米 29000元/平方米 价格待定 29000元/平方米 添加客服微信",mainstream_news ||| social_media ||| mainstream_news ||| mainstream_news ||| mainstream_news,https://new.qq.com/rain/a/20250110A0A91Z00 ||| https://www.toutiao.com/article/7458593677934395913/ ||| https://www.sohu.com/a/881537084_121885030 ||| https://new.qq.com/rain/a/20250424A08RHR00 ||| https://gz.news.fang.com/open/50544119.html,title_unavailable ||| title_unavailable ||| title_unavailable ||| title_unavailable ||| title_unavailable,date_unavailable ||| date_unavailable ||| date_unavailable ||| date_unavailable ||| date_unavailable,4,silver_candidate,standard_review,0.180,low,missing_response_or_resolution_signal,accept,,,证据准确对应拆一补一标准、村民讨论、工作组进驻与三重奖励、高同意率及原址回迁等关键事实。,annotator_A,adjudicated_final,annotator_A
E001,LLM_CHAIN_E001_003,印发国有土地上房屋征收补偿补充方案征求意见稿 ||| 网络热议补偿方案细节，村民担忧项目资金链与烂尾风险 ||| 官方明确166亿元专项借款统借统还并公示意见采纳情况 ||| 激励政策落地加速签约，片区清退与改造工作实质性推进,ev-00006;ev-00031;ev-00014;ev-00027;ev-00022,"2025-02-18 17:13 · 叔叔说旧改 2月17日,广州市白云区印发: 三元里村城中村改造项目旧村...[preview_truncated] ||| 手机看新闻 最近，三元里旧改的补偿标准在网上热传，最高拆迁补偿费达到6600元/平米。按目前的方案，每月临时安置费为20...[preview_truncated] ||| 《广州市白云区三元里村城中村改造项目“村改居独栋村居类型”住宅房屋扶助方案（征求意见稿）》于2025年5月9日起在广州市...[preview_truncated] ||| 金羊网 2025-04-24 20:01发布于广东金羊网官方账号 文/羊城晚报全媒体记者 符畅 近日，随着一系列激励政策...[preview_truncated] ||| 白云融媒 2025-04-25 16:13发布于广东广州市白云通讯社官方账号 先签约有大礼包派送 三元里村城中村改造项目...[preview_truncated]",full_text_unavailable; use evidence_texts and evidence_urls ||| full_text_unavailable; use evidence_texts and evidence_urls ||| full_text_unavailable; use evidence_texts and evidence_urls ||| full_text_unavailable; use evidence_texts and evidence_urls ||| full_text_unavailable; use evidence_texts and evidence_urls,full_text_unavailable ||| full_text_unavailable ||| full_text_unavailable ||| full_text_unavailable ||| full_text_unavailable,"2025-02-18 17:13 · 叔叔说旧改 2月17日,广州市白云区印发: 三元里村城中村改造项目旧村地块国有土地上房屋征收补偿方案 (征求意见稿) 。 本次意见征询截止时间为:20 ||| 手机看新闻 最近，三元里旧改的补偿标准在网上热传，最高拆迁补偿费达到6600元/平米。按目前的方案，每月临时安置费为20元/平米，按时搬迁还能额外奖励15%。小编觉得，这样的补偿对村民来说还是挺有吸引力的，因为跟以前曝光的潭村补偿方案差不多。 从曝光的补偿方案来看，征收补偿分为多种标准，合法房屋的货币补偿最高可达3600元/平米，加上3000元/平米的征收奖励，总共可以拿到6600元/平米。而地价高达4万元/平米，相比之下，补偿金额还是有些落差的。为了尽量照顾到所有村民的利益，补偿方案中也对小产权房做了安排，例如小产权房每平米补偿500元，像康鹭旧改中，小产权房业主还可以获得公寓40年使用权。 拆迁奖励和补偿方面，临时安置费为20元/平米/月，搬迁费为5000元/栋。对于国有住宅，按照评估价补偿，合法产权证的国有住宅可以实行产权调换，按套内面积1:1复建。集体土地住宅房屋则按符合一户一宅、不超过280平米的标准核算复建安置面积，超出部分按建安成本指导价补偿。虽然这些标准都是网传版本，还需以官方最终确定为准，但已经引起了不小的关注。 三元里的地段不错，这样的补偿标准比起市中心其他旧改来说，并不算高。不过，由于是国企主导的做地旧改，保障性更强，拆补方案也尽量平衡各方权益，相信接下来白云区的其他旧改项目基本会参考类似方案推进。从目前的数据来看，三元里村的改造意愿非常高，超1800社员和5 ||| 《广州市白云区三元里村城中村改造项目“村改居独栋村居类型”住宅房屋扶助方案（征求意见稿）》于2025年5月9日起在广州市白云区人民政府门户网站及征收现场进行征求意见公示。经调查、询问被征收人的意见和存在的问题，并对被征收人进行政策解释后，在征求意见期间，共收到网上留言反馈意见53条。现将公众意见征集及采纳情况（见附件）进行公告。 特此公告。 附件：广州市白云区三元里村城中村改造项目“村改居独栋村居类型”住宅房屋扶助方案（征求意见稿）公众意见征集及采纳情况.pdf 广州市白云区人民政府国有土地上房屋征收办公室 2025年6月25日 主办：广州市白云区人民政府办公室承办：广州市白云区政务服务和数据管理局 粤ICP备12055861号-1网站统计：-网站标识码：4401110001粤公网安备 44011102000010号 ||| 金羊网 2025-04-24 20:01发布于广东金羊网官方账号 文/羊城晚报全媒体记者 符畅 近日，随着一系列激励政策的出炉，三元里村城中村改造项目按下加速键。对于住宅房屋如何补偿安置等备受关注的问题，记者整理了一份热点问答： 问：如何确保项目顺利实施，不烂尾？ 答：三元里村城中村改造项目严格依照《广州市城中村改造条例》等法规，采用“政府主导、依法征收、净地出让”新模式推进，改造资金由国家开发银行、中国农业发展银行提供专项借款支持（已授信166亿元）。改造资金由政府统借统还，与土地出让不挂钩，改造资金支付与房地产市场无关，不受商品房销售行情影响。改造资金的使用由政府全程监管并进行专项审计，充分保障征拆费用及安置房建设资金并严格把控安置房建设进度。综上，改造资金来源及还款均有政府保障，项目不存在资金链断裂风险。 问：安置房的具体回迁范围？ 答：三元里村城中村改造项目控规方案由市政府正式批复并公示，改造方案已正式经市城中村改造建设指挥部专题会议审议通过。该方案已明确9宗安置住宅地块（3宗位于三元里内村共约5416套、约35.37万平方米；6宗位于松柏新村共约5561套、约53.16万平方米），10宗安置物业地块（总安置量约为28.12万㎡，其中4宗位于三元里内村，约6.07万平方米；4宗位于松柏新村，约5.33万平方米；1宗位于三角地，约9.02万平方米，另有1宗位于改造范围外美湾二 ||| 白云融媒 2025-04-25 16:13发布于广东广州市白云通讯社官方账号 先签约有大礼包派送 三元里村城中村改造项目 又有新进展啦！ 近日 “三元里村城中村改造项目激励政策”出炉 5月10日前签约的村民 将可享受三重奖励 涵盖奖励金额1万元 50年车位使用权、优先选房权 另外 三元里辖内批发市场 兴发广场三、四期商户逐步清退 广东音像城 也正在紧锣密鼓清场中 4月23日 记者在三元里村走访看到 村口摆着巨幅展板 村内张贴横幅 “激励政策”展板详细介绍了 签约三重大礼包的奖励依据 条件及标准等情况 这两日，各工作组办公地点 也迎来大批村民详细咨询相关奖励措施 根据《公告》，在三元里村城中村改造项目征收范围内符合安置条件且选择复建安置或产权调换、已签订住宅房屋征收补偿安置协议(以下简称《补偿协议》)且完成房屋交付搬迁的被征收人，可参与选房。 在三元里村旧村、松柏新村征收范围内享有首批选房权的村民，同时可享1万元奖励及停车位50年无偿使用权。 根据《三元里村城中村改造公告》 住宅安置地块有2宗 位于兴发广场三、四期 当天，记者走访了解到 批发市场商户正逐步清退 有工人在拆卸档口招牌、内饰 “在这里十几年了，虽然舍不得，但确实是需要改造了，从我们接待客户的角度来讲，整个环境、交通都亟须升级。改造完希望能搬回来，毕竟这里的美甲批发相对集聚，客人来到广州都往这边来，对于顾客来说相对方便。”",social_media ||| mainstream_news ||| official ||| mainstream_news ||| mainstream_news,https://www.toutiao.com/article/7472684724675428899/ ||| https://gz.news.fang.com/2024-07-12/50618185.htm ||| https://www.by.gov.cn/zwgk/zdlyxxgkzl/gytdsfwzsbcxxgkzl/gytdsfwzsxmxx/content/post_10325902.html ||| https://new.qq.com/rain/a/20250424A08RHR00 ||| https://new.qq.com/rain/a/20250425A06LSH00,title_unavailable ||| title_unavailable ||| title_unavailable ||| title_unavailable ||| title_unavailable,date_unavailable ||| date_unavailable ||| date_unavailable ||| date_unavailable ||| date_unavailable,4,silver_candidate,standard_review,0.180,low,missing_response_or_resolution_signal,accept,,,证据完整覆盖方案印发、舆情担忧、官方回应资金保障及激励清退进展，事实链条清晰且均有对应支撑。,annotator_A,adjudicated_final,annotator_A
E010,LLM_CHAIN_E010_001,百家坊未来社区安置房项目于2022年开工并计划分期验收 ||| 部分配套设施未按期竣工导致选房与交房工作延期 ||| 双港街道办事处发布通告统筹安排安置房选房事宜 ||| 街道组织集中选房与补选工作以推进后续交付,ev-01562;ev-01564;ev-01556;ev-00224,买新房 买二手房 找租房 房贷计算器 地图找房 查房价 我的消息 楼盘图库 建材 房产超市 房超经纪人 房超置业顾问 看...[preview_truncated] ||| 5月24日，衢小布走进百家坊未来社区项目现场，工地上大型运输车辆来回穿梭，塔吊机来回运转，一片繁忙的施工景象。 01 项...[preview_truncated] ||| 发布时间：2025-06-30 13:25 访问次数： 信息来源：党建统领模块 为积极稳妥推进柯城区百家塘片区国有土地上...[preview_truncated] ||| 发布时间：2025-08-02 17:02 访问次数： 信息来源：党建统领模块 各被征收人： 2025年7月7日至7月3...[preview_truncated],full_text_unavailable; use evidence_texts and evidence_urls ||| full_text_unavailable; use evidence_texts and evidence_urls ||| full_text_unavailable; use evidence_texts and evidence_urls ||| full_text_unavailable; use evidence_texts and evidence_urls,full_text_unavailable ||| full_text_unavailable ||| full_text_unavailable ||| full_text_unavailable,买新房 买二手房 找租房 房贷计算器 地图找房 查房价 我的消息 楼盘图库 建材 房产超市 房超经纪人 房超置业顾问 看 百家坊未来社区最新进展来了~ 百家坊未来社区项目位于智慧新城百家坊片区，为全拆重建类安置小区项目，被纳入浙江省第三批未来社区试点名单，于2022年3月开工建设，目前项目进展情况如何？一起看看去。 2025年全面建成 随着最后一方混凝土浇筑完成，百家坊未来社区三期项目一标段11栋住宅楼和1所幼儿园的主体结构全面封顶，提前28天完成项目建设第二个里程碑节点计划。 百家坊未来社区三期项目分为两个标段进行施工，一标段目前全面进入二次结构施工，今年11月下旬二标段也将完成主体结构施工，进入二次结构施工阶段。 项目一期将于今年年底具备验收条件，小区风貌初现。二期项目2024年4月底达到竣工验收条件，整个项目将于2025年全面建成。 项目介绍 住宅 百家坊未来社区项目位于智慧大道以西、320国道以北、皂角村以东、双叶线以南，总规划占地56.66公顷，项目主要包括98幢安置房、1所小学、2所幼儿园、邻里中心及其他公共配套。 来源：衢州智慧新城管理委员会 律师声明：凡注明“来源：房产超市网”的所有文字图片等资料，版权均属房产超市网所有，未经许可请勿转载刊登；资讯信息仅供参考，内容不代表房产超市网观点。 1 分钟前 139****9686 已经发送申请 1 分钟前 151****3 ||| 5月24日，衢小布走进百家坊未来社区项目现场，工地上大型运输车辆来回穿梭，塔吊机来回运转，一片繁忙的施工景象。 01 项目进展 已关注 关注 重播分享赞 关闭 观看更多 更多 正在加载 正在加载 退出全屏 视频加载失败，请刷新页面再试 刷新 视频详情 衢州智慧新城百家坊社区项目是全拆重建类安置小区项目，是浙江省第三批未来社区试点创建项目，也是备受关注的重点民生工程。项目自2022年3月开工以来，各参建单位团结协作，紧盯目标、攻坚克难，合力高效推进工程建设，全力以赴确保项目如期完工。 项目一期共25栋建筑1552套住房，均为地上11层，面积从60㎡到130㎡不等。目前1000余名工人正在进行装饰装修作业，外墙粉刷全部完成，内墙粉刷完成60%左右，电梯间等公共部分刚进入装修阶段。预计2024年4月完工。 在项目二期现场，一台台塔吊交错运转，运输着各种建材，工人们钢筋绑扎、垒砖砌墙，正在紧张进行地上主体结构建设的作业，预计7月底主体结构封顶。二期有29栋住宅共1360套住房，预计2024年9月完工。 项目三期主要包含23栋住宅共1230套住房加一所12班幼儿园，目前正在进行地基等基础施工，预计9月完成正负零施工，2025年2月完工。 36班小学项目建设也在顺利推进中，目前地下室三号四号楼已完成打桩，一号楼二号楼则正在打桩工程中，预计春节前完成主体结构，整个项目将于2025年4月底完工。  ||| 发布时间：2025-06-30 13:25 访问次数： 信息来源：党建统领模块 为积极稳妥推进柯城区百家塘片区国有土地上房屋征收选房工作，根据《柯城区百家塘片区国有土地上房屋征收补偿方案》《柯城区百家塘片区国有土地上房屋征收安置房源及选房办法的公告》等相关规定，现将本项目安置房选房相关事宜予以公告。 一、根据选房办法有序组织柯城区百家塘片区国有土地上房屋征收安置房选房工作，国有土地上房屋选房细则详见附件1。 二、本项目安置房房源清单，详见附件2。 三、本项目安置房选房人员名单，详见附件3。 对柯城区百家塘片区国有土地上房屋征收安置房选房事宜有疑问的，可前往本项目房屋征收指挥部咨询，咨询地点：百家坊选房现场指挥部（百家坊幼儿园）。 特此公告。 附件：附件1 柯城区百家塘片区国有土地上房屋征收安置房选房细则.docx 附件2 安置房源清单（百家坊安置房）.xlsx 附件3 选房人员名单（国有）.xlsx 衢州市柯城区双港街道办事处 2025年6月30日 ||| 发布时间：2025-08-02 17:02 访问次数： 信息来源：党建统领模块 各被征收人： 2025年7月7日至7月31日，实施单位组织柯城区百家塘片区集体土地上房屋征收安置房选房工作，在规定的选房截止日期后，还有部分被征收人未按时完成选房。为保障被征收人权益，将再次组织柯城区百家塘片区集体土地上房屋征收选择产权调换的未选房的被征收人，按2025年6月30日公布的《柯城区百家塘片区集体土地上房屋征收安置房选房细则》规定进行补选安置房。 一、选房时间及地点 选房时间：2025年8月7日8:30至18:00 选房地点：百家坊小区商业街 二、选房注意事项 （一）被征收人选房时须携带身份证原件；委托他人代为选定安置房、完善协议的，须同时提交产权人委托书原件、委托人身份证复印件及受托人身份证原件。 （二）安置房一经选定，不得更改、调换。 （三）原则上每户限2人进入选房现场，选房时间限10分钟。 （四）按照原选房顺序号叫号，经叫号3次仍未到场的视为迟到，选房跳过迟到户继续进行，迟到的选房人到达后，经公证员核实身份后就近插入选房序列选房。 此次补选为本项目最后一次选房工作，若被征收人未在规定选房时间内到场完成选房，将由实施单位根据2021年签订的《百家塘片区集体土地上房屋征收补偿安置协议书》第六条约定，在百家坊未来社区安置小区现有房源中，按《柯城区百家塘片区集体土地上房屋征收安置房选房细则》规,forum ||| forum ||| official ||| official,https://m.fccs.com/qz/news/t/9127810.html ||| https://www.sohu.com/a/678567536_121117476 ||| https://www.kecheng.gov.cn/art/2025/6/30/art_1229068908_5538114.html ||| https://www.kecheng.gov.cn/art/2025/8/2/art_1229068908_5558612.html,title_unavailable ||| title_unavailable ||| title_unavailable ||| title_unavailable,date_unavailable ||| date_unavailable ||| date_unavailable ||| date_unavailable,3,silver_candidate,standard_review,0.180,low,missing_response_or_resolution_signal,accept,,,链条各环节均有证据对应，开工时间、街道选房公告及补选安排表述准确，延期原因属合理推断，不影响核心事实。,annotator_A,adjudicated_final,annotator_A
E027,LLM_CHAIN_E027_001,医托团伙在医院周边伪装病友搭讪，诱导患者至指定医馆高价购药 ||| 近千名患者受骗，涉案金额达450余万元，引发警方立案调查 ||| 浦东警方开展专项打击行动，捣毁诈骗窝点并抓获40余名嫌疑人 ||| 34名嫌疑人被依法刑拘，法院对部分主犯作出十年以上有期徒刑判决,ev-00643;ev-00645;ev-01814;ev-01818,"2024年1月19日,上海浦东警方成功捣毁了一个专门实施医托诈骗的团伙。这个团伙由40名成员组成,他们在短短半年时间内,...[preview_truncated] ||| 扫描二维码下载APP ⁺ 历史 ⁺ 收藏 ⁺ 订阅 近日，上海警方捣毁一个在各大医院实施“医托”诈骗的团伙，这一团伙内部...[preview_truncated] ||| 记者19日从上海市公安局浦东分局获悉，近日，当地警方捣毁一个专门在各个知名医院周边实施“医托”诈骗的团伙。经初步查证，该...[preview_truncated] ||| 分享到微信X 打开微信，点击底部的“发现”，使用 “扫一扫” 即可将网页分享到我的朋友圈。 中国经济网版权所有 中国经济...[preview_truncated]",full_text_unavailable; use evidence_texts and evidence_urls ||| full_text_unavailable; use evidence_texts and evidence_urls ||| full_text_unavailable; use evidence_texts and evidence_urls ||| full_text_unavailable; use evidence_texts and evidence_urls,full_text_unavailable ||| full_text_unavailable ||| full_text_unavailable ||| full_text_unavailable,"2024年1月19日,上海浦东警方成功捣毁了一个专门实施医托诈骗的团伙。这个团伙由40名成员组成,他们在短短半年时间内,通过在全市三甲医院的门诊等候区或挂号区搭讪并引诱近千名患者,实施了诈骗,涉案金额 ||| 扫描二维码下载APP ⁺ 历史 ⁺ 收藏 ⁺ 订阅 近日，上海警方捣毁一个在各大医院实施“医托”诈骗的团伙，这一团伙内部分工明确，谎称有从重点医院退休的知名中医看诊，最终将高于市场价数倍的中药卖给被害人，从中牟利。 从监控视频中可以看到，医托分工明确，先有人搭讪，再有人打配合。一唱一和，都跟被害人谎称 自己是被名医治好的。等到被害人到了所谓的中医诊所后，继续有医托在那里打配合，被害人最终相信，并支付高昂的中医药费。这笔费用一般高于市场价的7到8倍。 审讯中，犯罪嫌疑人交代，医托主要对慢性病患者下手，比如咽喉炎、鼻炎患者。被害人缴费后，去掉成本，余下的收入中，55%分成给医托，剩余的部分以及被害人复诊的费用由团伙主犯收取。 目前，这一诈骗团伙的34名犯罪嫌疑人，因涉嫌诈骗罪被依法刑事拘留，另外3人被依法采取刑事强制措施。 （看看新闻Knews编辑 秦雯） 暂无评论，快来发表你的评论吧 举报电话：021-62870000 举报邮箱：service@kankanews.com 剑网行动举报电话：12318（市文化执法总队）、021-64334547（市版权局） Copyright © 2016 Kankanews.com Inc. All Rights Reserved. 看东方（上海）传媒有限公司 版权所有 ||| 记者19日从上海市公安局浦东分局获悉，近日，当地警方捣毁一个专门在各个知名医院周边实施“医托”诈骗的团伙。经初步查证，该案涉及被害人近千名，涉案金额达450余万元。 记者：陈杰、兰天鸣 报道员：吴一凡 新华社音视频部制作返回搜狐，查看更多 ||| 分享到微信X 打开微信，点击底部的“发现”，使用 “扫一扫” 即可将网页分享到我的朋友圈。 中国经济网版权所有 中国经济网新媒体矩阵 网络传播视听节目许可证(0107190) (京ICP040090) 近期，上海公安机关破获了一起“医托”团伙诈骗案，涉及被害人1800余人，涉案金额达700余万元。（7月17日《中国青年报》） 根据媒体披露的相关信息，这个医托团伙队伍庞大、分工明确，游走于多个沪上知名三甲医院。他们先伪装成病友搭讪患者，再将其推荐到特定的中医诊所就诊、开药，借此收取高额提成。但患者可能怎么都没想到，整个过程不仅病友是假扮的、医师是串通好的、药是动过手脚的，甚至连诊室都可能是租的！招牌高挂的正规诊所本是治病救人的地方，岂能将诊室租给医疗骗子，任凭医托骗局压榨患者“钱包”、耽误患者病情。这些诊所沦为医疗诈骗的帮凶，也有损医疗行业的公信力。 据判决，两名主犯均被判处十年以上有期徒刑，结果大快人心，但根治医托犯罪不能只靠秋后算账。正规诊所何以出租诊室？医托连续租用多家诊所的诊室并非短期行为，为何监管机构一直没有察觉？诸多有待追问的细节，暴露出一些医疗机构管理失序、缺乏职业操守，同时也说明监管仍存漏洞。 个别正规诊所、医院成了医托骗局生长的温床，让老百姓如何防范？可见，要想打到医托骗局的“七寸”，必须找到“巢穴”、严加监管，让医托无所“依托”。 （责任编辑：邓浩）",social_media ||| mainstream_news ||| mainstream_news ||| public_web,https://www.toutiao.com/article/7326165855321031168/ ||| https://www.kankanews.com/detail/Gr21mgvZ12e ||| https://www.sohu.com/a/753024734_267106 ||| http://views.ce.cn/view/ent/202407/19/t20240719_39075110.shtml,title_unavailable ||| title_unavailable ||| title_unavailable ||| title_unavailable,date_unavailable ||| date_unavailable ||| date_unavailable ||| date_unavailable,4,silver_candidate,standard_review,0.180,low,missing_response_or_resolution_signal,accept,,,证据充分支撑作案手法、涉案规模、警方打击行动及司法判决结果，数据与程序表述准确。,annotator_A,adjudicated_final,annotator_A
E027,LLM_CHAIN_E027_002,犯罪团伙内部分工明确，利用虚假退休名医话术骗取患者信任 ||| 诈骗活动持续半年，受害群体扩大至1800余人，涉案金额超700万元 ||| 浦东警方与检察机关联合办案，全面收集证据并依法提起公诉 ||| 23名被告人因诈骗罪获刑，司法机关公布案情以震慑同类犯罪,ev-00649;ev-01812;ev-01818,民警：这个就是一开始来的那个医托，后面那个医托是个女的，来了后马上坐在她（被害人）旁边。 从视频中可以看到， 医托分工明...[preview_truncated] ||| 在上海各大医院进行“医托”诈骗，共涉及被害人1800余人，涉案金额达700余万元……近日，上海市浦东新区人民检察院（以下...[preview_truncated] ||| 分享到微信X 打开微信，点击底部的“发现”，使用 “扫一扫” 即可将网页分享到我的朋友圈。 中国经济网版权所有 中国经济...[preview_truncated],full_text_unavailable; use evidence_texts and evidence_urls ||| full_text_unavailable; use evidence_texts and evidence_urls ||| full_text_unavailable; use evidence_texts and evidence_urls,full_text_unavailable ||| full_text_unavailable ||| full_text_unavailable,"民警：这个就是一开始来的那个医托，后面那个医托是个女的，来了后马上坐在她（被害人）旁边。 从视频中可以看到， 医托分工明确， 先有人搭讪， 再有人打配合。 桂翼飞上海市公安局浦东分局塘桥派出所治安民警： 我们发现这个团伙大概有30名组员组成，然后他们就是一一搭配，先是有一个人去搭讪被害人，然后被害人有可能一开始不是这么相信，然后旁边的（另一个）医托看到以后会来搭讪，然后打配合，跟他（被害人）说我也是过来看这个病的，也是在这个名医那我看好了，这样一讲，被害人其实心里上可能已经有点相信对方了。 上一页1...345678下一页 声明：本网站所提供的信息仅供参考之用,并不代表本网赞同其观点，也不代表本网对其真实性负责。您若对该稿件内容有任何疑问或质疑，请尽快与上海热线联系，本网将迅速给您回应并做相关处理。联系方式:shzixun@online.sh.cn 打造全新口味苏式月饼 虹口的这些""颜值""书店 这条马路兼具烟火气和文艺范 走进赵津羽的""昆曲+""人生 三鲜日本豆腐5元，虎皮青椒5元，卷心菜2元……8月18日，在定海路街道时运苑小区里新开辟了一个小食堂，提供早餐和午餐服务，餐食品种多样，方便实惠，贴近居民实际需求，受到大家的交口称赞。 ©1996- 上海热线信息网络有限公司版权所有 许可证编号：31220180001 沪ICP备09025212号 沪网文[2017]6486-491号  ||| 在上海各大医院进行“医托”诈骗，共涉及被害人1800余人，涉案金额达700余万元……近日，上海市浦东新区人民检察院（以下简称“浦东新区检察院”）办理了一起“医托”团伙诈骗案。 1月31日，澎湃新闻（www.thepaper.cn）记者从浦东新区检察院获悉，目前，经该院提起公诉，该团伙的23名被告人因犯诈骗罪被法院作出判决。 “同病相怜” 2023年5月，赵先生陪同母亲在上海某三甲医院看胃病。挂号候诊时，一名男子上前与赵先生搭讪。交流病情过程中，此人透露自己也曾患有胃病，就是这家医院的一位老专家治好的，不过老专家已经退休了，目前在一家中医馆坐诊。此时，一名陌生女子也凑了上来，“同病相怜”的她表示，听到这位老专家的高超医术后很想去求医问诊，并邀请赵先生及其家人一同前去。 抱着试一试的心态，赵先生及家人与这名女子一起来到了“老中医”所在的中医馆。在前台挂号后，诊室里一名头发花白、身穿白大褂的医生为赵先生的母亲诊疗，并为其开具一份处方，另有一名医助在处方上写明疗程。挂号费加上药费，赵先生竟然需要支付8303元。 赵先生发觉自己可能被骗，当天前往派出所报案。除了赵先生，另有多名被害人陆续因相同经历报案。一个流窜在上海多家重点医院诈骗病患的“医托”团伙浮出了水面。 2023年7月，公安机关将以该团伙老板易某、邓某波为首的数十名犯罪嫌疑人抓获归案，并于同年8月移送浦东新区检察院审查起诉。 以假乱 ||| 分享到微信X 打开微信，点击底部的“发现”，使用 “扫一扫” 即可将网页分享到我的朋友圈。 中国经济网版权所有 中国经济网新媒体矩阵 网络传播视听节目许可证(0107190) (京ICP040090) 近期，上海公安机关破获了一起“医托”团伙诈骗案，涉及被害人1800余人，涉案金额达700余万元。（7月17日《中国青年报》） 根据媒体披露的相关信息，这个医托团伙队伍庞大、分工明确，游走于多个沪上知名三甲医院。他们先伪装成病友搭讪患者，再将其推荐到特定的中医诊所就诊、开药，借此收取高额提成。但患者可能怎么都没想到，整个过程不仅病友是假扮的、医师是串通好的、药是动过手脚的，甚至连诊室都可能是租的！招牌高挂的正规诊所本是治病救人的地方，岂能将诊室租给医疗骗子，任凭医托骗局压榨患者“钱包”、耽误患者病情。这些诊所沦为医疗诈骗的帮凶，也有损医疗行业的公信力。 据判决，两名主犯均被判处十年以上有期徒刑，结果大快人心，但根治医托犯罪不能只靠秋后算账。正规诊所何以出租诊室？医托连续租用多家诊所的诊室并非短期行为，为何监管机构一直没有察觉？诸多有待追问的细节，暴露出一些医疗机构管理失序、缺乏职业操守，同时也说明监管仍存漏洞。 个别正规诊所、医院成了医托骗局生长的温床，让老百姓如何防范？可见，要想打到医托骗局的“七寸”，必须找到“巢穴”、严加监管，让医托无所“依托”。 （责任编辑：邓浩）",public_web ||| mainstream_news ||| public_web,https://hi.online.sh.cn/content/2023-08/21/content_10109033_5.htm ||| https://finance.sina.com.cn/jjxw/2024-01-31/doc-inafmpiw1469884.shtml ||| http://views.ce.cn/view/ent/202407/19/t20240719_39075110.shtml,title_unavailable ||| title_unavailable ||| title_unavailable,date_unavailable ||| date_unavailable ||| date_unavailable,3,silver_candidate,standard_review,0.180,low,missing_response_or_resolution_signal,accept,,,证据覆盖团伙分工、受害规模扩大、检方公诉及判决情况，与案情报道一致，逻辑连贯。,annotator_A,adjudicated_final,annotator_A
E027,LLM_CHAIN_E027_003,医托活跃于各大医院挂号区，通过“一唱一和”配合实施医疗诈骗 ||| 患者支付高昂药费且延误治疗，社会舆论强烈要求整治医院周边秩序 ||| 浦东公安分局迅速出击，调取监控锁定团伙成员并实施抓捕 ||| 涉案人员被采取刑事强制措施，警方发布防骗指南提醒公众警惕,ev-00645;ev-00649;ev-01821;ev-01822,扫描二维码下载APP ⁺ 历史 ⁺ 收藏 ⁺ 订阅 近日，上海警方捣毁一个在各大医院实施“医托”诈骗的团伙，这一团伙内部...[preview_truncated] ||| 民警：这个就是一开始来的那个医托，后面那个医托是个女的，来了后马上坐在她（被害人）旁边。 从视频中可以看到， 医托分工明...[preview_truncated] ||| 登录 在医院周边，若有“好心人”推荐某中医馆名医，一定要小心！近日，上海浦东警方捣毁了“医托”诈骗团伙，40余人被抓，被...[preview_truncated] ||| 在医院你是否遇到过这样的人明明不认识却“热心”地和你拉家常让你感受到“温暖”告诉你哪里哪里的医生是治这种病的专家又便宜效...[preview_truncated],full_text_unavailable; use evidence_texts and evidence_urls ||| full_text_unavailable; use evidence_texts and evidence_urls ||| full_text_unavailable; use evidence_texts and evidence_urls ||| full_text_unavailable; use evidence_texts and evidence_urls,full_text_unavailable ||| full_text_unavailable ||| full_text_unavailable ||| full_text_unavailable,"扫描二维码下载APP ⁺ 历史 ⁺ 收藏 ⁺ 订阅 近日，上海警方捣毁一个在各大医院实施“医托”诈骗的团伙，这一团伙内部分工明确，谎称有从重点医院退休的知名中医看诊，最终将高于市场价数倍的中药卖给被害人，从中牟利。 从监控视频中可以看到，医托分工明确，先有人搭讪，再有人打配合。一唱一和，都跟被害人谎称 自己是被名医治好的。等到被害人到了所谓的中医诊所后，继续有医托在那里打配合，被害人最终相信，并支付高昂的中医药费。这笔费用一般高于市场价的7到8倍。 审讯中，犯罪嫌疑人交代，医托主要对慢性病患者下手，比如咽喉炎、鼻炎患者。被害人缴费后，去掉成本，余下的收入中，55%分成给医托，剩余的部分以及被害人复诊的费用由团伙主犯收取。 目前，这一诈骗团伙的34名犯罪嫌疑人，因涉嫌诈骗罪被依法刑事拘留，另外3人被依法采取刑事强制措施。 （看看新闻Knews编辑 秦雯） 暂无评论，快来发表你的评论吧 举报电话：021-62870000 举报邮箱：service@kankanews.com 剑网行动举报电话：12318（市文化执法总队）、021-64334547（市版权局） Copyright © 2016 Kankanews.com Inc. All Rights Reserved. 看东方（上海）传媒有限公司 版权所有 ||| 民警：这个就是一开始来的那个医托，后面那个医托是个女的，来了后马上坐在她（被害人）旁边。 从视频中可以看到， 医托分工明确， 先有人搭讪， 再有人打配合。 桂翼飞上海市公安局浦东分局塘桥派出所治安民警： 我们发现这个团伙大概有30名组员组成，然后他们就是一一搭配，先是有一个人去搭讪被害人，然后被害人有可能一开始不是这么相信，然后旁边的（另一个）医托看到以后会来搭讪，然后打配合，跟他（被害人）说我也是过来看这个病的，也是在这个名医那我看好了，这样一讲，被害人其实心里上可能已经有点相信对方了。 上一页1...345678下一页 声明：本网站所提供的信息仅供参考之用,并不代表本网赞同其观点，也不代表本网对其真实性负责。您若对该稿件内容有任何疑问或质疑，请尽快与上海热线联系，本网将迅速给您回应并做相关处理。联系方式:shzixun@online.sh.cn 打造全新口味苏式月饼 虹口的这些""颜值""书店 这条马路兼具烟火气和文艺范 走进赵津羽的""昆曲+""人生 三鲜日本豆腐5元，虎皮青椒5元，卷心菜2元……8月18日，在定海路街道时运苑小区里新开辟了一个小食堂，提供早餐和午餐服务，餐食品种多样，方便实惠，贴近居民实际需求，受到大家的交口称赞。 ©1996- 上海热线信息网络有限公司版权所有 许可证编号：31220180001 沪ICP备09025212号 沪网文[2017]6486-491号  ||| 登录 在医院周边，若有“好心人”推荐某中医馆名医，一定要小心！近日，上海浦东警方捣毁了“医托”诈骗团伙，40余人被抓，被害人近千名，涉案金额450余万元。 澎湃新闻记者 邹桥 编辑 何羽茜 视频来源 上海浦东公安 Android版 iPhone版 iPad版 沪ICP备14003370号 沪公网安备31010602000299号 互联网新闻信息服务许可证：31120170006 增值电信业务经营许可证：沪B2-2017116 © 2014-2026 上海东方报业有限公司 ||| 在医院你是否遇到过这样的人明明不认识却“热心”地和你拉家常让你感受到“温暖”告诉你哪里哪里的医生是治这种病的专家又便宜效果又好这些医托经常出没于医院挂号处、医院大门附近地铁口、火车站、医院等周边用欺骗",mainstream_news ||| public_web ||| mainstream_news ||| social_media,https://www.kankanews.com/detail/Gr21mgvZ12e ||| https://hi.online.sh.cn/content/2023-08/21/content_10109033_5.htm ||| https://www.thepaper.cn/newsDetail_forward_26067366 ||| https://www.toutiao.com/article/7330227051842241058/,title_unavailable ||| title_unavailable ||| title_unavailable ||| title_unavailable,date_unavailable ||| date_unavailable ||| date_unavailable ||| date_unavailable,4,silver_candidate,standard_review,0.180,low,missing_response_or_resolution_signal,accept,,,证据完整呈现医托作案特征、社会影响、警方抓捕及防骗提示，各环节均有明确出处。,annotator_A,adjudicated_final,annotator_A
E028,LLM_CHAIN_E028_001,福州HPV疫苗长期“一针难求”，市民排队久且存在黄牛代排乱象 ||| 群众对预约公平性与排队透明度诉求强烈，传统摇号模式难以满足需求 ||| 2023年12月20日福州疾控正式上线“紧缺疫苗排队预约系统”，首推HPV疫苗线上排队 ||| 系统实行官方管理、人脸识别防刷及属地预约，按月分批发放资格并公布接种点名单,ev-01257;ev-01280;ev-01265;ev-01272;ev-01261;ev-01263;ev-01260;ev-01267;ev-01274,用微信扫码二维码 分享至好友和朋友圈 预约数量达数万人 排队注射需等一年 …… 近日，不少市民反映称 福州地区四价和九价...[preview_truncated] ||| 用微信扫码二维码 分享至好友和朋友圈 在3·15的节目中，我们曝光了福州一些诊所及医院人员利用“九价宫颈癌疫苗”一针难求...[preview_truncated] ||| 记者获悉，为方便市民、优化资源配置，福州疾控20日上线“紧缺疫苗排队预约”系统，目前已推出HPV疫苗排队预约，今后将视情...[preview_truncated] ||| 导语 福州疾控于2023年12月20日，上线“紧缺疫苗排队预约”系统，目前推出HPV疫苗排队预约，今后将视情况推出其他紧...[preview_truncated] ||| 为方便市民朋友优化疫苗资源配置，在上级部门指导下，福州疾控今日上线“紧缺疫苗排队预约”系统，目前推出HPV疫苗排队预约，...[preview_truncated] ||| 【导语】：福州疾控于2023年12月20日，上线“紧缺疫苗排队预约”系统，目前推出HPV疫苗排队预约。 福州HPV疫苗线...[preview_truncated] ||| 重磅！ 福州疾控今日上线 “紧缺疫苗排队预约”系统 目前推出HPV疫苗排队预约 今后将视情况推出 其他紧缺疫苗排队服务 ...[preview_truncated] ||| 当前位置： 首页 > 政务公开 > 重点领域信息公开 > 医疗卫生 > 免疫规划 2024年1月1日10：00本市开始发...[preview_truncated] ||| 3月19日，福州市卫健委在“福州卫生健康”微信公众号上公布了全市200家HPV疫苗接种单位名单及相关信息，包括地址、联系...[preview_truncated],full_text_unavailable; use evidence_texts and evidence_urls ||| full_text_unavailable; use evidence_texts and evidence_urls ||| full_text_unavailable; use evidence_texts and evidence_urls ||| full_text_unavailable; use evidence_texts and evidence_urls ||| full_text_unavailable; use evidence_texts and evidence_urls ||| full_text_unavailable; use evidence_texts and evidence_urls ||| full_text_unavailable; use evidence_texts and evidence_urls ||| full_text_unavailable; use evidence_texts and evidence_urls ||| full_text_unavailable; use evidence_texts and evidence_urls,full_text_unavailable ||| full_text_unavailable ||| full_text_unavailable ||| full_text_unavailable ||| full_text_unavailable ||| full_text_unavailable ||| full_text_unavailable ||| full_text_unavailable ||| full_text_unavailable,用微信扫码二维码 分享至好友和朋友圈 预约数量达数万人 排队注射需等一年 …… 近日，不少市民反映称 福州地区四价和九价 宫颈癌（HPV）疫苗一针难求 记者走访了多家社区卫生服务中心 了解情况 约苗近一年还排在1.45万位之后 小王今年24岁，最近遇到一件烦心事。她对宫颈癌疫苗知识有一些了解后，想在26岁之前预约注射九价疫苗。不过，疫苗的注射并没有想象中顺利。“我年初预约的，到现在快一年了，第一针还没有开打。”小王说，当时她就排在一万多位，现在前面还有14500多人排队。她担心自己在等待过程中超龄了。小王的朋友，本月初刚刚预约注射九价疫苗，目前排在53683位。 四价HPV疫苗预约的人数 同样也达到了数万人 今年40岁的刘女士 在12日预约了，排名在28974位 如今过了一周过去了 就动了100多位 上述都是“福州成人疫苗”平台上 排队的情况 由上海街道社区卫生服务中心 提供预防接种服务 该中心作为福州最大的 一个成人疫苗接种服务点 服务人群面向全市乃至全国 该中心的刘主任告诉记者，上月底，四价、九价HPV疫苗到了一批苗，但数量仍然不足。目前，仅能供应11月1日之前在该中心接种过第一针的第二、三针到期的女性朋友接种，11月1日之后第二、三针到期的，仍要顺延30天接种。刘主任表示，因四价、九价HPV疫苗配送数量一直不充足，受新冠疫情影响，下半年到苗量更少。为保证首针在该中心接种的人群 ||| 用微信扫码二维码 分享至好友和朋友圈 在3·15的节目中，我们曝光了福州一些诊所及医院人员利用“九价宫颈癌疫苗”一针难求的情况，开展非法疫苗业务。 （点击图片回看详情） 其实不仅仅是这些诊所及医院的人员，还有一些人也“瞄准”九价HPV 疫苗供需紧张当起了黄牛。 交一万多元给中介 疫苗却无踪影 福州的小张说，她想打九价HPV疫苗，但社区卫生服务中心的排队接种人数排到了十几万人。正当她焦虑的时候，突然听说福州的一名康某可以提供代排服务，免排队就能打上九价HPV疫苗。 没过多求证，小张及其朋友一共交了一万多元，并与康某签了一份合同。可没想到等待了数月，疫苗却始终没见影子。 小张才意识到自己有可能被骗。记者在现场也看到了小张与康某签订的合同。记者注意到，合同没有填写金额，双方也没有盖手印。同时，小张作为合同乙方，合作内容竟然写着乙方要根据甲方的需求，为甲方进行九价疫苗代预约排号服务。 因此小张希望康某退钱，但从去年催款到现在，康某都以各种理由推脱还款。 康某承诺分批还钱但至今未还完 记者在现场也联系了康某。 截稿前，记者从小张处得到反馈，康某有给她写了一份退款计划，表示会每日退款一千元。但小张表示，目前康某还剩五千多元还没退。接下来，小张将考虑运用法律武器维护自身权益。 不要轻信黄牛代排队 应到正规渠道预约 此外，记者了解到，其实像小张一样轻信黄牛的年轻女生还有很多。记者在网络上搜索“九价 ||| 记者获悉，为方便市民、优化资源配置，福州疾控20日上线“紧缺疫苗排队预约”系统，目前已推出HPV疫苗排队预约，今后将视情况推出其他紧缺疫苗排队服务。 据了解，9价HPV疫苗上市以来，备受社会关注，不少市民想接种却苦于“一针难求”，而参与摇号也难以摇中。为提升疫苗接种便利性，体现公平公正公开的原则，我市首先推出9价HPV疫苗线上排队预约，并可实时查看排队进度，将大大提升预约接种效率。 据介绍，9价HPV疫苗排队预约对象为：首次接种、常住福州市、既往未接种过HPV疫苗（含2、4、9价）或全程接种完4价HPV疫苗满一年的9周岁至45周岁女性。符合以上条件人群才可参与排队。 据介绍，排队预约系统是依托我省免疫规划信息系统开发建设的官方平台。排队预约成功后，除支付国家规定费用外，无其他费用。预防接种实行居住地管理原则，按照居住地或接种档案所在县（市）区进行预约。此外，该系统采用人脸识别验证功能，通过申请人填写的证件信息，与本人人脸验证，避免一人多号、身份证冒用等问题。接种时需现场再次核验身份证，保证身份信息的真实性。 系统按照排队先后顺序发放预约接种资格，进入排队队列者可登录系统实时查看进度；已登记排队的群众可在每月1日10时~3日24时、16日10时~18日24时通过“福州疾控”微信公众号访问“预防接种—紧缺疫苗排队预约”，查看是否获得接种资格。获得接种资格者须在系统提示的规定时间内通过线 ||| 导语 福州疾控于2023年12月20日，上线“紧缺疫苗排队预约”系统，目前推出HPV疫苗排队预约，今后将视情况推出其他紧缺疫苗排队服务。 2023年12月20日福州市上线紧缺疫苗排队预约系统 为方便市民朋友优化疫苗资源配置，在上级部门指导下福州疾控于2023年12月20日上线“紧缺疫苗排队预约”系统，目前推出HPV疫苗排队预约，今后将视情况推出其他紧缺疫苗排队服务。 为提升疫苗接种的便利性，体现公平公正公开的接种原则，福州市9价HPV疫苗线上排队预约系统上线啦！统一的预约入口，实时查看排队进度，大大提升预约接种效率。 系统入口：点击进入 排队预约系统四大亮点 01 官方平台 该系统是依托福建省免疫规划信息系统开发建设的官方平台。排队预约成功后，在接种单位除支付国家规定费用外，无其他费用。 02 排队预约属地管理原则 根据《疫苗管理法》第47条和《预防接种工作规范》等要求，预防接种实行居住地管理原则，按照居住地或接种档案所在县（市）区进行预约。 03 身份验证预约 系统采用人脸识别验证功能，通过填写的证件信息，与本人人脸进行验证，避免一人多号、身份证冒用等问题。接种时需现场再次核验身份证，保证身份信息的真实性。 04 公平公正公开原则 对未接种过HPV疫苗（含2、4、9价）或全程接种完4价HPV疫苗满一年的9-45周岁女性，系统按照排队先后顺序发放预约接种资格，进入排队队列者可登录系 ||| 为方便市民朋友优化疫苗资源配置，在上级部门指导下，福州疾控今日上线“紧缺疫苗排队预约”系统，目前推出HPV疫苗排队预约，今后将视情况推出其他紧缺疫苗排队服务。 自9价HPV疫苗上市以来备受社会广泛关注，想要接种，却苦于“一针难求”，参与摇号却是个中奖绝缘体…… 宝子们别慌！！！ 为提升疫苗接种的便利性，体现公平公正公开的接种原则，福州市9价HPV疫苗线上排队预约系统上线啦，统一的预约入口实时查看排队进度，大大提升预约接种效率，排队预约系统四大亮点。 01 | 官方平台 该系统是依托福建省免疫规划信息系统开发建设的官方平台。排队预约成功后，在接种单位除支付国家规定费用外，无其他费用。 02 | 排队预约属地管理原则 根据《疫苗管理法》第47条和《预防接种工作规范》等要求，预防接种实行居住地管理原则，按照居住地或接种档案所在县（市）区进行预约。 03 | 身份验证预约 系统采用人脸识别验证功能，通过填写的证件信息，与本人人脸进行验证，避免一人多号、身份证冒用等问题。接种时需现场再次核验身份证，保证身份信息的真实性。 04 | 公平公正公开原则 对未接种过HPV疫苗（含2、4、9价）或全程接种完4价HPV疫苗满一年的9-45周岁女性，系统按照排队先后顺序发放预约接种资格，进入排队队列者可登录系统实时查看排队进度。 已登记排队的群众可在每月1日10时-3日24时、16日10时-18日24时 ||| 【导语】：福州疾控于2023年12月20日，上线“紧缺疫苗排队预约”系统，目前推出HPV疫苗排队预约。 福州HPV疫苗线上排队预约系统四大亮点 1、官方平台 该系统是依托福建省免疫规划信息系统开发建设的官方平台。排队预约成功后，在接种单位除支付国家规定费用外，无其他费用。 2、排队预约属地管理原则 根据《疫苗管理法》第47条和《预防接种工作规范》等要求，预防接种实行居住地管理原则，按照居住地或接种档案所在县（市）区进行预约。 3、身份验证预约 系统采用人脸识别验证功能，通过填写的证件信息，与本人人脸进行验证，避免一人多号、身份证冒用等问题。接种时需现场再次核验身份证，保证身份信息的真实性。 4、公平公正公开原则 对未接种过HPV疫苗（含2、4、9价）或全程接种完4价HPV疫苗满一年的9-45周岁女性，系统按照排队先后顺序发放预约接种资格，进入排队队列者可登录系统实时查看排队进度。 已登记排队的群众可在每月1日10时-3日24时、16日10时-18日24时时限内通过“福州疾控”微信公众号访问“预防接种”—“紧缺疫苗排队预约”查看是否获得接种资格。 获得接种资格者须在系统提示的规定时间内通过线上选择相应县（市）区任一接种单位预约首针接种时间，后续针次接种由首针接种单位安排。 温馨提示：微信搜索公众号【福州本地宝】，关注后在对话框回复【HPV排队】可获取福州hpv疫苗排队预约入口+操作流 ||| 重磅！ 福州疾控今日上线 “紧缺疫苗排队预约”系统 目前推出HPV疫苗排队预约 今后将视情况推出 其他紧缺疫苗排队服务 排队预约系统四大亮点 01 | 官方平台 该系统是依托福建省免疫规划信息系统开发建设的官方平台。排队预约成功后，在接种单位除支付国家规定费用外，无其他费用。 02 | 排队预约属地管理原则 根据《疫苗管理法》第47条和《预防接种工作规范》等要求，预防接种实行居住地管理原则，按照居住地或接种档案所在县（市）区进行预约。 03 | 身份验证预约 系统采用人脸识别验证功能，通过填写的证件信息，与本人人脸进行验证，避免一人多号、身份证冒用等问题。接种时需现场再次核验身份证，保证身份信息的真实性。 04 | 公平公正公开原则 对未接种过HPV疫苗（含2、4、9价）或全程接种完4价HPV疫苗满一年的9—45周岁女性，系统按照排队先后顺序发放预约接种资格，进入排队队列者可登录系统实时查看排队进度。 已登记排队的群众可在每月1日10时—3日24时、16日10时—18日24时时限内通过“福州疾控”微信公众号访问“预防接种”—“紧缺疫苗排队预约”查看是否获得接种资格。 获得接种资格者须在系统提示的规定时间内通过线上选择相应县（市）区任一接种单位预约首针接种时间，后续针次接种由首针接种单位安排。 操作流程 （点击图片可放大） 排队预约常见问题 01 为什么要进行实名验证？ 因9价HPV ||| 当前位置： 首页 > 政务公开 > 重点领域信息公开 > 医疗卫生 > 免疫规划 2024年1月1日10：00本市开始发放紧缺疫苗（4价、9价HPV疫苗）首轮预约接种资格！获取预约资格后需在3天内进行预约，过期未预约视为放弃资格。 扫一扫在手机上查看当前页面 打印关闭 福建省政府网站 福建省各地市网站 福州市各县（市）区网站 其他链接 福建省政府网站 福建省各地市网站 福州市各县（市）区网站 其他链接 网站标识码3501020005闽公网安备35010202000735号闽ICP备08100339号 版权所有：© 福州市鼓楼区人民政府 主办：福州市鼓楼区人民政府办公室承办：数字福建鼓楼示范区建设领导小组办公室 为确保最佳浏览效果，建议您使用以下浏览器版本：IE浏览器9.0版本及以上；Chrome浏览器 63版本及以上；360浏览器9.1版本及以上，且IE内核9.0及以上。 移动门户 鼓楼发布 智能问答 智能搜索 智能推荐 返回顶部 ||| 3月19日，福州市卫健委在“福州卫生健康”微信公众号上公布了全市200家HPV疫苗接种单位名单及相关信息，包括地址、联系方式、门诊时间等。 据了解，去年底，“福州疾控”微信公众号上线了“紧缺疫苗排队预约系统”，目前正推出HPV疫苗排队预约。该系统要实名验证，可实时查看排队进度。“目前，紧缺疫苗第六轮预约接种资格已发放了。”福州疾控相关工作人员介绍。（记者 陈丹 通讯员 缪露）,social_media ||| social_media ||| mainstream_news ||| public_web ||| mainstream_news ||| public_web ||| mainstream_news ||| official ||| social_media,https://www.163.com/dy/article/FU5Q7RM00550HO04.html ||| https://www.163.com/dy/article/I0FN8PNM0512EFR8.html ||| http://fj.news.cn/20231221/4425b480c53b420e82627a2589213e7e/c.html ||| https://m.fz.bendibao.com/news/72151.shtm ||| https://news.fznews.com.cn/fzxw/20231220/6XZ891d69P.shtml ||| http://fz.bendibao.com/news/20231220/72161.shtm ||| https://www.sohu.com/a/745722326_121106994 ||| http://www.gl.gov.cn/xjwz/zwgkml/zdlyxxgk/jcylws/mygh/202402/t20240221_4779707.htm ||| http://women.fjsen.com/2024-03/21/content_31543133.htm,title_unavailable ||| title_unavailable ||| title_unavailable ||| title_unavailable ||| title_unavailable ||| title_unavailable ||| title_unavailable ||| title_unavailable ||| title_unavailable,date_unavailable ||| date_unavailable ||| date_unavailable ||| date_unavailable ||| date_unavailable ||| date_unavailable ||| date_unavailable ||| date_unavailable ||| date_unavailable,8,silver_candidate,standard_review,0.180,low,missing_response_or_resolution_signal,accept,,,证据详实覆盖预约痛点、系统上线时间、核心功能设计及后续名单公布，事实准确无误。,annotator_A,adjudicated_final,annotator_A
E028,LLM_CHAIN_E028_002,九价/四价HPV疫苗预约排队人数达数万，部分市民等待近一年仍未接种 ||| 供需失衡引发焦虑，非法中介利用信息差进行代排诈骗，群众投诉增多 ||| 福州疾控依托省免疫规划系统开发官方排队平台，12月20日上线并开放HPV预约 ||| 系统按固定时段自动发放资格，逾期未约失效重排，第六轮资格顺利发放提升接种效率,ev-01257;ev-01258;ev-01280;ev-01281;ev-01260;ev-01261;ev-01266;ev-01268;ev-01273,用微信扫码二维码 分享至好友和朋友圈 预约数量达数万人 排队注射需等一年 …… 近日，不少市民反映称 福州地区四价和九价...[preview_truncated] ||| 预约数量达数万人、排队注射需等一年......近日不少市民反映称福州地区四价和九价宫颈癌(HPV)疫苗一针难求约苗近一年...[preview_truncated] ||| 用微信扫码二维码 分享至好友和朋友圈 在3·15的节目中，我们曝光了福州一些诊所及医院人员利用“九价宫颈癌疫苗”一针难求...[preview_truncated] ||| 三甲医院被曝问题九价HPV疫苗交易 来路不明的九价疫苗接连在福建省妇幼保健院接种 多名护士参与_手机新浪网 ||| 重磅！ 福州疾控今日上线 “紧缺疫苗排队预约”系统 目前推出HPV疫苗排队预约 今后将视情况推出 其他紧缺疫苗排队服务 ...[preview_truncated] ||| 为方便市民朋友优化疫苗资源配置，在上级部门指导下，福州疾控今日上线“紧缺疫苗排队预约”系统，目前推出HPV疫苗排队预约，...[preview_truncated] ||| 您需要 登录 才可以下载或查看，没有账号？立即注册| 第一期（1月1日）已排队的478人全部获得预约资格，遗憾的是有28...[preview_truncated] ||| 福州人请注意，2024年3月1日10:00，福州市开始发放紧缺疫苗第五轮预约接种资格，获取预约资格的小伙伴们需在3天内进...[preview_truncated] ||| 19日，福州市卫健委在“福州卫生健康”微信公众号上公布了全市200家HPV疫苗接种单位名单及相关信息，包括地址、联系方式...[preview_truncated],full_text_unavailable; use evidence_texts and evidence_urls ||| full_text_unavailable; use evidence_texts and evidence_urls ||| full_text_unavailable; use evidence_texts and evidence_urls ||| full_text_unavailable; use evidence_texts and evidence_urls ||| full_text_unavailable; use evidence_texts and evidence_urls ||| full_text_unavailable; use evidence_texts and evidence_urls ||| full_text_unavailable; use evidence_texts and evidence_urls ||| full_text_unavailable; use evidence_texts and evidence_urls ||| full_text_unavailable; use evidence_texts and evidence_urls,full_text_unavailable ||| full_text_unavailable ||| full_text_unavailable ||| full_text_unavailable ||| full_text_unavailable ||| full_text_unavailable ||| full_text_unavailable ||| full_text_unavailable ||| full_text_unavailable,"用微信扫码二维码 分享至好友和朋友圈 预约数量达数万人 排队注射需等一年 …… 近日，不少市民反映称 福州地区四价和九价 宫颈癌（HPV）疫苗一针难求 记者走访了多家社区卫生服务中心 了解情况 约苗近一年还排在1.45万位之后 小王今年24岁，最近遇到一件烦心事。她对宫颈癌疫苗知识有一些了解后，想在26岁之前预约注射九价疫苗。不过，疫苗的注射并没有想象中顺利。“我年初预约的，到现在快一年了，第一针还没有开打。”小王说，当时她就排在一万多位，现在前面还有14500多人排队。她担心自己在等待过程中超龄了。小王的朋友，本月初刚刚预约注射九价疫苗，目前排在53683位。 四价HPV疫苗预约的人数 同样也达到了数万人 今年40岁的刘女士 在12日预约了，排名在28974位 如今过了一周过去了 就动了100多位 上述都是“福州成人疫苗”平台上 排队的情况 由上海街道社区卫生服务中心 提供预防接种服务 该中心作为福州最大的 一个成人疫苗接种服务点 服务人群面向全市乃至全国 该中心的刘主任告诉记者，上月底，四价、九价HPV疫苗到了一批苗，但数量仍然不足。目前，仅能供应11月1日之前在该中心接种过第一针的第二、三针到期的女性朋友接种，11月1日之后第二、三针到期的，仍要顺延30天接种。刘主任表示，因四价、九价HPV疫苗配送数量一直不充足，受新冠疫情影响，下半年到苗量更少。为保证首针在该中心接种的人群 ||| 预约数量达数万人、排队注射需等一年......近日不少市民反映称福州地区四价和九价宫颈癌(HPV)疫苗一针难求约苗近一年还排在1. ||| 用微信扫码二维码 分享至好友和朋友圈 在3·15的节目中，我们曝光了福州一些诊所及医院人员利用“九价宫颈癌疫苗”一针难求的情况，开展非法疫苗业务。 （点击图片回看详情） 其实不仅仅是这些诊所及医院的人员，还有一些人也“瞄准”九价HPV 疫苗供需紧张当起了黄牛。 交一万多元给中介 疫苗却无踪影 福州的小张说，她想打九价HPV疫苗，但社区卫生服务中心的排队接种人数排到了十几万人。正当她焦虑的时候，突然听说福州的一名康某可以提供代排服务，免排队就能打上九价HPV疫苗。 没过多求证，小张及其朋友一共交了一万多元，并与康某签了一份合同。可没想到等待了数月，疫苗却始终没见影子。 小张才意识到自己有可能被骗。记者在现场也看到了小张与康某签订的合同。记者注意到，合同没有填写金额，双方也没有盖手印。同时，小张作为合同乙方，合作内容竟然写着乙方要根据甲方的需求，为甲方进行九价疫苗代预约排号服务。 因此小张希望康某退钱，但从去年催款到现在，康某都以各种理由推脱还款。 康某承诺分批还钱但至今未还完 记者在现场也联系了康某。 截稿前，记者从小张处得到反馈，康某有给她写了一份退款计划，表示会每日退款一千元。但小张表示，目前康某还剩五千多元还没退。接下来，小张将考虑运用法律武器维护自身权益。 不要轻信黄牛代排队 应到正规渠道预约 此外，记者了解到，其实像小张一样轻信黄牛的年轻女生还有很多。记者在网络上搜索“九价 ||| 三甲医院被曝问题九价HPV疫苗交易 来路不明的九价疫苗接连在福建省妇幼保健院接种 多名护士参与_手机新浪网 ||| 重磅！ 福州疾控今日上线 “紧缺疫苗排队预约”系统 目前推出HPV疫苗排队预约 今后将视情况推出 其他紧缺疫苗排队服务 排队预约系统四大亮点 01 | 官方平台 该系统是依托福建省免疫规划信息系统开发建设的官方平台。排队预约成功后，在接种单位除支付国家规定费用外，无其他费用。 02 | 排队预约属地管理原则 根据《疫苗管理法》第47条和《预防接种工作规范》等要求，预防接种实行居住地管理原则，按照居住地或接种档案所在县（市）区进行预约。 03 | 身份验证预约 系统采用人脸识别验证功能，通过填写的证件信息，与本人人脸进行验证，避免一人多号、身份证冒用等问题。接种时需现场再次核验身份证，保证身份信息的真实性。 04 | 公平公正公开原则 对未接种过HPV疫苗（含2、4、9价）或全程接种完4价HPV疫苗满一年的9—45周岁女性，系统按照排队先后顺序发放预约接种资格，进入排队队列者可登录系统实时查看排队进度。 已登记排队的群众可在每月1日10时—3日24时、16日10时—18日24时时限内通过“福州疾控”微信公众号访问“预防接种”—“紧缺疫苗排队预约”查看是否获得接种资格。 获得接种资格者须在系统提示的规定时间内通过线上选择相应县（市）区任一接种单位预约首针接种时间，后续针次接种由首针接种单位安排。 操作流程 （点击图片可放大） 排队预约常见问题 01 为什么要进行实名验证？ 因9价HPV ||| 为方便市民朋友优化疫苗资源配置，在上级部门指导下，福州疾控今日上线“紧缺疫苗排队预约”系统，目前推出HPV疫苗排队预约，今后将视情况推出其他紧缺疫苗排队服务。 自9价HPV疫苗上市以来备受社会广泛关注，想要接种，却苦于“一针难求”，参与摇号却是个中奖绝缘体…… 宝子们别慌！！！ 为提升疫苗接种的便利性，体现公平公正公开的接种原则，福州市9价HPV疫苗线上排队预约系统上线啦，统一的预约入口实时查看排队进度，大大提升预约接种效率，排队预约系统四大亮点。 01 | 官方平台 该系统是依托福建省免疫规划信息系统开发建设的官方平台。排队预约成功后，在接种单位除支付国家规定费用外，无其他费用。 02 | 排队预约属地管理原则 根据《疫苗管理法》第47条和《预防接种工作规范》等要求，预防接种实行居住地管理原则，按照居住地或接种档案所在县（市）区进行预约。 03 | 身份验证预约 系统采用人脸识别验证功能，通过填写的证件信息，与本人人脸进行验证，避免一人多号、身份证冒用等问题。接种时需现场再次核验身份证，保证身份信息的真实性。 04 | 公平公正公开原则 对未接种过HPV疫苗（含2、4、9价）或全程接种完4价HPV疫苗满一年的9-45周岁女性，系统按照排队先后顺序发放预约接种资格，进入排队队列者可登录系统实时查看排队进度。 已登记排队的群众可在每月1日10时-3日24时、16日10时-18日24时 ||| 您需要 登录 才可以下载或查看，没有账号？立即注册| 第一期（1月1日）已排队的478人全部获得预约资格，遗憾的是有287人因超时未预约需要重新排队。 排队预约操作流程： 165939bflzp9vu6px666lp.png(0 Bytes, 下载次数: 285) 下载附件 2024-1-11 16:59 上传 165939a5y1ehbyabqgqg81.png(0 Bytes, 下载次数: 303) 下载附件 2024-1-11 16:59 上传 165939ej1zr13j1m9umd1x.png(0 Bytes, 下载次数: 278) 下载附件 2024-1-11 16:59 上传 使用道具举报 5045 主题 5 粉丝 2026-05-20 2026-05-22 2026-05-19 2026-05-22 2026-05-21 手机访问|手机App|Archiver|手机版|小黑屋|关于我们 © 2026 FQLOOK.cn|国家高新技术企业|福清市互联网示范企业|福清市IP访问量前三企业 |网站地图 闽工商网备第350181100079485号|闽B2-20250200|闽公网安备35018102000007号|闽ICP备07503243号 侵权举报：本页面所涉内容为用户发表并上传，相应的法律责任由用户自行承担；本网站仅提供存储服务；如存在侵权问题，请权利人与本网站联系 ||| 福州人请注意，2024年3月1日10:00，福州市开始发放紧缺疫苗第五轮预约接种资格，获取预约资格的小伙伴们需在3天内进行预约，逾期未预约视为放弃资格。 温馨提示 1.紧缺疫苗种类 4价、9价HPV疫苗 2.预约时限 3月1日10时~3月3日24时 3.查看预约接种资格 此前若已完成登记排队，可进入“福州疾控”微信号预约平台，点击“紧缺疫苗排队预约”—“HPV疫苗排队预约”查看是否获得预约接种资格。 如何查看是否获得预约接种资格 系统会根据接种单位疫苗的库存量按照排队先后顺序自动发放预约接种资格。每月1日10:00~3日24:00、16日10:00~18日24:00时限内，此前已登记排队的群众，可进入“福州疾控”微信号预约平台，点击“紧缺疫苗排队预约”—“HPV疫苗排队预约”查看是否获得预约接种资格。 获得预约接种资格的群众按提示在3天内（含获取资格当天）预约接种时间。未在规定时限内预约的，预约资格将失效，失效后需要重新排队。 已经预约了可以变更接种单位吗 不可以。预约接种资格是根据各区域的疫苗库存量来进行统筹发放，您可以选择排队区域内任何一家有号源的接种单位进行预约。预约后若想变更接种单位，须取消预约后重新进行排队。 注意：未成年人禁止选择成人预防接种门诊，否则预约无效。 后续针次需要重新预约吗 通过排队预约获得接种资格的群众，后续针次将由首针接种门诊负责安排，不需要再次排队，已 ||| 19日，福州市卫健委在“福州卫生健康”微信公众号上公布了全市200家HPV疫苗接种单位名单及相关信息，包括地址、联系方式、门诊时间等。 据了解，去年底，“福州疾控”微信公众号上线了“紧缺疫苗排队预约系统”，目前正推出HPV疫苗排队预约。该系统要实名验证，可实时查看排队进度。“目前，紧缺疫苗第六轮预约接种资格已发放了。”福州疾控相关工作人员介绍。（记者 陈丹 通讯员 缪露） 责任编辑：赵睿 已有0人发表了评论 您需要登录后才可以评论，登录| 注册 {content} 福州华大街道屏山社区开展“肝愿为你 守护到2024-03-20 职业道德监督、违法和不良信息举报电话：0591-87095414 举报邮箱：service@hxnews.com 本站游戏频道作品版权归作者所有，如果侵犯了您的版权，请联系我们，本站将在3个工作日内删除。 温馨提示：抵制不良游戏，拒绝盗版游戏，注意自我保护，谨防受骗上当，适度游戏益脑，沉迷游戏伤身，合理安排时间，享受健康生活。 CopyRight ©2016 海峡网(福建日报主管主办) 版权所有 闽ICP备15008128号-2 闽互联网新闻信息服务备案编号：20070802号 福建日报报业集团拥有海峡都市报(海峡网)采编人员所创作作品之版权，未经报业集团书面授权，不得转载、摘编或以其他方式使用和传播。 版权说明| 海峡网全媒体广告价| 联系我们| 法律顾问",social_media ||| social_media ||| social_media ||| public_web ||| mainstream_news ||| mainstream_news ||| public_web ||| mainstream_news ||| social_media,"https://www.163.com/dy/article/FU5Q7RM00550HO04.html ||| https://www.toutiao.com/article/6907631309435175432/ ||| https://www.163.com/dy/article/I0FN8PNM0512EFR8.html ||| https://video.sina.cn/finance/2024-03-16/detail-inannncw5938547.d.html?fromsinago=pugeqsra,1465 ||| https://www.sohu.com/a/745722326_121106994 ||| https://news.fznews.com.cn/fzxw/20231220/6XZ891d69P.shtml ||| https://www.fqlook.cn/thread-107476-1-1.html ||| https://www.clnews.com.cn/html/11/20240301/65e19218245f9.shtml ||| http://www.hxnews.com/news/fj/fz/202403/20/2156788.shtml",title_unavailable ||| title_unavailable ||| title_unavailable ||| title_unavailable ||| title_unavailable ||| title_unavailable ||| title_unavailable ||| title_unavailable ||| title_unavailable,date_unavailable ||| date_unavailable ||| date_unavailable ||| date_unavailable ||| date_unavailable ||| date_unavailable ||| date_unavailable ||| date_unavailable ||| date_unavailable,8,silver_candidate,standard_review,0.180,low,missing_response_or_resolution_signal,accept,,,证据链完整支撑排队现状、黄牛乱象、平台上线及资格发放规则，数据与流程描述准确。,annotator_A,adjudicated_final,annotator_A
E028,LLM_CHAIN_E028_003,疫苗资源紧张导致线下预约混乱，市民呼吁建立统一透明的排队机制 ||| 系统上线初期部分用户因档案重复或资格不符无法加入排队，需线下核实 ||| 福州疾控明确系统实行居住地管理、人脸识别验证及排队进度实时可查四大原则 ||| 预约流程规范化，资格按序发放，卫健委同步公布全市200家接种单位信息优化服务,ev-01265;ev-01272;ev-01284;ev-01263;ev-01271;ev-01267;ev-01274;ev-01275,记者获悉，为方便市民、优化资源配置，福州疾控20日上线“紧缺疫苗排队预约”系统，目前已推出HPV疫苗排队预约，今后将视情...[preview_truncated] ||| 导语 福州疾控于2023年12月20日，上线“紧缺疫苗排队预约”系统，目前推出HPV疫苗排队预约，今后将视情况推出其他紧...[preview_truncated] ||| 【导语】：福州HPV疫苗预约线上排队系统，无法加入排队可能存在以下几种情况：①不符合本次排队预约资格；②正在其他地方排着...[preview_truncated] ||| 【导语】：福州疾控于2023年12月20日，上线“紧缺疫苗排队预约”系统，目前推出HPV疫苗排队预约。 福州HPV疫苗线...[preview_truncated] ||| 用微信扫码二维码 分享至好友和朋友圈 12.21早播报 晴4-12℃ 1、 福州市紧缺疫苗排队预约系统上线 重磅！ 福州...[preview_truncated] ||| 当前位置： 首页 > 政务公开 > 重点领域信息公开 > 医疗卫生 > 免疫规划 2024年1月1日10：00本市开始发...[preview_truncated] ||| 3月19日，福州市卫健委在“福州卫生健康”微信公众号上公布了全市200家HPV疫苗接种单位名单及相关信息，包括地址、联系...[preview_truncated] ||| 用微信扫码二维码 分享至好友和朋友圈 19日，福州市卫健委在“福州卫生健康”微信公众号上公布了全市200家HPV疫苗接种...[preview_truncated],full_text_unavailable; use evidence_texts and evidence_urls ||| full_text_unavailable; use evidence_texts and evidence_urls ||| full_text_unavailable; use evidence_texts and evidence_urls ||| full_text_unavailable; use evidence_texts and evidence_urls ||| full_text_unavailable; use evidence_texts and evidence_urls ||| full_text_unavailable; use evidence_texts and evidence_urls ||| full_text_unavailable; use evidence_texts and evidence_urls ||| full_text_unavailable; use evidence_texts and evidence_urls,full_text_unavailable ||| full_text_unavailable ||| full_text_unavailable ||| full_text_unavailable ||| full_text_unavailable ||| full_text_unavailable ||| full_text_unavailable ||| full_text_unavailable,"记者获悉，为方便市民、优化资源配置，福州疾控20日上线“紧缺疫苗排队预约”系统，目前已推出HPV疫苗排队预约，今后将视情况推出其他紧缺疫苗排队服务。 据了解，9价HPV疫苗上市以来，备受社会关注，不少市民想接种却苦于“一针难求”，而参与摇号也难以摇中。为提升疫苗接种便利性，体现公平公正公开的原则，我市首先推出9价HPV疫苗线上排队预约，并可实时查看排队进度，将大大提升预约接种效率。 据介绍，9价HPV疫苗排队预约对象为：首次接种、常住福州市、既往未接种过HPV疫苗（含2、4、9价）或全程接种完4价HPV疫苗满一年的9周岁至45周岁女性。符合以上条件人群才可参与排队。 据介绍，排队预约系统是依托我省免疫规划信息系统开发建设的官方平台。排队预约成功后，除支付国家规定费用外，无其他费用。预防接种实行居住地管理原则，按照居住地或接种档案所在县（市）区进行预约。此外，该系统采用人脸识别验证功能，通过申请人填写的证件信息，与本人人脸验证，避免一人多号、身份证冒用等问题。接种时需现场再次核验身份证，保证身份信息的真实性。 系统按照排队先后顺序发放预约接种资格，进入排队队列者可登录系统实时查看进度；已登记排队的群众可在每月1日10时~3日24时、16日10时~18日24时通过“福州疾控”微信公众号访问“预防接种—紧缺疫苗排队预约”，查看是否获得接种资格。获得接种资格者须在系统提示的规定时间内通过线 ||| 导语 福州疾控于2023年12月20日，上线“紧缺疫苗排队预约”系统，目前推出HPV疫苗排队预约，今后将视情况推出其他紧缺疫苗排队服务。 2023年12月20日福州市上线紧缺疫苗排队预约系统 为方便市民朋友优化疫苗资源配置，在上级部门指导下福州疾控于2023年12月20日上线“紧缺疫苗排队预约”系统，目前推出HPV疫苗排队预约，今后将视情况推出其他紧缺疫苗排队服务。 为提升疫苗接种的便利性，体现公平公正公开的接种原则，福州市9价HPV疫苗线上排队预约系统上线啦！统一的预约入口，实时查看排队进度，大大提升预约接种效率。 系统入口：点击进入 排队预约系统四大亮点 01 官方平台 该系统是依托福建省免疫规划信息系统开发建设的官方平台。排队预约成功后，在接种单位除支付国家规定费用外，无其他费用。 02 排队预约属地管理原则 根据《疫苗管理法》第47条和《预防接种工作规范》等要求，预防接种实行居住地管理原则，按照居住地或接种档案所在县（市）区进行预约。 03 身份验证预约 系统采用人脸识别验证功能，通过填写的证件信息，与本人人脸进行验证，避免一人多号、身份证冒用等问题。接种时需现场再次核验身份证，保证身份信息的真实性。 04 公平公正公开原则 对未接种过HPV疫苗（含2、4、9价）或全程接种完4价HPV疫苗满一年的9-45周岁女性，系统按照排队先后顺序发放预约接种资格，进入排队队列者可登录系 ||| 【导语】：福州HPV疫苗预约线上排队系统，无法加入排队可能存在以下几种情况：①不符合本次排队预约资格；②正在其他地方排着队；③系统后台可能有多个档案。 福州HPV疫苗预约线上排队系统已成功关联档案，但在进行排队预约时，无法加入排队可能存在以下几种情况： ①不符合本次排队预约资格； ②正在其他地方排着队； ③系统后台可能有多个档案。 若系统无法自动判断受种者身份，受种者可携带有效身份证明及辖区居住证明材料（如学生证、居住证、医保缴纳证明等），经居住地所在的社区卫生服务中心或卫生院接种门诊核实后，获取排队预约资格（具体可详询接种门诊）。 推荐阅读>>>福州HPV疫苗线上排队预约入口+操作流程 温馨提示：微信搜索公众号【福州本地宝】，关注后在对话框回复【HPV排队】可获取福州hpv疫苗排队预约入口+操作流程、预约接种指南、接种点汇总、常见疑问解答等内容。 手机访问福州本地宝首页 适龄女性接种前可提前与接种门诊电话联系，咨询了解接种门诊惠民HPV疫苗供应情况，根据接种点提供的服务时间直接前往就近接种点接种。 此项民生举措将提升受种对象人群宫颈疾病防控意识，有效降低受种对象宫颈癌和癌前病变发病率，减少因罹患疾病导致的家庭、社会负担，提高女性健康水平。 区卫健局会同区教育局、区总工会、区妇联及区财政等部门，制定针对马尾区适龄女性 HPV 疫苗优惠接种政策，并开展惠民接种活动 区卫健局会同区教育 ||| 【导语】：福州疾控于2023年12月20日，上线“紧缺疫苗排队预约”系统，目前推出HPV疫苗排队预约。 福州HPV疫苗线上排队预约系统四大亮点 1、官方平台 该系统是依托福建省免疫规划信息系统开发建设的官方平台。排队预约成功后，在接种单位除支付国家规定费用外，无其他费用。 2、排队预约属地管理原则 根据《疫苗管理法》第47条和《预防接种工作规范》等要求，预防接种实行居住地管理原则，按照居住地或接种档案所在县（市）区进行预约。 3、身份验证预约 系统采用人脸识别验证功能，通过填写的证件信息，与本人人脸进行验证，避免一人多号、身份证冒用等问题。接种时需现场再次核验身份证，保证身份信息的真实性。 4、公平公正公开原则 对未接种过HPV疫苗（含2、4、9价）或全程接种完4价HPV疫苗满一年的9-45周岁女性，系统按照排队先后顺序发放预约接种资格，进入排队队列者可登录系统实时查看排队进度。 已登记排队的群众可在每月1日10时-3日24时、16日10时-18日24时时限内通过“福州疾控”微信公众号访问“预防接种”—“紧缺疫苗排队预约”查看是否获得接种资格。 获得接种资格者须在系统提示的规定时间内通过线上选择相应县（市）区任一接种单位预约首针接种时间，后续针次接种由首针接种单位安排。 温馨提示：微信搜索公众号【福州本地宝】，关注后在对话框回复【HPV排队】可获取福州hpv疫苗排队预约入口+操作流 ||| 用微信扫码二维码 分享至好友和朋友圈 12.21早播报 晴4-12℃ 1、 福州市紧缺疫苗排队预约系统上线 重磅！ 福州疾控今日上线 “紧缺疫苗排队预约”系统 目前推出HPV疫苗排队预约 今后将视情况推出 其他紧缺疫苗排队服务预约系统四大亮 01 | 官方平台 该系统是依托福建省免疫规划信息系统开发建设的官方平台。排队预约成功后，在接种单位除支付国家规定费用外，无其他费用。 02 | 排队预约属地管理原则 根据《疫苗管理法》第47条和《预防接种工作规范》等要求，预防接种实行居住地管理原则，按照居住地或接种档案所在县（市）区进行预约。 03 | 身份验证预约 系统采用人脸识别验证功能，通过填写的证件信息，与本人人脸进行验证，避免一人多号、身份证冒用等问题。接种时需现场再次核验身份证，保证身份信息的真实性。 04 | 公平公正公开原则 对未接种过HPV疫苗（含2、4、9价）或全程接种完4价HPV疫苗满一年的9-45周岁女性，系统按照排队先后顺序发放预约接种资格，进入排队队列者可登录系统实时查看排队进度。 已登记排队的群众可在每月1日10时-3日24时、16日10时-18日24时时限内通过“福州疾控”微信公众号访问“预防接种”—“紧缺疫苗排队预约”查看是否获得接种资格。 获得接种资格者须在系统提示的规定时间内通过线上选择相应县（市）区任一接种单位预约首针接种时间，后续针次接种由首针接种单 ||| 当前位置： 首页 > 政务公开 > 重点领域信息公开 > 医疗卫生 > 免疫规划 2024年1月1日10：00本市开始发放紧缺疫苗（4价、9价HPV疫苗）首轮预约接种资格！获取预约资格后需在3天内进行预约，过期未预约视为放弃资格。 扫一扫在手机上查看当前页面 打印关闭 福建省政府网站 福建省各地市网站 福州市各县（市）区网站 其他链接 福建省政府网站 福建省各地市网站 福州市各县（市）区网站 其他链接 网站标识码3501020005闽公网安备35010202000735号闽ICP备08100339号 版权所有：© 福州市鼓楼区人民政府 主办：福州市鼓楼区人民政府办公室承办：数字福建鼓楼示范区建设领导小组办公室 为确保最佳浏览效果，建议您使用以下浏览器版本：IE浏览器9.0版本及以上；Chrome浏览器 63版本及以上；360浏览器9.1版本及以上，且IE内核9.0及以上。 移动门户 鼓楼发布 智能问答 智能搜索 智能推荐 返回顶部 ||| 3月19日，福州市卫健委在“福州卫生健康”微信公众号上公布了全市200家HPV疫苗接种单位名单及相关信息，包括地址、联系方式、门诊时间等。 据了解，去年底，“福州疾控”微信公众号上线了“紧缺疫苗排队预约系统”，目前正推出HPV疫苗排队预约。该系统要实名验证，可实时查看排队进度。“目前，紧缺疫苗第六轮预约接种资格已发放了。”福州疾控相关工作人员介绍。（记者 陈丹 通讯员 缪露） ||| 用微信扫码二维码 分享至好友和朋友圈 19日，福州市卫健委在“福州卫生健康”微信公众号上公布了全市200家HPV疫苗接种单位名单及相关信息，包括地址、联系方式、门诊时间等。 据了解，去年底，“福州疾控”微信公众号上线了“紧缺疫苗排队预约系统”，目前正推出HPV疫苗排队预约。该系统要实名验证，可实时查看排队进度。“目前，紧缺疫苗第六轮预约接种资格已发放了。”福州疾控相关工作人员介绍。（记者 陈丹 通讯员 缪露） 福州市HPV疫苗接种单位名单汇总表(截至2024年3月18日) 来源：福州晚报 特别声明：以上内容(如有图片或视频亦包括在内)为自媒体平台“网易号”用户上传并发布，本平台仅提供信息存储服务。 Notice: The content above (including the pictures and videos if any) is uploaded and posted by a user of NetEase Hao, which is a social media platform and only provides information storage services. 上游新闻 2026-05-25 14:46:47 中国新闻周刊 2026-05-24 23:46:09 中国新闻周刊 2026-05-25 07:42:52 央视新闻 2026-05-25 02:",mainstream_news ||| public_web ||| public_web ||| public_web ||| mainstream_news ||| official ||| social_media ||| social_media,http://fj.news.cn/20231221/4425b480c53b420e82627a2589213e7e/c.html ||| https://m.fz.bendibao.com/news/72151.shtm ||| http://fz.bendibao.com/news/20231221/72166.shtm ||| http://fz.bendibao.com/news/20231220/72161.shtm ||| https://fj.news.163.com/23/1220/17/IMDURSTM04419AC4.html ||| http://www.gl.gov.cn/xjwz/zwgkml/zdlyxxgk/jcylws/mygh/202402/t20240221_4779707.htm ||| http://women.fjsen.com/2024-03/21/content_31543133.htm ||| https://www.163.com/dy/article/ITPU5OMO0546D0ZP.html,title_unavailable ||| title_unavailable ||| title_unavailable ||| title_unavailable ||| title_unavailable ||| title_unavailable ||| title_unavailable ||| title_unavailable,date_unavailable ||| date_unavailable ||| date_unavailable ||| date_unavailable ||| date_unavailable ||| date_unavailable ||| date_unavailable ||| date_unavailable,7,silver_candidate,standard_review,0.180,low,missing_response_or_resolution_signal,accept,,,证据充分支持初期排队问题、系统四大原则及接种点优化措施，逻辑通顺且无事实偏差。,annotator_A,adjudicated_final,annotator_A
E030,LLM_CHAIN_E030_002,志愿者反映深圳部分医院线上挂号平台及自助机未实现无障碍功能 ||| 市检察院联合市盲协开展实地勘察查明未预留现场号源等问题 ||| 检察机关向卫生健康主管部门制发行政公益诉讼检察建议 ||| 卫健部门督促全市医院开通直拨电话与统一短号热线并布设千余台无障碍终端,ev-00713;ev-00714;ev-00715;ev-01319,线上预约挂号就医，对于熟练使用电子设备的年轻人来说易如反掌，但对于残障人士、老年人等特殊群体而言，却不是一件容易的事。今...[preview_truncated] ||| 2020年08月31日 星期- 线上预约挂号就医，对于熟练使用电子设备的年轻人来说易如反掌，但对于残障人士、老年人等特殊...[preview_truncated] ||| 第一财经资讯 2025-11-12 21:18·上海·第一财经资讯官方网易号 医疗机构不提供电话预约的挂号方式，挂号平台...[preview_truncated] ||| [ 2015年7月至今年9月，全国检察机关共办理公益诉讼案件122.4万余件，其中行政公益诉讼110.2万件、民事公益诉...[preview_truncated],full_text_unavailable; use evidence_texts and evidence_urls ||| full_text_unavailable; use evidence_texts and evidence_urls ||| full_text_unavailable; use evidence_texts and evidence_urls ||| full_text_unavailable; use evidence_texts and evidence_urls,full_text_unavailable ||| full_text_unavailable ||| full_text_unavailable ||| full_text_unavailable,线上预约挂号就医，对于熟练使用电子设备的年轻人来说易如反掌，但对于残障人士、老年人等特殊群体而言，却不是一件容易的事。今年4月，深圳市检察院收到一条无障碍挂号就医的公益诉讼线索，反映我市部分医院线上及线下挂号就医未完善无障碍环境建设，影响特定群体的就医需求。 “创造无障碍就医环境，是保障残疾人、老年人等特定群体平等、充分、便捷参与、融入社会生活的重要条件，检察机关义不容辞。”为进一步了解公益受损事实，市检察院第六检察部通过抽样调查方式，先后对深圳8家市级医院就电话热线、线上预约平台等情况进行了调查，并与行政主管部门进行座谈，了解全市就医无障碍环境建设基本情况。 同时，市检察院与市盲协开展联合调查，对深圳4家市级医院、6家区级医院的线下自助业务办理终端设备以及现场号源预留等情况进行实地勘察。 经调查发现，确实存在部分线上预约挂号平台未达到无障碍设计标准、部分医疗机构未提供电话预约挂号方式、自助挂号终端设备未配备无障碍功能、医疗机构未按要求预留专门现场号源等问题。 6月25日，市检察院召开推动就医挂号无障碍环境建设行政公益诉讼案件听证会，针对案涉情形是否对残障人士、老年人等特殊群体便捷就医权益造成损害听取参会代表与听证员意见。 会议由市检察院第六检察部副主任梁媛主持，市人大代表陈家发、刘宝瑞、曾迈担任听证员，相关行政主管部门负责人出席听证，市残疾人联合会代表陈雷，市老年协会党支部书记、 ||| 2020年08月31日 星期- 线上预约挂号就医，对于熟练使用电子设备的年轻人来说易如反掌，但对于残障人士、老年人等特殊群体而言，却不是一件容易的事。今年4月，深圳市检察院收到一条无障碍挂号就医的公益诉讼线索，反映我市部分医院线上及线下挂号就医未完善无障碍环境建设，影响特定群体的就医需求。 “创造无障碍就医环境，是保障残疾人、老年人等特定群体平等、充分、便捷参与、融入社会生活的重要条件，检察机关义不容辞。”为进一步了解公益受损事实，市检察院第六检察部通过抽样调查方式，先后对深圳8家市级医院就电话热线、线上预约平台等情况进行了调查，并与行政主管部门进行座谈，了解全市就医无障碍环境建设基本情况。 同时，市检察院与市盲协开展联合调查，对深圳4家市级医院、6家区级医院的线下自助业务办理终端设备以及现场号源预留等情况进行实地勘察。 经调查发现，确实存在部分线上预约挂号平台未达到无障碍设计标准、部分医疗机构未提供电话预约挂号方式、自助挂号终端设备未配备无障碍功能、医疗机构未按要求预留专门现场号源等问题。 6月25日，市检察院召开推动就医挂号无障碍环境建设行政公益诉讼案件听证会，针对案涉情形是否对残障人士、老年人等特殊群体便捷就医权益造成损害听取参会代表与听证员意见。 会议由市检察院第六检察部副主任梁媛主持，市人大代表陈家发、刘宝瑞、曾迈担任听证员，相关行政主管部门负责人出席听证，市残疾人联合会 ||| 第一财经资讯 2025-11-12 21:18·上海·第一财经资讯官方网易号 医疗机构不提供电话预约的挂号方式，挂号平台及自助挂号机也没有实现无障碍功能，那些不会上网、不会使用智能手机和存在视力障碍的老年人与残疾人该如何便捷就医呢？ 2024年5月，广东省深圳市人民检察院收到志愿者提供的上述线索，决定立案调查。同年7月2日，深圳市检察院向市卫生健康主管部门发出检察建议，建议其督促相关医疗机构完善就医挂号无障碍适老化改造。目前，已督促全市所有医疗机构开通预约挂号直拨电话，并在全市设立统一短号热线，实现预约挂号一键查询或转接服务。截至2025年6月，热线已提供查转服务5122次；还要求各医疗机构于2025年底前完成线上预约平台的无障碍改造，截至2025年6月，全市38家医疗机构已完成线上预约平台无障碍改造，累计布设无障碍自助终端机1039台。 这是今年9月，最高检发布的一批无障碍和适老化检察公益诉讼典型案例中的一个，也是近年来检察机关进行检察公益诉讼工作、守护公共利益的缩影。 检察公益诉讼，是指人民检察院根据民事诉讼法、行政诉讼法等法律规定，对在履行职责中发现的生态环境和资源保护、食品药品安全、国有财产保护等领域损害国家利益或者社会公共利益的案件，向有关主体发出检察建议或向人民法院提起诉讼的法律制度，是我国一项原创性司法制度。 自2014年党的十八届四中全会首次提出“探索建立检察机关提 ||| [ 2015年7月至今年9月，全国检察机关共办理公益诉讼案件122.4万余件，其中行政公益诉讼110.2万件、民事公益诉讼12.2万余件。 ] 医疗机构不提供电话预约的挂号方式，挂号平台及自助挂号机也没有实现无障碍功能，那些不会上网、不会使用智能手机和存在视力障碍的老年人与残疾人该如何便捷就医呢？ 2024年5月，广东省深圳市人民检察院收到志愿者提供的上述线索，决定立案调查。同年7月2日，深圳市检察院向市卫生健康主管部门发出检察建议，建议其督促相关医疗机构完善就医挂号无障碍适老化改造。目前，已督促全市所有医疗机构开通预约挂号直拨电话，并在全市设立统一短号热线，实现预约挂号一键查询或转接服务。截至2025年6月，热线已提供查转服务5122次；还要求各医疗机构于2025年底前完成线上预约平台的无障碍改造，截至2025年6月，全市38家医疗机构已完成线上预约平台无障碍改造，累计布设无障碍自助终端机1039台。 这是今年9月，最高检发布的一批无障碍和适老化检察公益诉讼典型案例中的一个，也是近年来检察机关进行检察公益诉讼工作、守护公共利益的缩影。 检察公益诉讼，是指人民检察院根据民事诉讼法、行政诉讼法等法律规定，对在履行职责中发现的生态环境和资源保护、食品药品安全、国有财产保护等领域损害国家利益或者社会公共利益的案件，向有关主体发出检察建议或向人民法院提起诉讼的法律制度，是我国一项原创性司法,mainstream_news ||| official ||| mainstream_news ||| public_web,https://m.sohu.com/a/789009588_161795/?pvid=000115_3w_a ||| https://www.shenzhen.jcy.gov.cn/Dynamic/Media/8465.html ||| https://c.m.163.com/news/a/KE6NRBQE0519DDQ2.html ||| https://www.yicai.com/epaper/m/202511/13/content_47942.html,title_unavailable ||| title_unavailable ||| title_unavailable ||| title_unavailable,date_unavailable ||| date_unavailable ||| date_unavailable ||| date_unavailable,4,silver_candidate,standard_review,0.180,low,missing_response_or_resolution_signal,accept,,,证据完整覆盖线索来源、联合勘察、检察建议制发及整改成效，事实与数据均有明确支撑。,annotator_A,adjudicated_final,annotator_A
E038,LLM_CHAIN_E038_001,2023年6月21日晚富洋烧烤店操作间液化石油气泄漏引发爆炸 ||| 事故造成31人死亡7人受伤，暴露出违规操作与燃气设施安全隐患 ||| 宁夏政府紧急成立联合救治与调查组开展救援，国务院安委办介入调查 ||| 2024年1月27日国务院事故调查报告公布，认定企业违法违规并推动全国燃气安全治理,ev-00916;ev-01976;ev-01978;ev-01987,中新网银川6月22日电 (记者 李佩珊)6月21日20时40分许，宁夏银川市兴庆区一烧烤店发生燃气爆炸。21时20分许，...[preview_truncated] ||| 2025年4月29日，辽宁省辽阳市白塔区三里厨娘饭店发生重大火灾事故，造成22人死亡、3人受伤。火灾直接原因系饭店顾客丢...[preview_truncated] ||| 消防人员在现场救援。图片来源：新华社 界面新闻记者 | 张旭 吕雅萱 张倩楠 界面新闻编辑 | 翟瑞民 界面新闻记者 |...[preview_truncated] ||| 转自：中国应急管理 事故报告全文下载请点击“阅读原文” ●来源：应急管理部 ●编辑：时宜 推荐阅读 富洋烧烤店特别重大燃...[preview_truncated],full_text_unavailable; use evidence_texts and evidence_urls ||| full_text_unavailable; use evidence_texts and evidence_urls ||| full_text_unavailable; use evidence_texts and evidence_urls ||| full_text_unavailable; use evidence_texts and evidence_urls,full_text_unavailable ||| full_text_unavailable ||| full_text_unavailable ||| full_text_unavailable,"中新网银川6月22日电 (记者 李佩珊)6月21日20时40分许，宁夏银川市兴庆区一烧烤店发生燃气爆炸。21时20分许，现场明火已经扑灭。 据现场目击者介绍，烧烤店一楼的煤气罐先发生爆炸，又把二楼的天然气管道引爆。 22日零时左右，现场已完成三轮搜救，事故现场清理正在有序进行。周边住宅、商铺未受到安全影响。 宁夏随即紧急召开党委常委会会议，听取人员搜救、伤员救治和现场清理等工作情况汇报，研究部署事故善后处置及全区安全隐患排查整治工作。强调要坚持人民至上、生命至上，集中一切力量、采取一切措施，争分夺秒、全力以赴做好伤员救治等工作，并深刻汲取教训，举一反三，在全区深入开展安全隐患排查整治工作，坚决消除安全隐患，切实维护人民群众生命健康安全。 目前，宁夏相关部门已紧急成立联合救治组、处置组、调查组，全力以赴做好医疗救治、善后处置等工作。 截至22日凌晨2时，共从现场发现和搜救出38人，均及时送往医院紧急抢救，救治工作正在紧张有序进行。 目前，事故具体原因正在调查中。(完) 【编辑:陈海峰】 更多精彩内容请进入社会新闻 发表评论文明上网理性发言，请遵守新闻评论服务协议 社会新闻精选： 重庆永川山洪地灾已导致9人死亡11人失联 2026年05月25日 18:10:35 15个高价值长江场景机会清单在深发布 向全球发出合作邀约 2026年05月25日 16:55:28 笔墨牵缘40载：草原母亲 ||| 2025年4月29日，辽宁省辽阳市白塔区三里厨娘饭店发生重大火灾事故，造成22人死亡、3人受伤。火灾直接原因系饭店顾客丢弃的未熄灭烟蒂，在风势作用下通过紧贴外墙设置的铝塑板排风道下方缝隙滚入检修口，引燃内部堆放的包装纸箱等垃圾，导致饭店外立面装饰装修使用的铝塑板和建筑外墙聚苯乙烯保温板快速燃烧蔓延成灾。 2023年6月21日，宁夏银川市兴庆区富洋烧烤民族街店发生燃气爆炸事故，造成31人死亡、7人受伤。事故原因是相关企业违法违规检验、经营，并配送不符合标准的液化石油气瓶，烧烤店在使用中违规操作发生泄漏爆炸。由于没有组织疏散、唯一楼梯通道被炸毁的隔墙严重堵塞、二楼临街窗户被封堵并被锚固焊接的钢制广告牌完全阻挡，严重影响人员逃生，导致伤亡扩大。 ||| 消防人员在现场救援。图片来源：新华社 界面新闻记者 | 张旭 吕雅萱 张倩楠 界面新闻编辑 | 翟瑞民 界面新闻记者 | 张旭 吕雅萱 张倩楠 界面新闻编辑 | 翟瑞民 “大街上到处是滚滚浓烟，地面上都是玻璃渣子。”端午节前夜，宁夏自治区银川市兴庆区民族南街，某毛血旺连锁饭店工作人员李哲（化名）正在店里干活，突然听到外面传来巨大的爆炸声。他赶紧跑到外面查看是怎么回事。 “晚上八点多左右听到了一声爆炸，过了几分钟又听到了爆炸。”李哲事后对界面新闻回忆，当时他吓了一跳，""声音真的是太大了。"" 据“银川发布”通报，2023年6月21日20时40分许，银川市兴庆区民族南街富洋烧烤店操作间液化石油气（液化气罐）泄漏引发爆炸，造成38人伤亡，其中31人经抢救无效死亡，7人正在全力救治中。 正值晚上用餐高峰，正常经营的烧烤店为何会发生燃气爆炸？是意外事故还是背后存在人为失误因素？当地警方告诉界面新闻，事故原因还在进一步调查中，目前还不能透露，待调查结束，会详细告知社会公众调查结果。 更换阀门时发生爆炸 李哲工作的毛血旺店距离富洋烧烤店很近，只有三四十米左右，就在同一个楼栋下。爆炸发生后，李哲围观时发现，发现富洋烧烤店一楼已被炸得破损不堪，通往二楼的楼梯都被炸毁了。 另一名现场目击者介绍，当时空气中全是煤气的味道，特别浓。澎湃新闻报道，参与现场救援的工作人员称，现场情况比其想象严重得多，爆炸之后浓 ||| 转自：中国应急管理 事故报告全文下载请点击“阅读原文” ●来源：应急管理部 ●编辑：时宜 推荐阅读 富洋烧烤店特别重大燃气爆炸事故调查报告公布 国务院事故调查组相关负责人就富洋烧烤店特别重大燃气爆炸事故调查工作答记者问 2名中管干部因富洋烧烤店特别重大燃气爆炸事故被问责 24小时滚动播报最新的财经资讯和视频，更多粉丝福利扫描二维码关注（sinafinance） 网友提问：@@=value.question$$ 老师回答：@@=value.answer$$ @@=value.title$$ 新浪财经意见反馈留言板 新浪简介|广告服务|About Sina 联系我们|招聘信息|通行证注册 产品答疑|网站律师|SINA English Copyright © 1996-2024 SINA Corporation All Rights Reserved 新浪公司 版权所有",public_web ||| official ||| mainstream_news ||| mainstream_news,https://www.chinanews.com.cn/sh/2023/06-22/10029590.shtml ||| https://yjgl.anqing.gov.cn/xxfb/ztzl/xjpx/2004195016.html ||| https://m.sohu.com/a/689408473_313745/?pvid=000115_3w_a ||| https://finance.sina.com.cn/wm/2024-01-27/doc-inaeyhrz6296456.shtml,title_unavailable ||| title_unavailable ||| title_unavailable ||| title_unavailable,date_unavailable ||| date_unavailable ||| date_unavailable ||| date_unavailable,4,silver_candidate,standard_review,0.180,low,missing_response_or_resolution_signal,accept,,,证据准确对应事故起因、伤亡数据、应急响应及国务院调查报告发布，关键事实无误。,annotator_A,adjudicated_final,annotator_A
E040,LLM_CHAIN_E040_002,永聚煤业办公楼吊篮电机供电线破损短路引燃可燃物 ||| 烟气迅速蔓延致重大伤亡，引发社会对煤矿联合建筑消防隐患的担忧 ||| 消防医疗紧急救援，保险公司预付千万赔款，国务院安委会挂牌督办 ||| 事故调查报告公开后，吕梁市启动违规动火作业专项联合执法检查,ev-01336;ev-01365;ev-01348;ev-01343,编号：CX-ZXBS-AQ-2311 山西永聚煤矿“11.16”重大火灾事故 专项安全风险辨识评估报告 XXXX有限公司...[preview_truncated] ||| 用微信扫码二维码 分享至好友和朋友圈 ↑↑↑觉得还不错，随手订阅我们吧↓↓↓ 民声天下11月17日吕梁快讯 随着各行业复...[preview_truncated] ||| 时间：2023-11-18 20:31:34 来源：新华网 分享到微信朋友圈 记者从中煤财产保险股份有限公司获悉，山西吕...[preview_truncated] ||| 黄河新闻网吕梁 2025-09-17 10:27发布于山西山西黄河新闻网传媒有限责任公司吕梁分公司官方账号 为进一步强化...[preview_truncated],full_text_unavailable; use evidence_texts and evidence_urls ||| full_text_unavailable; use evidence_texts and evidence_urls ||| full_text_unavailable; use evidence_texts and evidence_urls ||| full_text_unavailable; use evidence_texts and evidence_urls,full_text_unavailable ||| full_text_unavailable ||| full_text_unavailable ||| full_text_unavailable,编号：CX-ZXBS-AQ-2311 山西永聚煤矿“11.16”重大火灾事故 专项安全风险辨识评估报告 XXXX有限公司 编制时间： 2023 年11 月19日 XXXX有限公司 永聚煤矿“11.16”重大火灾事故专项安全风险辨识评估报告 序 2023 年11月16日上午6时50分许，山西吕梁市离石区永聚煤业有限公司联建楼职工澡堂发生重大火灾事故，火灾造成26人遇难，38人受伤。煤矿的一位工作人员透露，起火点正是通过电线运行的吊篮。吊篮是并排的，一个吊篮起火，引燃了其他篮子。 从现有的资料分析，浴室火烧起之后，未得到及时的控制，初期灭火未能成功，火灾迅速蔓延。而这种办公楼，其楼梯间一般都是敞开式的，不能防烟，因此烟气迅速向三、四层蔓延，在三四层开会的人员、睡觉休息的人员，立即置身于烟气之中。 由于无法控制烟气蔓延，有部分人员通过窗户爬落水管逃生，有的人试图用绳子逃生，现场十分混乱。烟气失控，也是导致这次火灾人员大量伤亡的主要因素。 。 目 录 TOC \o 1-3 \h \u 4439 永聚煤矿“11.16”重大火灾事故专项安全风险辨识评估工作计划 1 4439 永聚煤矿“11.16”重大火灾事故专项安全风险辨识评估会议纪要 4 永聚煤矿“11.16”重大火灾事故 28797 专项 19317 辨识 ||| 用微信扫码二维码 分享至好友和朋友圈 ↑↑↑觉得还不错，随手订阅我们吧↓↓↓ 民声天下11月17日吕梁快讯 随着各行业复工达产的不断推进，与安全生产工作的相关话题，再度成为焦点。然而，昨天（16日）开始，网络上传出，在山西吕梁一煤矿楼宇发生火灾致人伤亡的消息，一时间，引发社会广泛关注。对此，相关部门第一时间介入给予处置。 “民声君”今天（17日）下午从山西省人民政府新闻办公室正在吕梁市举行的永聚煤业办公楼“11.16”重大火灾事故情况通报会上了解到，吕梁市委副书记、市长表示，将全力配合事故调查，在山西省调查组领导下重拳出击，尽快查明原因，给社会一个明白，给遇难者家属一个交代。目前，公安机关已经对煤矿实际控制人以及负责人等13人采取刑事强制措施。 另悉，国务院安委会已对该起事故挂牌督办。将查清查透事故直接原因、火灾发生机理以及事故暴露出的制度和管理漏洞，对相关责任人员依法依规严肃处理。 值得注意的是，在此次通报会开始前，全体参会人员向事故中死难者表示默哀。（责编/翔宇） *编者注： 以上文字，旨在传递更多最新资讯。版权内容，未经许可，严禁转载。 （您可将相关线索私信我们，也可在文章末尾评论留言即可将您手中的相关线索第一时间反馈。） 万众一心！科学防控！守望相助！共克时艰！ 【互动话题：你对此怎么看？】 ↓↓↓欢迎在底部留言，发表您的见解。↓↓↓ 特别声明：以上内容(如有图片或视频亦包 ||| 时间：2023-11-18 20:31:34 来源：新华网 分享到微信朋友圈 记者从中煤财产保险股份有限公司获悉，山西吕梁市永聚煤业火灾事故发生后，中煤财产保险第一时间成立应急工作组，启动应急预案，及时筹措资金，为永聚煤业预付赔款1000万元。 新华社太原11月18日电（记者王劲玉）记者从中煤财产保险股份有限公司获悉，山西吕梁市永聚煤业火灾事故发生后，中煤财产保险第一时间成立应急工作组，启动应急预案，及时筹措资金，为永聚煤业预付赔款1000万元。 中煤财产保险相关负责人表示，事故企业在中煤财产保险股份有限公司投保了安全生产责任保险，事故发生后触发了保险的相关赔付条款。保险公司将通过相关勘察、测算后，按照应赔尽赔、应赔快赔、绝不惜赔、绝不拖赔的原则，积极完成事故赔付。 11月16日7时许，山西吕梁市永聚煤业一办公楼发生火灾。截至目前，事故已造成26人遇难、38人受伤。 编辑：秦秦 发现｜硬核科技云集第十届丝博会 打造“陕亮”新体验 发现｜汇聚丝路奇珍 共探丝路优品展（国家馆） ||| 黄河新闻网吕梁 2025-09-17 10:27发布于山西山西黄河新闻网传媒有限责任公司吕梁分公司官方账号 为进一步强化动火作业安全管理，有效防范因违规动火作业引发的安全生产事故，近日，吕梁市、县两级整治工作专班组织应急、住建、市场监管、公安、消防等部门在全市范围内开展违规动火作业专项联合执法检查。 本次联合执法检查行动重点针对高层建筑、大型商业综合体、医疗、养老机构、劳动密集型企业等重点行业领域动火施工作业和在建工地。实地检查动火作业审批流程、作业人员资质证书、现场安全防护措施及消防设备配备等情况。针对检查中发现的隐患，检查组责令相关单位进行整改。检查期间，检查组还结合近期发生的典型火灾案例，向工地负责人及施工人员详细讲解火灾的危害性、预防火灾的重要性以及火灾发生时的应急处置方法，要求工地负责人切实增强消防安全意识，严格落实消防安全管理制度，鼓励企业员工积极参与安全监督，及时发现和报告身边的安全隐患，形成全社会共同关注动火作业安全的良好氛围。 下一步，吕梁市专项整治工作专班将持续加大对违规动火作业的执法检查力度，建立健全常态化监管机制，加强对重点场所、重点部位的巡查频次，做到隐患早发现、早整改。（记者 冯凯治 通讯员 张聪） 来源：吕梁日报,public_web ||| social_media ||| mainstream_news ||| mainstream_news,https://max.book118.com/html/2023/1122/7153142200006010.shtm ||| https://www.163.com/dy/article/IJOOF4670525PDMG.html ||| http://news.cnwest.com/tianxia/a/2023/11/18/22076612.html ||| https://news.qq.com/rain/a/20250917A02RGN00,title_unavailable ||| title_unavailable ||| title_unavailable ||| title_unavailable,date_unavailable ||| date_unavailable ||| date_unavailable ||| date_unavailable,4,silver_candidate,standard_review,0.180,low,missing_response_or_resolution_signal,accept,,,证据链完整支撑起火原因、烟气蔓延致灾、救援理赔督办及后续专项整治，表述严谨。,annotator_A,adjudicated_final,annotator_A
E044,LLM_CHAIN_E044_001,市民反映乱停放影响市容交通，牡丹江市城管局启动专项整治 ||| 运营企业维管不到位与争夺客源导致停车秩序混乱 ||| 城管局约谈企业负责人，下发整治方案并暂扣违规车辆3500余台 ||| 企业承诺增加运维与电子围栏，城管局建立政企警联动群持续督导,ev-01118;ev-02036,登录 近日，针对市民反映哈啰单车乱停放，严重影响交通安全和市容市貌问题，市城市管理综合执法局约谈了哈啰单车牡丹江负责人，...[preview_truncated] ||| 暂扣乱停放共享单车 近日，牡丹江市城管局针对共享单车经营中争夺客源、维管不到位且无法实现智慧化定点精准停车导致停车秩序混...[preview_truncated],full_text_unavailable; use evidence_texts and evidence_urls ||| full_text_unavailable; use evidence_texts and evidence_urls,full_text_unavailable ||| full_text_unavailable,登录 近日，针对市民反映哈啰单车乱停放，严重影响交通安全和市容市貌问题，市城市管理综合执法局约谈了哈啰单车牡丹江负责人，进一步规范共享单车停放秩序，提升城市市容环境。 据了解，按照全市创城工作要求，市城管局要求运营企业加强日常巡查管理，增加运维人员，增设电子围栏，规范车辆停放秩序，及时清运乱停放的共享单车，保证市区重点街路和区域的停放秩序。同时，市城管局在优化营商环境方面，对运营企业目前遇到的困难进行了询问和了解。 哈啰单车牡丹江负责人表示，一定提高思想认识，积极整改存在的问题，确保车辆停放有序，在方便市民出行的同时，维护城市整体形象，消除安全隐患。同时，将加大宣传力度，引导市民规范用车、文明骑行。 天气渐暖，选择共享单车出行的市民逐渐增多，下一步，市城管局将加大管理力度，督促运营企业强化管理和服务，规范共享单车停放秩序，共同努力为广大市民提供绿色便捷的出行方式，确保市容环境整洁有序。 原标题：《维护城市形象、消除安全隐患！牡丹江城管局约谈共享单车企业》 阅读原文 本文为澎湃号作者或机构在澎湃新闻上传并发布，仅代表该作者或机构观点，不代表澎湃新闻的观点或立场，澎湃新闻仅提供信息发布平台。申请澎湃号请用电脑访问http://renzheng.thepaper.cn。 Android版 iPhone版 iPad版 沪ICP备14003370号 沪公网安备31010602000299号  ||| 暂扣乱停放共享单车 近日，牡丹江市城管局针对共享单车经营中争夺客源、维管不到位且无法实现智慧化定点精准停车导致停车秩序混乱等问题。7月5日，牡丹江市城管局制定并下发了《牡丹江市共享单车停放秩序专项整治工作实施方案》，组织各城区执法大队召开专题工作会议，对专项整治行动进行详细的安排和部署，各城区执法大队抽调专人和车辆共同对违规停放的共享单车车辆进行暂扣。7月15日再次组织城管公安大队、各区城管队伍、四家运营企业召开会议会议，对整治工作进行再部署再落实，截至目前，已暂扣乱停放车辆3500余台。 目前，已建立由牡丹江综合行政局执法人员、公安交警人员、单车运维人员共同加入共享单车微信管理群。城管执法人员、公安交警人员将日常巡查过程中发现的问题拍照发送到群内，要求各单车企业运维人员限时整改，对未及时整改的车辆依法进行清理。针对市民反映的共享单车乱停放问题，牡丹江市综合行政执法局多次向运营企业下发《关于开展共享单车集中整治的通知》《关于加强共享单车停放秩序管理的通知》《关于共享单车乱停放责令改正的通知》《牡丹江市实施共享单车停放秩序专项整治的通知》，并约谈运营企业负责人，告知运营企业已违反《共享单车规范停放管理协议》第四条相关规定，经多次提醒、约谈仍未进行有效整改，将开展集中整治，暂扣车辆，限制运营。同时，督促运营企业加大宣传力度，通过车体广告、设置标识牌等方式宣传安全骑行、文明停放，提高广大,mainstream_news ||| official,https://www.thepaper.cn/newsDetail_forward_22611409 ||| http://www.mdj.gov.cn/mdjsrmzf/c100010/202407/c03_964560.shtml,title_unavailable ||| title_unavailable,date_unavailable ||| date_unavailable,2,silver_candidate,standard_review,0.180,low,missing_response_or_resolution_signal,accept,,,证据充分覆盖乱停放起因、企业责任、执法暂扣措施及政企警联动督导机制，事实准确。,annotator_A,adjudicated_final,annotator_A
E049,LLM_CHAIN_E049_003,聚合平台兴起导致订单被多次转卖，衍生出隐蔽高抽成与“阴阳账单”现象 ||| 司机实际收入被大幅挤压，平台规则不透明引发司机群体严重不满与舆论关注 ||| 交通运输部等多部门约谈相关平台，要求规范经营行为、合理制定规则并降低过高抽成 ||| 监管强化对聚合平台的合规管理，推动建立常态化抽成公示机制与司机权益保障体系,ev-01226;ev-01379;ev-01382;ev-01375;ev-01381;ev-01385;ev-01370;ev-01390,"近日，有媒体调查网约车行业抽佣现象发现，在一些聚合平台上，网约车订单被层层转卖，多平台“总抽成”近五成；还有平台“阴阳账...[preview_truncated] ||| 点击右上角微信好友 朋友圈 点击浏览器下方“”分享微信好友Safari浏览器请点击“”按钮 请使用浏览器分享功能进行分享...[preview_truncated] ||| 网约车的发展不该滑向零和博弈的局面。只有确保司机的合法权益得到保障，收入构成合理、透明，抽成比例合适，他们才有更强大的动...[preview_truncated] ||| 聚合平台“套娃式”抽佣 跑一单扣五成 网约车司机被迫“极限接单” IT时报记者孙妍图东方IC “现在每天跑15个小时，也...[preview_truncated] ||| 进入9月网约车淡季以来，不少网约车司机反馈空驶率攀升、订单量下降。这不是司机的个体困境，而是行业周期性调整的表现。 数据...[preview_truncated] ||| 点击报名按钮进行报名，不报名可关闭 退出激活卡电子版 购物车注册登录 用户名登录/手机号登录 还没有账号？免费注册 忘记...[preview_truncated] ||| 四川在线记者 田珊 廖文卓 王了 视频剪辑 郭雨荷 实习生 幸定坤 长期以来，网约车平台抽成过高问题饱受争议。司机们辛苦...[preview_truncated] ||| 网约车聚合平台正在打车出行中扮演越来越重要的角色,与此同时,平台对第三方网约车公司缺乏监管,带来的问题也引发了关注。有关...[preview_truncated]",full_text_unavailable; use evidence_texts and evidence_urls ||| full_text_unavailable; use evidence_texts and evidence_urls ||| full_text_unavailable; use evidence_texts and evidence_urls ||| full_text_unavailable; use evidence_texts and evidence_urls ||| full_text_unavailable; use evidence_texts and evidence_urls ||| full_text_unavailable; use evidence_texts and evidence_urls ||| full_text_unavailable; use evidence_texts and evidence_urls ||| full_text_unavailable; use evidence_texts and evidence_urls,full_text_unavailable ||| full_text_unavailable ||| full_text_unavailable ||| full_text_unavailable ||| full_text_unavailable ||| full_text_unavailable ||| full_text_unavailable ||| full_text_unavailable,"近日，有媒体调查网约车行业抽佣现象发现，在一些聚合平台上，网约车订单被层层转卖，多平台“总抽成”近五成；还有平台“阴阳账单”频现，也即司机端显示的乘客付费，通常会比乘客端显示的实际付费少很多。 多年来，围绕网约车平台抽成问题，社会展开了广泛讨论，管理部门也一再约谈相关平台，并制定相应的行业规范。2022年，交通运输部开展“交通运输新业态平台企业抽成‘阳光行动’”，当时各大公司公布的抽成比例上限多在18%至30%之间。此后，30%也成为业内抽佣的隐形红线。 近些年，聚合平台大量涌现，又让抽佣出现了新场景：在聚合平台上，乘客下单平台并非司机接单平台，乘客下单后订单被转卖，司机所在平台接单时已经是二手订单，甚至三手订单。这就衍生了一些新问题：聚合平台要收转卖费，雁过拔毛，促使实际抽佣过高；出现纠纷后，聚合平台和网约车公司互相推诿扯皮。 显然，聚合平台不该游离在普遍性的行业规则之外。无论平台之间怎么“周转”，乘客的实际支付、司机的实际收入总是明确的，二者之差如果过大，不符合按生产要素合理分配的原则，也不利于构建正向激励的网约车生态。 说到底，这就是一个蛋糕如何分配的问题。聚合平台的确提供了订单信息，起到了一个桥梁作用，但这个“信息价值”不能被无限拔高。毕竟司机才是完成订单的核心，直接付出了劳动，理应分得最大块蛋糕，也应该匹配更大话语权。 此外，有平台为了吸引客源发放的优惠券，最终成本也多转 ||| 点击右上角微信好友 朋友圈 点击浏览器下方“”分享微信好友Safari浏览器请点击“”按钮 请使用浏览器分享功能进行分享 作者：熊志 单程共计11.77公里，用时35分钟，共支付车费40.2元，司机实收金额仅23元。近日，记者调查网约车行业抽佣现象发现，不少网约车订单收取总费用远超订单金额的30%，有的甚至被抽取近一半。 网约车行业的抽成问题，一直是社会关注的热点。前些年，一些平台因为抽成太高且计算规则不透明，导致广大司机群体怨声载道，影响了行业的良性发展。为此交通运输部门多次出手，推动抽成比例下调，最终形成了18%至30%的抽成上限。 然而从调查来看，30%的抽成红线正在被打破。究其原因，一些网约车聚合平台出现，成为网约车派单的“中间商”。它们自身流量大，比如有的平台就是导航软件，在接到订单之后，将订单“转卖”给一些小平台，以此赚取差价。在聚合平台上，司机接单和乘客打车可能不是来自同一平台，而且订单经过了转卖。同样一笔订单，因为多了一个“中间商”抽成，司机拿到手的钱自然就更少了。 如今，网约车行业的发展已经较为成熟，聚合平台的加入其实不是坏事。对司机而言，它提供了更多的派单渠道；对乘客来说，这也增加了一个打车的平台选项。 然而从目前来看，聚合平台的搅局让行业越来越“卷”。这种内卷，并没有变成行业服务质量的提升，而是造成了成本的转移——在价格战的基本逻辑下，不敢向乘客涨价的平台，只 ||| 网约车的发展不该滑向零和博弈的局面。只有确保司机的合法权益得到保障，收入构成合理、透明，抽成比例合适，他们才有更强大的动力投身运输服务中。 单程共计11.77公里，用时35分钟，共支付车费40.2元，司机实收金额仅23元。近日，记者调查网约车行业抽佣现象发现，不少网约车订单收取总费用远超订单金额的30%，有的甚至被抽取近一半。 网约车行业的抽成问题，一直是社会关注的热点。前些年，一些平台因为抽成太高且计算规则不透明，导致广大司机群体怨声载道，影响了行业的良性发展。为此交通运输部门多次出手，推动抽成比例下调，最终形成了18%至30%的抽成上限。 然而从调查来看，30%的抽成红线正在被打破。究其原因，一些网约车聚合平台出现，成为网约车派单的“中间商”。它们自身流量大，比如有的平台就是导航软件，在接到订单之后，将订单“转卖”给一些小平台，以此赚取差价。在聚合平台上，司机接单和乘客打车可能不是来自同一平台，而且订单经过了转卖。同样一笔订单，因为多了一个“中间商”抽成，司机拿到手的钱自然就更少了。 如今，网约车行业的发展已经较为成熟，聚合平台的加入其实不是坏事。对司机而言，它提供了更多的派单渠道；对乘客来说，这也增加了一个打车的平台选项。 然而从目前来看，聚合平台的搅局让行业越来越“卷”。这种内卷，并没有变成行业服务质量的提升，而是造成了成本的转移——在价格战的基本逻辑下，不敢向乘客涨价的平 ||| 聚合平台“套娃式”抽佣 跑一单扣五成 网约车司机被迫“极限接单” IT时报记者孙妍图东方IC “现在每天跑15个小时，也就赚几千块钱。”2024年初，黄欣（化名）和同事们发现，乘坐网约车时，司机常常抱怨收入越来越低，主动跟乘客核对实付金额的现象明显增多，而且每次乘客实付金额都比司机端显示的“乘客支付金额”多几元，路程长时，价差会高至10元。 透过这些“阴阳单”，网约车司机们发现，抽成比例超30%的单子渐渐多了。 仅从司机端很难判断，订单有几个平台抽佣，每个平台实际抽成多少。 2023年4月17日，交通运输部官网发布《2023年推动交通运输新业态平台企业降低过高抽成工作方案》，明确要求保障从业人员合理劳动报酬水平，推动主要网约车和道路货运新业态平台公司降低平台过高的抽成比例或者会员费上限。 然而，越来越多蛛丝马迹指向一个事实：通过层层抽佣，有些聚合平台接单的司机实际被抽佣比例，超过30%的“隐形”红线。 平台层层抽佣屡碰30%红线 2022年7月，交通运输部公布，在交通运输新业态平台企业抽成“阳光行动”中，主要网约车平台公布了抽成比例的上限多在18%至30%之间。这被认为，30%是监管部门认可的网约车抽佣的隐形“红线”。 “现在抽成比例基本是25%，甚至29%，而以前基本是20%。”在上海跑了多年网约车的韩师傅明显感到最近抽成比例在提高，而且有几次乘客主动核对价格时，他发现，司机端显 ||| 进入9月网约车淡季以来，不少网约车司机反馈空驶率攀升、订单量下降。这不是司机的个体困境，而是行业周期性调整的表现。 数据显示，2025年9月全国网约车订单共计7.58亿单，环比下降3.9%。其中，聚合平台的下降趋势特别明显--共计完成2.6亿单，环比下降9.6%。 聚合平台的单量降幅明显高于行业整体，说明淡季聚合平台单量下滑更为明显。与8月亿相比，9月聚合平台的订单少了约2700万单。 社交媒体上，有网友认为网约车的聚合模式导致了订单买卖泛滥，“聚合平台不除，网约车就好不了”。网友认为，应该取消聚合平台，让没有司机愿意跑的平台退出行业。 也有网友认为，网约车聚合模式就是司机的“噩梦”，为了吸引乘客打车而一再牺牲司机的合理收入、持续压低运营成本，把本就廉价的订单抽成后以更低的价格转卖给下游中小平台，导致司机到手收入被大幅挤压。 因为有聚合平台这样的流量贩子存在，多级平台对抽佣做层层包装后，导致抽成不透明，司机实得与乘客实付屡屡出现抽成比例超30%的现象。 有案例显示，乘客支付98.11元的订单，经转卖后司机端仅显示71.46元，司机最终收入进一步降至52.17元。对此有网约车司机认为，聚合平台转卖的三方订单，“账面上每一道都没超，叠在一起就飙到三成、四成”。 聚合模式下，司机端显示的乘客支付金额远低于实际支付金额，中间差价被平台以“隐形抽成”的方式截留。收入减少的淡季，这样的订单转卖 ||| 点击报名按钮进行报名，不报名可关闭 退出激活卡电子版 购物车注册登录 用户名登录/手机号登录 还没有账号？免费注册 忘记密码？ 忘记密码？ + - 2024-01-17 16:43 郭晓菁/文 近日，网约车聚合平台抽成过高的现象引发热议。根据媒体调查，网约车聚合平台存在订单层层转卖、多次抽成的现象，比如，一笔实付98.11元的订单，司机实收金额仅为52.17元，占53%，其余47%被平台抽成。其中转卖订单的聚合平台收取26.65元，抽佣比例达27%，超过了承运平台。 网约车平台的出现提高了出行市场的匹配效率，为乘客出行提供了便利，也为社会创造了更多的就业岗位，但平台抽成过高、随意调价的行为不断引起对保护司机合法权益的呼吁。从2021年《关于维护公平竞争市场秩序加快推进网约车合规化的通知》，2022年“交通运输新业态平台企业抽成‘阳光行动’”，到《2023年推动交通运输新业态平台企业降低过高抽成工作方案》，近年来交通运输部已经多次要求网约车平台降低过高抽成比例并公开抽成方案。 在有关部门的协同下，网约车行业内部已经形成相对稳定的隐形红线，但聚合平台的崛起改变了市场格局。正如开头提到的案例，聚合平台被曝出存在层层转包和阴阳账单的现象，聚合平台和承运平台累加的抽成比例可能远超行业内部30%的抽佣上限，大大挤压了司机的收入空间。 网约车聚合平台抽成高，本质是市场供求关系力量对比的反映。根据 ||| 四川在线记者 田珊 廖文卓 王了 视频剪辑 郭雨荷 实习生 幸定坤 长期以来，网约车平台抽成过高问题饱受争议。司机们辛苦奔波，却因平台高抽成，收入大打折扣。 近日，有网友在问政四川反映，家里人开网约车太难了，平台抽成太高了。再刨去停车费、高速费、加油充电费、维修费、保险费，到司机手里的钱少得可怜。 对此，四川省交通运输厅回应，相关监管工作还处于摸索阶段，交通运输部门一直在有力有序推进网约车司机权益保障工作，推动网约车平台抽成降至30%以下。 近期，国家层面已经关注对网络平台收费行为的监管，国家市场监管总局正在制定《网络交易平台收费行为合规指南》，下一步将按国家统筹安排部署做好有关工作。 具体到咱们四川省，省交通运输厅也联合10部门开展行动，重点整治抽成不透明、比例过高，还有 “阴阳账单” 坑司机的情况。后续咱就等着看整治效果，希望司机师傅们能多赚点，大家对此有啥想法，评论区聊聊！ ||| 网约车聚合平台正在打车出行中扮演越来越重要的角色,与此同时,平台对第三方网约车公司缺乏监管,带来的问题也引发了关注。有关专家认为,应进一步明确网约车聚合平台、网约车公司间的权责界定,压实平台责任。 ―",mainstream_news ||| public_web ||| public_web ||| mainstream_news ||| mainstream_news ||| mainstream_news ||| public_interaction ||| mainstream_news,https://news.ifeng.com/c/8WMvjiIpN63 ||| https://guancha.gmw.cn/2024-01/16/content_37092279.htm ||| https://guancha.gmw.cn/zhuanlan/2024-01/16/content_37092423.htm ||| https://finance.sina.com.cn/tech/roll/2024-02-05/doc-inafyhce3288179.shtml ||| https://m.163.com/dy/article/KC05J0RI055394Y9.html ||| http://www.eeo.com.cn/2024/0117/628714.shtml ||| https://sichuan.scol.com.cn/spsc/202507/83080320.html ||| https://news.youth.cn/sh/202508/t20250805_16157369.htm,title_unavailable ||| title_unavailable ||| title_unavailable ||| title_unavailable ||| title_unavailable ||| title_unavailable ||| title_unavailable ||| title_unavailable,date_unavailable ||| date_unavailable ||| date_unavailable ||| date_unavailable ||| date_unavailable ||| date_unavailable ||| date_unavailable ||| date_unavailable,7,silver_candidate,standard_review,0.180,low,missing_response_or_resolution_signal,accept,,,证据充分覆盖聚合平台转卖订单、高抽成、司机不满、交通部约谈及监管公示机制等各环节，事实准确。,annotator_A,adjudicated_final,annotator_A
E003,LLM_CHAIN_E003_002,深圳楼市下行致旧改推进受阻，金钻豪园原业主面临过渡费拖欠困境 ||| 项目实施主体陷入财务危机导致工地半停工，引发回迁业主集体诉求 ||| 区级部门统筹成立专班协调资金，积极研究引入国企盘活项目方案 ||| 多方努力下成功引入新合作主体签署盘活协议，长期停滞项目获突破性进展,ev-01449;ev-00056;ev-01440,楼市下行、城市更新受阻，深圳一批村民陷入无法按时获得过渡安置费的困局。 过渡安置费指的是拆迁人（开发商/项目合作方）在拆...[preview_truncated] ||| 最近热心粉丝爆料：金钻豪园开发商拆迁户的22年的过渡安置费，开发商还未支付； 去年项目已经停工一段时间，见首轮哥公众号文...[preview_truncated] ||| 中国财富网 2025-11-21 21:14发布于浙江中国财富传媒集团官方账号 困扰600余户回迁业主多年的深圳市罗湖区...[preview_truncated],full_text_unavailable; use evidence_texts and evidence_urls ||| full_text_unavailable; use evidence_texts and evidence_urls ||| full_text_unavailable; use evidence_texts and evidence_urls,full_text_unavailable ||| full_text_unavailable ||| full_text_unavailable,楼市下行、城市更新受阻，深圳一批村民陷入无法按时获得过渡安置费的困局。 过渡安置费指的是拆迁人（开发商/项目合作方）在拆迁过渡期对原业主可能发生费用的补偿。在深圳，不少城市更新项目的过渡费按照被拆迁房屋的面积计算，例如，深圳市龙岗区有项目过渡费按照“20元/月/平方米”支付。 第一财经梳理人民网留言板上的信息发现，近一年来，深圳有超过10个城市更新项目的居民称，旧改项目的开发商拖欠过渡安置费数月，另外，还有城市更新项目存在停工的问题。 广东省住房政策研究中心研究员李宇嘉对记者表示，近年来深圳不少城市更新项目进度放缓，表面上看，是因为资金紧张，而实质是，按照目前商品房销售情况来看，旧改后的商品房入市，销售收入可能不足以覆盖旧改项目的成本，开发商从而放慢了城市更新的步伐。“这些项目大多是在房价快速上涨时期签约或者批复的，补偿原业主的价格相对较高，现在房价下行，销售去化放缓，尤其对民营房企来说融资难度加大，房企的销售预期也减弱。”李宇嘉表示说。（第一财经） ||| 最近热心粉丝爆料：金钻豪园开发商拆迁户的22年的过渡安置费，开发商还未支付； 去年项目已经停工一段时间，见首轮哥公众号文章： 罗湖金钻豪园安居房，现在进度如何了？ 对金钻豪园安居房不了解的可以看之前首轮哥公众号的文章： 金钻豪园1| 金钻豪园2 | 金钻豪园3 后面恢复开工，但是现在23年了，连拆迁户的22年的过渡安置费都拖欠，项目即使开工，是否能有足够的资金保障按时完工是有疑问的； 建议大家做好项目较长时间配售的心理准备，有其它备选项目配售时该买就先买了； ▲以上为去年10月底热心粉丝拍摄返回搜狐，查看更多 ||| 中国财富网 2025-11-21 21:14发布于浙江中国财富传媒集团官方账号 困扰600余户回迁业主多年的深圳市罗湖区金钻豪园城市更新项目，近日取得了突破性进展。在多方的共同努力下，该项目正式签署了盘活合作协议，成功引入中信城开、中信金融资产联合体作为新的合作主体。这标志着这个长期停滞的“硬骨头”项目全面重启，让业主的安居梦想看到了曙光。 金钻豪园项目位于罗湖区水贝珠宝核心商圈，毗邻地铁3/7号线田贝站，是深圳首批列入城市更新计划的住宅类改造项目之一。项目拆除范围用地面积约3.2万㎡，建设用地面积约2.8万㎡，分两期实施。其中，一期计容建面约20.8万㎡，涵盖住宅、安居型商品房、商业等多种业态。然而，由于原实施主体陷入财务困境，项目自多年前便全面停滞，致使大量回迁业主的安置问题长期悬而未决，成为影响区域民生与社会稳定的一大难题。 面对这一复杂困局，罗湖区政府高度重视，迅速成立区级工作专班，进行统筹协调，并积极引入优质市场主体。今年3月，中信城开联合中信金融资产受邀介入。凭借其在资源整合、风险管控和项目操盘方面的专业优势，创新性地提出“金融支持+风险隔离+资产管理”的协同化险方案。 该方案通过“风险梯度分配、税负优化”等核心策略，有效化解了项目复杂的历史遗留问题。经过多轮市场遴选，由中信城开联合中信金融资产、深圳资产、罗湖投控、建元信托、特区新华城等共同组成的联合体成功中标。6月，,mainstream_news ||| mainstream_news ||| mainstream_news,https://finance.sina.com.cn/7x24/2024-09-10/doc-incnspwf7727033.shtml ||| https://news.sohu.com/a/654223283_121314735 ||| https://news.qq.com/rain/a/20251121A06X3800,title_unavailable ||| title_unavailable ||| title_unavailable,date_unavailable ||| date_unavailable ||| date_unavailable,3,silver_candidate,standard_review,0.120,low,single_source_type,accept,,,证据完整支撑旧改停滞、过渡费拖欠、政府专班介入及引入新主体盘活的全链条，关键事实无误。,annotator_A,adjudicated_final,annotator_A
E005,LLM_CHAIN_E005_001,物业提出自2026年起连续三年上调物业费（每年涨0.2元/平方米） ||| 居民质疑服务质量与账目透明度，在协调会上激烈争吵并反对表决 ||| 社区组织召开协调会试图沟通调价依据与续聘事宜 ||| 居民要求公开财务账目并质疑续聘资格，调价争议持续待解,ev-00096;ev-00097,扫描二维码下载APP ⁺ 历史 ⁺ 收藏 ⁺ 订阅 在12345市民热线系统中，关于物业服务的投诉总量排名前列，堪称基层...[preview_truncated] ||| 扫描二维码下载APP ⁺ 历史 ⁺ 收藏 ⁺ 订阅 在12345市民热线系统中，关于物业服务的投诉总量排名前列，堪称“基...[preview_truncated],full_text_unavailable; use evidence_texts and evidence_urls ||| full_text_unavailable; use evidence_texts and evidence_urls,full_text_unavailable ||| full_text_unavailable,扫描二维码下载APP ⁺ 历史 ⁺ 收藏 ⁺ 订阅 在12345市民热线系统中，关于物业服务的投诉总量排名前列，堪称基层治理的“硬骨头”。比如，虹凉馨苑小区就因为物业要涨物业费，引发了居民与物业之间的一场激烈争吵。 “不需要你提醒，我说话不要插嘴。你说什么呀！” 上周二，为了物业费涨价问题，虹凉馨苑小区特意召开了一次协调会，结果刚开场就炸了锅。居民们拍案而起：“你要涨价要有依据，讲出来让老百姓心服口服！”有人指着表决表质问：“同步每年递增2角钱，你看这里基本上都是反对的！” 虹凉馨苑小区从2016年至今，多层住宅的物业费为每月0.68元/平方米，高层是每月1.45元/平方米。6月初，居民们突然收到了续聘物业服务企业以及物业费涨价的表决通知，告知大家，物业费将从明年1月1日起，“三年三连涨”，每年涨0.2元/平方米/月。这让不少居民很不买账，认为物业服务质量并不见涨，收费凭什么涨价？既然正逢续聘，如果要涨价，那不如干脆换一家。“口碑这么差，什么都不好，为什么还要续聘？”业主们愤然要求公开招标，“同等价格同等服务，大家要有选择权”。 物业则觉得委屈，收费多年没涨，但人工成本却不断上涨，现在的收费标准，连维持安保、保洁等日常开支都已捉襟见肘了。虹凉馨苑物业负责人方林清倍感委屈：“每平方六角钱，在这片区已不多见，售后公房都要八角了……我们一年亏损十几万。” 也有居民表示体谅。“我第一次交物 ||| 扫描二维码下载APP ⁺ 历史 ⁺ 收藏 ⁺ 订阅 在12345市民热线系统中，关于物业服务的投诉总量排名前列，堪称“基层治理的硬骨头”，比如，虹凉馨苑小区就因为物业费即将“三年三涨”，引发了居民与物业之间一场激烈的争吵。物业费该不该涨，怎么涨？物业和居民间的症结究竟在哪里？这都是当下难解的议题。 暂无评论，快来发表你的评论吧 举报电话：021-62870000 举报邮箱：service@kankanews.com 剑网行动举报电话：12318（市文化执法总队）、021-64334547（市版权局） Copyright © 2016 Kankanews.com Inc. All Rights Reserved. 看东方（上海）传媒有限公司 版权所有,public_interaction ||| public_interaction,https://www.kankanews.com/detail/DgwMVGOYZ2W ||| https://www.kankanews.com/detail/RZ2n6xM072j,title_unavailable ||| title_unavailable,date_unavailable ||| date_unavailable,1,low_confidence,human_review_required,0.120,low,single_source_type,accept,,,核心事实与证据高度吻合，年份表述属合理推断/无害细节，整体符合接受标准。,annotator_A,adjudicated_final,annotator_A
E007,LLM_CHAIN_E007_002,2025年5月起业主向媒体投诉小区收费异常及公共区域违规占用 ||| 物业方与业主就收费依据、公摊明细及小区安保漏洞产生对立 ||| 行业协会引用相关条例明确物业管理规范，要求停止违规收费 ||| 协会下达整改督促，相关部门与业主持续监督落实情况,ev-00136;ev-00139,您当前的位置： 新闻中心 > 社会 近日，广州海珠区蓝色康园小区的业主向新快报记者反映，小区物业疑似占用公共空间做宿舍，...[preview_truncated] ||| 业主反映蓝色康园物业方存在多种问题，市物管协会正在督促该小区物业方尽快整改 原本每平方米一块多的物业费，如今涨到了两块多...[preview_truncated],full_text_unavailable; use evidence_texts and evidence_urls ||| full_text_unavailable; use evidence_texts and evidence_urls,full_text_unavailable ||| full_text_unavailable,您当前的位置： 新闻中心 > 社会 近日，广州海珠区蓝色康园小区的业主向新快报记者反映，小区物业疑似占用公共空间做宿舍，并在公共区域堆放杂物等，且当中产生的水电费并没有公示，业主们怀疑这些费用被均算，作为公摊费用向所有业主进行收费。记者走访该小区时发现，小区空中花园有人居住的痕迹，房间旁边晾晒着安保人员的制服，有人在房间外的灶台处做饭。还有业主反映，小区后门时常无人值守，地下停车场停放了电动自行车等问题，都令业主们感到存在安全隐患。（编辑：琳琳） 发布于2020-04-24 13:52:33 发布于2020-04-24 13:52:32 发布于2020-04-24 11:37:00 发布于2020-04-24 11:35:00 发布于2020-04-24 11:38:57 发布于2020-04-24 11:22:10 发布于2020-04-24 11:22:10 发布于2020-04-24 11:22:09 安徽法治政府建设成效 | 从 “纸上条文” 到 “民心温度” 牢记嘱托 感恩奋进——安徽往前赶｜“凭空成像” 这家安徽企业将科幻变现实 新一代无人驾驶“空中的士”亮相 江淮粮仓“芯”动力 中安观察 | 江豚“归”话：一位巡护员眼中的长江之变 安徽法治政府建设成效 | 从 “纸上条文” 到 “民心温度” 牢记嘱托 感恩奋进——安徽往前赶｜“凭空成像” 这家安徽企业将科幻变现实 新 ||| 业主反映蓝色康园物业方存在多种问题，市物管协会正在督促该小区物业方尽快整改 原本每平方米一块多的物业费，如今涨到了两块多，又看不到新合同，业主们怀疑物业偷偷涨价。前段时间，广州市海珠区赤岗街道蓝色康园小区的业主就碰上这种事情。据业主们反映，该小区的物业公司——广州市瑞丰物业管理有限公司（下称“瑞丰物业”）还存在用公共区域改造成员工宿舍和安全疏忽等多项问题。 近日，记者对该小区展开走访，也向物业公司进行了询问。物业公司回复向新快报记者称，发给部分业主的“违约金”不针对当个月，而是属于上一阶段2、3月份没有及时缴纳所产生的违约金；员工宿舍属于公共用地，水电未纳入业主公摊中。广州市物业管理协会引用相关条例指出，物业不得直接收取违约金，并且不能私自调整收费标准。 业主反映 物业提前收取物业费 还收取业主水费违约金 5月23日，记者来到位于海珠区滨江东路的蓝色康园小区。业主黄先生（化姓）告诉新快报记者，他每月都有按时缴费，此前不存在欠费行为。他提供的收费单显示，瑞丰物业在2025年5月3日发交款通知书时，要求黄先生缴纳2025年5月的物业服务费违约金，同时还要预收5-6月的物业服务费。 业主小敏（化名）也收到了缴费通知，但她打电话向供水公司确认过，并不存在欠缴水费的情况，却被物业要求交水费违约金以及预收5-6月的物业服务费。小敏质疑：“物业是否有权利直接在缴费单上收违约金？而且还是收的水费违,mainstream_news ||| mainstream_news,http://news.anhuinews.com/shehui/202506/t20250611_8545331.html ||| https://k.sina.com.cn/article_1652484947_627eeb5302001q30e.html?from=news&subch=onews,title_unavailable ||| title_unavailable,date_unavailable ||| date_unavailable,2,silver_candidate,standard_review,0.120,low,single_source_type,accept,,,证据充分覆盖投诉时间、争议焦点、协会介入及整改督促，事实链条完整准确。,annotator_A,adjudicated_final,annotator_A
E021,LLM_CHAIN_E021_002,放射科医生发现无影像号病历并向上级实名举报 ||| 央视等媒体报道骗保细节，医院涉嫌伪造病历、虚假住院及销毁证据 ||| 无锡市医保局立案彻查，国家及省级医保局派飞行检查组进驻 ||| 官方通报违规使用医保基金超2200万元，取消医院定点资格并开展专项排查,ev-00505;ev-00499;ev-00500;ev-00501,登录 9月21日，中央广电总台报道了江苏无锡市民营医疗机构无锡虹桥医院涉嫌骗保一事。 无锡市医保局9月22日凌晨发布公告...[preview_truncated] ||| 用微信扫描二维码 分享至好友和朋友圈 江苏省无锡虹桥医院近期因涉嫌欺诈骗保行为被曝光，引发社会广泛关注。国家医保局在9月...[preview_truncated] ||| 情况通报 9月21日，媒体报道无锡市民营医疗机构无锡虹桥医院涉嫌骗保。前期，无锡市医保局已根据举报线索受理调查、初步查实...[preview_truncated] ||| 扫描二维码下载APP ⁺ 历史 ⁺ 收藏 ⁺ 订阅 近日，江苏省无锡虹桥医院涉嫌欺诈骗保相关情况被曝光，引起社会广泛关注...[preview_truncated],full_text_unavailable; use evidence_texts and evidence_urls ||| full_text_unavailable; use evidence_texts and evidence_urls ||| full_text_unavailable; use evidence_texts and evidence_urls ||| full_text_unavailable; use evidence_texts and evidence_urls,full_text_unavailable ||| full_text_unavailable ||| full_text_unavailable ||| full_text_unavailable,登录 9月21日，中央广电总台报道了江苏无锡市民营医疗机构无锡虹桥医院涉嫌骗保一事。 无锡市医保局9月22日凌晨发布公告回应，已根据举报线索受理调查、初步查实，并于8月30日行政立案；目前正会同公安、卫健等部门进行全面彻查，将依法依规严肃查处。 此前报道 近日，江苏省无锡虹桥医院放射影像科朱医生实名向总台中国之声新闻热线400-800-0088反映，从去年开始，医院系统内出现了一些根本没在他们科室做过影像检查的患者病历，病历记录里却有“根据影像做出的诊断”。这些病历全都由医院体检中心陈医生完成，而这名医生并没有操作放射影像科CT、核磁共振仪的权限。 朱医生怀疑医院涉嫌伪造病历，骗取医疗保险。今年3月，他将没有影像号的病历拍照留证，向医院上级管理部门实名举报。在等待调查结果时，他举报的这些病历又有了影像号和片子。 随之，朱医生发现了更多问题，包括： ■ 多名患者和他人影像高度相似 ■ 1分钟内做2次核磁共振检查 ■ 影像与诊断左右方向对应错误 就在朱医生把这些新情况向上级主管部门反映后，他和同事们又发现，放射影像科已无权限查看2023年8月之前的影像，院方给出的理由是系统升级导致的错误。 朱医生带记者来到放射影像科办公室，记者看到系统内被举报的病历都已无法打开。 原标题：《医生实名举报医院涉嫌骗保，江苏无锡凌晨通报！》 阅读原文 本文为澎湃号作者或机构在澎湃新闻上传并发布，仅代表该作 ||| 用微信扫描二维码 分享至好友和朋友圈 江苏省无锡虹桥医院近期因涉嫌欺诈骗保行为被曝光，引发社会广泛关注。国家医保局在9月23日派遣检查组进入该医院，配合当地公安机关展开调查，初步揭露了违规使用医保基金总计2228.4万元的情况，其中通过虚假住院、伪造医疗文件和虚构服务等方式，涉嫌欺诈性获取医保基金达1179.2万元，具体金额待最终核实。 调查揭示了该医院诈骗行为的几个特点：一是有组织犯罪，医院高层与外部人士合作，利用免费体检等名义诱导病人虚假住院；二是系统性伪造医疗记录，从开具入院到各种检查报告均按需编造；三是参与人员按“业绩”提成，包括中介、病人和医护人员均有分成；四是设立两套账簿和隔离假病人，以隐蔽手法掩盖非法行为；五是对抗调查，包括串供、篡改病历、销毁证据和删除数据等。 目前，无锡当地医保部门已终止与该医院的医保服务协议，并启动法律程序，对涉事参保人员也将依法处理。同时，24名犯罪嫌疑人，包括医院领导、中介及部分医护人员已被公安机关采取刑事措施，针对其违法行为的调查仍在继续。 作为后续行动，国家医保局计划指导江苏省医保局对无锡所有100家定点医疗机构进行全面检查，并在全国范围内启动打击欺诈骗保的专项行动，旨在清除医保体系中的不正之风和腐败现象。 11月6日，香港首只美股七巨头ETF——南方美股七巨头（03454.HK）在香港交易所正式上市。该ETF旨在追踪Solactive美 ||| 情况通报 9月21日，媒体报道无锡市民营医疗机构无锡虹桥医院涉嫌骗保。前期，无锡市医保局已根据举报线索受理调查、初步查实，并于8月30日行政立案。目前，我局正会同公安、卫健等部门进行全面彻查，将依法依规严肃查处。 衷心感谢媒体和网友对我市医保工作的关心和支持，我们一定诚恳接受社会监督，对欺诈骗保等行为绝不姑息，切实维护人民群众健康权益。 无锡市医保局 2024年9月22日 👇戳这里关注江苏新闻 详细报道请关注 江苏新闻频道 【新闻线索有奖征集🎁】报料热线：025-83195110报料邮箱：jstvinews@163.com 综合｜无锡医保 编辑｜玮玮 © 江苏新闻 关注↓ 24小时滚动播报最新的财经资讯和视频，更多粉丝福利扫描二维码关注（sinafinance） 网友提问：@@=value.question$$ 老师回答：@@=value.answer$$ @@=value.title$$ 新浪财经意见反馈留言板 新浪简介|广告服务|About Sina 联系我们|招聘信息|通行证注册 产品答疑|网站律师|SINA English Copyright © 1996-2024 SINA Corporation All Rights Reserved 新浪公司 版权所有 ||| 扫描二维码下载APP ⁺ 历史 ⁺ 收藏 ⁺ 订阅 近日，江苏省无锡虹桥医院涉嫌欺诈骗保相关情况被曝光，引起社会广泛关注。国家医保局8日通报，检查发现，该院涉嫌违法违规使用医保基金2228.4万元，其中以勾结中介或以免费体检为名，拉拢诱导参保人员虚假住院，通过伪造医学文书、虚构诊疗服务等，涉嫌欺诈骗取医保基金1179.2万元，最终金额以实际核实为准。 据了解，截至目前，当地医保部门已解除该院医保服务协议，启动行政处罚程序，并将对参与欺诈骗保的参保人员依法依规处理。当地公安机关已对医院法定代表人、院长、介绍假病人的中介以及参与骗保的医务人员等24名犯罪嫌疑人采取刑事强制措施，并对集体串供、销毁财务凭证、篡改病历、删除数据等违法行为开展调查。 下一步，国家医保局将进一步指导江苏省医保局，对无锡100家定点医药机构进行全面排查。同时，将在全国范围内组织开展严厉打击欺诈骗保专项行动，集中整治医保领域群众身边的不正之风和腐败问题。 暂无评论，快来发表你的评论吧 举报电话：021-62870000 举报邮箱：service@kankanews.com 剑网行动举报电话：12318（市文化执法总队）、021-64334547（市版权局） Copyright © 2016 Kankanews.com Inc. All Rights Reserved. 看东方（上海）传媒有限公司 版权所有,mainstream_news ||| mainstream_news ||| mainstream_news ||| mainstream_news,https://www.thepaper.cn/newsDetail_forward_28819692 ||| https://news.china.com/socialgd/10000169/20241008/47334378.html ||| https://finance.sina.com.cn/wm/2024-09-22/doc-incpytws9383659.shtml ||| https://www.kankanews.com/detail/qMyEALWaVy8,title_unavailable ||| title_unavailable ||| title_unavailable ||| title_unavailable,date_unavailable ||| date_unavailable ||| date_unavailable ||| date_unavailable,4,silver_candidate,standard_review,0.120,low,single_source_type,accept,,,证据完整支撑举报、媒体曝光、医保局彻查、国家飞检及通报处罚金额与后续排查，关键事实无误。,annotator_A,adjudicated_final,annotator_A
E022,LLM_CHAIN_E022_001,媒体曝光药王谷中医馆宣称“抗癌治愈率超80%”及患者死伤情况 ||| 公众与舆论高度关注并质疑其诊疗资质与虚假宣传 ||| 武当山特区卫健局、市监局、公安局联合通报已依法立案并全面调查 ||| 案件正加紧侦办，调查处置结果将及时向社会通报,ev-01732;ev-00517;ev-01738,近日，有媒体曝出位于湖北武当山桑树庙村的“药王谷中医馆”，从事“抗癌治疗”，号称抗癌治愈率超80%。从2024年4月18...[preview_truncated] ||| 12月2日晚，武当山特区卫生健康局、武当山特区市场监督管理局、武当山特区公安局发布情况通报：感谢广大网友对“药王谷抗癌中...[preview_truncated] ||| 来源：新京报 11月11日，武当山旅游经济特区公安局局长蓝侠告诉新京报记者，药王谷中医馆已被立案侦查，从初查证据来看更符...[preview_truncated],full_text_unavailable; use evidence_texts and evidence_urls ||| full_text_unavailable; use evidence_texts and evidence_urls ||| full_text_unavailable; use evidence_texts and evidence_urls,full_text_unavailable ||| full_text_unavailable ||| full_text_unavailable,近日，有媒体曝出位于湖北武当山桑树庙村的“药王谷中医馆”，从事“抗癌治疗”，号称抗癌治愈率超80%。从2024年4月18日开诊至5月31日停业期间有15名患者死亡，20人病情加重。 12月2日晚，武当山特区卫生健康局、武当山特区市场监督管理局、武当山特区公安局发布情况通报： 感谢广大网友对“药王谷抗癌中心调查”事件的关注。武当山特区高度重视，特区相关部门对此事前期已依法立案，正在开展全面调查，调查和处置结果将及时向社会通报。 往期推荐 送别！童祥苓逝世，曾饰演杨子荣 曾有1.7亿用户的知名社交平台宣布停服？回应来了 “王”者归来！王楚钦连胜，中国队8:0拿下印度 近期热门视频 更多精彩视频，请关注封面新闻视频号 编辑 唐维灿 责编 王 萌 审核 杨 志 点“在看”，持续关注！ 24小时滚动播报最新的财经资讯和视频，更多粉丝福利扫描二维码关注（sinafinance） 网友提问：@@=value.question$$ 老师回答：@@=value.answer$$ @@=value.title$$ 新浪财经意见反馈留言板 新浪简介|广告服务|About Sina 联系我们|招聘信息|通行证注册 产品答疑|网站律师|SINA English Copyright © 1996-2024 SINA Corporation All Rights Reserved 新浪公司 版权所有 ||| 12月2日晚，武当山特区卫生健康局、武当山特区市场监督管理局、武当山特区公安局发布情况通报：感谢广大网友对“药王谷抗癌中心调查”事件的关注。武当山特区高度重视，特区相关部门对此事前期已依法立案，正在开展全面调查，调查和处置结果将及时向社会通报。 责编:陶纪燕 | 审核:李震 | 监审:万军伟返回搜狐，查看更多 ||| 来源：新京报 11月11日，武当山旅游经济特区公安局局长蓝侠告诉新京报记者，药王谷中医馆已被立案侦查，从初查证据来看更符合虚假广告罪构成要件。因药王谷中医馆医疗纠纷案取证量大，而且涉中药新型领域复杂案件，调查取证也需要一定的时间，目前案件正加紧侦办中。#药王谷抗癌中心调查# 返回搜狐，查看更多,mainstream_news ||| mainstream_news ||| mainstream_news,https://finance.sina.com.cn/jjxw/2024-12-02/doc-incyasqh5309251.shtml ||| https://www.sohu.com/a/832633380_211762 ||| https://www.sohu.com/a/832394171_122014422,title_unavailable ||| title_unavailable ||| title_unavailable,date_unavailable ||| date_unavailable ||| date_unavailable,2,silver_candidate,standard_review,0.120,low,single_source_type,accept,,,证据充分覆盖曝光内容、舆论关注、多部门联合立案通报及侦办进展，表述准确。,annotator_A,adjudicated_final,annotator_A
E023,LLM_CHAIN_E023_002,设备维保工程师未严格执行制度违规进入彩超室 ||| 患者产生不良就医感受并向医院客服中心投诉 ||| 东莞市中医院对当班医务人员及科室负责人作出处理 ||| 医患达成沟通谅解，院方承诺优化流程强化培训,ev-00563;ev-00581;ev-00565;ev-00569,"中新网12月9日电 广东东莞市中医院近日在其微信公众号发布通报称,近日,某患者在东莞市中医院进行心脏彩超检查时,第三方设...[preview_truncated] ||| 用微信扫码二维码 分享至好友和朋友圈 民声天下12月9日东莞快讯 疫情发生之后，更加凸显医疗机构的作用之重要性。在提供诊...[preview_truncated] ||| 用微信扫码二维码 分享至好友和朋友圈 新京报讯 12月8日，东莞市中医院官微发布情况通报，内容如下： 近日，某患者在我院...[preview_truncated] ||| 据东莞市中医院微信公众号消息，东莞市中医院发布情况通报，近日，某患者在该院进行心脏彩超检查时，第三方设备维保公司一工程师...[preview_truncated]",full_text_unavailable; use evidence_texts and evidence_urls ||| full_text_unavailable; use evidence_texts and evidence_urls ||| full_text_unavailable; use evidence_texts and evidence_urls ||| full_text_unavailable; use evidence_texts and evidence_urls,full_text_unavailable ||| full_text_unavailable ||| full_text_unavailable ||| full_text_unavailable,"中新网12月9日电 广东东莞市中医院近日在其微信公众号发布通报称,近日,某患者在东莞市中医院进行心脏彩超检查时,第三方设备维保公司一工程师违规进入检查室与医务人员沟通调试检查设备事宜,导致患者产生不良 ||| 用微信扫码二维码 分享至好友和朋友圈 民声天下12月9日东莞快讯 疫情发生之后，更加凸显医疗机构的作用之重要性。在提供诊疗服务的同时，也在践行着治病救人、救死扶伤的初心。然而，也有一些不和谐之音频繁见诸媒体报端。日前，一女患者在广东东莞中医院接受心脏彩超检查时遭遇设备维护人员侵入导致隐私暴露的消息，引发社会广泛关注。对此，院方及时介入给予处置。 “民声君”从东莞市中医院了解到，针对近日某患者在该院进行心脏彩超检查时，第三方设备维保公司一工程师违规进入检查室与医务人员沟通调试检查设备事宜，导致患者产生不良就医感受并引发投诉的舆情，事件发生后，院方高度重视，立即对全过程进行复盘调查，并第一时间联系患者表达歉意。 据院方介绍，经调查，该事件因涉事工程师未严格执行医院相关制度违规进入检查室造成，暴露出当班医务人员对患者隐私保护意识淡薄的问题。经院内研究决定，对当班医务人员、涉事科室负责同志作出通报批评、深刻检查、取消年度评优等处理；责成第三方公司对涉事工程师作出严肃处理，并加强人员培训、管理，坚决杜绝此类事情再次发生。目前，医院已得到该患者的沟通谅解，将全力协助该患者做好下阶段的诊疗。 院方表示，将通过完善机制、优化流程、强化培训、设立隐私保护监督小组等措施，坚决杜绝类似事情发生，着力改善群众就医感受、大力提升患者就医体验，竭尽全力守护患者身心健康。 东莞市中医院始建于1965年，是东莞地 ||| 用微信扫码二维码 分享至好友和朋友圈 新京报讯 12月8日，东莞市中医院官微发布情况通报，内容如下： 近日，某患者在我院进行心脏彩超检查时，第三方设备维保公司一工程师违规进入检查室与医务人员沟通调试检查设备事宜，导致患者产生不良就医感受并引发投诉。事件发生后，我院高度重视，立即对全过程进行复盘调查，并第一时间联系患者表达歉意！ 经调查，该事件因涉事工程师未严格执行医院相关制度违规进入检查室造成，暴露出当班医务人员对患者隐私保护意识淡薄的问题。经我院研究决定，对当班医务人员、涉事科室负责同志作出通报批评、深刻检查、取消年度评优等处理；责成第三方公司对涉事工程师作出严肃处理，并加强人员培训、管理，坚决杜绝此类事情再次发生。目前，医院已得到该患者的沟通谅解，我们将全力协助该患者做好下阶段的诊疗。 接下来，我院将通过完善机制、优化流程、强化培训、设立隐私保护监督小组等措施，坚决杜绝类似事情发生，着力改善群众就医感受、大力提升患者就医体验，竭尽全力守护患者身心健康。 东莞市中医院 2024年12月8日 近日有网友发帖称，她此前在广东东莞市中医院裸露上半身做心脏彩超时，一名自称工程师的男子突然闯入，医生却任由其在病房内停留。 编辑 李忆林子 特别声明：以上内容(如有图片或视频亦包括在内)为自媒体平台“网易号”用户上传并发布，本平台仅提供信息存储服务。 Notice: The content a ||| 据东莞市中医院微信公众号消息，东莞市中医院发布情况通报，近日，某患者在该院进行心脏彩超检查时，第三方设备维保公司一工程师违规进入检查室与医务人员沟通调试检查设备事宜，导致患者产生不良就医感受并引发投诉。事件发生后，医院立即对全过程进行复盘调查，并第一时间联系患者表达歉意。 经调查，该事件因涉事工程师未严格执行医院相关制度违规进入检查室造成，暴露出当班医务人员对患者隐私保护意识淡薄的问题。经研究决定，对当班医务人员、涉事科室负责同志作出通报批评、深刻检查、取消年度评优等处理；责成第三方公司对涉事工程师作出严肃处理，并加强人员培训、管理，坚决杜绝此类事情再次发生。目前，医院已得到该患者的沟通谅解。",social_media ||| social_media ||| social_media ||| social_media,https://www.toutiao.com/article/7446232570959888896/ ||| https://www.163.com/dy/article/JIV9140L0525PDMG.html ||| https://www.163.com/dy/article/JIV1PS0V0512D3VJ.html ||| https://health.ycwb.com/2024-12/09/content_53109229.htm,title_unavailable ||| title_unavailable ||| title_unavailable ||| title_unavailable,date_unavailable ||| date_unavailable ||| date_unavailable ||| date_unavailable,3,silver_candidate,standard_review,0.120,low,single_source_type,accept,,,证据完整支撑事件起因、投诉、院方处理及后续整改承诺，事实链条清晰无误。,annotator_A,adjudicated_final,annotator_A
E024,LLM_CHAIN_E024_001,家属发布视频反映老人被捆绑在铁柱上 ||| 家属愤怒质疑并报警，养老院辩称捆绑系防自伤 ||| 曲沃县公安局调查后通报护工多次捆绑殴打事实 ||| 警方对涉事护工处以行政拘留15日并罚款500元,ev-00582;ev-01762,近日，山西曲沃县女子反映六旬父亲在乐昌镇一养老院遭捆绑疑被虐待。25日，警方通报称，涉事护工曾多次对老人捆绑、殴打，曲沃...[preview_truncated] ||| 登录 4月24日，有网民发布视频称，山西临汾市曲沃县李女士反映其爸爸在曲沃县天慈养老院被捆绑，浑身是伤，并且目前老人脑出...[preview_truncated],full_text_unavailable; use evidence_texts and evidence_urls ||| full_text_unavailable; use evidence_texts and evidence_urls,full_text_unavailable ||| full_text_unavailable,近日，山西曲沃县女子反映六旬父亲在乐昌镇一养老院遭捆绑疑被虐待。25日，警方通报称，涉事护工曾多次对老人捆绑、殴打，曲沃公安对涉事护工处以行拘十五日并处500元罚款。 4月25日，山西曲沃县有网友反映，其父亲在乐昌镇天慈养老院遭捆绑疑被虐待。女子称，查看监控发现，父亲多次被捆绑到养老院铁柱子上，近期住院被诊断有脑出血。女子受访时表示看到监控时“气得手抖”。辖区派出所民警回应大河报·豫视频《看见》记者，案件正在调查。记者从曲沃县人民政府获悉，当地多部门已介入此事。 随后当地发布警情通报：该局民警工作中在网上发现，曲沃县“某养老院”服务对象李某石被捆绑的视频。受害人家属也已报案，该案已调查完结。经查，曲沃县“某养老院”护工赵某发在对李某石护理期间，先后多次对李某石捆绑、殴打。根据相关规定，该局于2024年4月25日对赵某发处以行政拘留十五日并处500元罚款。 通报全文： 近日，我局民警工作中在网上发现：曲沃县“某养老院”服务对象李某石被捆绑的视频，受害人家属也已报案，该案已调查完结。 经查，曲沃县“某养老院”护工赵某发在对李某石护理期间，先后多次对李某石捆绑、殴打。根据《中华人民共和国治安管理处罚法》第四十三条之规定，我局于2024年4月25日对赵某发处以行政拘留十五日并处500元罚款。 大河报·豫视频记者 刘永恒 来源：大河报返回搜狐，查看更多 ||| 登录 4月24日，有网民发布视频称，山西临汾市曲沃县李女士反映其爸爸在曲沃县天慈养老院被捆绑，浑身是伤，并且目前老人脑出血在住院。4月25日下午，乐昌镇政府回应记者称，目前此事由民政局牵头和辖区派出所正在调查。 视频截图 视频开头，一老人坐在轮椅上，双手靠在头上被捆绑。“我见到的时候非常气愤，手抖得不行。”视频中，老人女儿李女士提出疑问，为什么养老院会这样对待她爸爸？为什么将她爸爸绑起来？ 李女士称，她进养老院看到她爸爸被绑起来的时候，她的左手边有两三个养老院的护工站在一旁。李女士表示，她查看了两三天的监控发现，每天她爸爸都被绑在铁柱子上。 视频中，李女士说第二天她接到养老院电话称她爸爸住院了，她去医院看到爸爸躺在病床上身上都是伤，医生说她爸爸大脑两侧出血。李女士称，现在她爸爸还在医院治疗，不知道大脑出血原因是被殴打还是碰撞。 4月25日，记者联系视频发布者，但对方暂未回应。对此，记者联系曲沃县天慈养老院，一名自称是该养老院“老院长”的人员回应称，李女士的爸爸来养老院才一个多月时间，有专门的服务人员照顾，具体情况她不清楚。 随后，记者也将视频情况反映给辖区乐昌镇政府，工作人员表示将向领导汇报。曲沃县民政局工作人员表示已经接到相关反映，并派人调查，目前正在调查中。 4月25日下午，乐昌镇政府回应记者称，目前此事由民政局牵头和辖区派出所正在调查。 Android版 iPhone版 iP,mainstream_news ||| mainstream_news,https://www.sohu.com/a/774376028_162758 ||| https://www.thepaper.cn/newsDetail_forward_27160480,title_unavailable ||| title_unavailable,date_unavailable ||| date_unavailable,2,silver_candidate,standard_review,0.120,low,single_source_type,accept,,,核心事实与警方通报及媒体报道高度一致，养老院辩称属争议细节，不影响整体准确性。,annotator_A,adjudicated_final,annotator_A
E024,LLM_CHAIN_E024_003,网络视频显示六旬老人遭护工捆绑虐待 ||| 受害人家属报案并控诉养老院失职 ||| 警方查实护工多次实施捆绑殴打行为 ||| 依据治安管理处罚法作出行拘及罚款决定,ev-00583;ev-01768,扫描二维码下载APP ⁺ 历史 ⁺ 收藏 ⁺ 订阅 4月24日，有网民发布视频称，山西临汾市曲沃县李女士反映其爸爸在曲沃...[preview_truncated] ||| 用微信扫描二维码 分享至好友和朋友圈 警方通报养老院老人被捆绑殴打 山西曲沃县一名女子近日揭露其六旬父亲在乐昌镇某养老院...[preview_truncated],full_text_unavailable; use evidence_texts and evidence_urls ||| full_text_unavailable; use evidence_texts and evidence_urls,full_text_unavailable ||| full_text_unavailable,扫描二维码下载APP ⁺ 历史 ⁺ 收藏 ⁺ 订阅 4月24日，有网民发布视频称，山西临汾市曲沃县李女士反映其爸爸在曲沃县天慈养老院被捆绑，浑身是伤。4月25日，曲沃县公安局发布通报称，养老院护工被行政拘留。 警情通报 近日，我局民警工作中在网上发现：曲沃县“某养老院”服务对象李某石被捆绑的视频，受害人家属也已报案，该案已调查完结。 经查，曲沃县“某养老院”护工赵某发在对李某石护理期间，先后多次对李某石捆绑、殴打。根据《中华人民共和国治安管理处罚法》第四十三条之规定，我局于2024年4月25日对赵某发处以行政拘留十五日并处500元罚款。 暂无评论，快来发表你的评论吧 举报电话：021-62870000 举报邮箱：service@kankanews.com 剑网行动举报电话：12318（市文化执法总队）、021-64334547（市版权局） Copyright © 2016 Kankanews.com Inc. All Rights Reserved. 看东方（上海）传媒有限公司 版权所有 ||| 用微信扫描二维码 分享至好友和朋友圈 警方通报养老院老人被捆绑殴打 山西曲沃县一名女子近日揭露其六旬父亲在乐昌镇某养老院遭受捆绑虐待。警方于25日发布通报，确认涉事护工对老人实施了多次捆绑与殴打行为，依法对该护工处以行政拘留十五日，并处罚款500元。警方通报养老院老人被捆绑殴打。 通报详细情况如下： 警方在网络巡查中发现一则关于曲沃县某养老院服务对象李某石被捆绑的视频，同时接到受害人家属报案。经全面调查，现已查明该养老院护工赵某发在对李某石进行护理时，存在多次捆绑及殴打老人的行为。依据《中华人民共和国治安管理处罚法》第四十三条之规定，警方于2024年4月25日对赵某发作出行政拘留十五日、罚款500元的处罚决定。警方通报养老院老人被捆绑殴打。 近日，我局民警工作中在网上发现：曲沃县“某养老院”服务对象李某石被捆绑的视频，受害人家属也已报案，该案已调查完结。 近日，山西曲沃县一名女子曝光其六旬父亲在乐昌镇某养老院遭受捆绑虐待。警方迅速回应，证实家属已就此事报案，案件现已调查完毕。据警方通报，网络上流传的一段视频显示，曲沃县某养老院的服务对象李某石遭到捆绑 5月28日傍晚，一起关于学生遭殴打事件的视频在网络上引发关注，随后当地警方迅速介入调查。据警方通报，该事件发生在5月26日周日下午3时30分左右，地点位于市职教中心的男生宿舍 4月12日，海口市公安局龙华分局发布警情通报，针对“男子电,mainstream_news ||| mainstream_news,https://www.kankanews.com/detail/dVwrPG5eDy0 ||| https://news.china.com/socialgd/10000169/20240426/46429330.html,title_unavailable ||| title_unavailable,date_unavailable ||| date_unavailable,2,silver_candidate,standard_review,0.120,low,single_source_type,accept,,,证据充分覆盖视频曝光、家属报案、警方查实及依法处罚全流程，事实准确。,annotator_A,adjudicated_final,annotator_A
E026,LLM_CHAIN_E026_001,2024年2月7日患者因水肿入院被误诊为肾病，病情加重转院后于2月20日死亡 ||| 5月31日媒体曝光事件引发社会广泛关注与质疑 ||| 6月1日邓州市卫健委通报初步认定为漏诊误诊医疗事故并成立专班调查 ||| 院方与家属达成赔偿协议获谅解，多部门联合继续追责,ev-00624;ev-01797,□张叶 (青岛大学) 6月1日，河南省邓州市卫生健康委员会发布情况说明：5月31日，媒体报道“怀胎7月女大学生被当肾病医...[preview_truncated] ||| 原标题：“怀胎7月女大学生被当肾病医治后身亡”，官方通报 5月31日，有媒体报道“怀胎7月女大学生被当肾病医治后身亡”一...[preview_truncated],full_text_unavailable; use evidence_texts and evidence_urls ||| full_text_unavailable; use evidence_texts and evidence_urls,full_text_unavailable ||| full_text_unavailable,□张叶 (青岛大学) 6月1日，河南省邓州市卫生健康委员会发布情况说明：5月31日，媒体报道“怀胎7月女大学生被当肾病医治后身亡”一事，引发社会关注。初步查明，2024年2月7日，患者庞某某因“水肿三天”入住邓州市人民医院接受治疗，因病情加重，2月12日先后转至南阳市第一人民医院、南阳市中心医院治疗，于2月20日上午死亡。事件发生后，邓州市卫健委牵头，成立工作专班，调查事故原因，初步认为，这是一起既有患者未能真实说明病情，又有医疗人员漏诊误诊造成的医疗事故。 目前，邓州市人民医院与死者家属已达成赔偿协议，并获取对方谅解。进一步的事件调查及责任追究仍在继续，我们还有不少疑问有待回答。 患者本人为何隐瞒自己怀孕七个月的事实？为何在初期问诊时谎称自己约一周前才来过月经？七个月的时间如此之久，孕期反应也逐步明显，说女孩对自己的身体异常毫不知情的观点实在是站不住脚跟。或许是患者本人觉得难以启齿，又或许还有其他不为人知的深层原因，但不论何种，我们都需明确，患者在就医时应如实告知医生自己的病情和病史，这是建立医患信任的基础。该女大学生隐瞒怀孕事实，无疑给医生的诊断带来了极大的困难和风险。也是引发后续悲剧的开端。 医院为何不在怀疑妊娠时及时排查？一方面，作为医生，其判断能力实在欠缺，入院查体受主观因素影响较大，且患者全身水肿很可能合并了大量腹水，肾病医生经验不足没能及时发现也是有可能的。再者，进行 ||| 原标题：“怀胎7月女大学生被当肾病医治后身亡”，官方通报 5月31日，有媒体报道“怀胎7月女大学生被当肾病医治后身亡”一事，引发社会关注。6月1日，邓州市卫生健康委员会发布情况说明，全文如下： 情况说明 5月31日，媒体报道“怀胎7月女大学生被当肾病医治后身亡”一事，引发社会关注。初步查明，2024年2月7日，患者庞某某因“水肿三天”入住邓州市人民医院接受治疗，因病情加重，2月12日先后转至南阳市第一人民医院、南阳市中心医院治疗，于2月20日上午死亡。事件发生后，邓州市卫健委牵头，成立工作专班，调查事故原因，初步认为，这是一起既有患者未能真实说明病情，又有医疗人员漏诊误诊造成的医疗事故。 目前，邓州市人民医院与死者家属已达成赔偿协议，并获取对方谅解。作为医疗行政主管部门，我们对患者的死亡深表惋惜和同情，深感自责和不安。 同时，邓州市纪检、公安、卫健等部门正在对事件做进一步调查，依法依规追究相关人员责任。 邓州市卫生健康委员会 2024年6月1日 来源 | 邓州市卫生健康委员会 审核 | 卢长银 编辑 | 李迅典 校对 | 徐璐明 了解《环球时报》的三观 请长按下方二维码关注我们or回到文章顶部，点击环球时报 （微信公众号ID：hqsbwx） 更多猛料！欢迎扫描左方二维码关注新浪军事官方微信（sinamilnews） 热门推荐 相关新闻 加载中 点击加载更多 推荐新闻 【 新闻 】胡,mainstream_news ||| mainstream_news,https://moment.rednet.cn/content/646840/83/13961961.html ||| https://mil.news.sina.com.cn/2024-06-01/doc-inaxfenc9766413.shtml,title_unavailable ||| title_unavailable,date_unavailable ||| date_unavailable,2,silver_candidate,standard_review,0.120,low,single_source_type,accept,,,证据完整覆盖时间线、误诊事实、官方通报定性、赔偿谅解及后续追责，关键信息准确。,annotator_A,adjudicated_final,annotator_A
E026,LLM_CHAIN_E026_003,2024年2月女大学生因水肿入院，院方未识别妊娠情况按肾病治疗 ||| 患者2月20日不幸身亡，5月底媒体报道引发舆论风暴 ||| 6月1日官方通报确认漏诊误诊事实，卫健委牵头成立调查专班 ||| 医院赔付家属并获谅解，相关部门依法依规推进后续追责,ev-00623;ev-01799,"5月31日,河南邓州市人民医院就诊怀胎7月女大学生,误诊为肾病,最终导致不幸身亡!一则令人痛心的消息在河南邓州市引起了广...[preview_truncated] ||| 扫一扫 下载观察者APP 据邓州市卫生健康委员会微信公众号消息，河南邓州市卫健委6月1日发布情况通报： 5月31日，媒体...[preview_truncated]",full_text_unavailable; use evidence_texts and evidence_urls ||| full_text_unavailable; use evidence_texts and evidence_urls,full_text_unavailable ||| full_text_unavailable,"5月31日,河南邓州市人民医院就诊怀胎7月女大学生,误诊为肾病,最终导致不幸身亡!一则令人痛心的消息在河南邓州市引起了广泛关注。一名怀有7个月身孕的女大学生,在邓州市人民医院就诊时,竟被误诊为肾病并接 ||| 扫一扫 下载观察者APP 据邓州市卫生健康委员会微信公众号消息，河南邓州市卫健委6月1日发布情况通报： 5月31日，媒体报道“怀胎7月女大学生被当肾病医治后身亡”一事，引发社会关注。初步查明，2024年2月7日，患者庞某某因“水肿三天”入住邓州市人民医院接受治疗，因病情加重，2月12日先后转至南阳市第一人民医院、南阳市中心医院治疗，于2月20日上午死亡。事件发生后，邓州市卫健委牵头，成立工作专班，调查事故原因，初步认为，这是一起既有患者未能真实说明病情，又有医疗人员漏诊误诊造成的医疗事故。 目前，邓州市人民医院与死者家属已达成赔偿协议，并获取对方谅解。作为医疗行政主管部门，我们对患者的死亡深表惋惜和同情，深感自责和不安。 同时，邓州市纪检、公安、卫健等部门正在对事件做进一步调查，依法依规追究相关人员责任。 邓州市卫生健康委员会微信公众号截图 据奔流新闻此前报道，今年2月，寒假回家的大学生丽丽（化名）因身体发胖，在家人的带领下去河南南阳邓州市人民医院检查，被确诊为肾病综合征。住院治疗五天，因病情严重转院抢救，最后不治身亡。 令家人不解的是，在转至上级医院的救治时，丽丽并没有被确诊为肾病综合征，而是在怀孕七个多月胎死腹中。“女儿被当肾病误诊、误治、误用大量激素治疗，直接进行肾穿刺手术，最后导致失去生命。” 为了查明女儿的死因，父亲庞先生申请了医疗事故技术鉴定，但是邓州市人民医院没有提交",social_media ||| social_media,https://www.toutiao.com/article/7375312304100868627/ ||| https://www.guancha.cn/politics/2024_06_01_736736.shtml,title_unavailable ||| title_unavailable,date_unavailable ||| date_unavailable,2,silver_candidate,standard_review,0.120,low,single_source_type,accept,,,证据充分支撑事件起因、发展、官方定性及善后追责，表述与证据高度一致。,annotator_A,adjudicated_final,annotator_A
E032,LLM_CHAIN_E032_001,2024年5月1日凌晨梅大高速茶阳路段发生塌方，致23辆车坠落、52死30伤 ||| 灾害暴露工程勘察设计施工及运营养护缺陷，引发公众对道路安全与极端天气应对的质疑 ||| 应急管理部派工作组赴现场指导救援，广东省成立调查评估组并邀请国家专家全程指导 ||| 2025年1月发布调查评估报告认定灾害原因，随后通报涉灾路段工程建设与养护问题追责问责情况,ev-00752;ev-00758;ev-01871;ev-01888,据央视新闻消息，梅大高速茶阳路段“5·1”塌方灾害调查评估报告今日发布。 2024年5月1日凌晨1时57分许，梅州至大埔...[preview_truncated] ||| 记者从应急管理部获悉，5月1日2时10分许，梅大高速茶阳路段发生塌方灾害，导致车辆被困、人员伤亡。接报后，应急管理部部长...[preview_truncated] ||| 广东梅大高速公路“5·1”塌方灾害涉灾路段工程建设和运营养护问题追责问责情况通报: （转自：上林下夕） 24小时滚动播报...[preview_truncated] ||| 1月22日，造成52死30伤的梅大高速塌方事故主要原因公布。经调查认定，这是一起长时间持续性降水与多种因素叠加耦合作用，...[preview_truncated],full_text_unavailable; use evidence_texts and evidence_urls ||| full_text_unavailable; use evidence_texts and evidence_urls ||| full_text_unavailable; use evidence_texts and evidence_urls ||| full_text_unavailable; use evidence_texts and evidence_urls,full_text_unavailable ||| full_text_unavailable ||| full_text_unavailable ||| full_text_unavailable,据央视新闻消息，梅大高速茶阳路段“5·1”塌方灾害调查评估报告今日发布。 2024年5月1日凌晨1时57分许，梅州至大埔高速公路（简称“梅大高速”）东延线K11+900～K11+950（营运桩号）路段发生塌方灾害，往东方向半幅路堤塌方，导致23辆车掉落，造成52人死亡，30人受伤。经调查认定，这是一起长时间持续性降水与多种因素叠加耦合作用，导致的特别重大人员伤亡的塌方灾害。塌方灾害发生于5月1日凌晨，有零星小雨，行车视线不良，车流量较平常突增，车辆坠落后起火燃烧，这些不利因素进一步加大了灾害的损失。同时，工程勘察、设计、施工、监理、验收、运营、养护等方面存在的问题，对路堤的抗灾能力有一定影响。 依据有关规定，广东省成立了由省政府主要负责同志任组长的梅大高速茶阳路段“5·1”塌方灾害省政府调查评估组，邀请由院士专家团队牵头，公路工程、地质工程、岩土工程和气象水文等领域专家组成专家组参与调查评估。应急管理部、交通运输部、自然资源部成立国家专家指导组，与调查评估组同时进驻，全程指导广东开展灾害调查评估工作。在应急管理部、交通运输部、自然资源部等国家部委的专业指导和国家专家指导组的全程指导下，调查评估组按照科学严谨、依法依规、实事求是、注重实效的原则，通过现场勘查、调阅资料、问询谈话、调查取证、分析计算、专项试验、专家论证等方式，复盘灾害发生和应对过程，调查有关地方党委政府和相关部门单位履 ||| 记者从应急管理部获悉，5月1日2时10分许，梅大高速茶阳路段发生塌方灾害，导致车辆被困、人员伤亡。接报后，应急管理部部长王祥喜立即作出部署，要求指导帮助地方加快搜救，科学安全救援，全力救治伤员，最大程度减少人员伤亡，查清原因，汲取教训。 据悉，国家消防救援局局长周天持续调度指导现场救援工作。应急管理部派出工作组赶赴现场，指导救援处置工作。塌陷发生后，当地立即组织应急、消防、矿山救护队等500余人参与现场救援。目前，救援工作仍在进行中。 应急管理部提示，“五一”假期期间出行出游人员增多，交通运输、旅游景点、人员密集场所等安全风险较高，各地要进一步完善预案措施、排查风险隐患、加强安全防范。 南方+记者 泠汐 段江含 【作者】 泠汐；段江含 【来源】 南方报业传媒集团南方+客户端返回搜狐，查看更多 ||| 广东梅大高速公路“5·1”塌方灾害涉灾路段工程建设和运营养护问题追责问责情况通报: （转自：上林下夕） 24小时滚动播报最新的财经资讯和视频，更多粉丝福利扫描二维码关注（sinafinance） 网友提问：@@=value.question$$ 老师回答：@@=value.answer$$ @@=value.title$$ 新浪财经意见反馈留言板 新浪简介|广告服务|About Sina 联系我们|招聘信息|通行证注册 产品答疑|网站律师|SINA English Copyright © 1996-2025 SINA Corporation All Rights Reserved 新浪公司 版权所有 ||| 1月22日，造成52死30伤的梅大高速塌方事故主要原因公布。经调查认定，这是一起长时间持续性降水与多种因素叠加耦合作用，导致的特别重大人员伤亡的塌方灾害。塌方灾害发生于5月1日凌晨，有零星小雨，行车视线不良，车流量较平常突增，车辆坠落后起火燃烧，这些不利因素进一步加大了灾害的损失。同时，工程勘察、设计、施工、监理、验收、运营、养护等方面存在的问题，对路堤的抗灾能力有一定影响。对在调查过程中发现的参建单位和有关部门单位的公职人员履职方面的问题线索，移交纪委监委处理；对有关参建单位及其人员的违法违规问题，交由有关部门依法查处。 来源：中国银行保险报返回搜狐，查看更多,mainstream_news ||| mainstream_news ||| mainstream_news ||| mainstream_news,https://www.bjnews.com.cn/detail/1737536547129042.html ||| https://www.sohu.com/a/775663104_100116740 ||| https://finance.sina.com.cn/roll/2025-01-26/doc-inehfiev2930816.shtml ||| https://www.sohu.com/a/852299893_114984,title_unavailable ||| title_unavailable ||| title_unavailable ||| title_unavailable,date_unavailable ||| date_unavailable ||| date_unavailable ||| date_unavailable,3,silver_candidate,standard_review,0.120,low,single_source_type,accept,,,证据完整覆盖灾害伤亡、工程缺陷暴露、部委与省级调查组介入、报告发布及追责通报，事实链条严谨。,annotator_A,adjudicated_final,annotator_A
E035,LLM_CHAIN_E035_001,7月16日仁和水厂发现水质嗅味指标异常，余杭区仁和、良渚部分区域自来水出现明显异味 ||| 居民质疑水质安全并担忧污水混入，网络流传“粪水”谣言引发恐慌 ||| 水务集团启动应急预案切换水源并冲洗管网，政府成立专家组调查并警方查处谣言 ||| 7月19日区政府通报异味系藻类厌氧降解所致，致歉并承诺加强供水安全管理,ev-00835;ev-00836;ev-00837;ev-01928;ev-01930,7月16日，杭州余杭区有市民反映自来水气味发臭，怀疑有污水进入自来水管网。7月17日，杭州余杭水务控股集团有限公司工作人...[preview_truncated] ||| 官方通报余杭自来水异味 7月16日8时，仁和水厂发现水质嗅味指标异常，经采样分析确认后随即启动供水突发事件应急预案，切换...[preview_truncated] ||| 7月16日上午，杭州市余杭区仁和街道及良渚街道部分区域出现自来水异味。对此，余杭区人民政府今天发布情况通报，通报全文如下...[preview_truncated] ||| 7月16日上午，杭州市余杭区仁和街道及良渚街道部分区域出现自来水气味异常。 继7月16日晚，余杭水务控股集团有限公司回应...[preview_truncated] ||| 生活报 2025-07-18 22:11发布于黑龙江黑龙江日报报业集团旗下账号 近日，在社交平台 不少网友反映 杭州良渚...[preview_truncated],full_text_unavailable; use evidence_texts and evidence_urls ||| full_text_unavailable; use evidence_texts and evidence_urls ||| full_text_unavailable; use evidence_texts and evidence_urls ||| full_text_unavailable; use evidence_texts and evidence_urls ||| full_text_unavailable; use evidence_texts and evidence_urls,full_text_unavailable ||| full_text_unavailable ||| full_text_unavailable ||| full_text_unavailable ||| full_text_unavailable,7月16日，杭州余杭区有市民反映自来水气味发臭，怀疑有污水进入自来水管网。7月17日，杭州余杭水务控股集团有限公司工作人员称，自来水有异味系水源出现异常，非污水进入管网，除有异味外自来水指标正常，16日已通过主管网将有异味的水排空，针对用户排放支管中“存水”产生的水费，公司将拟定减免方案。杭州市生态环境局余杭分局工作人员称，已参与协助调查异味原因。 想要发表评论，阅读更多精彩内容，快来下 载新京报客户端吧 新浪网 | 网易 | 搜狐 | UC头条 | 新华网 | 中新网 | 慧科讯业 | 今日头条 | 一点资讯 | 千龙网 | 贝壳财经| 腾讯网| 百度 经营许可证编号：京ICP证090533号 |京ICP备18053894号| 国新办网备字[2006]7号 | 广播电视节目制作经营许可证：(京)字第02592号 京公网安备11010102004542号|互联网新闻信息服务许可证11120180005号 关于我们版权声明联系我们工作机会友情链接服务协议 Copy Right © 2004-2020 www.bjnews.com.cn All Rights Reserved ||| 官方通报余杭自来水异味 7月16日8时，仁和水厂发现水质嗅味指标异常，经采样分析确认后随即启动供水突发事件应急预案，切换水源，供水水质得到有效控制，出厂水质安全。情况发生后，立即启动调查程序，并成立由国家、省级专家等组成的调查组，已初步查明导致异味的为特定自然气候条件下藻类厌氧降解产生的硫醚类物质，具体原因正在进一步溯源调查中，有关结果将及时公布。目前网上谣言较多，关于“粪水”的网络谣言，警方已依法查处，请大家不信谣、不传谣。 对此事给广大居民群众生活带来的影响和不便，我们深表歉意，并将进一步加强管理、确保供水安全。 更多热点速报、权威资讯、深度分析尽在北京日报App 来源：@央视新闻 流程编辑：U022 举报邮箱：jubao@vip.sina.com Copyright © 1996-2026 SINA Corporation All Rights Reserved 新浪公司 版权所有 ||| 7月16日上午，杭州市余杭区仁和街道及良渚街道部分区域出现自来水异味。对此，余杭区人民政府今天发布情况通报，通报全文如下： 7月16日8时，仁和水厂发现水质嗅味指标异常，经采样分析确认后随即启动供水突发事件应急预案，切换水源，供水水质得到有效控制，出厂水质安全。情况发生后，立即启动调查程序，并成立由国家、省级专家等组成的调查组，已初步查明导致异味的为特定自然气候条件下藻类厌氧降解产生的硫醚类物质，具体原因正在进一步溯源调查中，有关结果将及时公布。目前网上谣言较多，关于“粪水”的网络谣言，警方已依法查处，请大家不信谣、不传谣。 对此事给广大居民群众生活带来的影响和不便，我们深表歉意，并将进一步加强管理、确保供水安全。 余杭区人民政府 2025年7月19日 来源：余杭发布 举报邮箱：jubao@vip.sina.com Copyright © 1996-2026 SINA Corporation All Rights Reserved 新浪公司 版权所有 ||| 7月16日上午，杭州市余杭区仁和街道及良渚街道部分区域出现自来水气味异常。 继7月16日晚，余杭水务控股集团有限公司回应后，7月17日该公司再次发布情况通报称，7月16日切换水源，仁和水厂主管网恢复正常后，目前已完成对各支管和二供水箱的冲洗。 经检测，仁和街道、良渚街道的水质已经恢复，用户可以正常使用。在使用前，请用户对“存水”进行排放。为弥补用户损失，该公司将会给予7月份每户5吨水费的减免。 另据央视新闻报道，记者致电该公司相关负责人时，对方表示，目前具体原因仍在进一步调查中。 此前，余杭水务控股集团有限公司于16日发布通报称，当日上午，仁和街道及良渚街道部分区域出现自来水气味异常。公司立即启动应急预案，切换其他水源供水，同时组织人员对相关管网开展冲洗。 余杭水务表示，截至16日13时30分出厂水水质恢复正常，16时30分主管网已恢复正常，末梢支管尚有“存水”残留，请广大用户排放管道内“存水”至正常后方可使用，公司将对排放“存水”水费予以减免。 更多热点速报、权威资讯、深度分析尽在北京日报App 流程编辑：U072 举报邮箱：jubao@vip.sina.com Copyright © 1996-2026 SINA Corporation All Rights Reserved 新浪公司 版权所有 ||| 生活报 2025-07-18 22:11发布于黑龙江黑龙江日报报业集团旗下账号 近日，在社交平台 不少网友反映 杭州良渚街道自来水 有臭味 据澎湃新闻，记者从采访中了解到，7月16日上午9时起，杭州市余杭区仁和街道及良渚街道部分区域自来水出现明显异味。问题持续近15小时，直至当晚12点左右，仍有多个小区业主反映家中用水发臭。 ▲ 图片来源：澎湃新闻 此外，受访市民向记者提供了一段物业服务群里的截图，内容显示：7月16日早上9:00左右，仁和水厂发现水质嗅味指标波动(其余常规指标均正常)，第一时间安排人员进行排查，初步排查认为是苕溪原水出现短时间异常。相关部门立即启动应急预案，停用苕溪原水，并切换为其他原水供水。 据极目新闻，有当地居民告诉记者，截至17日上午异味仍然存在。有居民家打算17日继续使用纯净水，已花费一百多元买水。 “类似于死老鼠、烂臭螺蛳的那种恶臭味，水有点发灰”。7月17日上午，家住余杭区良渚文化村附近的居民向记者回忆称，16日晚，她洗菜时闻到了臭味，觉得恶心，放弃了做饭。她找到附近超市买纯净水应急，水被抢购得几乎缺货，好在老板自己开车拉来了更多，也没有涨价。她家17日也会继续使用纯净水，一共花费了约150元买水。她了解到，17日上午，有不少居民到附近的崇福山接山泉水使用。 一位不愿具名的市民也向记者反映，自来水散发浓烈的臭味，且异味到当晚11点多仍未消除。 ▲ 受访,mainstream_news ||| mainstream_news ||| mainstream_news ||| mainstream_news ||| mainstream_news,https://www.bjnews.com.cn/detail/1752735643129184.html ||| https://k.sina.com.cn/article_1617264814_606580ae02002bkki.html?from=news&subch=onews ||| https://k.sina.com.cn/article_2810373291_a782e4ab01902qcei.html?from=news&subch=onews ||| https://k.sina.com.cn/article_1617264814_606580ae02002bhow.html?from=news&subch=onews ||| https://news.qq.com/rain/a/20250718A0B5I500,title_unavailable ||| title_unavailable ||| title_unavailable ||| title_unavailable ||| title_unavailable,date_unavailable ||| date_unavailable ||| date_unavailable ||| date_unavailable ||| date_unavailable,3,silver_candidate,standard_review,0.120,low,single_source_type,accept,,,事件起因、舆情发酵、应急处置及官方通报原因均与所列5条证据内容完全对应，证据覆盖充分，事实准确。,annotator_A,adjudicated_final,annotator_A
E035,LLM_CHAIN_E035_002,7月16日上午余杭区仁和、良渚片区自来水突发气味异常 ||| 市民反映水质发臭并产生安全疑虑，社交平台出现不实传言 ||| 余杭水务紧急切换水源、冲洗支管并拟定水费减免方案，政府介入调查 ||| 官方通报初步查明异味源于特定气候下藻类降解产物，水质已恢复并加强后续监管,ev-00835;ev-00836;ev-01911;ev-01928,7月16日，杭州余杭区有市民反映自来水气味发臭，怀疑有污水进入自来水管网。7月17日，杭州余杭水务控股集团有限公司工作人...[preview_truncated] ||| 官方通报余杭自来水异味 7月16日8时，仁和水厂发现水质嗅味指标异常，经采样分析确认后随即启动供水突发事件应急预案，切换...[preview_truncated] ||| 退出激活卡电子版 购物车注册登录 用户名登录/手机号登录 还没有账号？免费注册 忘记密码？ 忘记密码？ + - 经观智讯...[preview_truncated] ||| 7月16日上午，杭州市余杭区仁和街道及良渚街道部分区域出现自来水气味异常。 继7月16日晚，余杭水务控股集团有限公司回应...[preview_truncated],full_text_unavailable; use evidence_texts and evidence_urls ||| full_text_unavailable; use evidence_texts and evidence_urls ||| full_text_unavailable; use evidence_texts and evidence_urls ||| full_text_unavailable; use evidence_texts and evidence_urls,full_text_unavailable ||| full_text_unavailable ||| full_text_unavailable ||| full_text_unavailable,7月16日，杭州余杭区有市民反映自来水气味发臭，怀疑有污水进入自来水管网。7月17日，杭州余杭水务控股集团有限公司工作人员称，自来水有异味系水源出现异常，非污水进入管网，除有异味外自来水指标正常，16日已通过主管网将有异味的水排空，针对用户排放支管中“存水”产生的水费，公司将拟定减免方案。杭州市生态环境局余杭分局工作人员称，已参与协助调查异味原因。 想要发表评论，阅读更多精彩内容，快来下 载新京报客户端吧 新浪网 | 网易 | 搜狐 | UC头条 | 新华网 | 中新网 | 慧科讯业 | 今日头条 | 一点资讯 | 千龙网 | 贝壳财经| 腾讯网| 百度 经营许可证编号：京ICP证090533号 |京ICP备18053894号| 国新办网备字[2006]7号 | 广播电视节目制作经营许可证：(京)字第02592号 京公网安备11010102004542号|互联网新闻信息服务许可证11120180005号 关于我们版权声明联系我们工作机会友情链接服务协议 Copy Right © 2004-2020 www.bjnews.com.cn All Rights Reserved ||| 官方通报余杭自来水异味 7月16日8时，仁和水厂发现水质嗅味指标异常，经采样分析确认后随即启动供水突发事件应急预案，切换水源，供水水质得到有效控制，出厂水质安全。情况发生后，立即启动调查程序，并成立由国家、省级专家等组成的调查组，已初步查明导致异味的为特定自然气候条件下藻类厌氧降解产生的硫醚类物质，具体原因正在进一步溯源调查中，有关结果将及时公布。目前网上谣言较多，关于“粪水”的网络谣言，警方已依法查处，请大家不信谣、不传谣。 对此事给广大居民群众生活带来的影响和不便，我们深表歉意，并将进一步加强管理、确保供水安全。 更多热点速报、权威资讯、深度分析尽在北京日报App 来源：@央视新闻 流程编辑：U022 举报邮箱：jubao@vip.sina.com Copyright © 1996-2026 SINA Corporation All Rights Reserved 新浪公司 版权所有 ||| 退出激活卡电子版 购物车注册登录 用户名登录/手机号登录 还没有账号？免费注册 忘记密码？ 忘记密码？ + - 经观智讯2025-07-19 20:47 经济观察网 7月19日，杭州余杭区人民政府针对近期区内自来水异味事件发布情况通报。通报指出，经初步调查，异味是由特定自然气候条件下藻类厌氧降解产生的硫醚类物质所致，具体原因仍在进一步溯源调查中。余杭区政府对由此给居民生活带来的影响和不便深表歉意，并承诺将加强管理，确保供水安全。同时，区政府呼吁公众不信谣、不传谣，对于网络上关于“粪水”的谣言，警方已依法进行查处。 总编对话｜从中国走向世界——对话松下电器中国东北亚公司总裁CEO木下步 聚焦主业 提升品牌：恒安集团接班人的长期主义理想 希捷科技全球执行副总裁暨首席商务官郑万成：未来五年，中国将成为全球生成数据最多的市场 ||| 7月16日上午，杭州市余杭区仁和街道及良渚街道部分区域出现自来水气味异常。 继7月16日晚，余杭水务控股集团有限公司回应后，7月17日该公司再次发布情况通报称，7月16日切换水源，仁和水厂主管网恢复正常后，目前已完成对各支管和二供水箱的冲洗。 经检测，仁和街道、良渚街道的水质已经恢复，用户可以正常使用。在使用前，请用户对“存水”进行排放。为弥补用户损失，该公司将会给予7月份每户5吨水费的减免。 另据央视新闻报道，记者致电该公司相关负责人时，对方表示，目前具体原因仍在进一步调查中。 此前，余杭水务控股集团有限公司于16日发布通报称，当日上午，仁和街道及良渚街道部分区域出现自来水气味异常。公司立即启动应急预案，切换其他水源供水，同时组织人员对相关管网开展冲洗。 余杭水务表示，截至16日13时30分出厂水水质恢复正常，16时30分主管网已恢复正常，末梢支管尚有“存水”残留，请广大用户排放管道内“存水”至正常后方可使用，公司将对排放“存水”水费予以减免。 更多热点速报、权威资讯、深度分析尽在北京日报App 流程编辑：U072 举报邮箱：jubao@vip.sina.com Copyright © 1996-2026 SINA Corporation All Rights Reserved 新浪公司 版权所有,mainstream_news ||| mainstream_news ||| mainstream_news ||| mainstream_news,https://www.bjnews.com.cn/detail/1752735643129184.html ||| https://k.sina.com.cn/article_1617264814_606580ae02002bkki.html?from=news&subch=onews ||| http://www.eeo.com.cn/2025/0719/739694.shtml ||| https://k.sina.com.cn/article_1617264814_606580ae02002bhow.html?from=news&subch=onews,title_unavailable ||| title_unavailable ||| title_unavailable ||| title_unavailable,date_unavailable ||| date_unavailable ||| date_unavailable ||| date_unavailable,3,silver_candidate,standard_review,0.120,low,single_source_type,accept,,,核心事实与时间线与证据高度一致，水务集团应对措施及政府通报结论均有明确证据支撑，表述为合理 paraphrase。,annotator_A,adjudicated_final,annotator_A
E039,LLM_CHAIN_E039_001,2024年3月13日燕郊镇发生燃爆事故，致7死27伤 ||| 公众质疑事故原因，官方澄清系输送管道泄漏而非商户操作不当 ||| 应急消防部门全力救援并清理现场，调查组进驻开展深度核查 ||| 2025年11月发布调查报告，认定地铁盾构施工破坏燃气管道为直接原因，多名责任人被刑事追责或党纪政务处分,ev-00951;ev-01996;ev-01994,新华社石家庄3月14日电（记者王民）河北省三河市应急管理局14日凌晨1时许发布情况通报称，13日7时54分，燕郊镇一商户...[preview_truncated] ||| 新华社石家庄3月14日电（记者王民）14日16时30分许，河北省三河市燕郊镇爆燃事故调查专家组组长刘福来介绍，爆燃事故原...[preview_truncated] ||| 中国金融新闻网 2025-11-09 17:25发布于北京中国金融新闻网官方账号 一年多前发生的河北廊坊三河市燕郊“3·...[preview_truncated],full_text_unavailable; use evidence_texts and evidence_urls ||| full_text_unavailable; use evidence_texts and evidence_urls ||| full_text_unavailable; use evidence_texts and evidence_urls,full_text_unavailable ||| full_text_unavailable ||| full_text_unavailable,新华社石家庄3月14日电（记者王民）河北省三河市应急管理局14日凌晨1时许发布情况通报称，13日7时54分，燕郊镇一商户发生因疑似燃气泄漏引发的燃爆事故，事故造成7人死亡、27人受伤。截至目前，现场清理已基本完成，伤者全部送往医院救治，其中14人已经出院。事故原因正在调查中。 3月13日，应急救援人员在事故现场进行处置救援。新华社记者 鞠焕宗 摄 3月13日，应急救援人员在事故现场进行处置救援。新华社记者 鞠焕宗 摄 3月13日，应急救援人员在事故现场进行处置救援。新华社记者 张骁 摄 ||| 新华社石家庄3月14日电（记者王民）14日16时30分许，河北省三河市燕郊镇爆燃事故调查专家组组长刘福来介绍，爆燃事故原因初步判断为燃气管道泄漏。 3月13日，应急救援人员在事故现场进行处置救援。新华社发 刘福来介绍，爆燃事故引爆点的位置位于炸鸡店所在的整体建筑结构，但具体是哪家门店还需后续调查。燃气管道泄漏点距离地表有一定深度，正在精确检测泄漏点。 3月13日，应急救援人员在事故现场进行处置救援。新华社发 三河市应急管理局局长纪宏图介绍，燕郊镇较早地开通了管道燃气，地下管网比较复杂，老的管网已经使用20多年，埋藏最深的位于地下12米，事故调查难度较大，难以确定单点泄漏还是多点泄漏。爆燃事故与部分经营业主操作不当没有直接关系。 13日7时54分，燕郊镇发生因疑似燃气泄漏引发的爆燃事故，造成7人死亡、27人受伤。纪宏图介绍，14日已全面进入事故调查和善后处理工作阶段。 ||| 中国金融新闻网 2025-11-09 17:25发布于北京中国金融新闻网官方账号 一年多前发生的河北廊坊三河市燕郊“3·13”爆燃事故造成7人死亡、27人受伤。近日，河北省应急管理厅官网正式公布了该事故的调查报告《燕郊地铁施工项目“3·13”较大燃气爆燃事故调查报告》（以下简称《报告》）。 根据《报告》，本次事故直接原因是，廊坊燕郊地铁项目盾构施工作业时造成临近天然气管道破损，导致大量天然气泄漏，扩散至涉事故建筑封闭空间内逐渐聚集，遇点火源发生爆燃。 事故发生经过 2024年3月13日3时15分许，右线盾构机掘进至小张各庄综合服务楼附近时，其刀盘将埋深约11米处的燃气管道下部切削破坏，造成天然气泄漏，天然气通过土壤层孔隙和地下管网、阀门井、检查井、污水池漫延扩散，部分天然气进入综合服务楼C栋西南侧污水池，并通过室内排污管道扩散进入该建筑内。7时54分02秒，综合服务楼C栋部分区域天然气浓度达到爆炸极限，遇点火源发生爆燃，造成建筑内6名人员和迎宾路通行车辆内1名人员遇难，建筑外27人不同程度受伤。 事故有关情况 涉事故建筑物为燕郊镇小张各庄村委会综合服务楼，位于三河市燕郊镇迎宾路与学院大街交汇处东北角，东邻北欧小镇小区，南邻学院大街，西临迎宾路，北侧为小张各庄村委会 L型单层平房。该综合服务楼1995年投入使用，总建筑面积约3500平方米，分为 A、B、C 三栋，爆燃发生在C栋建筑内,mainstream_news ||| mainstream_news ||| mainstream_news,http://www.news.cn/local/20240314/298ee88e91e74952a698bfcb91da8a96/c.html ||| http://www.news.cn/local/20240314/1a35a2b508f14908b1d334e4f437b069/c.html ||| https://news.qq.com/rain/a/20251109A047HR00,title_unavailable ||| title_unavailable ||| title_unavailable,date_unavailable ||| date_unavailable ||| date_unavailable,2,silver_candidate,standard_review,0.120,low,single_source_type,accept,,,伤亡数据、初期原因澄清、联合调查介入及2025年11月最终调查报告结论均被对应证据完整覆盖，无事实偏差。,annotator_A,adjudicated_final,annotator_A
E039,LLM_CHAIN_E039_003,3月13日清晨燕郊镇发生疑似燃气泄漏爆燃，现场建筑严重损毁 ||| 事故原因引发社会广泛猜测与担忧，官方及时回应排除用户端责任 ||| 多部门联动开展现场救援与善后处置，调查组全面核查地铁施工与管线管理漏洞 ||| 最终调查报告明确地铁盾构作业致管道破损泄漏，依法对76名相关责任人员作出处理,ev-00945;ev-00969;ev-00953;ev-00949,"来源：顺义应急 一场爆炸，让我们从危机中觉醒 燕郊""3·13""燃气事故基础情况 3月13日清晨，河北燕郊一声巨响。他们的...[preview_truncated] ||| 3月13日7时54分，廊坊三河市燕郊镇发生一起爆燃事故。截至13日23时，现场救援工作基本结束。（此前报道：突发！燕郊发...[preview_truncated] ||| 新京报讯（记者裴剑飞）今天（3月13日）上午，燕郊发生一起爆燃事故，截至目前，事故已造成1人死亡，22人受伤。11点左右...[preview_truncated] ||| 用微信扫描二维码 分享至好友和朋友圈 河北省应急管理厅调查评估和统计处近日发布了关于燕郊地铁施工项目“3·13”较大燃气...[preview_truncated]",full_text_unavailable; use evidence_texts and evidence_urls ||| full_text_unavailable; use evidence_texts and evidence_urls ||| full_text_unavailable; use evidence_texts and evidence_urls ||| full_text_unavailable; use evidence_texts and evidence_urls,full_text_unavailable ||| full_text_unavailable ||| full_text_unavailable ||| full_text_unavailable,"来源：顺义应急 一场爆炸，让我们从危机中觉醒 燕郊""3·13""燃气事故基础情况 3月13日清晨，河北燕郊一声巨响。他们的人生轨迹改变了。临近早八点，阳光洋溢在这座城的大街小巷里，人们怀着一天的热忱，或奔走在工作的路上，或幸福地吃着早餐…...。忽然，一个车水马龙的红绿灯路口，一团巨大的火球腾空而起。一声巨响，打破了一份美好与平静。燕郊镇小张各庄学院大街与迎宾路交叉口附近一临街一栋四层小楼发生燃爆，烟尘弥漫，直冲天际。墙体几乎是在一瞬间崩塌，破碎物四溅横飞,滚滚气浪，四面冲击。惊骇过后，现场到处都是狼狈逃窜的人群。等到尘埃落定，原本的四层小楼，爆炸的一侧近乎解体。只剩下底部一些混凝土和钢架，另外一侧也是满目疮痍。 燕郊镇隶属河北省廊坊市三河市，尽管仅仅是一个镇级行政单位，但由于紧邻北京通州区，比许多北京市内的乡镇距市中心更近，已成为首都周边极具吸引力的居住地。根据2020年第七次人口普查数据，燕郊镇常住人口已突破60万，俨然具备了一座中型城市的规模。 事故点是这座小城镇的中心地段，交错的红绿灯指挥着来来往往的行人与车辆，红绿灯西边的一百多米处有一所小学，其它三个方向往西接送孩子这是必经的十字路口。爆炸前的二十分钟，正值送学的高峰期，这是不幸中的万幸。 截至2024年3月13日23时，现场救援工作已基本结束，事故造成7人死亡，27人受伤。这是一起悲剧，也是对河北乃至全国范围内城市安全管 ||| 3月13日7时54分，廊坊三河市燕郊镇发生一起爆燃事故。截至13日23时，现场救援工作基本结束。（此前报道：突发！燕郊发生爆炸！伤亡不明 、官方通报：已致1死22伤） 14日下午，事故调查组专家组组长刘福来披露燕郊爆炸事故原因： “事故原因不是用户燃气问题，而是输送中的管道泄露。目前具体的事故原因，还要等待事故调查及后续通告。” 此外，刘福来还披露了爆炸源：“目前应该说，发生事故的炸点位置，就是炸鸡店整体的建筑结构。但是具体哪一家是点火源，还要通过后续的痕迹调查。……它是一种球形爆炸，力量从薄弱的地方来泄压。” 来源：广州日报、央广网、河北日报客户端 编辑：李紫晴 校审：施冰冰、吴沁彤、何畅 转载请注明 ◆ 官方通报：已致1死22伤 ◆ 多人被骗？维权困难？曝光！ ◆ 深圳警方通报 ◆ 编造女教师“黄谣”实施网络暴力，李某被依法行拘！ ◆ 网民为引流造谣被罚！ ◆ 这8天，免费通行！ ◆ 进入高峰期！无特效药！不要乱吃！ ◆ 知名品牌吃出“老鼠尾巴”？ ◆ 营养师报名通道开启！ 喜欢小新就给一个和吧↓↓返回搜狐，查看更多 ||| 新京报讯（记者裴剑飞）今天（3月13日）上午，燕郊发生一起爆燃事故，截至目前，事故已造成1人死亡，22人受伤。11点左右，记者在事发地周边看到，事故现场又冒起了阵阵白烟，消防救援人员正持续进行救援。维持秩序的工作人员紧急引导周边居民撤离，目前周边多个小区已采取封闭管理措施。 11点左右，事故现场又冒起了阵阵白烟，维持秩序的工作人员紧急引导周边居民撤离。新京报记者 裴剑飞 摄 据央视新闻消息，国家油气管道应急救援廊坊队专业力量已赶到现场参与救援。发生爆燃事故的为一栋四层建筑，爆炸后楼体发生坍塌。现场救援仍在紧张进行中。 记者注意到，相较于此前的警戒线，目前警戒线已经向外扩大了约20米。 据三河市应急管理局通报，3月13日7时54分，三河市燕郊一炸鸡店发生疑似燃气泄漏引发的爆燃事故，应急、消防、卫健等有关部门第一时间赶赴现场全力救援处置。 消防救援人员正在现场进行处置。新京报记者 裴剑飞 摄 编辑 樊一婧 校对 刘军 想要发表评论，阅读更多精彩内容，快来下 载新京报客户端吧 新浪网 | 网易 | 搜狐 | UC头条 | 新华网 | 中新网 | 慧科讯业 | 今日头条 | 一点资讯 | 千龙网 | 贝壳财经| 腾讯网| 百度 经营许可证编号：京ICP证090533号 |京ICP备18053894号| 国新办网备字[2006]7号 | 广播电视节目制作经营许可证：(京)字第02592号 京 ||| 用微信扫描二维码 分享至好友和朋友圈 河北省应急管理厅调查评估和统计处近日发布了关于燕郊地铁施工项目“3·13”较大燃气爆燃事故的调查报告。2024年3月13日3时15分许，在地铁燕郊站至神威大街站区间盾构施工过程中，地埋天然气管道被损坏并发生泄漏。天然气随后扩散至附近的小张各庄综合服务楼C栋内，并在7时54分许引发爆燃。此次事故导致7人死亡、27人受伤。 司法机关对相关涉事单位的7名责任人员采取了刑事强制措施。此外，中交隧道局、中交一公局、北京城勘公司、中铁设计公司、北京赛瑞斯公司、快轨公司、京冀公司、北京迅联公司、百川新能源公司、百川燃气公司等共46名人员因存在问题被移交有管辖权的纪检监察机关、组织和单位处理。廊坊市政府及住建局、三河市委市政府及住建局、燕郊高新区党工委管委会及有关部门等共23名公职人员也受到了党纪政务处分等处理。 河北省应急管理厅官网发布了“3·13”较大燃气爆燃事故调查报告。2024年3月13日3时15分许，地铁燕郊站至神威大街站区间盾构施工过程中，导致地埋天然气管道破损泄漏 2024年10月12日13时30分许，山东省潍坊市寿光市潍坊金石生物科技有限公司发生一起中毒事故，造成7人死亡、4人受伤 2024年12月3日13时53分许，济宁市金乡县中储粮济宁直属库有限公司金乡分公司粮食仓储项目伞形桁架平台发生坍塌事故，造成7人死亡、1人重伤，直接经济损失1346",mainstream_news ||| mainstream_news ||| mainstream_news ||| mainstream_news,https://m.sohu.com/a/764312372_121106842/?pvid=000115_3w_a ||| https://www.sohu.com/a/764191899_121384220 ||| https://www.bjnews.com.cn/detail/1710300164129516.html ||| https://news.china.com/socialgd/10000169/20251110/48979051.html,title_unavailable ||| title_unavailable ||| title_unavailable ||| title_unavailable,date_unavailable ||| date_unavailable ||| date_unavailable ||| date_unavailable,4,silver_candidate,standard_review,0.120,low,single_source_type,accept,,,现场损毁情况、官方排除用户责任、多部门救援调查及最终追责人数（76人）均与证据文本吻合，证据链完整。,annotator_A,adjudicated_final,annotator_A
E003,LLM_CHAIN_E003_001,原业主集中反映金钻豪园旧改项目自2020年起长期拖欠过渡安置费且项目停工 ||| 业主通过官方留言板持续投诉，开发商资金链断裂与财务困境问题凸显 ||| 翠竹街道与罗湖区政府成立工作专班介入，承认资金短缺并协调解决 ||| 区政府引入中信联合体签署盘活合作协议，项目全面重启以保障安置权益,ev-00059;ev-01435;ev-01440,手机看新闻 楼市低迷，城市更新项目的推进也受到了严重影响，深圳不少居民面临过渡安置费无法按时支付的困境。所谓的过渡安置费...[preview_truncated] ||| 用微信扫码二维码 分享至好友和朋友圈 楼市下行、城市更新受阻，深圳一批村民陷入无法按时获得过渡安置费的困局。 过渡安置费...[preview_truncated] ||| 中国财富网 2025-11-21 21:14发布于浙江中国财富传媒集团官方账号 困扰600余户回迁业主多年的深圳市罗湖区...[preview_truncated],full_text_unavailable; use evidence_texts and evidence_urls ||| full_text_unavailable; use evidence_texts and evidence_urls ||| full_text_unavailable; use evidence_texts and evidence_urls,full_text_unavailable ||| full_text_unavailable ||| full_text_unavailable,手机看新闻 楼市低迷，城市更新项目的推进也受到了严重影响，深圳不少居民面临过渡安置费无法按时支付的困境。所谓的过渡安置费，就是开发商在拆迁期间对原业主的补偿费用。在深圳，很多城市更新项目的过渡安置费是按照被拆迁房屋的面积来算的，比如深圳市龙岗区的一些项目过渡安置费是“20元/月·平方米”。 金钻豪园位于罗湖区翠竹街道，被称为“深圳最难改造”的旧小区之一。从2010年列入改造范围，到2018年才确认项目实施主体，2019年正式开工，但截至2024年项目还未交付。而从2020年开始，金钻豪园的过渡费就没有按合同规定发放。罗湖区翠竹街道信访办回应称，项目单位存在资金短缺问题，区政府已经成立工作专班，正在努力协调解决资金问题，确保项目顺利推进和支付过渡费。 类似的情况在深圳并不少见，如龙岗区五联竹头背、岭背坑旧改项目、龙东社区上井地块土地整备利益统筹项目，甚至曾被称为“旧改之王”的佳兆业集团也陷入了城市更新项目推进不畅的困境。多个项目因资金链紧张而拖欠过渡费，开发进度也大幅放缓。 深圳的旧改项目陷入困境，居民的过渡安置费无法按时支付，背后原因复杂。首先，房地产市场环境严峻，开发商资金链紧张，导致项目推进困难。其次，随着深圳人才房和保障房的入市，市场对旧改项目的需求也在下降。此外，旧改后的商品房市场销售收入不足以覆盖项目成本，开发商缺乏动力继续推进城市更新。地方政府虽然在积极协调解决、引入国 ||| 用微信扫码二维码 分享至好友和朋友圈 楼市下行、城市更新受阻，深圳一批村民陷入无法按时获得过渡安置费的困局。 过渡安置费（简称”过渡费“）指的是拆迁人（开发商/项目合作方）在拆迁过渡期对原业主可能发生费用的补偿。在深圳，不少城市更新项目的过渡费按照被拆迁房屋的面积计算，例如，深圳市龙岗区有项目过渡费按照“20元/月/平方米”支付。 第一财经梳理人民网留言板上的信息发现，近一年来，深圳有超过10个城市更新项目的居民称，旧改项目的开发商拖欠过渡安置费数月，另外，还有城市更新项目存在停工的问题。 延迟的过渡费 位于罗湖区翠竹街道的金钻豪园被称为“深圳最难改造”的旧小区之一，于2010年被列入深圳第一批旧住宅小区改造范围。一直到2018年，金钻豪园城市更新单元一期项目实施主体才确认公示，为深圳新华城房地产有限公司。2019年，该城市更新项目正式开工，然而，直到2024年，该项目都还未交付。 今年以来，金钻豪园的原业主多次在人民网留言板上称，工地长期处于半停工状态，从2020年起，过渡安置费就没有按合同规定发放。 对于金钻豪园项目存在的问题，罗湖区翠竹街道信访办回复称，项目单位存在资金短缺等问题，区职能部门正协调项目单位筹措资金，确保项目顺利建设，以及支付相关过渡安置费。另外，罗湖区政府已成立工作专班，研究解决金钻豪园项目盘活事宜，目前，已促进第三方国企介入项目，并就项目盘活的相关事宜达成一 ||| 中国财富网 2025-11-21 21:14发布于浙江中国财富传媒集团官方账号 困扰600余户回迁业主多年的深圳市罗湖区金钻豪园城市更新项目，近日取得了突破性进展。在多方的共同努力下，该项目正式签署了盘活合作协议，成功引入中信城开、中信金融资产联合体作为新的合作主体。这标志着这个长期停滞的“硬骨头”项目全面重启，让业主的安居梦想看到了曙光。 金钻豪园项目位于罗湖区水贝珠宝核心商圈，毗邻地铁3/7号线田贝站，是深圳首批列入城市更新计划的住宅类改造项目之一。项目拆除范围用地面积约3.2万㎡，建设用地面积约2.8万㎡，分两期实施。其中，一期计容建面约20.8万㎡，涵盖住宅、安居型商品房、商业等多种业态。然而，由于原实施主体陷入财务困境，项目自多年前便全面停滞，致使大量回迁业主的安置问题长期悬而未决，成为影响区域民生与社会稳定的一大难题。 面对这一复杂困局，罗湖区政府高度重视，迅速成立区级工作专班，进行统筹协调，并积极引入优质市场主体。今年3月，中信城开联合中信金融资产受邀介入。凭借其在资源整合、风险管控和项目操盘方面的专业优势，创新性地提出“金融支持+风险隔离+资产管理”的协同化险方案。 该方案通过“风险梯度分配、税负优化”等核心策略，有效化解了项目复杂的历史遗留问题。经过多轮市场遴选，由中信城开联合中信金融资产、深圳资产、罗湖投控、建元信托、特区新华城等共同组成的联合体成功中标。6月，,mainstream_news ||| social_media ||| mainstream_news,https://sz.news.fang.com/open/51083915.html ||| https://www.163.com/dy/article/JBOFR0J60519DDQ2.html ||| https://news.qq.com/rain/a/20251121A06X3800,title_unavailable ||| title_unavailable ||| title_unavailable,date_unavailable ||| date_unavailable ||| date_unavailable,3,silver_candidate,standard_review,0.000,low,low_risk,accept,,,业主诉求、资金困境、街道专班介入及中信联合体签约重启等关键节点均有对应新闻证据支撑，逻辑连贯。,annotator_A,adjudicated_final,annotator_A
E004,LLM_CHAIN_E004_001,横沙社区投票通过决议，申请行政处理留守户房屋拆迁补偿安置争议 ||| 未签约留守户提出超纲要求并多次阻挠拆除工作，引发补偿争议与现场安全担忧 ||| 合作企业兆霖公司分批报送29栋未签约房屋行政处理申请，黄埔区政府于4月27日正式受理首批申请 ||| 设定5月31日为最后签约期限，逾期房屋将由法院依法强制执行，力争6月30日前实现拆迁清零,ev-00076;ev-00077;ev-00081;ev-00083;ev-00084;ev-01455,"用微信扫码二维码 分享至好友和朋友圈 横沙社区 是广州市最早一批 进行更新改造的城中村 在城市更新的大浪潮中 城区面貌有...[preview_truncated] ||| 广州旧改提速，多个项目处理留守户问题 打开手机微信扫一扫 广州城市更新正在提速。 近期，横沙社区以投票的方式通过了一项决...[preview_truncated] ||| 横沙城中村改造项目香秀路旁未拆除村民房屋 时代财经摄 广州城市更新正在提速。 近期，横沙社区以投票的方式通过了一项决议。...[preview_truncated] ||| 时代财经 2025-05-21 09:13发布于广东时代财经官方账号 本文来源：时代财经 作者：陈泽旋 横沙城中村改造项...[preview_truncated] ||| 今天早上,事发广州黄埔区横沙村的旧改拆迁现场,可以看到挖机已就位,准备拆迁作业有村民发现,与被拆迁的房屋相邻的还有一间没...[preview_truncated] ||| 用微信扫码二维码 分享至好友和朋友圈 广州城市更新正在提速。 近期，横沙社区以投票的方式通过了一项决议。决议内容是向黄埔...[preview_truncated]",full_text_unavailable; use evidence_texts and evidence_urls ||| full_text_unavailable; use evidence_texts and evidence_urls ||| full_text_unavailable; use evidence_texts and evidence_urls ||| full_text_unavailable; use evidence_texts and evidence_urls ||| full_text_unavailable; use evidence_texts and evidence_urls ||| full_text_unavailable; use evidence_texts and evidence_urls,full_text_unavailable ||| full_text_unavailable ||| full_text_unavailable ||| full_text_unavailable ||| full_text_unavailable ||| full_text_unavailable,"用微信扫码二维码 分享至好友和朋友圈 横沙社区 是广州市最早一批 进行更新改造的城中村 在城市更新的大浪潮中 城区面貌有了明显改善 近日 横沙旧改进度条再刷新！ 快跟小编到现场一探究竟 近日，大沙街横沙城中村改造项目安置区3A-1、3B-1地块房屋进行了集中拆除。预计该地块房屋全部拆除后，将复建1058套回迁房。 本次拆除行动地块已于2017年取得区政府发放的改造通告，但受到未签约户主的影响，迟迟无法开工建设。此次行动拆除的房屋，均已签订拆迁安置及交屋协议。由于临近未签约4户留守户提出超纲要求，且多次阻挠拆除工作进行，为加快推动安置房的建设，同时确保本次集中拆除行动高效完成，经过大量充分的准备工作，决定开展本次集中拆除行动。 多措并举 拆除工作安全有序 为了让已签约村民早日回迁 同时保障留守户人身及房屋安全 横沙社区与施工方多措并举 将旧改工作顺利推进 1 提前告知，专人上门以书面及口头告知有关拆除行动注意事项。 2 妥善安置，提供星级酒店作为临时居住方案供留守户选择。 3 生活保障，为了保障留守户基本生活顺畅，在其房屋周边设有畅通的出入口。 4 安全施工，施工过程将沿留守户房屋邻侧立面、进出巷道及造成影响的位置，搭建刚性防护棚，最大程度保障留守户房屋及人身安全。 拆除顺利完成的消息传出后，所有支持旧改、希望早日迎来美好生活的村民都拍手称快。相关部门将继续做好留守户的动员工作，争取 ||| 广州旧改提速，多个项目处理留守户问题 打开手机微信扫一扫 广州城市更新正在提速。 近期，横沙社区以投票的方式通过了一项决议。决议内容是向黄埔区政府申请行政处理“改造范围内所有留守户房屋拆迁补偿安置争议”，从而在6月30日前实现横沙拆迁清零。 这个位于广州市黄埔区的横沙城中村改造项目，于2011年3月开启第一栋房屋的签约工作，至今已超过14年。 而上述决议通过后，项目的合作企业广州市兆霖房地产开发有限公司（下称“兆霖公司”）也有所行动，其已分两批次向区政府报送29栋未签约房屋的行政处理申请，首批申请在4月27日获得区政府正式受理。根据兆霖公司发布的通知，尚未签约的村民可在5月31日前办理签约手续，而剩余未签约房屋则将“由法院依法强制执行”。 为了推动旧改进度，去年以来，广州全市范围内多个城中村改造项目通过纳入政府征收、申请收回集体土地使用权或行政处理的方式，对留守户房屋进行依法动迁。 而近一个月，更多的项目采用了这样的做法。 多个旧改项目处理留守户问题 据时代财经统计，从4月中旬至今，已有至少5个项目宣告即将进行依法动迁，包括黄埔区横沙城中村改造项目、茅岗路以西城中村改造项目、文冲东旧村改造项目，番禺区里仁洞村更新改造项目，白云区陈田村城中村改造项目。 其中，黄埔横沙项目、黄埔文冲东项目将对未签约房屋启动行政处理程序；白云陈田经济联社对收回陈田村改造范围内全部集体土地使用权进行申请， ||| 横沙城中村改造项目香秀路旁未拆除村民房屋 时代财经摄 广州城市更新正在提速。 近期，横沙社区以投票的方式通过了一项决议。决议内容是向黄埔区政府申请行政处理“改造范围内所有留守户房屋拆迁补偿安置争议”，从而在6月30日前实现横沙拆迁清零。 这个位于广州市黄埔区的横沙城中村改造项目，于2011年3月开启第一栋房屋的签约工作，至今已超过14年。 横沙城中村改造项目待拆除房屋 时代财经摄 而上述决议通过后，项目的合作企业广州市兆霖房地产开发有限公司（下称“兆霖公司”）也有所行动，其已分两批次向区政府报送29栋未签约房屋的行政处理申请，首批申请在4月27日获得区政府正式受理。根据兆霖公司发布的通知，尚未签约的村民可在5月31日前办理签约手续，而剩余未签约房屋则将“由法院依法强制执行”。 为了推动旧改进度，去年以来，广州全市范围内多个城中村改造项目通过纳入政府征收、申请收回集体土地使用权或行政处理的方式，对留守户房屋进行依法动迁。 而近一个月，更多的项目采用了这样的做法。 多个旧改项目处理留守户问题 据时代财经统计，从4月中旬至今，已有至少5个项目宣告即将进行依法动迁，包括黄埔区横沙城中村改造项目、茅岗路以西城中村改造项目、文冲东旧村改造项目，番禺区里仁洞村更新改造项目，白云区陈田村城中村改造项目。 其中，黄埔横沙项目、黄埔文冲东项目将对未签约房屋启动行政处理程序；白云陈田经济联社对收回陈田村 ||| 时代财经 2025-05-21 09:13发布于广东时代财经官方账号 本文来源：时代财经 作者：陈泽旋 横沙城中村改造项目香秀路旁未拆除村民房屋 时代财经摄 广州城市更新正在提速。 近期，横沙社区以投票的方式通过了一项决议。决议内容是向黄埔区政府申请行政处理“改造范围内所有留守户房屋拆迁补偿安置争议”，从而在6月30日前实现横沙拆迁清零。 这个位于广州市黄埔区的横沙城中村改造项目，于2011年3月开启第一栋房屋的签约工作，至今已超过14年。 横沙城中村改造项目待拆除房屋 时代财经摄 而上述决议通过后，项目的合作企业广州市兆霖房地产开发有限公司（下称“兆霖公司”）也有所行动，其已分两批次向区政府报送29栋未签约房屋的行政处理申请，首批申请在4月27日获得区政府正式受理。根据兆霖公司发布的通知，尚未签约的村民可在5月31日前办理签约手续，而剩余未签约房屋则将“由法院依法强制执行”。 为了推动旧改进度，去年以来，广州全市范围内多个城中村改造项目通过纳入政府征收、申请收回集体土地使用权或行政处理的方式，对留守户房屋进行依法动迁。 而近一个月，更多的项目采用了这样的做法。 多个旧改项目处理留守户问题 据时代财经统计，从4月中旬至今，已有至少5个项目宣告即将进行依法动迁，包括黄埔区横沙城中村改造项目、茅岗路以西城中村改造项目、文冲东旧村改造项目，番禺区里仁洞村更新改造项目，白云区陈田村城中村改 ||| 今天早上,事发广州黄埔区横沙村的旧改拆迁现场,可以看到挖机已就位,准备拆迁作业有村民发现,与被拆迁的房屋相邻的还有一间没有签约的房屋,但村民直言,房屋并没做足安全的围蔽处理,怕危及到未签的房屋,“连排 ||| 用微信扫码二维码 分享至好友和朋友圈 广州城市更新正在提速。 近期，横沙社区以投票的方式通过了一项决议。决议内容是向黄埔区政府申请行政处理“改造范围内所有留守户房屋拆迁补偿安置争议”，从而在6月30日前实现横沙拆迁清零。 这个位于广州市黄埔区的横沙城中村改造项目，于2011年3月开启第一栋房屋的签约工作，至今已超过14年。 而上述决议通过后，项目的合作企业广州市兆霖房地产开发有限公司（下称“兆霖公司”）也有所行动，其已分两批次向区政府报送29栋未签约房屋的行政处理申请，首批申请在4月27日获得区政府正式受理。根据兆霖公司发布的通知，尚未签约的村民可在5月31日前办理签约手续，而剩余未签约房屋则将“由法院依法强制执行”。 为了推动旧改进度，去年以来，广州全市范围内多个城中村改造项目通过纳入政府征收、申请收回集体土地使用权或行政处理的方式，对留守户房屋进行依法动迁。 而近一个月，更多的项目采用了这样的做法。 多个旧改项目处理留守户问题 据时代财经统计，从4月中旬至今，已有至少5个项目宣告即将进行依法动迁，包括黄埔区横沙城中村改造项目、茅岗路以西城中村改造项目、文冲东旧村改造项目，番禺区里仁洞村更新改造项目，白云区陈田村城中村改造项目。 其中，黄埔横沙项目、黄埔文冲东项目将对未签约房屋启动行政处理程序；白云陈田经济联社对收回陈田村改造范围内全部集体土地使用权进行申请，获得了白云区政府同意",social_media ||| forum ||| forum ||| forum ||| social_media ||| social_media,https://www.163.com/dy/article/FLUHJBVC0514E3L7.html ||| https://finance.jrj.com.cn/2025/05/21141250558788.shtml ||| https://www.sohu.com/a/897175733_237556 ||| https://new.qq.com/rain/a/20250521A01OKA00 ||| https://www.toutiao.com/article/7114580065253638687/ ||| https://www.163.com/dy/article/K03CP41E0519QIKK.html,title_unavailable ||| title_unavailable ||| title_unavailable ||| title_unavailable ||| title_unavailable ||| title_unavailable,date_unavailable ||| date_unavailable ||| date_unavailable ||| date_unavailable ||| date_unavailable ||| date_unavailable,5,silver_candidate,standard_review,0.000,low,low_risk,accept,,,社区决议、留守户阻挠、企业分批申请、政府受理日期及强制执行期限等细节均被多篇报道交叉印证，证据充分。,annotator_A,adjudicated_final,annotator_A
E004,LLM_CHAIN_E004_002,横沙旧改项目签约率超90%，但长期受留守户阻挠导致安置房建设停滞 ||| 留守户拒绝交回集体土地使用权，旧改现场集中拆除作业面临相邻未签房屋的安全风险 ||| 社区与施工方采取星级酒店临时安置等保障措施，兆霖公司依法向区政府提交行政处理申请 ||| 区政府受理申请并明确5月31日签约截止日，后续将依广州市旧改实施办法申请法院强制执行,ev-00076;ev-00077;ev-00080;ev-00084;ev-01461;ev-01462,"用微信扫码二维码 分享至好友和朋友圈 横沙社区 是广州市最早一批 进行更新改造的城中村 在城市更新的大浪潮中 城区面貌有...[preview_truncated] ||| 广州旧改提速，多个项目处理留守户问题 打开手机微信扫一扫 广州城市更新正在提速。 近期，横沙社区以投票的方式通过了一项决...[preview_truncated] ||| 广州市黄埔区人民政府关于横沙旧村改造项目 剩余地块（除一、二期以外的地块） 改造的通告 横沙旧村改造项目剩余地块（除一、...[preview_truncated] ||| 今天早上,事发广州黄埔区横沙村的旧改拆迁现场,可以看到挖机已就位,准备拆迁作业有村民发现,与被拆迁的房屋相邻的还有一间没...[preview_truncated] ||| 闽政通APP 来源：广州日报 4月16日，《广州市旧村庄旧厂房旧城镇改造实施办法》（以下简称《实施办法》）在广州市政府网...[preview_truncated] ||| 闽政通APP 来源：广州日报 4月16日，《广州市旧村庄旧厂房旧城镇改造实施办法》（以下简称《实施办法》）在广州市政府网...[preview_truncated]",full_text_unavailable; use evidence_texts and evidence_urls ||| full_text_unavailable; use evidence_texts and evidence_urls ||| full_text_unavailable; use evidence_texts and evidence_urls ||| full_text_unavailable; use evidence_texts and evidence_urls ||| full_text_unavailable; use evidence_texts and evidence_urls ||| full_text_unavailable; use evidence_texts and evidence_urls,full_text_unavailable ||| full_text_unavailable ||| full_text_unavailable ||| full_text_unavailable ||| full_text_unavailable ||| full_text_unavailable,"用微信扫码二维码 分享至好友和朋友圈 横沙社区 是广州市最早一批 进行更新改造的城中村 在城市更新的大浪潮中 城区面貌有了明显改善 近日 横沙旧改进度条再刷新！ 快跟小编到现场一探究竟 近日，大沙街横沙城中村改造项目安置区3A-1、3B-1地块房屋进行了集中拆除。预计该地块房屋全部拆除后，将复建1058套回迁房。 本次拆除行动地块已于2017年取得区政府发放的改造通告，但受到未签约户主的影响，迟迟无法开工建设。此次行动拆除的房屋，均已签订拆迁安置及交屋协议。由于临近未签约4户留守户提出超纲要求，且多次阻挠拆除工作进行，为加快推动安置房的建设，同时确保本次集中拆除行动高效完成，经过大量充分的准备工作，决定开展本次集中拆除行动。 多措并举 拆除工作安全有序 为了让已签约村民早日回迁 同时保障留守户人身及房屋安全 横沙社区与施工方多措并举 将旧改工作顺利推进 1 提前告知，专人上门以书面及口头告知有关拆除行动注意事项。 2 妥善安置，提供星级酒店作为临时居住方案供留守户选择。 3 生活保障，为了保障留守户基本生活顺畅，在其房屋周边设有畅通的出入口。 4 安全施工，施工过程将沿留守户房屋邻侧立面、进出巷道及造成影响的位置，搭建刚性防护棚，最大程度保障留守户房屋及人身安全。 拆除顺利完成的消息传出后，所有支持旧改、希望早日迎来美好生活的村民都拍手称快。相关部门将继续做好留守户的动员工作，争取 ||| 广州旧改提速，多个项目处理留守户问题 打开手机微信扫一扫 广州城市更新正在提速。 近期，横沙社区以投票的方式通过了一项决议。决议内容是向黄埔区政府申请行政处理“改造范围内所有留守户房屋拆迁补偿安置争议”，从而在6月30日前实现横沙拆迁清零。 这个位于广州市黄埔区的横沙城中村改造项目，于2011年3月开启第一栋房屋的签约工作，至今已超过14年。 而上述决议通过后，项目的合作企业广州市兆霖房地产开发有限公司（下称“兆霖公司”）也有所行动，其已分两批次向区政府报送29栋未签约房屋的行政处理申请，首批申请在4月27日获得区政府正式受理。根据兆霖公司发布的通知，尚未签约的村民可在5月31日前办理签约手续，而剩余未签约房屋则将“由法院依法强制执行”。 为了推动旧改进度，去年以来，广州全市范围内多个城中村改造项目通过纳入政府征收、申请收回集体土地使用权或行政处理的方式，对留守户房屋进行依法动迁。 而近一个月，更多的项目采用了这样的做法。 多个旧改项目处理留守户问题 据时代财经统计，从4月中旬至今，已有至少5个项目宣告即将进行依法动迁，包括黄埔区横沙城中村改造项目、茅岗路以西城中村改造项目、文冲东旧村改造项目，番禺区里仁洞村更新改造项目，白云区陈田村城中村改造项目。 其中，黄埔横沙项目、黄埔文冲东项目将对未签约房屋启动行政处理程序；白云陈田经济联社对收回陈田村改造范围内全部集体土地使用权进行申请， ||| 广州市黄埔区人民政府关于横沙旧村改造项目 剩余地块（除一、二期以外的地块） 改造的通告 横沙旧村改造项目剩余地块（除一、二期以外的地块）改造范围内房屋权属人同意《横沙“城中村”拆迁安置补偿方案》且签订补偿安置协议的已超过90%，依据广州市人民政府城市更新相关政策，现将有关事项通告如下： 一、横沙旧村项目改造范围地块位于黄埔区丰乐北路两侧，护林路以南，大沙东路以北，港湾北路两侧（横沙旧村改造范围内），包括：2A、2B、2C、2D、3A-2、3B-2、4A、4D、3C、3D、3E、3F地块（复建区）；2A、2B、3A、3B、3E、3F、4B、4C、4D、5地块（融资区），改造范围面积约49.78公顷（详见附件）。 二、横沙旧村项目改造由横沙股份经济联合社成立的广州兆霖房地产开发有限公司负责实施。 三、改造范围内的单位和个人应当顾全大局，积极支持和配合改造工作，不得非法阻挠改造工作的开展。 四、横沙旧村项目改造范围地块进入动迁和建设阶段。禁止在改造范围内实施未经批准的新建、扩建、改建房屋和改变房屋用途等行为；改造范围内已到期的出租屋、出租商铺的权益人以续签租约等手段不正当增加补偿费用的，根据民事法律相关规定不予补偿；改造范围内的各类经营业主应及时办理地址变更或注销手续。 五、为确保改造范围内居民的人身和财产安全，改造单位要采取安全措施，对改造范围进行围蔽管理，安全、文明施工。 六、各职能 ||| 今天早上,事发广州黄埔区横沙村的旧改拆迁现场,可以看到挖机已就位,准备拆迁作业有村民发现,与被拆迁的房屋相邻的还有一间没有签约的房屋,但村民直言,房屋并没做足安全的围蔽处理,怕危及到未签的房屋,“连排 ||| 闽政通APP 来源：广州日报 4月16日，《广州市旧村庄旧厂房旧城镇改造实施办法》（以下简称《实施办法》）在广州市政府网站公布，自2024年5月15日起施行。市住建局同步发布具体解读。《实施办法》明确，“留守户”拒不交回集体土地使用权时，属地区政府依法予以处理、申请法院强制执行。 适用于已启动的既有改造项目 2009年以来，广州探索开展“三旧”改造工作，陆续出台了《广州市城市更新办法》及旧村庄、旧厂房、旧城镇更新实施办法等配套文件的“1+3+N”系列文件，对于推动广州以“三旧”改造为核心的城市更新工作发挥了重要作用。 当前，广州“三旧”改造正处于政策调整期。对于新的城中村改造项目，主要适用自2024年5月1日起施行的《广州市城中村改造条例》；对于已启动的既有改造项目，在改造模式、改造程序等方面继续执行原有的政策。但是，广州原有的“三旧”改造政策文件大部分是规范性文件，法律效力层次较低，且部分文件因有效期届至已失效。因此，有必要结合广州“三旧”改造工作实际，针对既有改造项目制定专门的政府规章。 《实施办法》针对广州“三旧”改造既有项目（即在规章实施前已批复方案或者已引入合作企业的，以及其他经市人民政府确定的“三旧”改造项目），明确改造工作规范，为有序推进城市更新行动、实现“老城市、新活力”提供法治保障。 对历史文化保护有贡献的项目，奖励容积率 市住建局介绍，《实施办法》主要有四大制度 ||| 闽政通APP 来源：广州日报 4月16日，《广州市旧村庄旧厂房旧城镇改造实施办法》（以下简称《实施办法》）在广州市政府网站公布，自2024年5月15日起施行。市住建局同步发布具体解读。《实施办法》明确，“留守户”拒不交回集体土地使用权时，属地区政府依法予以处理、申请法院强制执行。 适用于已启动的既有改造项目 2009年以来，广州探索开展“三旧”改造工作，陆续出台了《广州市城市更新办法》及旧村庄、旧厂房、旧城镇更新实施办法等配套文件的“1+3+N”系列文件，对于推动广州以“三旧”改造为核心的城市更新工作发挥了重要作用。 当前，广州“三旧”改造正处于政策调整期。对于新的城中村改造项目，主要适用自2024年5月1日起施行的《广州市城中村改造条例》；对于已启动的既有改造项目，在改造模式、改造程序等方面继续执行原有的政策。但是，广州原有的“三旧”改造政策文件大部分是规范性文件，法律效力层次较低，且部分文件因有效期届至已失效。因此，有必要结合广州“三旧”改造工作实际，针对既有改造项目制定专门的政府规章。 《实施办法》针对广州“三旧”改造既有项目（即在规章实施前已批复方案或者已引入合作企业的，以及其他经市人民政府确定的“三旧”改造项目），明确改造工作规范，为有序推进城市更新行动、实现“老城市、新活力”提供法治保障。 对历史文化保护有贡献的项目，奖励容积率 市住建局介绍，《实施办法》主要有四大制度",social_media ||| forum ||| official ||| social_media ||| official ||| official,https://www.163.com/dy/article/FLUHJBVC0514E3L7.html ||| https://finance.jrj.com.cn/2025/05/21141250558788.shtml ||| http://www.hp.gov.cn/gzjg/qzfgwhgzbm/qzfbgs/content/post_6835249.html ||| https://www.toutiao.com/article/7114580065253638687/ ||| http://tdzx.fuzhou.gov.cn/xxgk/ztzl/dcwz/202405/t20240506_4819301.htm ||| https://tdzx.fuzhou.gov.cn/xxgk/ztzl/dcwz/202405/t20240506_4819301.htm,title_unavailable ||| title_unavailable ||| title_unavailable ||| title_unavailable ||| title_unavailable ||| title_unavailable,date_unavailable ||| date_unavailable ||| date_unavailable ||| date_unavailable ||| date_unavailable ||| date_unavailable,5,silver_candidate,standard_review,0.000,low,low_risk,accept,,,签约率背景、安全风险、临时安置措施及依法申请强执的政策依据均与所列证据匹配，无实质性语义偏差。,annotator_A,adjudicated_final,annotator_A
E004,LLM_CHAIN_E004_003,横沙社区通过决议，针对旧改留守户房屋拆迁补偿争议启动行政处理程序 ||| 4户留守户因补偿安置分歧阻挠已签约地块的集中拆除作业 ||| 兆霖公司分两批报送29栋房屋处理申请，黄埔区政府于4月27日受理并推进依法动迁 ||| 明确5月31日为签约最后期限，逾期未签房屋将移交法院强制执行以实现6月底清零,ev-00076;ev-00077;ev-00081;ev-00085;ev-01460,用微信扫码二维码 分享至好友和朋友圈 横沙社区 是广州市最早一批 进行更新改造的城中村 在城市更新的大浪潮中 城区面貌有...[preview_truncated] ||| 广州旧改提速，多个项目处理留守户问题 打开手机微信扫一扫 广州城市更新正在提速。 近期，横沙社区以投票的方式通过了一项决...[preview_truncated] ||| 横沙城中村改造项目香秀路旁未拆除村民房屋 时代财经摄 广州城市更新正在提速。 近期，横沙社区以投票的方式通过了一项决议。...[preview_truncated] ||| 用微信扫码二维码 分享至好友和朋友圈 本文来源：时代财经 作者：陈泽旋 横沙城中村改造项目香秀路旁未拆除村民房屋 时代财...[preview_truncated] ||| 广州城市更新正在提速。 近期，横沙社区以投票的方式通过了一项决议。决议内容是向黄埔区政府申请行政处理“改造范围内所有留守...[preview_truncated],full_text_unavailable; use evidence_texts and evidence_urls ||| full_text_unavailable; use evidence_texts and evidence_urls ||| full_text_unavailable; use evidence_texts and evidence_urls ||| full_text_unavailable; use evidence_texts and evidence_urls ||| full_text_unavailable; use evidence_texts and evidence_urls,full_text_unavailable ||| full_text_unavailable ||| full_text_unavailable ||| full_text_unavailable ||| full_text_unavailable,用微信扫码二维码 分享至好友和朋友圈 横沙社区 是广州市最早一批 进行更新改造的城中村 在城市更新的大浪潮中 城区面貌有了明显改善 近日 横沙旧改进度条再刷新！ 快跟小编到现场一探究竟 近日，大沙街横沙城中村改造项目安置区3A-1、3B-1地块房屋进行了集中拆除。预计该地块房屋全部拆除后，将复建1058套回迁房。 本次拆除行动地块已于2017年取得区政府发放的改造通告，但受到未签约户主的影响，迟迟无法开工建设。此次行动拆除的房屋，均已签订拆迁安置及交屋协议。由于临近未签约4户留守户提出超纲要求，且多次阻挠拆除工作进行，为加快推动安置房的建设，同时确保本次集中拆除行动高效完成，经过大量充分的准备工作，决定开展本次集中拆除行动。 多措并举 拆除工作安全有序 为了让已签约村民早日回迁 同时保障留守户人身及房屋安全 横沙社区与施工方多措并举 将旧改工作顺利推进 1 提前告知，专人上门以书面及口头告知有关拆除行动注意事项。 2 妥善安置，提供星级酒店作为临时居住方案供留守户选择。 3 生活保障，为了保障留守户基本生活顺畅，在其房屋周边设有畅通的出入口。 4 安全施工，施工过程将沿留守户房屋邻侧立面、进出巷道及造成影响的位置，搭建刚性防护棚，最大程度保障留守户房屋及人身安全。 拆除顺利完成的消息传出后，所有支持旧改、希望早日迎来美好生活的村民都拍手称快。相关部门将继续做好留守户的动员工作，争取 ||| 广州旧改提速，多个项目处理留守户问题 打开手机微信扫一扫 广州城市更新正在提速。 近期，横沙社区以投票的方式通过了一项决议。决议内容是向黄埔区政府申请行政处理“改造范围内所有留守户房屋拆迁补偿安置争议”，从而在6月30日前实现横沙拆迁清零。 这个位于广州市黄埔区的横沙城中村改造项目，于2011年3月开启第一栋房屋的签约工作，至今已超过14年。 而上述决议通过后，项目的合作企业广州市兆霖房地产开发有限公司（下称“兆霖公司”）也有所行动，其已分两批次向区政府报送29栋未签约房屋的行政处理申请，首批申请在4月27日获得区政府正式受理。根据兆霖公司发布的通知，尚未签约的村民可在5月31日前办理签约手续，而剩余未签约房屋则将“由法院依法强制执行”。 为了推动旧改进度，去年以来，广州全市范围内多个城中村改造项目通过纳入政府征收、申请收回集体土地使用权或行政处理的方式，对留守户房屋进行依法动迁。 而近一个月，更多的项目采用了这样的做法。 多个旧改项目处理留守户问题 据时代财经统计，从4月中旬至今，已有至少5个项目宣告即将进行依法动迁，包括黄埔区横沙城中村改造项目、茅岗路以西城中村改造项目、文冲东旧村改造项目，番禺区里仁洞村更新改造项目，白云区陈田村城中村改造项目。 其中，黄埔横沙项目、黄埔文冲东项目将对未签约房屋启动行政处理程序；白云陈田经济联社对收回陈田村改造范围内全部集体土地使用权进行申请， ||| 横沙城中村改造项目香秀路旁未拆除村民房屋 时代财经摄 广州城市更新正在提速。 近期，横沙社区以投票的方式通过了一项决议。决议内容是向黄埔区政府申请行政处理“改造范围内所有留守户房屋拆迁补偿安置争议”，从而在6月30日前实现横沙拆迁清零。 这个位于广州市黄埔区的横沙城中村改造项目，于2011年3月开启第一栋房屋的签约工作，至今已超过14年。 横沙城中村改造项目待拆除房屋 时代财经摄 而上述决议通过后，项目的合作企业广州市兆霖房地产开发有限公司（下称“兆霖公司”）也有所行动，其已分两批次向区政府报送29栋未签约房屋的行政处理申请，首批申请在4月27日获得区政府正式受理。根据兆霖公司发布的通知，尚未签约的村民可在5月31日前办理签约手续，而剩余未签约房屋则将“由法院依法强制执行”。 为了推动旧改进度，去年以来，广州全市范围内多个城中村改造项目通过纳入政府征收、申请收回集体土地使用权或行政处理的方式，对留守户房屋进行依法动迁。 而近一个月，更多的项目采用了这样的做法。 多个旧改项目处理留守户问题 据时代财经统计，从4月中旬至今，已有至少5个项目宣告即将进行依法动迁，包括黄埔区横沙城中村改造项目、茅岗路以西城中村改造项目、文冲东旧村改造项目，番禺区里仁洞村更新改造项目，白云区陈田村城中村改造项目。 其中，黄埔横沙项目、黄埔文冲东项目将对未签约房屋启动行政处理程序；白云陈田经济联社对收回陈田村 ||| 用微信扫码二维码 分享至好友和朋友圈 本文来源：时代财经 作者：陈泽旋 横沙城中村改造项目香秀路旁未拆除村民房屋 时代财经摄 广州城市更新正在提速。 近期，横沙社区以投票的方式通过了一项决议。决议内容是向黄埔区政府申请行政处理“改造范围内所有留守户房屋拆迁补偿安置争议”，从而在6月30日前实现横沙拆迁清零。 这个位于广州市黄埔区的横沙城中村改造项目，于2011年3月开启第一栋房屋的签约工作，至今已超过14年。 横沙城中村改造项目待拆除房屋 时代财经摄 而上述决议通过后，项目的合作企业广州市兆霖房地产开发有限公司（下称“兆霖公司”）也有所行动，其已分两批次向区政府报送29栋未签约房屋的行政处理申请，首批申请在4月27日获得区政府正式受理。根据兆霖公司发布的通知，尚未签约的村民可在5月31日前办理签约手续，而剩余未签约房屋则将“由法院依法强制执行”。 为了推动旧改进度，去年以来，广州全市范围内多个城中村改造项目通过纳入政府征收、申请收回集体土地使用权或行政处理的方式，对留守户房屋进行依法动迁。 而近一个月，更多的项目采用了这样的做法。 多个旧改项目处理留守户问题 据时代财经统计，从4月中旬至今，已有至少5个项目宣告即将进行依法动迁，包括黄埔区横沙城中村改造项目、茅岗路以西城中村改造项目、文冲东旧村改造项目，番禺区里仁洞村更新改造项目，白云区陈田村城中村改造项目。 其中，黄埔横沙项目、黄 ||| 广州城市更新正在提速。 近期，横沙社区以投票的方式通过了一项决议。决议内容是向黄埔区政府申请行政处理“改造范围内所有留守户房屋拆迁补偿安置争议”，从而在6月30日前实现横沙拆迁清零。 这个位于广州市黄埔区的横沙城中村改造项目，于2011年3月开启第一栋房屋的签约工作，至今已超过14年。 而上述决议通过后，项目的合作企业广州市兆霖房地产开发有限公司（下称“兆霖公司”）也有所行动，其已分两批次向区政府报送29栋未签约房屋的行政处理申请，首批申请在4月27日获得区政府正式受理。根据兆霖公司发布的通知，尚未签约的村民可在5月31日前办理签约手续，而剩余未签约房屋则将“由法院依法强制执行”。 为了推动旧改进度，去年以来，广州全市范围内多个城中村改造项目通过纳入政府征收、申请收回集体土地使用权或行政处理的方式，对留守户房屋进行依法动迁。 而近一个月，更多的项目采用了这样的做法。 多个旧改项目处理留守户问题 据时代财经统计，从4月中旬至今，已有至少5个项目宣告即将进行依法动迁，包括黄埔区横沙城中村改造项目、茅岗路以西城中村改造项目、文冲东旧村改造项目，番禺区里仁洞村更新改造项目，白云区陈田村城中村改造项目。 其中，黄埔横沙项目、黄埔文冲东项目将对未签约房屋启动行政处理程序；白云陈田经济联社对收回陈田村改造范围内全部集体土地使用权进行申请，获得了白云区政府同意；黄埔茅岗路以西项目宣布未签约房屋将启,social_media ||| forum ||| forum ||| social_media ||| forum,https://www.163.com/dy/article/FLUHJBVC0514E3L7.html ||| https://finance.jrj.com.cn/2025/05/21141250558788.shtml ||| https://www.sohu.com/a/897175733_237556 ||| https://www.163.com/dy/article/K02LU8S40530KP1K.html ||| https://www.sohu.com/a/897245964_114984,title_unavailable ||| title_unavailable ||| title_unavailable ||| title_unavailable ||| title_unavailable,date_unavailable ||| date_unavailable ||| date_unavailable ||| date_unavailable ||| date_unavailable,3,silver_candidate,standard_review,0.000,low,low_risk,accept,,,行政处理程序启动、4户阻挠细节、29栋申请受理及5月31日最后期限等核心信息均获证据直接支持。,annotator_A,adjudicated_final,annotator_A
E009,LLM_CHAIN_E009_001,公租房住户反映小区停车位被商品房业主圈占致停车困难 ||| 商品房业主使用水泥墩隔断地下车库区域引发纠纷 ||| 光明区住建局回应，物业于4月29日移除石墩 ||| 官方督促物业加强引导优化停车秩序并化解纠纷,ev-00205;ev-00207;ev-00206,"据此前报道,近日,深圳市光明区绿地新都会小区的公租房住户反映,该小区至少上百个车位被同小区的商品房业主圈占,导致公租房住...[preview_truncated] ||| 央广网北京4月29日消息（记者张胜坡）4月28日，央广网发布独家报道《私自用水泥墩圈占小区停车位？商品房业主与公租房住户...[preview_truncated] ||| 记者6日在采访中了解到,深圳市相关方面正在依法依规对该起事件进行处置,并对网传信息进行核实处理,后续还将针对事件中暴露出...[preview_truncated]",full_text_unavailable; use evidence_texts and evidence_urls ||| full_text_unavailable; use evidence_texts and evidence_urls ||| full_text_unavailable; use evidence_texts and evidence_urls,full_text_unavailable ||| full_text_unavailable ||| full_text_unavailable,"据此前报道,近日,深圳市光明区绿地新都会小区的公租房住户反映,该小区至少上百个车位被同小区的商品房业主圈占,导致公租房住户停车困难。 官方资料显示,绿地新都会小区是光明区2022年第一批次公共租赁住房 ||| 央广网北京4月29日消息（记者张胜坡）4月28日，央广网发布独家报道《私自用水泥墩圈占小区停车位？商品房业主与公租房住户停车位之争背后》，引发关注。 据此前报道，近日，深圳市光明区绿地新都会小区的公租房住户反映，该小区至少上百个车位被同小区的商品房业主圈占，导致公租房住户停车困难。 官方资料显示，绿地新都会小区是光明区2022年第一批次公共租赁住房，供应房源共计408套，已全部租赁完毕。 4月29日，深圳市光明区住房和建设局回应央广网称，小区物业公司29日已对地下车库内的石墩进行移除。接下来，住建局将督促物业公司加强引导，进一步优化小区停车秩序管理。 深圳市光明区住建局相关负责人介绍，绿地新都会小区共1052套住房。小区于2022年7月起陆续入住，现已入住757户，入住率约72%。因小区停车位紧张，商品房住户用石墩将小区地下车库负一楼和负二楼停车区域隔断起来，因而与公租房住户产生纠纷。 对于地面停车场的路障，光明区住建局副局长钟炽东解释，因为此前开发商承诺划拨给商品房业主部分临时车位使用，商品房业主为了保障使用这部分车位，自行设置了路障，“就是一条分界线的意思”。 4月29日，绿地新都会小区商品房业主钟女士证实了该说法。钟女士提供的一份“绿地新都会公馆业主代表座谈会会议备忘”显示，2022年6月30日下午，光明区副区长彭颖组织召开了绿地新都会公馆业主代表座谈会，区住建局、区信访局、 ||| 记者6日在采访中了解到,深圳市相关方面正在依法依规对该起事件进行处置,并对网传信息进行核实处理,后续还将针对事件中暴露出的停车位使用权问题,督促开发商、物业公司做好相关纠纷化解工作。",public_web ||| mainstream_news ||| social_media,https://news.cnr.cn/dj/20240429/t20240429_526687945.shtml ||| https://m.sohu.com/a/777771356_121687421/?pvid=000115_3w_a ||| https://www.toutiao.com/article/7106408237708100100/,title_unavailable ||| title_unavailable ||| title_unavailable,date_unavailable ||| date_unavailable ||| date_unavailable,3,silver_candidate,standard_review,0.000,low,low_risk,accept,,,车位圈占争议、水泥墩隔断、住建局回应移除及后续督促整改等事实均有央广网等权威报道支撑，覆盖完整。,annotator_A,adjudicated_final,annotator_A
E009,LLM_CHAIN_E009_002,媒体曝光绿地新都会小区停车位圈占争议 ||| 商品房业主承认使用水泥墩围挡停车场通道 ||| 光明区住建局回应称物业已移除地下车库石墩 ||| 相关部门依法依规处置并督促开发商物业化解纠纷,ev-01536;ev-01538;ev-00207;ev-00206,"央广网北京4月28日消息(记者张胜坡)近日,深圳某公租房小区的住户向央广网反映,他们所住小区内,至少上百个车位被同小区的...[preview_truncated] ||| 近日，深圳某公租房小区的住户向央广网反映，他们所住小区内，至少上百个车位被同小区的商品房业主圈占，导致公租房住户停车困难...[preview_truncated] ||| 央广网北京4月29日消息（记者张胜坡）4月28日，央广网发布独家报道《私自用水泥墩圈占小区停车位？商品房业主与公租房住户...[preview_truncated] ||| 记者6日在采访中了解到,深圳市相关方面正在依法依规对该起事件进行处置,并对网传信息进行核实处理,后续还将针对事件中暴露出...[preview_truncated]",full_text_unavailable; use evidence_texts and evidence_urls ||| full_text_unavailable; use evidence_texts and evidence_urls ||| full_text_unavailable; use evidence_texts and evidence_urls ||| full_text_unavailable; use evidence_texts and evidence_urls,full_text_unavailable ||| full_text_unavailable ||| full_text_unavailable ||| full_text_unavailable,"央广网北京4月28日消息(记者张胜坡)近日,深圳某公租房小区的住户向央广网反映,他们所住小区内,至少上百个车位被同小区的商品房业主圈占,导致公租房住户停车困难。 该小区是深圳市光明区光明街道光明大街的 ||| 近日，深圳某公租房小区的住户向央广网反映，他们所住小区内，至少上百个车位被同小区的商品房业主圈占，导致公租房住户停车困难。 该小区是深圳市光明区光明街道光明大街的“绿地新都会”。官方资料显示，“绿地新都会”小区是2022年第一批次公共租赁住房，供应房源共计408套，已全部租赁完毕。 4月25日至27日，记者多次致电光明区住建局和光明街道办事处了解相关问题处理过程和进展，截至发稿未获回复。 25日，“绿地新都会”小区物业主管罗某回复央广网称，他已将记者的采访请求上报公司，将会由公司新闻发言人回复，截至发稿，记者未获回复。28日，该小区商品房业主表示，业主用水泥墩围挡停车场通道的情况确实存在。 据媒体报道，近年来，商品房配建的保障房被区别对待的情况在全国各地已多次发生。对此，华东政法大学法律学院副教授孙维飞表示，从法理上来讲，公租房住户承租的是政府住房，在小区公共设施上，只要政府没有限制他们的使用权，他们理应享有和商品房业主平等的权利。 公租房住户： 商品房业主使用水泥墩圈占停车位 据了解，“绿地新都会”小区共有1052套住房，其中408套是公租房，其余为商品房和回迁房。 李先生是2023年元旦入住“绿地新都会”小区的公租房。他告诉记者，刚入住时，小区地上和地下停车场都免费向所有住户开放，随着公租房住户逐渐搬入，去年4月份，部分商品房业主开始用水泥墩圈占停车位。 在地上停车场，6块黄色 ||| 央广网北京4月29日消息（记者张胜坡）4月28日，央广网发布独家报道《私自用水泥墩圈占小区停车位？商品房业主与公租房住户停车位之争背后》，引发关注。 据此前报道，近日，深圳市光明区绿地新都会小区的公租房住户反映，该小区至少上百个车位被同小区的商品房业主圈占，导致公租房住户停车困难。 官方资料显示，绿地新都会小区是光明区2022年第一批次公共租赁住房，供应房源共计408套，已全部租赁完毕。 4月29日，深圳市光明区住房和建设局回应央广网称，小区物业公司29日已对地下车库内的石墩进行移除。接下来，住建局将督促物业公司加强引导，进一步优化小区停车秩序管理。 深圳市光明区住建局相关负责人介绍，绿地新都会小区共1052套住房。小区于2022年7月起陆续入住，现已入住757户，入住率约72%。因小区停车位紧张，商品房住户用石墩将小区地下车库负一楼和负二楼停车区域隔断起来，因而与公租房住户产生纠纷。 对于地面停车场的路障，光明区住建局副局长钟炽东解释，因为此前开发商承诺划拨给商品房业主部分临时车位使用，商品房业主为了保障使用这部分车位，自行设置了路障，“就是一条分界线的意思”。 4月29日，绿地新都会小区商品房业主钟女士证实了该说法。钟女士提供的一份“绿地新都会公馆业主代表座谈会会议备忘”显示，2022年6月30日下午，光明区副区长彭颖组织召开了绿地新都会公馆业主代表座谈会，区住建局、区信访局、 ||| 记者6日在采访中了解到,深圳市相关方面正在依法依规对该起事件进行处置,并对网传信息进行核实处理,后续还将针对事件中暴露出的停车位使用权问题,督促开发商、物业公司做好相关纠纷化解工作。",public_web ||| public_web ||| mainstream_news ||| social_media,https://news.cnr.cn/dj/20240428/t20240428_526685236.shtml ||| https://web.shobserver.com/wx/detail.do?id=743731 ||| https://m.sohu.com/a/777771356_121687421/?pvid=000115_3w_a ||| https://www.toutiao.com/article/7106408237708100100/,title_unavailable ||| title_unavailable ||| title_unavailable ||| title_unavailable,date_unavailable ||| date_unavailable ||| date_unavailable ||| date_unavailable,4,silver_candidate,standard_review,0.000,low,low_risk,accept,,,媒体曝光、业主承认围挡、物业移除石墩及部门依法处置等链条环节与证据高度一致，属合理概括。,annotator_A,adjudicated_final,annotator_A
E011,LLM_CHAIN_E011_001,学生发布食堂异物视频质疑食品安全 ||| 校方与当地市监局初步认定为鸭脖引发舆论质疑 ||| 省级多部门成立联合调查组介入调查 ||| 联合调查组通报异物确为鼠头，涉事企业被处罚并解约,ev-01581;ev-01584;ev-00242;ev-01577;ev-00243;ev-00249,"2023年6月1日下午，一则“江西工业职业技术学院饭菜中疑吃出老鼠头”的视频在网络传播，视频画面的饭菜中，疑似有异物出现...[preview_truncated] ||| 调查问题加载中，请稍候。 若长时间无响应，请刷新本页面 网络视频截图 6月3日，江西工业职业技术学校官方微博就“学校食堂...[preview_truncated] ||| 江西工业职业技术学院icon,学生就餐惊现“鼠头”!!!食堂当即给出解释,是鸭脖子。随后,当地市场监督管理局给出反复检验...[preview_truncated] ||| 据新华社消息，6月10日，“江西工职院‘6·1’食品安全事件”联合调查组发布情况通报，针对江西工业职业技术学院“6·1”...[preview_truncated] ||| 分享到 原创2023-06-17南周快评 辛省志 责任编辑：陈斌 此前引起广泛关注的江西工业职业技术学院“鼠头鸭脖”事件...[preview_truncated] ||| 用微信扫码二维码 分享至好友和朋友圈 闹得沸沸扬扬的“鼠头鸭脖”事件终于迎来了最新的大反转，经官方联合调查组调查确认：江...[preview_truncated]",full_text_unavailable; use evidence_texts and evidence_urls ||| full_text_unavailable; use evidence_texts and evidence_urls ||| full_text_unavailable; use evidence_texts and evidence_urls ||| full_text_unavailable; use evidence_texts and evidence_urls ||| full_text_unavailable; use evidence_texts and evidence_urls ||| full_text_unavailable; use evidence_texts and evidence_urls,full_text_unavailable ||| full_text_unavailable ||| full_text_unavailable ||| full_text_unavailable ||| full_text_unavailable ||| full_text_unavailable,"2023年6月1日下午，一则“江西工业职业技术学院饭菜中疑吃出老鼠头”的视频在网络传播，视频画面的饭菜中，疑似有异物出现1。 2023年6月3日，针对视频内容，江西工业职业技术学院做出回应表示确认“异物”为鸭脖，随后南昌市市场监督管理局工作人员也确认为鸭脖1。6月10日，相关部门成立事件联合调查组进行调查，并在6月17日公布调查结果，认定饭菜中异物是鼠头，江西工业职业技术学院对此次事件负主体责任，涉事企业负直接责任，市场监督管理部门负监管责任2。同时学校也与涉事食堂供应商为江西中快后勤服务有限公司解除合约3，涉事企业及相关责任人受到行政处罚。 2024年3月，江西中快后勤服务有限公司因其他违反食品安全法律、行政法规规定，严重危害人民群众身体健康和生命安全的违法行为，被南昌市市场监督管理局列入严重违法失信企业名单4。 6·1江西工职院食品安全事件 2023年6月1日下午 江西工业职业技术学院1 江西工业职业技术学院是1999年经教育部批准成立的江西省首批独立设置的公办全日制综合性高等职业院校，是江西省示范性高等职业院校。学校创办于1954年，先后经历了调整、升格、合并、更名等发展阶段，已有近70年的办学历史。 2021年11月，江西工业职业技术学院（涉事高校）另外一个校区曾经在食堂发现老鼠。该校当时在其官方微博发布情况说明，承认系管理人员疏于监管，导致有室外老鼠窜入。学校对涉事公司进 ||| 调查问题加载中，请稍候。 若长时间无响应，请刷新本页面 网络视频截图 6月3日，江西工业职业技术学校官方微博就“学校食堂饭菜中吃出老鼠头”一事发布情况通报，称饭菜中的“异物”经当事人确认为鸭脖。通报全文如下： 2023年6月1日下午，一则“江西一高校饭菜中疑吃出老鼠头”的视频在网络媒体传播，视频内容涉及我校食堂食品安全。对此，学校党委高度重视、迅速部署，要求立即组织封存相关档口食物并同步开展调查处置。 经调查，视频拍摄地点确实在我校食堂，但反映内容与事实不符。当事学生本人在事发当时即邀请同学共同对“异物”进行了比对，确认“异物”为鸭脖，为正常食物。该学生已现场作出书面说明对视频内容进行澄清。 南昌市高新区市场监督管理局接到情况报告后，第一时间派出执法人员到我校开展调查，问询学校工作人员、食堂负责人、当事学生及相关知情人，对食品留样进行采样检测。 食品安全无小事，校园食品安全尤其关系到学生健康、家庭未来和社会稳定。学校是学生、老师、在校职工共同的家园，我们都应为守护好家园尽自己的一份力。我们将进一步加强对学校食堂的科学管理，进一步督促食堂经营管理方落实好食品安全主体责任，不断提升食品安全水平，让广大师生吃得安心、吃得放心。 法治日报全媒体记者 周孝清 点击右上角微信好友 朋友圈 点击浏览器下方“”分享微信好友Safari浏览器请点击“”按钮 点击右上角QQ 点击浏览器下方“”分享QQ ||| 江西工业职业技术学院icon,学生就餐惊现“鼠头”!!!食堂当即给出解释,是鸭脖子。随后,当地市场监督管理局给出反复检验的结论,也是鸭脖子。不过根据现场的照片,这鸭脖子也太挑战网友们的视觉神经了,长着 ||| 据新华社消息，6月10日，“江西工职院‘6·1’食品安全事件”联合调查组发布情况通报，针对江西工业职业技术学院“6·1”食品安全事件，江西省已成立由省教育厅、省公安厅、省国资委、省市场监督管理局等部门组成的联合调查组，进行调查。 下一步，联合调查组将及时向社会公布有关调查处理情况。 相关报道： 到底是鼠是鸭，不该这么难查 高校食堂吃出疑似老鼠头？江西省教育厅介入调查 来源：新华社 点 『阅读原文』发布供求信息返回搜狐，查看更多 ||| 分享到 原创2023-06-17南周快评 辛省志 责任编辑：陈斌 此前引起广泛关注的江西工业职业技术学院“鼠头鸭脖”事件终于有了最终结论。 据央视报道，6月17日，江西省教育厅、省公安厅、省国资委、省市场监督管理局组成的联合调查组发布通报，称经勘察现场，调取监控视频发现，6月1日，学生在食堂吃出疑似为“鼠头”的异物，被涉事食堂工作人员事发当日丢弃。通过查看食堂后厨视频，查阅采购清单，询问涉事食堂负责人、后厨相关当事人、当事学生和现场围观学生等，判定异物不是鸭脖。根据国内权威动物专家对提取的当事学生所拍现场照片和视频进行专业辨识，判定异物为老鼠类啮齿动物的头部。南昌高新区市场监督管理局昌东分局、江西工业职业技术学院未认真调查取证，发布“ 校对：胡晓 登录获取更多阅读权限 {{ isview_popup.firstLine }}{{ isview_popup.highlight }} {{ isview_popup.secondLine }} 广东南方数媒工场科技有限责任公司 | 新闻信息服务许可证号：44120190002 ICP经营许可证号：粤B2-20050252号 网站备案信息：粤ICP备13019428号 违法和不良信息监督电话：020-87361587 | 监督邮箱：nfzm@infzm.com 粤公网安备 44010402002852号 ||| 用微信扫码二维码 分享至好友和朋友圈 闹得沸沸扬扬的“鼠头鸭脖”事件终于迎来了最新的大反转，经官方联合调查组调查确认：江西职院食堂饭菜中的出现的“异物”就是老鼠头。 依据《中华人民共和国食品安全法》及其实施条例，南昌市市场监督治理局已吊销涉事食堂食品经营许可证，对涉事企业和法定代表人顶格处罚。 据媒体报道，下一步，将依法依规严肃处理江西工业职业技术学院、南昌高新区市场监督治理局昌东分局等相关责任单位、涉事企业和责任人，并在全省开展食品安全专项整治，抓好源头治理，切实保证人民群众食品安全。 就此，算是为该事件“盖棺定论”，圆满收官。可是，回忆整个事件，仍旧还有3个问题没能为网友答疑解惑。 事件起因 整件事的起因说起来其实也很简单。 6月1日，在江西职业技术学院，有一名学生爆料，在学校食堂疑似吃出了“异物”，而该“异物”看起来就像是老鼠的头部。于是向食堂的工作人员确认，得到的答案却是“这不是老鼠头，而是鸭肉”。 一个学校的食堂，关乎着学校里数千名师生的健康问题，这可不是一件小事儿。 学校紧跟其后，公布情况通报，声称拍视频者公布的内容与事实不符，还言之凿凿最后来了一段“义正言辞”的说辞：食品安全无小事，校园食品安全，尤其关系到学生健康，家庭未来和社会稳定。 随后，发视频爆料的学生也出面澄清，自己吃到的“异物”不是老鼠头，而是鸭脖子。 不少网友纷纷指责当地市场监督治理局工作人员是在“指鹿为",public_web ||| social_media ||| social_media ||| mainstream_news ||| mainstream_news ||| social_media,https://baike.sogou.com/v215789986.htm ||| https://m.gmw.cn/2023-06/04/content_1303394540.htm ||| https://www.toutiao.com/article/7240978888246018600/ ||| https://news.sohu.com/a/683945040_121123754 ||| https://www.infzm.com/contents/251042?source=124&source_1=251313 ||| https://www.163.com/dy/article/I7G6S2S005561JHJ.html,title_unavailable ||| title_unavailable ||| title_unavailable ||| title_unavailable ||| title_unavailable ||| title_unavailable,date_unavailable ||| date_unavailable ||| date_unavailable ||| date_unavailable ||| date_unavailable ||| date_unavailable,6,silver_candidate,standard_review,0.000,low,low_risk,accept,,,视频曝光、初期鸭脖结论引发质疑、省级联合调查组介入及最终鼠头定性并处罚解约等全流程均被证据准确覆盖。,annotator_A,adjudicated_final,annotator_A
E011,LLM_CHAIN_E011_002,6月1日学生就餐发现疑似鼠头异物并上网曝光 ||| 校方及属地监管部门快速回应称系鸭脖遭公众广泛质疑 ||| 6月10日江西省教育厅等多部门组建联合调查组彻查 ||| 6月17日调查组公布结果确认为鼠头并追究相关主体责任,ev-01581;ev-00242;ev-01584;ev-01577;ev-01578;ev-00243;ev-01586,"2023年6月1日下午，一则“江西工业职业技术学院饭菜中疑吃出老鼠头”的视频在网络传播，视频画面的饭菜中，疑似有异物出现...[preview_truncated] ||| 江西工业职业技术学院icon,学生就餐惊现“鼠头”!!!食堂当即给出解释,是鸭脖子。随后,当地市场监督管理局给出反复检验...[preview_truncated] ||| 调查问题加载中，请稍候。 若长时间无响应，请刷新本页面 网络视频截图 6月3日，江西工业职业技术学校官方微博就“学校食堂...[preview_truncated] ||| 据新华社消息，6月10日，“江西工职院‘6·1’食品安全事件”联合调查组发布情况通报，针对江西工业职业技术学院“6·1”...[preview_truncated] ||| 用微信扫码二维码 分享至好友和朋友圈 据央视新闻报道，6月10日，“江西工职院‘6·1’食品安全事件”联合调查组发布情况...[preview_truncated] ||| 分享到 原创2023-06-17南周快评 辛省志 责任编辑：陈斌 此前引起广泛关注的江西工业职业技术学院“鼠头鸭脖”事件...[preview_truncated] ||| 如何设置星标：点击上方蓝字“粤穗平台”➤ 右上角按钮“…”➤ 设为星标⭐ 近日，“江西工业职业技术学院饭菜中疑吃出老鼠头...[preview_truncated]",full_text_unavailable; use evidence_texts and evidence_urls ||| full_text_unavailable; use evidence_texts and evidence_urls ||| full_text_unavailable; use evidence_texts and evidence_urls ||| full_text_unavailable; use evidence_texts and evidence_urls ||| full_text_unavailable; use evidence_texts and evidence_urls ||| full_text_unavailable; use evidence_texts and evidence_urls ||| full_text_unavailable; use evidence_texts and evidence_urls,full_text_unavailable ||| full_text_unavailable ||| full_text_unavailable ||| full_text_unavailable ||| full_text_unavailable ||| full_text_unavailable ||| full_text_unavailable,"2023年6月1日下午，一则“江西工业职业技术学院饭菜中疑吃出老鼠头”的视频在网络传播，视频画面的饭菜中，疑似有异物出现1。 2023年6月3日，针对视频内容，江西工业职业技术学院做出回应表示确认“异物”为鸭脖，随后南昌市市场监督管理局工作人员也确认为鸭脖1。6月10日，相关部门成立事件联合调查组进行调查，并在6月17日公布调查结果，认定饭菜中异物是鼠头，江西工业职业技术学院对此次事件负主体责任，涉事企业负直接责任，市场监督管理部门负监管责任2。同时学校也与涉事食堂供应商为江西中快后勤服务有限公司解除合约3，涉事企业及相关责任人受到行政处罚。 2024年3月，江西中快后勤服务有限公司因其他违反食品安全法律、行政法规规定，严重危害人民群众身体健康和生命安全的违法行为，被南昌市市场监督管理局列入严重违法失信企业名单4。 6·1江西工职院食品安全事件 2023年6月1日下午 江西工业职业技术学院1 江西工业职业技术学院是1999年经教育部批准成立的江西省首批独立设置的公办全日制综合性高等职业院校，是江西省示范性高等职业院校。学校创办于1954年，先后经历了调整、升格、合并、更名等发展阶段，已有近70年的办学历史。 2021年11月，江西工业职业技术学院（涉事高校）另外一个校区曾经在食堂发现老鼠。该校当时在其官方微博发布情况说明，承认系管理人员疏于监管，导致有室外老鼠窜入。学校对涉事公司进 ||| 江西工业职业技术学院icon,学生就餐惊现“鼠头”!!!食堂当即给出解释,是鸭脖子。随后,当地市场监督管理局给出反复检验的结论,也是鸭脖子。不过根据现场的照片,这鸭脖子也太挑战网友们的视觉神经了,长着 ||| 调查问题加载中，请稍候。 若长时间无响应，请刷新本页面 网络视频截图 6月3日，江西工业职业技术学校官方微博就“学校食堂饭菜中吃出老鼠头”一事发布情况通报，称饭菜中的“异物”经当事人确认为鸭脖。通报全文如下： 2023年6月1日下午，一则“江西一高校饭菜中疑吃出老鼠头”的视频在网络媒体传播，视频内容涉及我校食堂食品安全。对此，学校党委高度重视、迅速部署，要求立即组织封存相关档口食物并同步开展调查处置。 经调查，视频拍摄地点确实在我校食堂，但反映内容与事实不符。当事学生本人在事发当时即邀请同学共同对“异物”进行了比对，确认“异物”为鸭脖，为正常食物。该学生已现场作出书面说明对视频内容进行澄清。 南昌市高新区市场监督管理局接到情况报告后，第一时间派出执法人员到我校开展调查，问询学校工作人员、食堂负责人、当事学生及相关知情人，对食品留样进行采样检测。 食品安全无小事，校园食品安全尤其关系到学生健康、家庭未来和社会稳定。学校是学生、老师、在校职工共同的家园，我们都应为守护好家园尽自己的一份力。我们将进一步加强对学校食堂的科学管理，进一步督促食堂经营管理方落实好食品安全主体责任，不断提升食品安全水平，让广大师生吃得安心、吃得放心。 法治日报全媒体记者 周孝清 点击右上角微信好友 朋友圈 点击浏览器下方“”分享微信好友Safari浏览器请点击“”按钮 点击右上角QQ 点击浏览器下方“”分享QQ ||| 据新华社消息，6月10日，“江西工职院‘6·1’食品安全事件”联合调查组发布情况通报，针对江西工业职业技术学院“6·1”食品安全事件，江西省已成立由省教育厅、省公安厅、省国资委、省市场监督管理局等部门组成的联合调查组，进行调查。 下一步，联合调查组将及时向社会公布有关调查处理情况。 相关报道： 到底是鼠是鸭，不该这么难查 高校食堂吃出疑似老鼠头？江西省教育厅介入调查 来源：新华社 点 『阅读原文』发布供求信息返回搜狐，查看更多 ||| 用微信扫码二维码 分享至好友和朋友圈 据央视新闻报道，6月10日，“江西工职院‘6·1’食品安全事件”联合调查组发布情况通报，针对江西工业职业技术学院“6·1”食品安全事件，江西省已成立由省教育厅、省公安厅、省国资委、省市场监督管理局等部门组成的联合调查组，进行调查。下一步，联合调查组将及时向社会公布有关调查处理情况。 一个简单的卫生问题，做错了就要挨打，没问题就多方面立体澄清解释到大家满意，还能给学校宣传一下。 也不知道怎么江西有关市场监督局和学校领导怎么想的，搞得一个新成语出世：鼠头鸭脖，大家自动对标指鹿为马，学校老师还发动学校学生控评……是各层的公关都出了问题，处理方法也出了问题…… 所以，本来这么清楚的一个视频，江西市场监督管理局还动用了检测设备，难道有关领导真到了鼠头鸭脖分不清的地步了吗？ 这事让我想起了一个词，就是“塔西佗陷阱”，这个词得名于古罗马历史学家塔西佗，意指倘若公权力失去公信力，无论其如何发言或做任何事，社会均将给予其负面评价，会不相信它的说法。 “塔西佗陷阱”是个非常危险的现象，一旦陷入这个陷阱，民众对公权力的信任就会丧失，而且你说的越多、做的越多，信任丧失得越彻底。 所以，一个“鸭脖”惊动省厅三个部门联合调查，也说明江西已经意识到了问题的严重性。也不知道这次联合调查，能不能揭开“鸭脖”之谜，拭目期待吧。 特别声明：以上内容(如有图片或视频亦包括在内)为自媒 ||| 分享到 原创2023-06-17南周快评 辛省志 责任编辑：陈斌 此前引起广泛关注的江西工业职业技术学院“鼠头鸭脖”事件终于有了最终结论。 据央视报道，6月17日，江西省教育厅、省公安厅、省国资委、省市场监督管理局组成的联合调查组发布通报，称经勘察现场，调取监控视频发现，6月1日，学生在食堂吃出疑似为“鼠头”的异物，被涉事食堂工作人员事发当日丢弃。通过查看食堂后厨视频，查阅采购清单，询问涉事食堂负责人、后厨相关当事人、当事学生和现场围观学生等，判定异物不是鸭脖。根据国内权威动物专家对提取的当事学生所拍现场照片和视频进行专业辨识，判定异物为老鼠类啮齿动物的头部。南昌高新区市场监督管理局昌东分局、江西工业职业技术学院未认真调查取证，发布“ 校对：胡晓 登录获取更多阅读权限 {{ isview_popup.firstLine }}{{ isview_popup.highlight }} {{ isview_popup.secondLine }} 广东南方数媒工场科技有限责任公司 | 新闻信息服务许可证号：44120190002 ICP经营许可证号：粤B2-20050252号 网站备案信息：粤ICP备13019428号 违法和不良信息监督电话：020-87361587 | 监督邮箱：nfzm@infzm.com 粤公网安备 44010402002852号 ||| 如何设置星标：点击上方蓝字“粤穗平台”➤ 右上角按钮“…”➤ 设为星标⭐ 近日，“江西工业职业技术学院饭菜中疑吃出老鼠头”事件持续发酵。 6月17日，江西发布通报： 针对江西工业职业技术学院“6·1”食品安全事件，省教育厅、省公安厅、省国资委、省市场监督管理局组成的联合调查组，本着实事求是原则开展调查，现将有关情况通报如下。 联合调查组经勘察现场，调取监控视频发现，6月1日，学生在食堂吃出疑似为“鼠头”的异物，被涉事食堂工作人员事发当日丢弃。通过查看食堂后厨视频，查阅采购清单，询问涉事食堂负责人、后厨相关当事人、当事学生和现场围观学生等，判定异物不是鸭脖。根据国内权威动物专家对提取的当事学生所拍现场照片和视频进行专业辨识，判定异物为老鼠类啮齿动物的头部。南昌高新区市场监督管理局昌东分局、江西工业职业技术学院未认真调查取证，发布“异物为鸭脖”结论是错误的。 经认定，江西工业职业技术学院对此次事件负主体责任，涉事企业负直接责任，市场监督管理部门负监管责任。 目前，依据《中华人民共和国食品安全法》及其实施条例，南昌市市场监督管理局已吊销涉事食堂食品经营许可证，对涉事企业和法定代表人顶格处罚。下一步，将依法依规严肃处理江西工业职业技术学院、南昌高新区市场监督管理局昌东分局等相关责任单位、涉事企业和责任人，并在全省开展食品安全专项整治，抓好源头治理，切实保障人民群众食品安全。 6月1日，一则",public_web ||| social_media ||| social_media ||| mainstream_news ||| social_media ||| mainstream_news ||| public_web,https://baike.sogou.com/v215789986.htm ||| https://www.toutiao.com/article/7240978888246018600/ ||| https://m.gmw.cn/2023-06/04/content_1303394540.htm ||| https://news.sohu.com/a/683945040_121123754 ||| https://www.163.com/dy/article/I6THGLKL055319R5.html ||| https://www.infzm.com/contents/251042?source=124&source_1=251313 ||| https://3g.163.com/news/article/I7EUC736055607G5.html,title_unavailable ||| title_unavailable ||| title_unavailable ||| title_unavailable ||| title_unavailable ||| title_unavailable ||| title_unavailable,date_unavailable ||| date_unavailable ||| date_unavailable ||| date_unavailable ||| date_unavailable ||| date_unavailable ||| date_unavailable,7,silver_candidate,standard_review,0.000,low,low_risk,accept,,,关键时间节点（6.1/6.3/6.10/6.17）、责任主体回应反转及联合调查通报结论均与所列证据严格对应，无需修订。,annotator_A,adjudicated_final,annotator_A
E011,LLM_CHAIN_E011_003,高校食堂饭菜现异物视频在网络传播引发关注 ||| 官方初期“指鼠为鸭”结论引发舆情发酵与公信力危机 ||| 省级联合调查组进驻开展现场勘察与专家鉴定 ||| 官方通报推翻原结论认定鼠头，启动全省食品安全专项整治,ev-01581;ev-01584;ev-00242;ev-01587;ev-00243;ev-01577;ev-00249;ev-01586,"2023年6月1日下午，一则“江西工业职业技术学院饭菜中疑吃出老鼠头”的视频在网络传播，视频画面的饭菜中，疑似有异物出现...[preview_truncated] ||| 调查问题加载中，请稍候。 若长时间无响应，请刷新本页面 网络视频截图 6月3日，江西工业职业技术学校官方微博就“学校食堂...[preview_truncated] ||| 江西工业职业技术学院icon,学生就餐惊现“鼠头”!!!食堂当即给出解释,是鸭脖子。随后,当地市场监督管理局给出反复检验...[preview_truncated] ||| 当前位置：首页 > 文章中心 > 理论园地 > 全网奔走相告：是老鼠头！不是鸭脖子！更不是“文凭”、“学历”和“毕业证”...[preview_truncated] ||| 分享到 原创2023-06-17南周快评 辛省志 责任编辑：陈斌 此前引起广泛关注的江西工业职业技术学院“鼠头鸭脖”事件...[preview_truncated] ||| 据新华社消息，6月10日，“江西工职院‘6·1’食品安全事件”联合调查组发布情况通报，针对江西工业职业技术学院“6·1”...[preview_truncated] ||| 用微信扫码二维码 分享至好友和朋友圈 闹得沸沸扬扬的“鼠头鸭脖”事件终于迎来了最新的大反转，经官方联合调查组调查确认：江...[preview_truncated] ||| 如何设置星标：点击上方蓝字“粤穗平台”➤ 右上角按钮“…”➤ 设为星标⭐ 近日，“江西工业职业技术学院饭菜中疑吃出老鼠头...[preview_truncated]",full_text_unavailable; use evidence_texts and evidence_urls ||| full_text_unavailable; use evidence_texts and evidence_urls ||| full_text_unavailable; use evidence_texts and evidence_urls ||| full_text_unavailable; use evidence_texts and evidence_urls ||| full_text_unavailable; use evidence_texts and evidence_urls ||| full_text_unavailable; use evidence_texts and evidence_urls ||| full_text_unavailable; use evidence_texts and evidence_urls ||| full_text_unavailable; use evidence_texts and evidence_urls,full_text_unavailable ||| full_text_unavailable ||| full_text_unavailable ||| full_text_unavailable ||| full_text_unavailable ||| full_text_unavailable ||| full_text_unavailable ||| full_text_unavailable,"2023年6月1日下午，一则“江西工业职业技术学院饭菜中疑吃出老鼠头”的视频在网络传播，视频画面的饭菜中，疑似有异物出现1。 2023年6月3日，针对视频内容，江西工业职业技术学院做出回应表示确认“异物”为鸭脖，随后南昌市市场监督管理局工作人员也确认为鸭脖1。6月10日，相关部门成立事件联合调查组进行调查，并在6月17日公布调查结果，认定饭菜中异物是鼠头，江西工业职业技术学院对此次事件负主体责任，涉事企业负直接责任，市场监督管理部门负监管责任2。同时学校也与涉事食堂供应商为江西中快后勤服务有限公司解除合约3，涉事企业及相关责任人受到行政处罚。 2024年3月，江西中快后勤服务有限公司因其他违反食品安全法律、行政法规规定，严重危害人民群众身体健康和生命安全的违法行为，被南昌市市场监督管理局列入严重违法失信企业名单4。 6·1江西工职院食品安全事件 2023年6月1日下午 江西工业职业技术学院1 江西工业职业技术学院是1999年经教育部批准成立的江西省首批独立设置的公办全日制综合性高等职业院校，是江西省示范性高等职业院校。学校创办于1954年，先后经历了调整、升格、合并、更名等发展阶段，已有近70年的办学历史。 2021年11月，江西工业职业技术学院（涉事高校）另外一个校区曾经在食堂发现老鼠。该校当时在其官方微博发布情况说明，承认系管理人员疏于监管，导致有室外老鼠窜入。学校对涉事公司进 ||| 调查问题加载中，请稍候。 若长时间无响应，请刷新本页面 网络视频截图 6月3日，江西工业职业技术学校官方微博就“学校食堂饭菜中吃出老鼠头”一事发布情况通报，称饭菜中的“异物”经当事人确认为鸭脖。通报全文如下： 2023年6月1日下午，一则“江西一高校饭菜中疑吃出老鼠头”的视频在网络媒体传播，视频内容涉及我校食堂食品安全。对此，学校党委高度重视、迅速部署，要求立即组织封存相关档口食物并同步开展调查处置。 经调查，视频拍摄地点确实在我校食堂，但反映内容与事实不符。当事学生本人在事发当时即邀请同学共同对“异物”进行了比对，确认“异物”为鸭脖，为正常食物。该学生已现场作出书面说明对视频内容进行澄清。 南昌市高新区市场监督管理局接到情况报告后，第一时间派出执法人员到我校开展调查，问询学校工作人员、食堂负责人、当事学生及相关知情人，对食品留样进行采样检测。 食品安全无小事，校园食品安全尤其关系到学生健康、家庭未来和社会稳定。学校是学生、老师、在校职工共同的家园，我们都应为守护好家园尽自己的一份力。我们将进一步加强对学校食堂的科学管理，进一步督促食堂经营管理方落实好食品安全主体责任，不断提升食品安全水平，让广大师生吃得安心、吃得放心。 法治日报全媒体记者 周孝清 点击右上角微信好友 朋友圈 点击浏览器下方“”分享微信好友Safari浏览器请点击“”按钮 点击右上角QQ 点击浏览器下方“”分享QQ ||| 江西工业职业技术学院icon,学生就餐惊现“鼠头”!!!食堂当即给出解释,是鸭脖子。随后,当地市场监督管理局给出反复检验的结论,也是鸭脖子。不过根据现场的照片,这鸭脖子也太挑战网友们的视觉神经了,长着 ||| 当前位置：首页 > 文章中心 > 理论园地 > 全网奔走相告：是老鼠头！不是鸭脖子！更不是“文凭”、“学历”和“毕业证”所谓的食之无味的“鸡肋”！ 不容易啊！谎言，最终没有成为真理。 只是许多网民质疑，确认老鼠头的同时，是不是要接受鼠身、鼠尾、内脏和毛，都被吃进了谁的肚里，吃进了成长的心理阴影？ 太恶心了！不想放图，不敢联想，不说罢了。 指鼠头为鸭脖的江西工业职业学院，串通食监部门作伪证，胁迫涉事学生翻供，掏空和亏损最大的不仅仅是地方政府的公信力，更是大力发展职业教育、培养职业操守时代背景下的道德堤坝！ 该校的学生在6月1日吃出老鼠头后，经当地市场监管部门鉴定，给出的答案是“鸭脖”。当地并不是没有认真调查取证，我想他们还不至于连老鼠头和鸭脖都分不清，如果真的是那种情况，他们就不配留任工作，因为他们属于智障者。正是他们从中作怪，那名学生的说法后来出现了反转，公开表示是误会，吃出的“异物”确实是鸭脖。 千里之堤，毁于蚁穴。职业教育，毁于鼠头。 本应以培养新时代的职业道德为要义的江西工业职业学院，如此指鼠为鸭、瞒天过海、睁眼说瞎话的神操作，能培养什么样的职业道德、职业规范、职业操守？如此培养模式之下的大学生，进入社会之后将会产生什么样的消极影响和负面映射？ 鼠头，给了某些权力人、利益人当头一棒！快快收手吧，快快醒来吧，我们的教育，再也经不起你这样瞎鸡巴胡乱折腾了！ 这一次，网民绝不是网暴 ||| 分享到 原创2023-06-17南周快评 辛省志 责任编辑：陈斌 此前引起广泛关注的江西工业职业技术学院“鼠头鸭脖”事件终于有了最终结论。 据央视报道，6月17日，江西省教育厅、省公安厅、省国资委、省市场监督管理局组成的联合调查组发布通报，称经勘察现场，调取监控视频发现，6月1日，学生在食堂吃出疑似为“鼠头”的异物，被涉事食堂工作人员事发当日丢弃。通过查看食堂后厨视频，查阅采购清单，询问涉事食堂负责人、后厨相关当事人、当事学生和现场围观学生等，判定异物不是鸭脖。根据国内权威动物专家对提取的当事学生所拍现场照片和视频进行专业辨识，判定异物为老鼠类啮齿动物的头部。南昌高新区市场监督管理局昌东分局、江西工业职业技术学院未认真调查取证，发布“ 校对：胡晓 登录获取更多阅读权限 {{ isview_popup.firstLine }}{{ isview_popup.highlight }} {{ isview_popup.secondLine }} 广东南方数媒工场科技有限责任公司 | 新闻信息服务许可证号：44120190002 ICP经营许可证号：粤B2-20050252号 网站备案信息：粤ICP备13019428号 违法和不良信息监督电话：020-87361587 | 监督邮箱：nfzm@infzm.com 粤公网安备 44010402002852号 ||| 据新华社消息，6月10日，“江西工职院‘6·1’食品安全事件”联合调查组发布情况通报，针对江西工业职业技术学院“6·1”食品安全事件，江西省已成立由省教育厅、省公安厅、省国资委、省市场监督管理局等部门组成的联合调查组，进行调查。 下一步，联合调查组将及时向社会公布有关调查处理情况。 相关报道： 到底是鼠是鸭，不该这么难查 高校食堂吃出疑似老鼠头？江西省教育厅介入调查 来源：新华社 点 『阅读原文』发布供求信息返回搜狐，查看更多 ||| 用微信扫码二维码 分享至好友和朋友圈 闹得沸沸扬扬的“鼠头鸭脖”事件终于迎来了最新的大反转，经官方联合调查组调查确认：江西职院食堂饭菜中的出现的“异物”就是老鼠头。 依据《中华人民共和国食品安全法》及其实施条例，南昌市市场监督治理局已吊销涉事食堂食品经营许可证，对涉事企业和法定代表人顶格处罚。 据媒体报道，下一步，将依法依规严肃处理江西工业职业技术学院、南昌高新区市场监督治理局昌东分局等相关责任单位、涉事企业和责任人，并在全省开展食品安全专项整治，抓好源头治理，切实保证人民群众食品安全。 就此，算是为该事件“盖棺定论”，圆满收官。可是，回忆整个事件，仍旧还有3个问题没能为网友答疑解惑。 事件起因 整件事的起因说起来其实也很简单。 6月1日，在江西职业技术学院，有一名学生爆料，在学校食堂疑似吃出了“异物”，而该“异物”看起来就像是老鼠的头部。于是向食堂的工作人员确认，得到的答案却是“这不是老鼠头，而是鸭肉”。 一个学校的食堂，关乎着学校里数千名师生的健康问题，这可不是一件小事儿。 学校紧跟其后，公布情况通报，声称拍视频者公布的内容与事实不符，还言之凿凿最后来了一段“义正言辞”的说辞：食品安全无小事，校园食品安全，尤其关系到学生健康，家庭未来和社会稳定。 随后，发视频爆料的学生也出面澄清，自己吃到的“异物”不是老鼠头，而是鸭脖子。 不少网友纷纷指责当地市场监督治理局工作人员是在“指鹿为 ||| 如何设置星标：点击上方蓝字“粤穗平台”➤ 右上角按钮“…”➤ 设为星标⭐ 近日，“江西工业职业技术学院饭菜中疑吃出老鼠头”事件持续发酵。 6月17日，江西发布通报： 针对江西工业职业技术学院“6·1”食品安全事件，省教育厅、省公安厅、省国资委、省市场监督管理局组成的联合调查组，本着实事求是原则开展调查，现将有关情况通报如下。 联合调查组经勘察现场，调取监控视频发现，6月1日，学生在食堂吃出疑似为“鼠头”的异物，被涉事食堂工作人员事发当日丢弃。通过查看食堂后厨视频，查阅采购清单，询问涉事食堂负责人、后厨相关当事人、当事学生和现场围观学生等，判定异物不是鸭脖。根据国内权威动物专家对提取的当事学生所拍现场照片和视频进行专业辨识，判定异物为老鼠类啮齿动物的头部。南昌高新区市场监督管理局昌东分局、江西工业职业技术学院未认真调查取证，发布“异物为鸭脖”结论是错误的。 经认定，江西工业职业技术学院对此次事件负主体责任，涉事企业负直接责任，市场监督管理部门负监管责任。 目前，依据《中华人民共和国食品安全法》及其实施条例，南昌市市场监督管理局已吊销涉事食堂食品经营许可证，对涉事企业和法定代表人顶格处罚。下一步，将依法依规严肃处理江西工业职业技术学院、南昌高新区市场监督管理局昌东分局等相关责任单位、涉事企业和责任人，并在全省开展食品安全专项整治，抓好源头治理，切实保障人民群众食品安全。 6月1日，一则",public_web ||| social_media ||| social_media ||| public_web ||| mainstream_news ||| mainstream_news ||| social_media ||| public_web,https://baike.sogou.com/v215789986.htm ||| https://m.gmw.cn/2023-06/04/content_1303394540.htm ||| https://www.toutiao.com/article/7240978888246018600/ ||| https://www.hswh.org.cn/wzzx/llyd/zz/2023-06-19/82354.html ||| https://www.infzm.com/contents/251042?source=124&source_1=251313 ||| https://news.sohu.com/a/683945040_121123754 ||| https://www.163.com/dy/article/I7G6S2S005561JHJ.html ||| https://3g.163.com/news/article/I7EUC736055607G5.html,title_unavailable ||| title_unavailable ||| title_unavailable ||| title_unavailable ||| title_unavailable ||| title_unavailable ||| title_unavailable ||| title_unavailable,date_unavailable ||| date_unavailable ||| date_unavailable ||| date_unavailable ||| date_unavailable ||| date_unavailable ||| date_unavailable ||| date_unavailable,8,silver_candidate,standard_review,0.000,low,low_risk,accept,,,事件链条完整，关键事实与证据高度吻合，支持充分。,annotator_A,adjudicated_final,annotator_A
E012,LLM_CHAIN_E012_001,家长突击检查食堂发现待加工猪肉散发恶臭并上网曝光 ||| 家长聚集学校质问，校方初期回应引发不满与舆论发酵 ||| 官渡区市监局与教体局联合介入查封食材并立案调查 ||| 联合调查组通报肉品因储运不当变质，对学校及承包商处以重罚并免职校长,ev-01591;ev-01607;ev-00263;ev-00266,"10月16日，云南昆明有家长发视频称，官渡区云子中学长丰学校学生食堂的生肉有臭味，“整盆肉都是臭的”。学校被质疑提供变质...[preview_truncated] ||| 分享到 原创2024-10-24南周快评 陈斌 责任编辑：辛省志 昆明长丰学校食堂给学生吃臭肉事件，从家长突击检查食堂，...[preview_truncated] ||| 长丰学校食堂被曝“整盆肉都是臭的”后，近日，云南昆明市官渡区联合调查组通报该校食堂肉片异味调查情况。 经调查，长丰学校食...[preview_truncated] ||| 学校被罚10万元、涉事企业被罚578万元,学校校长及法定代表人被免,区教体局、市场监管局相关领导被停职检查,19日晚,云...[preview_truncated]",full_text_unavailable; use evidence_texts and evidence_urls ||| full_text_unavailable; use evidence_texts and evidence_urls ||| full_text_unavailable; use evidence_texts and evidence_urls ||| full_text_unavailable; use evidence_texts and evidence_urls,full_text_unavailable ||| full_text_unavailable ||| full_text_unavailable ||| full_text_unavailable,"10月16日，云南昆明有家长发视频称，官渡区云子中学长丰学校学生食堂的生肉有臭味，“整盆肉都是臭的”。学校被质疑提供变质肉给学生食用，引发家长不满。 17日凌晨，昆明市官渡区市场监督管理局、官渡区教育体育局联合发布情况通报称，经初步调查，现场待加工猪肉感官气味异常，执法人员对食堂食材进行查封，并组织开展检测、溯源工作。目前，已对涉事学校、企业立案调查，学校食堂已停止供餐。 ▲情况通报 17日下午，红星新闻记者来到涉事学校，记者注意到门口仍然聚集着许多担心食品安全问题的家长，来自教体局等部门的工作人员陆陆续续出入学校。在校门口的家长对红星新闻记者表示，有一部分家长已经进入学校“解决问题”，有的家长则在校外等候，“等调查结果，也说不清具体在等什么，我们也不知道还能做什么，干着急，但是事情到现在肯定不算解决完。” ▲长丰学校门口 多位家长向记者介绍，长丰学校的餐饮管理模式为，高中部学生到食堂堂食，初中部学生等待食堂炒好饭菜后配送到教室。几位一直在学校等待和校方沟通、等待调查结果的家长表示，当天来不及做晚饭了，所以在校门口点外卖，等到傍晚6点送给孩子。 据多家媒体报道，事发后，涉事学校已由另一家本土供餐企业供餐。一位家长告诉红星新闻记者，自己的孩子肠胃不好，过去一个月一直在送餐。还有几位家长表示自己也想给孩子送餐，但是孩子们反映吃饭时间紧张，“（时间）不够出来取饭、吃饭”，只好接受新的供餐 ||| 分享到 原创2024-10-24南周快评 陈斌 责任编辑：辛省志 昆明长丰学校食堂给学生吃臭肉事件，从家长突击检查食堂，到官方介入调查并很快出调查结果，可以说基本尘埃落定。此事的公共价值是毋庸置疑的，值得复盘与剖析。 事情的缘起是：一些家长表示，2024年9月开始后，自己的孩子多次说食堂饭菜难吃，甚至出现腹泻的情况。10月16日，多名家长冲入学校食堂，发现肉品散发着令人作呕的异味，并录下了视频上传到网络。在家长举报之后，官渡区市监局与教育体育局当即赶到现场，于次日发布情况通报，承认“经初步调查，现场待加工猪肉感官气味异常”。 10月19日，官渡区联合调查组公布调查结果：经两个检测机构同步检验，确认10月16日食堂鲜猪肉片，挥发性盐基氮超标，“不合格”。原因是该批次鲜猪肉为当日宰杀，在进行机器切片加工后，未做散热处理并用双层塑料袋分装，在塑料袋中存放近4个小时，又在食堂室温中摆放5个半小时，没有冷链运输和冷藏保存，因运输及存储不当导致变质变臭。 因为 校对：吴依兰 登录获取更多阅读权限 {{ isview_popup.firstLine }}{{ isview_popup.highlight }} {{ isview_popup.secondLine }} 广东南方数媒工场科技有限责任公司 | 新闻信息服务许可证号：44120190002 ICP经营许可证号：粤B2-20050252 ||| 长丰学校食堂被曝“整盆肉都是臭的”后，近日，云南昆明市官渡区联合调查组通报该校食堂肉片异味调查情况。 经调查，长丰学校食堂承包经营企业云南润升物业服务有限公司没有从事餐饮服务的资质，不能作为承包食堂的主体。在食堂经营过程中，该公司对食品安全管理制度落实不到位，进货查验及食品贮存管理不当等，处没收违法所得46万元，并罚款578万元。食材供货商云南采云间餐饮管理有限公司被责令停止经营，依据调查结果作出处罚。 公开资料显示，官渡区长丰学校是一所民办学校，学校举办方为云南金诺教育投资控股集团有限公司，2016年办学。 长丰学校2024年8月委托云南润升物业服务有限公司承包经营食堂，但未按规定向上级教育主管部门报备。长丰学校对食堂承包经营企业的经营资质审查及管理不到位，存在“以包代管”“一包了之”的问题，管理制度流于形式。学校校长未履行食品安全第一责任人责任，未按要求配备食品安全管理人员，对从业人员培训不到位。 企查查APP显示，云南采云间餐饮公司成立于2023年4月。值得注意的是，该公司今年8月发生变更，原股东均已退出，由陈某芳、冯某贵共同全资持股。其中，陈某芳为新任法定代表人、第一大股东。 企查查显示云南采云间餐饮公司今年8月发生变更。图/企查查 企查查APP显示，云南润升物业服务有限公司成立于2024年2月，法定代表人为周超，注册资本为100万元，股东包含周超（持股95%）、严优（持股 ||| 学校被罚10万元、涉事企业被罚578万元,学校校长及法定代表人被免,区教体局、市场监管局相关领导被停职检查,19日晚,云南昆明通报学校食堂肉质变味情况。",public_web ||| public_web ||| mainstream_news ||| social_media,https://m.szhgh.com/Article/news/resou/2024-10-17/362136.html ||| https://www.infzm.com/contents/281211?source=124&source_1=294345 ||| https://news.ifeng.com/c/8drabhH9yFZ ||| https://www.toutiao.com/article/7427755288494686761/,title_unavailable ||| title_unavailable ||| title_unavailable ||| title_unavailable,date_unavailable ||| date_unavailable ||| date_unavailable ||| date_unavailable,4,silver_candidate,standard_review,0.000,low,low_risk,accept,,,时间线与处置结果均与证据一致，表述准确。,annotator_A,adjudicated_final,annotator_A
E012,LLM_CHAIN_E012_002,多名家长反映学生腹泻后突查食堂，发现整盆变质臭肉 ||| 家长强烈抗议校方管理失职，网络舆论质疑校园食品安全监管 ||| 多部门成立联合调查组开展检测溯源，确认猪肉指标超标 ||| 涉事企业被没收违法所得并罚款578万，相关领导停职，多地开展校园食安排查,ev-01592;ev-01603;ev-01607;ev-01596,【少年强则国强，少年又倒在了食堂。咦，我为什么要说“又”？】 1 10月16日，云南昆明。 官渡区长丰学校被曝食堂的猪肉...[preview_truncated] ||| 引言：学校食堂对学生食品安全的重要性 孩子们的健康与学习直接受制于学校食堂的食品质量。然而，最近昆明某校食堂提供臭肉的消...[preview_truncated] ||| 分享到 原创2024-10-24南周快评 陈斌 责任编辑：辛省志 昆明长丰学校食堂给学生吃臭肉事件，从家长突击检查食堂，...[preview_truncated] ||| 昆明市官渡区长丰学校食品安全问题事件令人痛心，再次给我们敲响警钟，校园食品安全监管一刻也不能放松。针对云南官渡区长丰学校...[preview_truncated],full_text_unavailable; use evidence_texts and evidence_urls ||| full_text_unavailable; use evidence_texts and evidence_urls ||| full_text_unavailable; use evidence_texts and evidence_urls ||| full_text_unavailable; use evidence_texts and evidence_urls,full_text_unavailable ||| full_text_unavailable ||| full_text_unavailable ||| full_text_unavailable,【少年强则国强，少年又倒在了食堂。咦，我为什么要说“又”？】 1 10月16日，云南昆明。 官渡区长丰学校被曝食堂的猪肉有臭味，疑提供变质肉给学生食用。 17日，官渡区通报称，现场待加工猪肉感官气味异常，有关部门已对涉事学校、企业立案调查。 那么，这个事情是怎么爆出来的呢？ 此前，孩子回家常说食堂的饭菜不好吃，口味麻辣，还出现了肠胃不适、拉肚子的情况，家长就疑心，怀疑食堂食材是不是不干净。 然后，一些家长就违反校园规定直接冲进了学校食堂，结果闻到了一股子臭味，一大盆切好的碎肉，全是发臭的。 甚至找到了臭肉盒子的标签上面，标注的是“2014年，产地巴西”。 这就是臭名昭著的“僵尸肉”。 长丰学校，是一所民办学校，每年学费是2万多，每一餐的餐费标准，是14元。 就云南当地的收入水平和消费水平而言，这个学费和餐费，都不算便宜了。 干净可口的基本要求都满足不了，直接上臭肉... 2 臭肉事件发生后，学校和当地教育局，干了四件事。 第一件事，学校把食堂厨师拉出来背锅了，厨师先道歉，“对不起”。 这是在糊弄傻子。 第二件事，家长们歇斯底里地咆哮“你们良心何在”时，一个身穿红衣服（后被扒出是初三年级组长）的女老师，站在那里跟看戏似的，乐呵地笑着。 “人类的悲欢并不相通，你在这厢哭得死去活来，她在那边笑得若无其事”。 第三件事，校方和家长们坐下来商讨后续处理方法时，校领导再次语出惊人： “有人不想 ||| 引言：学校食堂对学生食品安全的重要性 孩子们的健康与学习直接受制于学校食堂的食品质量。然而，最近昆明某校食堂提供臭肉的消息，引发了家长们的极大愤慨，不少人质疑食堂使用的是早在2015年的冻肉。 事件背景：昆明一家学校食堂被家长曝光提供臭肉 2024年10月16日，昆明一所学校的食堂因家长的一则反馈，曝出了令人发指的“臭肉”事件。这名家长在学校微信群里贴出了一些照片，其中显示孩子们所食用的肉类竟散发出刺鼻的异味，严重影响了其他孩子的用餐体验。随着这一消息的迅速传播，网络舆论急剧升温，许多家长纷纷加入讨论，表达对食品安全的担忧。这不仅是对该校食堂的质疑，更是对整个教育系统及其监管机制的深刻反思。 公众反应：家长与网友的争论对教体局的回应表达不满 随着事件的扩散，家长们在各种社交平台上发声，要求有关部门严肃调查。同时，当地教育体育局的回应也引发了轩然大波。教体局在第一时间做出的公开表态未能平息家长的愤怒。尽管他们表示将对事件进行彻查，然而不少家长对此并不满意，认为这只是一个掩耳盗铃的举动，根本无法消除他们内心的恐慌。 在这个问题上，网友们的观点也呈现出明显的分歧。有人认为，即使肉类是在当天采购，也可能因为存放不当而出现变质，这让人感到无比不安。而另一些人则认为，问题的核心在于如何更有效地监管学校食堂是否遵循严格的食品安全标准。 后续动作：市场监督局和教育体育局确认肉品气味异常，查封食堂  ||| 分享到 原创2024-10-24南周快评 陈斌 责任编辑：辛省志 昆明长丰学校食堂给学生吃臭肉事件，从家长突击检查食堂，到官方介入调查并很快出调查结果，可以说基本尘埃落定。此事的公共价值是毋庸置疑的，值得复盘与剖析。 事情的缘起是：一些家长表示，2024年9月开始后，自己的孩子多次说食堂饭菜难吃，甚至出现腹泻的情况。10月16日，多名家长冲入学校食堂，发现肉品散发着令人作呕的异味，并录下了视频上传到网络。在家长举报之后，官渡区市监局与教育体育局当即赶到现场，于次日发布情况通报，承认“经初步调查，现场待加工猪肉感官气味异常”。 10月19日，官渡区联合调查组公布调查结果：经两个检测机构同步检验，确认10月16日食堂鲜猪肉片，挥发性盐基氮超标，“不合格”。原因是该批次鲜猪肉为当日宰杀，在进行机器切片加工后，未做散热处理并用双层塑料袋分装，在塑料袋中存放近4个小时，又在食堂室温中摆放5个半小时，没有冷链运输和冷藏保存，因运输及存储不当导致变质变臭。 因为 校对：吴依兰 登录获取更多阅读权限 {{ isview_popup.firstLine }}{{ isview_popup.highlight }} {{ isview_popup.secondLine }} 广东南方数媒工场科技有限责任公司 | 新闻信息服务许可证号：44120190002 ICP经营许可证号：粤B2-20050252 ||| 昆明市官渡区长丰学校食品安全问题事件令人痛心，再次给我们敲响警钟，校园食品安全监管一刻也不能放松。针对云南官渡区长丰学校食品安全存在的问题，高新区市场监督管理分局高度重视，行动迅速，措施有力。10月22日下午，立即召开校园食品安全警示会议，园区12家中小学、高职、中职、幼儿园，全部参加。 会议由高新区分局局长王冰主持。王冰指出：希望大家对此次事件高度重视，分局即刻行动，迅速再次开展校园食品安全隐患排查工作，立即开展督导检查。要以私立学校、供餐人数较多的学校、农村学校为排查重点，重点排查学校食堂承包经营企业资质及供货商资质、学校食堂设施设备配备及使用、进货查验、索证索票、食品贮存、食品留样、加工操作、库房管理、学校及学校食堂承包经营企业主体责任（日管控、周排查、月调度）落实情况。针对检查中发现的问题要形成问题清单、整改清单、责任清单，督促指导立即进行整改，并将问题清单、整改清单、检查图片及时录入综合执法监管平台。对违法违规行为，要给予行政警告、罚款等行政处罚，对不符合许可条件的学校食堂不得从事食品经营活动。 要树牢“守土有责、守土负责、守土尽责”的意识，进一步转变工作作风，提升工作能力，切实把校园食品安全放在心上、扛在肩上、抓在手上。不断加大食品安全监管力度，提升监管能力，查风险、堵漏洞、补短板，牢牢守住食品安全底线，一定能打造“阳光食堂”，护航师生舌尖上的幸福。,public_web ||| mainstream_news ||| public_web ||| official,https://m.szhgh.com/Article/opinion/zatan/2024-10-19/362232.html ||| https://www.sohu.com/a/817608155_122046825 ||| https://www.infzm.com/contents/281211?source=124&source_1=294345 ||| https://amr.ahsz.gov.cn/xwdt/sjdt/195084991.html,title_unavailable ||| title_unavailable ||| title_unavailable ||| title_unavailable,date_unavailable ||| date_unavailable ||| date_unavailable ||| date_unavailable,4,silver_candidate,standard_review,0.000,low,low_risk,accept,,,核心诉求、调查结论及处罚措施均有证据支撑，无实质问题。,annotator_A,adjudicated_final,annotator_A
E012,LLM_CHAIN_E012_003,家长发现学校食堂待加工猪肉有明显臭味并视频曝光 ||| 家长围堵学校要求解释，校方初期推诿引发公众强烈质疑 ||| 官渡区市场监管与教体部门迅速查封食材并启动联合调查 ||| 官方通报认定肉品储运不当致变质，重罚涉事企业并问责校方及监管干部,ev-00261;ev-00264;ev-01591;ev-00268,"嘿,宝子们,今天咱们得聊聊一起让人大跌眼镜的新闻! 云南昆明官渡区的长丰学校,家长们居然在食堂里发现了疑似变质的肉!家长...[preview_truncated] ||| 太过分！云南某中学给学生吃臭肉，教育局强行狡辩，官方通报打脸 学校食堂竟用臭肉做食材？这背后到底藏着什么猫腻？ 都说“民...[preview_truncated] ||| 10月16日，云南昆明有家长发视频称，官渡区云子中学长丰学校学生食堂的生肉有臭味，“整盆肉都是臭的”。学校被质疑提供变质...[preview_truncated] ||| 王军荣 昆明市官渡区人民政府新闻办公室10月19日发布通报称，针对网上反映的昆明市官渡区长丰学校食品安全问题，经过联合调...[preview_truncated]",full_text_unavailable; use evidence_texts and evidence_urls ||| full_text_unavailable; use evidence_texts and evidence_urls ||| full_text_unavailable; use evidence_texts and evidence_urls ||| full_text_unavailable; use evidence_texts and evidence_urls,full_text_unavailable ||| full_text_unavailable ||| full_text_unavailable ||| full_text_unavailable,"嘿,宝子们,今天咱们得聊聊一起让人大跌眼镜的新闻! 云南昆明官渡区的长丰学校,家长们居然在食堂里发现了疑似变质的肉!家长们一进食堂,那肉味直冲脑门,简直是“臭气熏天”! 他们立刻炸了锅,指责学校食堂: ||| 太过分！云南某中学给学生吃臭肉，教育局强行狡辩，官方通报打脸 学校食堂竟用臭肉做食材？这背后到底藏着什么猫腻？ 都说“民以食为天”，食物是咱们老百姓赖以生存的根本。可在这个追求利益最大化的社会里，有些人为了赚钱，竟然连良心都不要了！ 他们不仅售卖过期食材，甚至还将黑手伸向了学校食堂，给孩子们吃预制菜、过期肉，甚至是腐败变质的臭肉！ 这听起来简直让人难以置信，可这样的事情却真实地发生了。10月16日，有网友举报云南省昆明市官渡区长丰学校食堂竟然给孩子做菜的肉是一整盆的臭肉！ 这消息一出，立刻引发了社会的广泛关注。大家不禁要问：为什么校园食堂屡次出现问题？每次曝光后为什么还有人敢这么做？到底是谁在为他们撑腰？ 家长突击检查，竟发现一整盆臭肉！ 事情是这样的，10月16日，有网友爆料称长丰学校食堂存在食品安全问题。而据了解，这次事件的导火索其实是家长们在前一天就跟学校争论过食堂菜品卫生的问题。 也就是说，长丰学校食堂菜品不合格的情况已经被家长们发现了！ 可让人没想到的是，第二天家长们竟然冲过学校门卫，直接来到食堂进行突击检查。这一查，可不得了，他们竟然在食堂里发现了一整盆的臭肉！ 据说，一进食堂就能闻到那股浓烈的异味，而这些臭肉还整整装了几大盆！ 家长们看到这一幕，气愤得不得了。他们当场就质问食堂工作人员和食材供应商：“你们良心何在？这些菜做出来给你的孩子吃你还会做吗？” 有的家长甚至大 ||| 10月16日，云南昆明有家长发视频称，官渡区云子中学长丰学校学生食堂的生肉有臭味，“整盆肉都是臭的”。学校被质疑提供变质肉给学生食用，引发家长不满。 17日凌晨，昆明市官渡区市场监督管理局、官渡区教育体育局联合发布情况通报称，经初步调查，现场待加工猪肉感官气味异常，执法人员对食堂食材进行查封，并组织开展检测、溯源工作。目前，已对涉事学校、企业立案调查，学校食堂已停止供餐。 ▲情况通报 17日下午，红星新闻记者来到涉事学校，记者注意到门口仍然聚集着许多担心食品安全问题的家长，来自教体局等部门的工作人员陆陆续续出入学校。在校门口的家长对红星新闻记者表示，有一部分家长已经进入学校“解决问题”，有的家长则在校外等候，“等调查结果，也说不清具体在等什么，我们也不知道还能做什么，干着急，但是事情到现在肯定不算解决完。” ▲长丰学校门口 多位家长向记者介绍，长丰学校的餐饮管理模式为，高中部学生到食堂堂食，初中部学生等待食堂炒好饭菜后配送到教室。几位一直在学校等待和校方沟通、等待调查结果的家长表示，当天来不及做晚饭了，所以在校门口点外卖，等到傍晚6点送给孩子。 据多家媒体报道，事发后，涉事学校已由另一家本土供餐企业供餐。一位家长告诉红星新闻记者，自己的孩子肠胃不好，过去一个月一直在送餐。还有几位家长表示自己也想给孩子送餐，但是孩子们反映吃饭时间紧张，“（时间）不够出来取饭、吃饭”，只好接受新的供餐 ||| 王军荣 昆明市官渡区人民政府新闻办公室10月19日发布通报称，针对网上反映的昆明市官渡区长丰学校食品安全问题，经过联合调查组调查，该批次鲜猪肉片判定为不合格，原因是运输及存储不当导致变质变臭;学校对食堂承包经营企业的经营资质审查及管理不到位。通报称已对学校、涉事企业、相关责任单位和干部依法依规进行处置。 重罚之后，更要堵漏。首先，务必将学生的食品安全置于首位。任何可能威胁到学生食品安全的隐患都要及时加以消除。如大力推行“明厨亮灶”工程，将学校食堂信息置于阳光之下，接受全方位的监管。其次，规范学校食堂的每一个环节，强化对这些环节的监督检查。同时，提升学校食堂管理人员和工作人员的素养，增强他们的食品安全意识和责任感，保证他们能够严格依照规定进行操作。充分调动家长的积极性，通过家委会等途径，定期或不定期对学校食堂展开检查和监督，及时察觉问题并向学校和有关部门进行反映。 孩子们是国家的未来与希望，学校食堂必须确保其食品安全无虞。昆明 “学校食堂臭肉事件”是一个惨痛的教训。唯有更进一步反思，捍卫学校食堂的安全底线，才能真正守护孩子们的健康成长。 (作者系自由撰稿人) 作者：王军荣 责编：洪晓懿 来源：华声在线",social_media ||| mainstream_news ||| public_web ||| mainstream_news,https://www.toutiao.com/article/7427067111723352586/ ||| https://www.sohu.com/a/817438052_120077605/ ||| https://m.szhgh.com/Article/news/resou/2024-10-17/362136.html ||| https://opinion.voc.com.cn/mobile/news/202410/20914692.html,title_unavailable ||| title_unavailable ||| title_unavailable ||| title_unavailable,date_unavailable ||| date_unavailable ||| date_unavailable ||| date_unavailable,4,silver_candidate,standard_review,0.000,low,low_risk,accept,,,舆情发酵、官方介入及问责通报均与证据对应，可直接采用。,annotator_A,adjudicated_final,annotator_A
E013,LLM_CHAIN_E013_001,家长反映学校食堂存在鼠迹及卫生问题 ||| 网传监控视频引发社会关注，学校食堂紧急停止供餐 ||| 监管部门立案调查并通报处罚结果，对学校罚款5万元并警告 ||| 责令学校整改达标后恢复供餐，启动监管人员问责并加强常态化巡查,ev-01617;ev-01622;ev-00283;ev-01611,转自：法制日报 近日，北京大学附属小学海口学校食堂里老鼠乱窜被持续曝光。从监控视频中可以看到，食堂后厨多只老鼠肆意穿梭，...[preview_truncated] ||| 央视网消息：据海口市秀英区教育局，12月22日上午，在接到学生家长反映北大附小海口学校食堂卫生未达标，存在鼠迹及违规使用...[preview_truncated] ||| 近日，网传海南海口市一小学食堂监控视频，称学校食堂发现有老鼠活动，并被监控拍了下来，引发广泛关注。 12月29日，海口市...[preview_truncated] ||| 12 月 29 日，海口市市场监督管理局发布情况通报。 近日，接到学生家长反映北京大学附属小学海口学校食堂存在鼠迹等食品...[preview_truncated],full_text_unavailable; use evidence_texts and evidence_urls ||| full_text_unavailable; use evidence_texts and evidence_urls ||| full_text_unavailable; use evidence_texts and evidence_urls ||| full_text_unavailable; use evidence_texts and evidence_urls,full_text_unavailable ||| full_text_unavailable ||| full_text_unavailable ||| full_text_unavailable,转自：法制日报 近日，北京大学附属小学海口学校食堂里老鼠乱窜被持续曝光。从监控视频中可以看到，食堂后厨多只老鼠肆意穿梭，老鼠锃亮反光的眼睛，看着让人心惊，引起家长和社会各界的广泛关注。 2024年12月24日，海口市市场监督管理局秀英分局、海口市秀英区教育局联合发布情况通报。通报显示，12月22日上午，在接到学生家长反映北大附小海口学校食堂卫生未达标，存在鼠迹及违规使用调味品和食用油等问题后，海口市市场监督管理局秀英分局、秀英区教育局立即赶赴现场处置。 经初步调查，该校食堂使用的调味品和食用油符合国家食品安全使用规定，但三防设施存在漏洞。目前已对涉事学校下达了整改通知书并立案调查，学校食堂已停止供餐，提标采购调味品和食用油，并按规定进行消杀，待整改达标后再恢复供餐。 通报指出，下一步，海口市市场监督管理局秀英分局、海口市秀英区教育局依法依规开展调查，对违反校园食品安全的行为坚决依法处置，并举一反三，加强辖区校园食品安全监管。 据学校官网显示，北京大学附属小学海口学校是经北京大学批准，由海口市人民政府与北京大学附属小学联合创办、海南恩祥教育投资有限公司共同协办的一所民办学校。学校于2016年组建，并于2018年9月正式开学。学校采用小班制教学，现有1至5年级17个教学班级，学生445人，教师55人（含教学服务人员6人）。 学校食堂，本应是校园里最具烟火气、充满温情的角落，承载着为莘莘 ||| 央视网消息：据海口市秀英区教育局，12月22日上午，在接到学生家长反映北大附小海口学校食堂卫生未达标，存在鼠迹及违规使用调味品和食用油等问题后，海口市市场监督管理局秀英分局、秀英区教育局立即赶赴现场处置。 经初步调查，该校食堂使用的调味品和食用油符合国家食品安全使用规定，但三防设施存在漏洞。目前已对涉事学校下达了整改通知书并立案调查，学校食堂已停止供餐，提标采购调味品和食用油，并按规定进行消杀，待整改达标后再恢复供餐。 下一步，两部门依法依规开展调查，对违反校园食品安全的行为坚决依法处置，并举一反三，加强辖区校园食品安全监管。 ||| 近日，网传海南海口市一小学食堂监控视频，称学校食堂发现有老鼠活动，并被监控拍了下来，引发广泛关注。 12月29日，海口市市场监督管理局针对此事进行通报—— 近日，接到学生家长反映北京大学附属小学海口学校食堂存在鼠迹等食品安全问题后，该局立即赶赴现场进行检查并立案调查。 经调查，涉事学校食堂存在防鼠设施不完善且未在规定期限内整改到位的违法行为，违反了《中华人民共和国食品安全法》相关规定，该局依法作出对涉事学校罚款5万元的行政处罚。 涉事学校食堂存在未落实食品进货查验记录管理制度、未落实食品安全风险防控动态管理的违法行为，违反了《中华人民共和国食品安全法》相关规定，该局依法作出对涉事学校给予警告的行政处罚。 针对市场监管相关责任人员，该局已依法启动问责程序，并将根据调查结果严肃处理。对涉事学校食堂是否存在市场监管领域其他违法行为，正在开展进一步调查。 来源：海口市市场监督管理局 潇湘晨报 编辑：林力 责编：高文玉 24小时滚动播报最新的财经资讯和视频，更多粉丝福利扫描二维码关注（sinafinance） 网友提问：@@=value.question$$ 老师回答：@@=value.answer$$ @@=value.title$$ 新浪财经意见反馈留言板 新浪简介|广告服务|About Sina 联系我们|招聘信息|通行证注册 产品答疑|网站律师|SINA English Copyri ||| 12 月 29 日，海口市市场监督管理局发布情况通报。 近日，接到学生家长反映北京大学附属小学海口学校食堂存在鼠迹等食品安全问题后，我局迅速响应，立即赶赴现场进行检查并立案调查。现将有关情况通报如下： 一、经调查，涉事学校食堂存在防鼠设施不完善且未在规定期限内整改到位的违法行为，违反了《中华人民共和国食品安全法》相关规定，我局依法作出对涉事学校罚款 5 万元的行政处罚。 二、涉事学校食堂存在未落实食品进货查验记录管理制度、未落实食品安全风险防控动态管理的违法行为，违反了《中华人民共和国食品安全法》相关规定，我局依法作出对涉事学校给予警告的行政处罚。 三、针对市场监管相关责任人员，我局已依法启动问责程序，并将根据调查结果严肃处理。 对涉事学校食堂是否存在市场监管领域其他违法行为，我局正在开展进一步调查。 同时，我局将加强对学校食堂食品安全的监管力度，确保广大师生的饮食安全。 来源：海口市场监管官方账号 编辑：王奇 版权归原作者所有，如有侵权请联系我们！,mainstream_news ||| mainstream_news ||| mainstream_news ||| public_web,https://finance.sina.com.cn/wm/2024-12-25/doc-ineaswih7257318.shtml ||| https://m.sohu.com/a/841561287_362042 ||| https://finance.sina.com.cn/jjxw/2024-12-30/doc-ineceiip4211070.shtml ||| http://app.myzaker.com/news/article.php?f=zaker_live&pk=6770e1161bc8e08436000000,title_unavailable ||| title_unavailable ||| title_unavailable ||| title_unavailable,date_unavailable ||| date_unavailable ||| date_unavailable ||| date_unavailable,3,silver_candidate,standard_review,0.000,low,low_risk,accept,,,鼠迹曝光、停业整改、罚款警告及监管问责等节点均有明确证据支持。,annotator_A,adjudicated_final,annotator_A
E013,LLM_CHAIN_E013_002,2024年12月22日家长投诉食堂发现鼠迹及违规使用调味品 ||| 舆情发酵，秀英区市场监管局与教育局联合介入现场处置 ||| 12月29日市局通报调查结果，依法作出罚款5万元及警告的行政处罚 ||| 启动监管人员问责程序，持续排查其他违法行为并强化辖区校园食安监管,ev-01630;ev-01625;ev-00284;ev-01621,12 月 22 日，一个令人震惊的消息传来，学生家长纷纷反映北大附小海口学校食堂的卫生状况未能达到应有的标准。据家长们详...[preview_truncated] ||| 用微信扫码二维码 分享至好友和朋友圈 情况通报 12月22日上午，在接到学生家长反映北大附小海口学校食堂卫生未达标，存在...[preview_truncated] ||| 央视网消息：海口市市场监督管理局12月29日通报，近日，接到学生家长反映北京大学附属小学海口学校食堂存在鼠迹等食品安全问...[preview_truncated] ||| 南海网12月29日消息（记者 蒙健）12月29日，记者从海口市市场监督管理局获悉，关于北京大学附属小学海口学校因食品安全...[preview_truncated],full_text_unavailable; use evidence_texts and evidence_urls ||| full_text_unavailable; use evidence_texts and evidence_urls ||| full_text_unavailable; use evidence_texts and evidence_urls ||| full_text_unavailable; use evidence_texts and evidence_urls,full_text_unavailable ||| full_text_unavailable ||| full_text_unavailable ||| full_text_unavailable,"12 月 22 日，一个令人震惊的消息传来，学生家长纷纷反映北大附小海口学校食堂的卫生状况未能达到应有的标准。据家长们详细描述，在食堂的某些角落竟然发现了鼠迹，这无疑让他们对孩子在学校的饮食安全感到忧心忡忡。不仅如此，还存在违规使用调味品和食用油等严重问题。 此消息一经传出，立即引起了海口市市场监督管理局秀英分局以及秀英区教育局的高度重视。相关部门迅速行动，第一时间赶赴现场进行处置。 经初步全面而细致 ||| 用微信扫码二维码 分享至好友和朋友圈 情况通报 12月22日上午，在接到学生家长反映北大附小海口学校食堂卫生未达标，存在鼠迹及违规使用调味品和食用油等问题后，海口市市场监督管理局秀英分局、秀英区教育局立即赶赴现场处置。 经初步调查，该校食堂使用的调味品和食用油符合国家食品安全使用规定，但三防设施存在漏洞。目前已对涉事学校下达了整改通知书并立案调查，学校食堂已停止供餐，提标采购调味品和食用油，并按规定进行消杀，待整改达标后再恢复供餐。 下一步，两部门依法依规开展调查，对违反校园食品安全的行为坚决依法处置，并举一反三，加强辖区校园食品安全监管。 海口市市场监督管理局秀英分局 海口市秀英区教育局 2024年12月24日 （来源：海口秀英教育） 特别声明：以上内容(如有图片或视频亦包括在内)为自媒体平台“网易号”用户上传并发布，本平台仅提供信息存储服务。 Notice: The content above (including the pictures and videos if any) is uploaded and posted by a user of NetEase Hao, which is a social media platform and only provides information storage services. 上游新闻 2026-05-25 14:46: ||| 央视网消息：海口市市场监督管理局12月29日通报，近日，接到学生家长反映北京大学附属小学海口学校食堂存在鼠迹等食品安全问题后，该局立即赶赴现场进行检查并立案调查。 经调查，涉事学校食堂存在防鼠设施不完善且未在规定期限内整改到位的违法行为，违反了《中华人民共和国食品安全法》相关规定，该局依法作出对涉事学校罚款5万元的行政处罚。涉事学校食堂存在未落实食品进货查验记录管理制度、未落实食品安全风险防控动态管理的违法行为，违反了《中华人民共和国食品安全法》相关规定，该局依法作出对涉事学校给予警告的行政处罚。针对市场监管相关责任人员，该局已依法启动问责程序，并将根据调查结果严肃处理。对涉事学校食堂是否存在市场监管领域其他违法行为，正在开展进一步调查。 京ICP备10003349号-1中央广播电视总台央视网版权所有 ||| 南海网12月29日消息（记者 蒙健）12月29日，记者从海口市市场监督管理局获悉，关于北京大学附属小学海口学校因食品安全问题，被依法予以处罚5万元。 据介绍，近日，接到学生家长反映北京大学附属小学海口学校食堂存在鼠迹等食品安全问题后，海口市市场监督管理局迅速响应，立即赶赴现场进行检查并立案调查。 经调查，涉事学校食堂存在防鼠设施不完善且未在规定期限内整改到位的违法行为，违反了《中华人民共和国食品安全法》相关规定，海口市市场监督管理局依法作出对涉事学校罚款5万元的行政处罚。 同时，针对涉事学校食堂存在未落实食品进货查验记录管理制度、未落实食品安全风险防控动态管理的违法行为，违反了《中华人民共和国食品安全法》相关规定，海口市市场监督管理局依法作出对涉事学校给予警告的行政处罚。 针对市场监管相关责任人员，海口市市场监督管理局已依法启动问责程序，并将根据调查结果严肃处理。 记者了解到，海口市市场监督管理局还对涉事学校食堂是否存在市场监管领域其他违法行为，正在开展进一步调查。同时，海口市市场监督管理局将加强对学校食堂食品安全的监管力度，守护广大师生的饮食安全。 新海南手机客户端 南海网手机客户端 南海网微信公众号 南海网微博 原创报道 海胶集团举办2025年橡胶开割启动仪式 椰视频 海南自贸港一周大事记 | 第五届消博会落幕 供需对接会意向签约金额约920亿元 二零二五 陆地游艇——昊铂 H",mainstream_news ||| social_media ||| mainstream_news ||| mainstream_news,https://www.sohu.com/a/841543435_121183483 ||| https://www.163.com/dy/article/JK72M5RF053469LG.html ||| https://news.cctv.com/2024/12/29/ARTIImF2PSGU3Ss0b8pR7CrM241229.shtml ||| http://www.hinews.cn/news/system/2024/12/29/033246930.shtml,title_unavailable ||| title_unavailable ||| title_unavailable ||| title_unavailable,date_unavailable ||| date_unavailable ||| date_unavailable ||| date_unavailable,4,silver_candidate,standard_review,0.000,low,low_risk,accept,,,时间线清晰，处罚金额与问责程序与官方通报完全一致。,annotator_A,adjudicated_final,annotator_A
E013,LLM_CHAIN_E013_003,家长反映北大附小海口学校食堂存在鼠迹等食品安全隐患 ||| 食堂老鼠乱窜视频曝光引发家长担忧，涉事食堂被责令停业整改 ||| 海口市市场监管局调查确认防鼠设施不完善等违法事实，作出罚款与警告处罚 ||| 监管部门启动内部问责，要求学校整改达标后复餐，并加强后续食品安全巡查,ev-01619;ev-01617;ev-00283;ev-01612,"家人们,12 月20 号那天,海南北京大学附属小学海口学校的食堂可 “出名” 了。有家长拍到食堂里有老鼠乱窜的视频,直接...[preview_truncated] ||| 转自：法制日报 近日，北京大学附属小学海口学校食堂里老鼠乱窜被持续曝光。从监控视频中可以看到，食堂后厨多只老鼠肆意穿梭，...[preview_truncated] ||| 近日，网传海南海口市一小学食堂监控视频，称学校食堂发现有老鼠活动，并被监控拍了下来，引发广泛关注。 12月29日，海口市...[preview_truncated] ||| 12月29日，海口市市场监督管理局发布情况通报。 近日，接到学生家长反映北京大学附属小学海口学校食堂存在鼠迹等食品安全问...[preview_truncated]",full_text_unavailable; use evidence_texts and evidence_urls ||| full_text_unavailable; use evidence_texts and evidence_urls ||| full_text_unavailable; use evidence_texts and evidence_urls ||| full_text_unavailable; use evidence_texts and evidence_urls,full_text_unavailable ||| full_text_unavailable ||| full_text_unavailable ||| full_text_unavailable,"家人们,12 月20 号那天,海南北京大学附属小学海口学校的食堂可 “出名” 了。有家长拍到食堂里有老鼠乱窜的视频,直接发到网上,这下可好,瞬间引爆了大家的关注。 ||| 转自：法制日报 近日，北京大学附属小学海口学校食堂里老鼠乱窜被持续曝光。从监控视频中可以看到，食堂后厨多只老鼠肆意穿梭，老鼠锃亮反光的眼睛，看着让人心惊，引起家长和社会各界的广泛关注。 2024年12月24日，海口市市场监督管理局秀英分局、海口市秀英区教育局联合发布情况通报。通报显示，12月22日上午，在接到学生家长反映北大附小海口学校食堂卫生未达标，存在鼠迹及违规使用调味品和食用油等问题后，海口市市场监督管理局秀英分局、秀英区教育局立即赶赴现场处置。 经初步调查，该校食堂使用的调味品和食用油符合国家食品安全使用规定，但三防设施存在漏洞。目前已对涉事学校下达了整改通知书并立案调查，学校食堂已停止供餐，提标采购调味品和食用油，并按规定进行消杀，待整改达标后再恢复供餐。 通报指出，下一步，海口市市场监督管理局秀英分局、海口市秀英区教育局依法依规开展调查，对违反校园食品安全的行为坚决依法处置，并举一反三，加强辖区校园食品安全监管。 据学校官网显示，北京大学附属小学海口学校是经北京大学批准，由海口市人民政府与北京大学附属小学联合创办、海南恩祥教育投资有限公司共同协办的一所民办学校。学校于2016年组建，并于2018年9月正式开学。学校采用小班制教学，现有1至5年级17个教学班级，学生445人，教师55人（含教学服务人员6人）。 学校食堂，本应是校园里最具烟火气、充满温情的角落，承载着为莘莘 ||| 近日，网传海南海口市一小学食堂监控视频，称学校食堂发现有老鼠活动，并被监控拍了下来，引发广泛关注。 12月29日，海口市市场监督管理局针对此事进行通报—— 近日，接到学生家长反映北京大学附属小学海口学校食堂存在鼠迹等食品安全问题后，该局立即赶赴现场进行检查并立案调查。 经调查，涉事学校食堂存在防鼠设施不完善且未在规定期限内整改到位的违法行为，违反了《中华人民共和国食品安全法》相关规定，该局依法作出对涉事学校罚款5万元的行政处罚。 涉事学校食堂存在未落实食品进货查验记录管理制度、未落实食品安全风险防控动态管理的违法行为，违反了《中华人民共和国食品安全法》相关规定，该局依法作出对涉事学校给予警告的行政处罚。 针对市场监管相关责任人员，该局已依法启动问责程序，并将根据调查结果严肃处理。对涉事学校食堂是否存在市场监管领域其他违法行为，正在开展进一步调查。 来源：海口市市场监督管理局 潇湘晨报 编辑：林力 责编：高文玉 24小时滚动播报最新的财经资讯和视频，更多粉丝福利扫描二维码关注（sinafinance） 网友提问：@@=value.question$$ 老师回答：@@=value.answer$$ @@=value.title$$ 新浪财经意见反馈留言板 新浪简介|广告服务|About Sina 联系我们|招聘信息|通行证注册 产品答疑|网站律师|SINA English Copyri ||| 12月29日，海口市市场监督管理局发布情况通报。 近日，接到学生家长反映北京大学附属小学海口学校食堂存在鼠迹等食品安全问题后，我局迅速响应，立即赶赴现场进行检查并立案调查。现将有关情况通报如下： 一、经调查，涉事学校食堂存在防鼠设施不完善且未在规定期限内整改到位的违法行为，违反了《中华人民共和国食品安全法》相关规定，我局依法作出对涉事学校罚款5万元的行政处罚。 二、涉事学校食堂存在未落实食品进货查验记录管理制度、未落实食品安全风险防控动态管理的违法行为，违反了《中华人民共和国食品安全法》相关规定，我局依法作出对涉事学校给予警告的行政处罚。 三、针对市场监管相关责任人员，我局已依法启动问责程序，并将根据调查结果严肃处理。 对涉事学校食堂是否存在市场监管领域其他违法行为，我局正在开展进一步调查。 同时，我局将加强对学校食堂食品安全的监管力度，确保广大师生的饮食安全。 来源：海口市场监管官方账号 编辑：余敏 审定：金官 核发：周立 点亮 和❤️ 关注！",social_media ||| mainstream_news ||| mainstream_news ||| mainstream_news,https://www.toutiao.com/article/7454056161986413075/ ||| https://finance.sina.com.cn/wm/2024-12-25/doc-ineaswih7257318.shtml ||| https://finance.sina.com.cn/jjxw/2024-12-30/doc-ineceiip4211070.shtml ||| https://m.sohu.com/a/843087405_393071/?pvid=000115_3w_a,title_unavailable ||| title_unavailable ||| title_unavailable ||| title_unavailable,date_unavailable ||| date_unavailable ||| date_unavailable ||| date_unavailable,3,silver_candidate,standard_review,0.000,low,low_risk,accept,,,事实陈述准确，证据覆盖全面，符合金标准。,annotator_A,adjudicated_final,annotator_A
E014,LLM_CHAIN_E014_001,4月18日放学后，南宁三中初中部五象校区一女生被同学以还手机为由诱至校外，遭多人围殴欺凌并录像 ||| 欺凌视频在网络迅速传播，引发公众强烈关注与媒体跟进报道 ||| 南宁市公安局良庆分局与涉事学校接报后立即介入调查 ||| 4月29日警方发布通报，依法对8名涉案人员作出行政拘留等处罚，案件进一步办理中,ev-00301;ev-00303;ev-00309;ev-01640,"河北邯郸霸凌事件未过,南宁三中初中部五象校区又发生恶性霸凌事件。据央视新闻报道,4月18日下午放学后,南宁三中初中部五象...[preview_truncated] ||| 新媒体端口 数字报 无障碍 日前，网上有视频显示，广西南宁发生一起疑似校园欺凌事件。记者多方采访了解并证实，该视频内容为...[preview_truncated] ||| 广西南宁市公安局良庆分局微信公众号“良庆警方”4月29日发布情况通报称，4月18日，一名初中女生在良庆大道某小区旁，被多...[preview_truncated] ||| 一初中女生被多人欺负殴打，广西南宁良庆警方：依法对涉案8人作出行拘等处罚 情况通报 4月18日，一名初中女生在良庆大道某...[preview_truncated]",full_text_unavailable; use evidence_texts and evidence_urls ||| full_text_unavailable; use evidence_texts and evidence_urls ||| full_text_unavailable; use evidence_texts and evidence_urls ||| full_text_unavailable; use evidence_texts and evidence_urls,full_text_unavailable ||| full_text_unavailable ||| full_text_unavailable ||| full_text_unavailable,"河北邯郸霸凌事件未过,南宁三中初中部五象校区又发生恶性霸凌事件。据央视新闻报道,4月18日下午放学后,南宁三中初中部五象校区的两名学生以归还手机为由,带另一名学生至附近一公园,协同多名外校学生对该学生 ||| 新媒体端口 数字报 无障碍 日前，网上有视频显示，广西南宁发生一起疑似校园欺凌事件。记者多方采访了解并证实，该视频内容为4月18日南宁三中初中部五象校区学生在校外遭遇的一起欺凌事件。 据了解，4月18日下午放学后，南宁三中初中部五象校区的两名学生以归还手机为由，带另一名学生至附近一公园，协同多名外校学生对该学生进行欺凌，并录制手机视频。 目前，当地警方和学校已介入调查。 （央视新闻客户端 总台记者 李健飞 傅琦恩） 最近，电影《给阿嬷的情书》票房继续高歌猛进。据灯塔专业版实时数据，截至5月25日17时25分，影片票房突破11亿元。 近日，国家药品监督管理局、公安部、国家禁毒委员会办公室联合发布《关于进一步加强普瑞巴林等药品管理的通告》，对普瑞巴林口服单方制剂、愈美制剂加大监管力度。为全面落实国家药品管控部署，切实筑牢全市药品零售安全防线，防范化解药品滥用风险，广州市市场监督管理局快速响应，全域推进，统筹实施监管举措。 近日，全国数据“标准周”专题调研活动走进广州市白云区。国家数据局、商务部及18个省区市、兵团共50名相关部门代表，实地走访魅视科技总部，考察其依托实景数据底座，在高质量数据集建设、垂域模型研发、AI技术落地及智慧城市应用方面的创新成果，了解白云区以开放数据培育企业和赋能治理的政企协同路径，对白云区“数据筑基、技术引领、治理增效、产业升级”的创新模式给予肯定。 5月24 ||| 广西南宁市公安局良庆分局微信公众号“良庆警方”4月29日发布情况通报称，4月18日，一名初中女生在良庆大道某小区旁，被多人欺负殴打。接到报警后，我分局立即开展调查处理，依法对涉案的8人作出行政拘留等处罚，相关工作正在进一步开展中。 警方坚决依法打击各类侵害未成年人合法权益的违法犯罪行为，切实保护未成年人的身心健康。 据央视新闻客户端此前报道，日前，网上有视频显示，广西南宁发生一起疑似校园欺凌事件。记者多方采访了解并证实，该视频内容为4月18日南宁三中初中部五象校区学生在校外遭遇的一起欺凌事件。 据了解，4月18日下午放学后，南宁三中初中部五象校区的两名学生以归还手机为由，带另一名学生至附近一公园，协同多名外校学生对该学生进行欺凌，并录制手机视频。 「 支持红色网站！」 感谢您的支持与鼓励！ 您的打赏将用于红歌会网日常运行与维护。 帮助我们办好网站，宣传红色文化。 传播正能量，促进公平正义！ ||| 一初中女生被多人欺负殴打，广西南宁良庆警方：依法对涉案8人作出行拘等处罚 情况通报 4月18日，一名初中女生在良庆大道某小区旁，被多人欺负殴打。接到报警后，我分局立即开展调查处理，依法对涉案的8人作出行政拘留等处罚，相关工作正在进一步开展中。 警方坚决依法打击各类侵害未成年人合法权益的违法犯罪行为，切实保护未成年人的身心健康。 南宁市公安局良庆分局 2024年4月29日 此前报道 日前，网上有视频显示，广西南宁发生一起疑似校园欺凌事件。记者多方采访了解并证实，该视频内容为4月18日南宁三中初中部五象校区学生在校外遭遇的一起欺凌事件。 据了解，4月18日下午放学后，南宁三中初中部五象校区的两名学生以归还手机为由，带另一名学生至附近一公园，协同多名外校学生对该学生进行欺凌，并录制手机视频。 扫码加好友 拉你进漳浦新闻爆料群 via：“良庆警方”微信公号、央视新闻",social_media ||| mainstream_news ||| social_media ||| mainstream_news,https://www.toutiao.com/article/7363503429732074024/ ||| https://news.dayoo.com/society/202404/29/140000_54663434.htm ||| https://m.szhgh.com/Article/news/politics/2024-04-30/351861.html ||| https://m.sohu.com/a/775464778_121123770,title_unavailable ||| title_unavailable ||| title_unavailable ||| title_unavailable,date_unavailable ||| date_unavailable ||| date_unavailable ||| date_unavailable,4,silver_candidate,standard_review,0.000,low,low_risk,accept,,,欺凌经过、视频传播、警方介入及行拘通报均与证据严格对应。,annotator_A,adjudicated_final,annotator_A
E015,LLM_CHAIN_E015_001,2024年3月10日肥乡区初一学生王某某遇害 ||| 案件引发社会广泛关注，公众呼吁严惩嫌疑人并批评自媒体误导 ||| 公安机关迅速侦破并于3月11日抓获全部嫌疑人，3月17日官方发布通报 ||| 司法机关将依法惩处，相关部门持续安抚家属并呼吁保护未成年人隐私,ev-00326;ev-00332;ev-00346;ev-00333,"关闭 邯郸市肥乡区委员会宣传部的官方微信公众号“微观肥乡”17日晚间发布通报：2024年3月10日，邯郸市肥乡区初一学生...[preview_truncated] ||| 在这个平静的小县城,一场骇人听闻的惨剧发生了,一名初一学生王某某竟然被残忍地杀害。这一消息震惊了整个社会,引起了人们的广...[preview_truncated] ||| 在河北邯郸市肥乡区,一起令人震惊的初中生被害案引发了全国网友的广泛关注。自媒体博主的误导行为引起了网友的愤怒,同时,他们...[preview_truncated] ||| 新京报讯 据微观肥乡官微消息，2024年3月10日，邯郸市肥乡区初一学生王某某被杀害。案件发生后，肥乡区高度重视，公安机...[preview_truncated]",full_text_unavailable; use evidence_texts and evidence_urls ||| full_text_unavailable; use evidence_texts and evidence_urls ||| full_text_unavailable; use evidence_texts and evidence_urls ||| full_text_unavailable; use evidence_texts and evidence_urls,full_text_unavailable ||| full_text_unavailable ||| full_text_unavailable ||| full_text_unavailable,"关闭 邯郸市肥乡区委员会宣传部的官方微信公众号“微观肥乡”17日晚间发布通报：2024年3月10日，邯郸市肥乡区初一学生王某某被杀害。案件发生后，肥乡区高度重视，公安机关立即开展侦破工作。3月11日，涉案犯罪嫌疑人被全部抓获，现已依法采取刑事强制措施。司法机关将对犯罪行为依法予以惩处。案件发生以来，相关部门全力做好受害人家属安抚和善后工作，各方面工作正有序进行。 该案涉及未成年人，为保护受害人隐私，请大家不信谣、不传谣，避免对其家属造成进一步伤害。 ||| 在这个平静的小县城,一场骇人听闻的惨剧发生了,一名初一学生王某某竟然被残忍地杀害。这一消息震惊了整个社会,引起了人们的广泛关注。 警方紧急介入,抓获犯罪嫌疑人 面对这一恶性案件,当地警方迅速行动,高度 ||| 在河北邯郸市肥乡区,一起令人震惊的初中生被害案引发了全国网友的广泛关注。自媒体博主的误导行为引起了网友的愤怒,同时,他们呼吁公正处理并制裁未成年嫌疑人。 ||| 新京报讯 据微观肥乡官微消息，2024年3月10日，邯郸市肥乡区初一学生王某某被杀害。案件发生后，肥乡区高度重视，公安机关立即开展侦破工作。3月11日，涉案犯罪嫌疑人被全部抓获，现已依法采取刑事强制措施。司法机关将对犯罪行为依法予以惩处。案件发生以来，相关部门全力做好受害人家属安抚和善后工作，各方面工作正有序进行。 该案涉及未成年人，为保护受害人隐私，请大家不信谣、不传谣，避免对其家属造成进一步伤害。 肥乡区联合工作组 2024年3月17日 编辑 邓淑红 <% intro %>",social_media ||| social_media ||| social_media ||| mainstream_news,https://cn.chinadaily.com.cn/a/202403/18/WS65f78960a3109f7860dd5c49.html ||| https://www.toutiao.com/article/7347336825310249522 ||| https://www.toutiao.com/article/7347732695205888527/ ||| https://finance.sina.cn/2024-03-17/detail-inanrwwi1956324.d.html,title_unavailable ||| title_unavailable ||| title_unavailable ||| title_unavailable,date_unavailable ||| date_unavailable ||| date_unavailable ||| date_unavailable,3,silver_candidate,standard_review,0.000,low,low_risk,accept,,,案发时间、抓捕进度、官方通报及善后隐私保护均有证据支撑。,annotator_A,adjudicated_final,annotator_A
E015,LLM_CHAIN_E015_002,邯郸市肥乡区发生初中生被害事件 ||| 舆论聚焦未成年人犯罪与校园安全，要求公正处理 ||| 肥乡区高度重视，警方立即开展侦破并依法采取刑事强制措施 ||| 官方通报案件有序处理，善后与家属安抚工作同步推进,ev-00328;ev-00346;ev-00331;ev-00329,"近日,河北邯郸肥乡区发生了一起令人痛心的初中生被害事件。据报道,这起事件发生在2024年3月10日,地点位于肥乡区北高镇...[preview_truncated] ||| 在河北邯郸市肥乡区,一起令人震惊的初中生被害案引发了全国网友的广泛关注。自媒体博主的误导行为引起了网友的愤怒,同时,他们...[preview_truncated] ||| “微观肥乡”17日发布通报：3月10日，邯郸市肥乡区初一学生王某某被杀害。案件发生后，肥乡区公安机关立即开展侦破工作。3...[preview_truncated] ||| 邯郸市肥乡区委员会宣传部的官方微信公众号“微观肥乡”17日晚间发布通报：2024年3月10日，邯郸市肥乡区初一学生王某某...[preview_truncated]",full_text_unavailable; use evidence_texts and evidence_urls ||| full_text_unavailable; use evidence_texts and evidence_urls ||| full_text_unavailable; use evidence_texts and evidence_urls ||| full_text_unavailable; use evidence_texts and evidence_urls,full_text_unavailable ||| full_text_unavailable ||| full_text_unavailable ||| full_text_unavailable,"近日,河北邯郸肥乡区发生了一起令人痛心的初中生被害事件。据报道,这起事件发生在2024年3月10日,地点位于肥乡区北高镇张庄村附近。 ||| 在河北邯郸市肥乡区,一起令人震惊的初中生被害案引发了全国网友的广泛关注。自媒体博主的误导行为引起了网友的愤怒,同时,他们呼吁公正处理并制裁未成年嫌疑人。 ||| “微观肥乡”17日发布通报：3月10日，邯郸市肥乡区初一学生王某某被杀害。案件发生后，肥乡区公安机关立即开展侦破工作。3月11日，涉案犯罪嫌疑人被全部抓获，现已依法采取刑事强制措施。司法机关将对犯罪行为依法予以惩处。案件发生以来，相关部门全力做好受害人家属安抚和善后工作，各方面工作正有序进行。 该案涉及未成年人，为保护受害人隐私，请大家不信谣、不传谣，避免对其家属造成进一步伤害。 联系我们 违法和不良信息举报 网站导航 新媒体二维码 陕西司法公众号 法治三秦新浪微博 版权所有：中共陕西省委全面依法治省委员会办公室 办公地址：陕西省西安市雁塔区建工路50号 邮 编：710043 电 话：029-87293279 备 案 号：陕ICP备07000324号-2 ||| 邯郸市肥乡区委员会宣传部的官方微信公众号“微观肥乡”17日晚间发布通报：2024年3月10日，邯郸市肥乡区初一学生王某某被杀害。案件发生后，肥乡区高度重视，公安机关立即开展侦破工作。3月11日，涉案犯罪嫌疑人被全部抓获，现已依法采取刑事强制措施。司法机关将对犯罪行为依法予以惩处。案件发生以来，相关部门全力做好受害人家属安抚和善后工作，各方面工作正有序进行。 该案涉及未成年人，为保护受害人隐私，请大家不信谣、不传谣，避免对其家属造成进一步伤害。 行贿犯罪嫌疑人薛国泉被遣返回国 4月全国查处违反中央八项规定精神问题21889起 人民法庭五年来审结各类案件3400万件 杂交水稻研究取得多项阶段性成果 远离“隐性饥饿”，在家吃饭如何吃得更好 国家禁毒委员会办公室发布通告防范八种化学品流失用于制毒风险 494名实施跨国电信网络诈骗的犯罪嫌疑人从老挝移交我方 红苹果短剧等，被通报 整改见成效，中央生态环保督察发布2地典型案例 越来越甜是打了甜蜜素、无籽是转基因……关于西瓜的这些谣言该...",social_media ||| social_media ||| official ||| social_media,https://www.toutiao.com/article/7348447723126817295/ ||| https://www.toutiao.com/article/7347732695205888527/ ||| http://fzsx.gov.cn/sx/fcsh/80475.htm ||| http://www.nmgcb.com.cn/shehui/r-280693.html,title_unavailable ||| title_unavailable ||| title_unavailable ||| title_unavailable,date_unavailable ||| date_unavailable ||| date_unavailable ||| date_unavailable,3,silver_candidate,standard_review,0.000,low,low_risk,accept,,,舆论焦点与官方处置流程表述准确，证据链完整。,annotator_A,adjudicated_final,annotator_A
E015,LLM_CHAIN_E015_003,3月10日初一学生王某某在肥乡区被杀害 ||| 事件迅速发酵引发全国网友震惊与对未成年人保护的讨论 ||| 警方3月11日全数抓获嫌犯，3月17日区委宣传部官微发布详细通报 ||| 案件进入司法惩处程序，政府专班持续跟进善后与隐私保护工作,ev-00334;ev-00346;ev-00347;ev-00333,"河北邯郸肥乡区发生了一起令人震惊的悲剧,一名初一学生王某某惨遭杀害。今天我们将带您揭秘这起案件的真相,为逝去的生命讨回公...[preview_truncated] ||| 在河北邯郸市肥乡区,一起令人震惊的初中生被害案引发了全国网友的广泛关注。自媒体博主的误导行为引起了网友的愤怒,同时,他们...[preview_truncated] ||| 近日,邯郸市肥乡区发生了一起令人痛心的案件,一名初中生不幸遇害。肥乡区委员会宣传部通过其官方微信公众号“微观肥乡”于17...[preview_truncated] ||| 新京报讯 据微观肥乡官微消息，2024年3月10日，邯郸市肥乡区初一学生王某某被杀害。案件发生后，肥乡区高度重视，公安机...[preview_truncated]",full_text_unavailable; use evidence_texts and evidence_urls ||| full_text_unavailable; use evidence_texts and evidence_urls ||| full_text_unavailable; use evidence_texts and evidence_urls ||| full_text_unavailable; use evidence_texts and evidence_urls,full_text_unavailable ||| full_text_unavailable ||| full_text_unavailable ||| full_text_unavailable,"河北邯郸肥乡区发生了一起令人震惊的悲剧,一名初一学生王某某惨遭杀害。今天我们将带您揭秘这起案件的真相,为逝去的生命讨回公道。 ||| 在河北邯郸市肥乡区,一起令人震惊的初中生被害案引发了全国网友的广泛关注。自媒体博主的误导行为引起了网友的愤怒,同时,他们呼吁公正处理并制裁未成年嫌疑人。 ||| 近日,邯郸市肥乡区发生了一起令人痛心的案件,一名初中生不幸遇害。肥乡区委员会宣传部通过其官方微信公众号“微观肥乡”于17日晚间发布通报,向公众详细说明了案件的情况及后续处理进展。 通报指出,2024年 ||| 新京报讯 据微观肥乡官微消息，2024年3月10日，邯郸市肥乡区初一学生王某某被杀害。案件发生后，肥乡区高度重视，公安机关立即开展侦破工作。3月11日，涉案犯罪嫌疑人被全部抓获，现已依法采取刑事强制措施。司法机关将对犯罪行为依法予以惩处。案件发生以来，相关部门全力做好受害人家属安抚和善后工作，各方面工作正有序进行。 该案涉及未成年人，为保护受害人隐私，请大家不信谣、不传谣，避免对其家属造成进一步伤害。 肥乡区联合工作组 2024年3月17日 编辑 邓淑红 <% intro %>",social_media ||| social_media ||| social_media ||| mainstream_news,https://www.toutiao.com/article/7348089775359836706/ ||| https://www.toutiao.com/article/7347732695205888527/ ||| https://www.toutiao.com/article/7348283749471158823 ||| https://finance.sina.cn/2024-03-17/detail-inanrwwi1956324.d.html,title_unavailable ||| title_unavailable ||| title_unavailable ||| title_unavailable,date_unavailable ||| date_unavailable ||| date_unavailable ||| date_unavailable,2,silver_candidate,standard_review,0.000,low,low_risk,accept,,,关键时间节点与联合工作组通报内容一致，无事实偏差。,annotator_A,adjudicated_final,annotator_A
E017,LLM_CHAIN_E017_001,2024年5月26日网传教师徐某课堂发表不当言论 ||| 网友举报引发舆情，校方与教育局介入调查 ||| 5月27日绍兴一中发布通报确认违规事实 ||| 学校决定停止该教师教学工作、调离岗位并给予警告处分,ev-00403;ev-00407;ev-00409;ev-00425,电子报 网站地图 当前位置： 京报网首页 > 社会 > 正文 来源： 绍兴市第一中学 2024-05-27 17:35 ...[preview_truncated] ||| 5月27日，浙江绍兴市第一中学通报：5月26日，网传该校一名通用技术教师徐某在课堂上发表与教师形象不符的言论。经调查，该...[preview_truncated] ||| 5月27日，绍兴市第一中学发布情况通报：5月26日，网传我校一名通用技术教师徐某在课堂上发表与教师形象不符的言论。经调查...[preview_truncated] ||| 近日，绍兴市一名中学教师因在课堂上发表不当言论引发关注。事发后，绍兴市第一中学调查后发布情况通报，对其进行处分，停止教学...[preview_truncated],full_text_unavailable; use evidence_texts and evidence_urls ||| full_text_unavailable; use evidence_texts and evidence_urls ||| full_text_unavailable; use evidence_texts and evidence_urls ||| full_text_unavailable; use evidence_texts and evidence_urls,full_text_unavailable ||| full_text_unavailable ||| full_text_unavailable ||| full_text_unavailable,"电子报 网站地图 当前位置： 京报网首页 > 社会 > 正文 来源： 绍兴市第一中学 2024-05-27 17:35 5月27日，绍兴市第一中学发布情况通报： 5月26日，网传该校一名通用技术教师徐某在课堂上发表与教师形象不符的言论。经调查，该教师存在在课堂上发表不当言论的现象，违反了《新时代中小学教师职业行为十项准则》之第三条有关规定，根据《中小学教师违反职业道德行为处理办法》，经学校党委研究决定，即日起停止该教师教学工作，调离教学岗位，并给予警告处分。 来源：绍兴市第一中学 流程编辑：U032 如遇作品内容、版权等问题，请在相关文章刊发之日起30日内与本网联系。版权侵权联系电话：010-85202353 扫描二维码 下载手机客户端 分享到 未登录 0条 未登录 0条 欢迎下载“北京日报”客户端发表评论 ' + curr.saytext + ' ' + curr.smalltext + ' 热门 图集 第九届中国（日照）新闻摄影周启幕 博物馆日，北展“如是莫高”大展公益开放，迎参观热潮 雨后首钢园，蓝天白云，花开正艳 精品 赏冰乐雪 京彩新春 氢能领航 双碳助力 山水印象 不止青绿 唯有奋发 不负时代 主管：北京日报报业集团主办：京报移动传媒有限公司Copyright ©1996-2026 Beijing Daily Group, All Rights Reserved 互联网 ||| 5月27日，浙江绍兴市第一中学通报：5月26日，网传该校一名通用技术教师徐某在课堂上发表与教师形象不符的言论。经调查，该教师存在在课堂上发表不当言论的现象，违反了《新时代中小学教师职业行为十项准则》之第三条有关规定，根据《中小学教师违反职业道德行为处理办法》，经学校党委研究决定，即日起停止该教师教学工作，调离教学岗位，并给予警告处分。 【此前报道】5月26日，有网友发文举报浙江省绍兴市绍兴一中徐姓教师，在课堂上向女生开黄腔、课间做猥琐动作。其本人予以否认，并表示将“有则加改之无则加勉”。5月27日，绍兴一中一名值班人员表示，有专门人员正在调查。绍兴市教育局工作人员称，已在着手处理，目前已有初步的处理意见了，正在积极处理需要个过程。 ——————————————— 来源：绍兴市第一中学、@百姓关注 编辑：苗亚祥 审核：华丽娟 ||| 5月27日，绍兴市第一中学发布情况通报：5月26日，网传我校一名通用技术教师徐某在课堂上发表与教师形象不符的言论。经调查，该教师存在在课堂上发表不当言论的现象，违反了《新时代中小学教师职业行为十项准则》之第三条有关规定，根据《中小学教师违反职业道德行为处理办法》，经学校党委研究决定，即日起停止该教师教学工作，调离教学岗位，并给予警告处分。 据北京青年报此前报道，5月26日，有网友发文举报浙江省绍兴市绍兴一中徐姓教师，在课堂上向女生开黄腔、课间做猥琐动作。聊天截图显示，该教师被指在课堂上发表“买车送车模” 、“强奸要好好享受” 等言论，其本人均予以否认，并表示将“有则加改之无则加勉”。 来源：绍兴市第一中学微信公众号 @@=value.title$$ @@=value.author$$ @@=value.title$$ 新浪教育意见反馈留言板 新浪简介|广告服务|About Sina 联系我们|招聘信息|通行证注册 产品答疑|网站律师|SINA English Copyright © 1996-2024 SINA Corporation All Rights Reserved 新浪公司 版权所有 ||| 近日，绍兴市一名中学教师因在课堂上发表不当言论引发关注。事发后，绍兴市第一中学调查后发布情况通报，对其进行处分，停止教学工作，调离教学岗位，给予警告处分。 5月27日，绍兴市第一中学发布情况通报显示，网传该校一名通用技术教师徐某在课堂上发表与教师形象不符的言论。经调查，该教师存在在课堂上发表不当言论的现象，违反了《新时代中小学教师职业行为十项准则》之第三条有关规定，根据《中小学教师违反职业道德行为处理办法》，经学校党委研究决定，即日起停止该教师教学工作，调离教学岗位，并给予警告处分。 据媒体此前报道，近日，有网友发文举报浙江省绍兴市绍兴一中徐姓教师，举报该教师在课堂上向女生开黄腔、课间做猥琐动作等。举报的相关聊天截图显示，该教师被指在课堂上发表不当言论，其本人均予以否认，并表示将“有则加改之无则加勉”。 记者从教育部官方网站查询到《新时代中小学教师职业行为十项准则》全文。记者注意到，准则第二条、第三条明确表示，教师要自觉爱国守法，不得损害国家利益、社会公共利益，或违背社会公序良俗。教师要传播优秀文化。带头践行社会主义核心价值观，弘扬真善美，传递正能量；不得通过课堂、论坛、讲座、信息网络及其他渠道发表、转发错误观点，或编造散布虚假信息、不良信息。另外，第七条规定，教师要坚持言行雅正。为人师表，以身作则，举止文明，作风正派，自重自爱；不得与学生发生任何不正当关系，严禁任何形式的猥亵、性",public_web ||| mainstream_news ||| mainstream_news ||| mainstream_news,https://news.bjd.com.cn/2024/05/27/10786174.shtml ||| https://m.sohu.com/a/781913749_121434698/?pvid=000115_3w_a ||| https://edu.sina.com.cn/zxx/2024-05-28/doc-inawustw1861399.shtml ||| https://m.thepaper.cn/newsDetail_forward_27534592,title_unavailable ||| title_unavailable ||| title_unavailable ||| title_unavailable,date_unavailable ||| date_unavailable ||| date_unavailable ||| date_unavailable,4,silver_candidate,standard_review,0.000,low,low_risk,accept,,,网传举报、校方调查通报及停职调岗警告处分均与证据完全吻合。,annotator_A,adjudicated_final,annotator_A
E017,LLM_CHAIN_E017_002,网传绍兴一中通用技术教师课堂言论失当 ||| 事件发酵引发公众关注，涉事教师否认，相关部门启动核查 ||| 绍兴一中党委经调查核实后于5月27日公开通报 ||| 依规对涉事教师作出停教、调岗及警告处分,ev-00404;ev-00408;ev-00411;ev-00412,5月27日，绍兴市第一中学发布情况通报： 5月26日，网传该校一名通用技术教师徐某在课堂上发表与教师形象不符的言论。经调...[preview_truncated] ||| 用微信扫描二维码 分享至好友和朋友圈 学校通报教师在课堂发表不当言论 绍兴市第一中学于5月27日公布了一则情况通报。通报...[preview_truncated] ||| 用微信扫码二维码 分享至好友和朋友圈 来源 | 微泰州微信公众号（wtz0523） 编校 | 刘婉儿 审核 | 陈宁 马...[preview_truncated] ||| 用微信扫码二维码 分享至好友和朋友圈 5月27日，浙江绍兴市第一中学通报：5月26日，网传该校一名通用技术教师徐某在课堂...[preview_truncated],full_text_unavailable; use evidence_texts and evidence_urls ||| full_text_unavailable; use evidence_texts and evidence_urls ||| full_text_unavailable; use evidence_texts and evidence_urls ||| full_text_unavailable; use evidence_texts and evidence_urls,full_text_unavailable ||| full_text_unavailable ||| full_text_unavailable ||| full_text_unavailable,"5月27日，绍兴市第一中学发布情况通报： 5月26日，网传该校一名通用技术教师徐某在课堂上发表与教师形象不符的言论。经调查，该教师存在在课堂上发表不当言论的现象，违反了《新时代中小学教师职业行为十项准则》之第三条有关规定，根据《中小学教师违反职业道德行为处理办法》，经学校党委研究决定，即日起停止该教师教学工作，调离教学岗位，并给予警告处分。 来源：绍兴市第一中学 流程编辑：U032 如遇作品内容、版权等问题，请在相关文章刊发之日起30日内与本网联系。版权侵权联系电话：010-85202353 24小时滚动播报最新的财经资讯和视频，更多粉丝福利扫描二维码关注（sinafinance） 网友提问：@@=value.question$$ 老师回答：@@=value.answer$$ @@=value.title$$ 新浪财经意见反馈留言板 新浪简介|广告服务|About Sina 联系我们|招聘信息|通行证注册 产品答疑|网站律师|SINA English Copyright © 1996-2024 SINA Corporation All Rights Reserved 新浪公司 版权所有 ||| 用微信扫描二维码 分享至好友和朋友圈 学校通报教师在课堂发表不当言论 绍兴市第一中学于5月27日公布了一则情况通报。通报指出，前一天网络上传出该校一名通用技术教师徐某在授课过程中发表了与其教师身份不相称的言论。经过校方调查，确认该教师确实在课堂上有不当言论的行为，这违反了《新时代中小学教师职业行为十项准则》中的第三条相关规定。基于此违规行为，学校根据《中小学教师违反职业道德行为处理办法》，经由学校党委的研究决定，立即暂停徐某的教学任务，将其调离教学岗位，并处以警告处分。 此次处理彰显了学校对于维护教师队伍职业道德纪律的坚决态度，以及对教学言行规范的重视。学校通报教师在课堂发表不当言论！ 5月27日，绍兴市第一中学通过其官方公众号发布了一则情况通报。通报中指出，在5月26日，该校接到了关于一名通用技术教师徐某的网络举报，称其在课堂上的言论与教师应有形象严重不符 5月27日，浙江绍兴市第一中学发布了一则通报。通报指出，在5月26日，网络上流传关于该校一位通用技术课教师徐某在授课过程中发表了与教师职业形象不相符的言论 5月29日，关于滁河水体污染的问题，联合调查组发布了最新通报。通报指出，滁州市全椒经开区的一家石油助剂公司因仓库火灾，造成部分污染物泄露至滁河，进而导致该河段部分鱼虾死亡 5月6日，太原市公安局万柏林分局收到网友举报，称当地一名网民在网络上发布了大量具有侮辱性和仇视性质的言 ||| 用微信扫码二维码 分享至好友和朋友圈 来源 | 微泰州微信公众号（wtz0523） 编校 | 刘婉儿 审核 | 陈宁 马响响 5月27日 浙江绍兴市第一中学通报 5月26日，有消息称该校一名通用技术教师徐某在课堂上发表与教师形象不符的言论。经调查，该教师存在在课堂上发表不当言论的现象，违反了《新时代中小学教师职业行为十项准则》之第三条有关规定，根据《中小学教师违反职业道德行为处理办法》，经学校党委研究决定，即日起停止该教师教学工作，调离教学岗位，并给予警告处分。 据报道，5月26日，有网友发文举报浙江省绍兴市绍兴一中徐姓教师，在课堂上向女生开黄腔、做猥琐动作。 5月27日，绍兴一中一名值班人员表示，有专门人员正在调查。绍兴市教育局工作人员称，已在着手处理，目前已有初步的处理意见了，正在积极处理需要个过程。 特别声明：以上内容(如有图片或视频亦包括在内)为自媒体平台“网易号”用户上传并发布，本平台仅提供信息存储服务。 Notice: The content above (including the pictures and videos if any) is uploaded and posted by a user of NetEase Hao, which is a social media platform and only provides information stora ||| 用微信扫码二维码 分享至好友和朋友圈 5月27日，浙江绍兴市第一中学通报：5月26日，网传该校一名通用技术教师徐某在课堂上发表与教师形象不符的言论。经调查，该教师存在在课堂上发表不当言论的现象，违反了《新时代中小学教师职业行为十项准则》之第三条有关规定，根据《中小学教师违反职业道德行为处理办法》，经学校党委研究决定，即日起停止该教师教学工作，调离教学岗位，并给予警告处分。 据报道，5月26日，有网友发文举报浙江省绍兴市绍兴一中徐姓教师，在课堂上向女生开黄腔、做猥琐动作。 5月27日，绍兴一中一名值班人员表示，有专门人员正在调查。绍兴市教育局工作人员称，已在着手处理，目前已有初步的处理意见了，正在积极处理需要个过程。 来源： 绍兴市第一中学、@百姓关注、大皖新闻 本文中图片、文字、音视频等版权归原作者所有 如有违规侵权请联系我们，我们会第一时间处理 特别声明：以上内容(如有图片或视频亦包括在内)为自媒体平台“网易号”用户上传并发布，本平台仅提供信息存储服务。 Notice: The content above (including the pictures and videos if any) is uploaded and posted by a user of NetEase Hao, which is a social media platform and only provi",mainstream_news ||| mainstream_news ||| social_media ||| social_media,https://finance.sina.com.cn/jjxw/2024-05-27/doc-inawsinm3772277.shtml ||| https://news.china.com/socialgd/10000169/20240527/46600089.html ||| https://www.163.com/dy/article/J39UU06S05453LIT.html ||| https://www.163.com/dy/article/J37P9S3J0514DTS9.html,title_unavailable ||| title_unavailable ||| title_unavailable ||| title_unavailable,date_unavailable ||| date_unavailable ||| date_unavailable ||| date_unavailable,3,silver_candidate,standard_review,0.000,low,low_risk,accept,,,证据充分支持事件链各节点，事实与表述准确，可直接作为金标准。,annotator_A,adjudicated_final,annotator_A
E017,LLM_CHAIN_E017_003,5月26日网络曝光教师课堂发表与身份不符言论 ||| 舆情引发社会质疑，学校迅速开展专项调查 ||| 校方依据教师职业行为准则发布处理通报 ||| 涉事教师被立即停止教学、调离岗位并受警告处分,ev-00405;ev-00409;ev-00423;ev-00436,"5月27日，浙江绍兴市第一中学通报，5月26日，网传该校一名通用技术教师徐某在课堂上发表与教师形象不符的言论。经调查，该...[preview_truncated] ||| 5月27日，绍兴市第一中学发布情况通报：5月26日，网传我校一名通用技术教师徐某在课堂上发表与教师形象不符的言论。经调查...[preview_truncated] ||| 近日,浙江绍兴市第一中学发生了一起教师不当言论事件,引起了社会广泛关注。据通报,该校一名通用技术教师在课堂上发表了与教师...[preview_truncated] ||| 用微信扫码二维码 分享至好友和朋友圈 来源：绍兴市第一中学微信公众号 版权归原作者所有，如有侵权请及时联系 5月27日，...[preview_truncated]",full_text_unavailable; use evidence_texts and evidence_urls ||| full_text_unavailable; use evidence_texts and evidence_urls ||| full_text_unavailable; use evidence_texts and evidence_urls ||| full_text_unavailable; use evidence_texts and evidence_urls,full_text_unavailable ||| full_text_unavailable ||| full_text_unavailable ||| full_text_unavailable,"5月27日，浙江绍兴市第一中学通报，5月26日，网传该校一名通用技术教师徐某在课堂上发表与教师形象不符的言论。经调查，该教师存在在课堂上发表不当言论的现象，违反了《新时代中小学教师职业行为十项准则》之第三条有关规定，根据《中小学教师违反职业道德行为处理办法》，经学校党委研究决定，即日起停止该教师教学工作，调离教学岗位，并给予警告处分。 24小时滚动播报最新的财经资讯和视频，更多粉丝福利扫描二维码关注（sinafinance） 网友提问：@@=value.question$$ 老师回答：@@=value.answer$$ @@=value.title$$ 新浪财经意见反馈留言板 新浪简介|广告服务|About Sina 联系我们|招聘信息|通行证注册 产品答疑|网站律师|SINA English Copyright © 1996-2024 SINA Corporation All Rights Reserved 新浪公司 版权所有 ||| 5月27日，绍兴市第一中学发布情况通报：5月26日，网传我校一名通用技术教师徐某在课堂上发表与教师形象不符的言论。经调查，该教师存在在课堂上发表不当言论的现象，违反了《新时代中小学教师职业行为十项准则》之第三条有关规定，根据《中小学教师违反职业道德行为处理办法》，经学校党委研究决定，即日起停止该教师教学工作，调离教学岗位，并给予警告处分。 据北京青年报此前报道，5月26日，有网友发文举报浙江省绍兴市绍兴一中徐姓教师，在课堂上向女生开黄腔、课间做猥琐动作。聊天截图显示，该教师被指在课堂上发表“买车送车模” 、“强奸要好好享受” 等言论，其本人均予以否认，并表示将“有则加改之无则加勉”。 来源：绍兴市第一中学微信公众号 @@=value.title$$ @@=value.author$$ @@=value.title$$ 新浪教育意见反馈留言板 新浪简介|广告服务|About Sina 联系我们|招聘信息|通行证注册 产品答疑|网站律师|SINA English Copyright © 1996-2024 SINA Corporation All Rights Reserved 新浪公司 版权所有 ||| 近日,浙江绍兴市第一中学发生了一起教师不当言论事件,引起了社会广泛关注。据通报,该校一名通用技术教师在课堂上发表了与教师形象不符的言论,经调查确认后,学校党委决定立即停止该教师的教学工作,并调离教学岗 ||| 用微信扫码二维码 分享至好友和朋友圈 来源：绍兴市第一中学微信公众号 版权归原作者所有，如有侵权请及时联系 5月27日，绍兴市第一中学发布情况通报：5月26日，网传我校一名通用技术教师徐某在课堂上发表与教师形象不符的言论。经调查，该教师存在在课堂上发表不当言论的现象，违反了《新时代中小学教师职业行为十项准则》之第三条有关规定，根据《中小学教师违反职业道德行为处理办法》，经学校党委研究决定，即日起停止该教师教学工作，调离教学岗位，并给予警告处分。 看完新闻， 来听一听气象天天的《天气关键词》 更多精彩视频 关注FM93交通之声视频号 已阅 特别声明：以上内容(如有图片或视频亦包括在内)为自媒体平台“网易号”用户上传并发布，本平台仅提供信息存储服务。 Notice: The content above (including the pictures and videos if any) is uploaded and posted by a user of NetEase Hao, which is a social media platform and only provides information storage services. 上游新闻 2026-05-25 14:46:47 中国新闻周刊 2026-05-24 23:46:09 中国新闻周刊 2026-05-25 07:",mainstream_news ||| mainstream_news ||| social_media ||| social_media,https://finance.sina.com.cn/jjxw/2024-05-27/doc-inawsins2436071.shtml ||| https://edu.sina.com.cn/zxx/2024-05-28/doc-inawustw1861399.shtml ||| https://www.toutiao.com/article/7373666358124413476/ ||| https://www.163.com/dy/article/J38TUVBF05149FJ6.html,title_unavailable ||| title_unavailable ||| title_unavailable ||| title_unavailable,date_unavailable ||| date_unavailable ||| date_unavailable ||| date_unavailable,4,silver_candidate,standard_review,0.000,low,low_risk,accept,,,证据覆盖完整，关键事实与时间线吻合，属合理近义表述。,annotator_A,adjudicated_final,annotator_A
E019,LLM_CHAIN_E019_001,2023年12月26日起北京多家美吉姆门店突然闭店停业 ||| 家长预付课时费难以退还且员工遭欠薪，引发家长抱团维权与投诉 ||| 美吉姆中国总部发布声明成立专项小组，督促加盟中心妥善处理退费与员工安置 ||| 退费仍遇推诿，家长持续通过投诉平台及法律途径维权，事件尚未彻底解决,ev-00457;ev-00458;ev-00460;ev-01673;ev-01676;ev-01677;ev-01678,"来源:【海报新闻】海报新闻记者 田柳 北京报道知名早教机构美吉姆数家北京门店近日闭店停业,有门店负责人已处于失联状态。1...[preview_truncated] ||| 安装新浪财经客户端第一时间接收最全面的市场资讯→【下载地址】 近日，美吉姆北京多家分店被曝关店停业，家长上万元课时费无处...[preview_truncated] ||| 用微信扫码二维码 分享至好友和朋友圈 近期 有网友爆称 北京美吉姆早教机构要跑路 线下多家门店已关闭 北京西直门 望京凯...[preview_truncated] ||| 紧！急！提！醒！ 近日，被称为“早教第一股”的美吉姆 5家在京门店同时关门！ 4月1日， 北京方庄美吉姆，亦庄龙湖美吉姆...[preview_truncated] ||| 用微信扫码二维码 分享至好友和朋友圈 美吉姆常营华联中心称，鉴于现阶段公司经营中遇到的诸多问题，他们向上市公司美吉姆提出...[preview_truncated] ||| 机构未安排人员联系对接 微信联系也不回复 已隐藏内容 已分配商家 美吉姆国际儿童发展 2020年10月付费24800报了...[preview_truncated] ||| 距离商家最新回复已经30个自然日，期间用户未做进一步操作，系统已自动变更为“已完成”状态。如对企业处理结果有异议，可重新...[preview_truncated]",full_text_unavailable; use evidence_texts and evidence_urls ||| full_text_unavailable; use evidence_texts and evidence_urls ||| full_text_unavailable; use evidence_texts and evidence_urls ||| full_text_unavailable; use evidence_texts and evidence_urls ||| full_text_unavailable; use evidence_texts and evidence_urls ||| full_text_unavailable; use evidence_texts and evidence_urls ||| full_text_unavailable; use evidence_texts and evidence_urls,full_text_unavailable ||| full_text_unavailable ||| full_text_unavailable ||| full_text_unavailable ||| full_text_unavailable ||| full_text_unavailable ||| full_text_unavailable,"来源:【海报新闻】海报新闻记者 田柳 北京报道知名早教机构美吉姆数家北京门店近日闭店停业,有门店负责人已处于失联状态。12月26日,海报新闻记者 ||| 安装新浪财经客户端第一时间接收最全面的市场资讯→【下载地址】 近日，美吉姆北京多家分店被曝关店停业，家长上万元课时费无处可退。2023年12月31日，美吉姆（中国）总部发布声明称，目前美吉姆（中国）仍然积极寻求各种措施支持加盟中心继续经营，并督促闭店、并店的美吉姆加盟中心妥善处理会员未消课时及员工安置补偿事宜，避免发生连锁效应。同时，已经成立了专项工作小组，配合各政府部门，共同协助加盟中心做好员工、会员家长的沟通与疏导。 据了解，北京美吉姆西直门、常营、昌平悦荟、清河万象汇、望京等多家门店暂停营业，为此，家长纷纷抱团维权。2023年12月26日，孩子家长反映，北京姚家园万象汇中心美吉姆店，前一天还在热热闹闹举办活动，第二天也就是26号就闭店了。不仅闭店毫无征兆，他们买的上万元课时费更是无处可退。 有消费者表示，美吉姆北京西直门凯德茂店也于12月26号突然关店，且数月未发员工工资社保，现在至少200个孩子无法上课，家长预付款至少200万，要求退款各种推诿扯皮。 还有家长曝光称，晚上六点还是“宝宝家长元旦愉快”，到了十点就变成“快来一起要钱”。 2023年12月31日，美吉姆（中国）总部发布声明称，美吉姆（中国）对北京地区部分美吉姆加盟中心近日闭店、并店事宜表示高度关注和重视。美吉姆（中国）与北京地区美吉姆加盟中心系授权合作关系，各加盟中心为独立经营主体，美吉姆（中国）为其提供品牌授权 ||| 用微信扫码二维码 分享至好友和朋友圈 近期 有网友爆称 北京美吉姆早教机构要跑路 线下多家门店已关闭 北京西直门 望京凯德 姚家园万象汇 周二一大早收到姚家园万象汇美吉姆闭店消息，准确的说，是看到排课的朋友圈，甚至连一句沟通都没有。有没有一起的家长，这该怎么办，剩余的课时就打水漂了嘛？ 截至今日发稿前，据某点评网，美吉姆望京凯德中心、清河万象汇门店显示暂停营业： 此前爆料 美吉姆拖欠员工工资 我前段时间在美吉姆离职了，原因是拖欠11月份工资。我之前在前台工作，知道一些套路。 如果有家长想报美吉姆一定要慎重，因为退费几乎是不可能的。之前有一个家长在10月份办的退费，一节课没有上，正常7天内没上课提出退费申请是可以立即办理退费的。但是由于今年冬天美吉姆不景气和北京市里美吉姆的投资人消失，所以11月份就停止所有的退费，恢复好的话可能明天三月会继续退费。但是恢复的好不好就不好说了。 我在的美吉姆现在是这样的，有课上但是能上的课及时间段不多，随时可能换班停课。店长说如果12月份消课不好的话，考虑1.2月份停课歇业，这样可以节省成本。这还有没有之后就不好说了。 我看这个情形就不好了加上10月工资分了两波给的，11月份工资至今没发，且我问过店长确切时间，店长的回复是没法给我保证，我们只能给投资人施压，我不知道这是店长给他不能给我发工资的借口还是真的。所以我就只能如图所示了。 美吉姆最新回应 会妥 ||| 紧！急！提！醒！ 近日，被称为“早教第一股”的美吉姆 5家在京门店同时关门！ 4月1日， 北京方庄美吉姆，亦庄龙湖美吉姆， 金源居然之家美吉姆，蓝色港湾美吉姆， 大兴宜家中心美吉姆 发布官方公告宣布正式停业！ 公告中只提到后续转课事宜， 公司会派专门的工作人员来处理 如何退费是一点没提！ 不少家长说： “昨天老师还问我这周上不上课呢！” “还剩80多节课没上呢！” “上周还去问了上课安排， 谁知道就没有然后了！” “我最近刚去试听了美吉姆！” 👇👇👇 还有不少家长加入了维权群 想着人多力量大 看能不能把钱要回来！ 👇👇👇 但很多有类似经验的网友表示： 运气好能退回一半 运气不好， 就甭想无法退费维权了！ 👇👇👇 此次美吉姆暴雷的多家门店 还有不少员工被拖欠着 工资、社保、公积金 同样是维权无门！ 👇👇👇 据大众点评实时门店信息显示 除去此次暴雷的几家门店 目前北京还有多家美吉姆门店正在营业！ 👇👇👇 美吉姆全国多地深陷“关店潮” 其实早在去年 美吉姆就关闭了 在京的多家校区！ 北京西直门 望京凯德 姚家园万象汇 从2023年年初开始 全国各地爆出了大量美吉姆门店关闭的消息 不少学生家长反映出现退费困难 强制转课等情况 甚至有部分门店直接卷款跑路了！ 财报数据显示 2019年—2021年 美吉姆签约早教中心的数量分别为 524家、545家、562家 然而到了2023年上半年仅剩下40 ||| 用微信扫码二维码 分享至好友和朋友圈 美吉姆常营华联中心称，鉴于现阶段公司经营中遇到的诸多问题，他们向上市公司美吉姆提出借钱周转进行救助的需求，但多次沟通无果，被上市公司以无法扶持为由拒绝。由于实在无以为继，无法支付房租和员工工资、社保，故门店停止授课服务。经多方沟通，美吉姆常营华联门店投资人将于12月28日(本周四)，同市场监管局、派出所等各方进行协商并制定后续会员的处理方案。12月29日(本周五)，会安排相应工作人员逐一联系会员办理后续的转课事宜。 “我们联系不上美吉姆的官方人员，也不清楚接下来会怎么处理”，刘昆提供的一份由北京海融兴达商业管理有限公司发布的公告显示，美吉姆常营华联中心自2023年4月1日起拖欠其承租保证金、固定租金等费用73万余元，因此提醒顾客避免预付费消费等。 记者尝试联系美吉姆常营华联门店的工作人员，但多个电话均无人接听。有家长提到，实际上，门店的老师们也处于被欠薪、欠社保的状态。有老师曾去美吉姆总部讨要说法，但并没有结果。 值得关注的是，近日以来，北京美吉姆西直门、常营、昌平悦荟、清河万象汇、望京等多家门店也暂停歇业，为此，家长纷纷抱团维权。 得知消息后家长开始维权。图/网络 各地门店多有倒闭 公开资料显示，美吉姆（MyGym）早教品牌诞生于美国。2008年，曾在IBM、HP等公司工作的刘俊君及其他几人成立公司取得了美吉姆品牌在中国的授权，成为美吉姆在中 ||| 机构未安排人员联系对接 微信联系也不回复 已隐藏内容 已分配商家 美吉姆国际儿童发展 2020年10月付费24800报了120+12节课，课程过程中约课多次约不到+老师也随意调动，影响了我们正常使用。现在涉及退费使用了43节课剩余77节课，美吉姆只肯退还30%的费用，当初定课本人有就合同内容提出疑问，销售承诺合同内容都好商量，例如课程没使用期限迟到缺课都可以商量不会像合同签订的那样扣课。作为消费者被蒙骗签订了合同，后续的确缺课都补了，也回复我课程没有使用期限，那默认合同只是形式主义。但是涉及退费却说不可以要按合同来，感觉收到了欺骗。联系美吉姆一直推脱，又说对接人员换了人不清楚。本人要举报美吉姆早教老师无证上岗，无证经营培训机构，合同欺骗，无故拒绝维权。 声明： 1.以上内容仅代表投诉者本人，不代表黑猫投诉立场。 2.未经授权，本平台案例禁止任何转载，违者将被追究法律责任。 3.黑猫投诉处理投诉不收取任何费用，凡以黑猫投诉名义收费的均为冒充、欺骗行为，请及时报警并与黑猫官方反馈。举报邮箱 heimaotousu@vip.sina.com。 4.请大家选择官方渠道解决消费纠纷，不要轻信第三方机构或个人办理退费以免受骗。请不要随意通过QQ或微信等方式添加陌生人，更不要给陌生人汇款，谨防被骗，如遇诈骗请及时报警。 《文明诚信投诉公约》 24小时有效投诉26411 累计有效投诉3578869 ||| 距离商家最新回复已经30个自然日，期间用户未做进一步操作，系统已自动变更为“已完成”状态。如对企业处理结果有异议，可重新发起投诉。 已将客户的反馈情况告知中心相关负责人，谢谢 门店为美吉姆回龙观店 您好，请补充门店详细信息。 已分配商家 美吉姆国际儿童发展 美吉姆近期因业绩不好，想低成本运营。目前处于关店的情况，导致我们不能正常上课。故提出退费，店员已有效期到期为借口，不予退费。特向本平台投诉，保护个人权益。 声明： 1.以上内容仅代表投诉者本人，不代表黑猫投诉立场。 2.未经授权，本平台案例禁止任何转载，违者将被追究法律责任。 3.黑猫投诉处理投诉不收取任何费用，凡以黑猫投诉名义收费的均为冒充、欺骗行为，请及时报警并与黑猫官方反馈。举报邮箱 heimaotousu@vip.sina.com。 4.请大家选择官方渠道解决消费纠纷，不要轻信第三方机构或个人办理退费以免受骗。请不要随意通过QQ或微信等方式添加陌生人，更不要给陌生人汇款，谨防被骗，如遇诈骗请及时报警。 《文明诚信投诉公约》 24小时有效投诉26411 累计有效投诉35788690 关注官方微博 扫码关注微信 广东站|浙江站|上海站|陕西站|广西站 吉林站|江苏站|湖南站|安徽站|黑龙江站 河南站|江西站|天津站|重庆站|海南站 辽宁站|湖北站|河北站|四川站|福建站 重要提示 Copyright©1996-2025 SI",social_media ||| mainstream_news ||| social_media ||| mainstream_news ||| mainstream_news ||| social_media ||| social_media,https://www.toutiao.com/article/7317265310413980198/ ||| https://finance.sina.com.cn/chanjing/wddc/2024-01-04/doc-inaaimzf6347381.shtml ||| https://www.163.com/dy/article/INA95DAD0552233K.html ||| https://www.sohu.com/a/769106343_121123811 ||| https://sd.china.com/shangye/20000940/20231231/25830498_1.html ||| https://tousu.sina.cn/complaint/view/17357455739 ||| https://tousu.sina.cn/complaint/view/17371203660/,title_unavailable ||| title_unavailable ||| title_unavailable ||| title_unavailable ||| title_unavailable ||| title_unavailable ||| title_unavailable,date_unavailable ||| date_unavailable ||| date_unavailable ||| date_unavailable ||| date_unavailable ||| date_unavailable ||| date_unavailable,6,silver_candidate,standard_review,0.000,low,low_risk,accept,,,闭店、维权、总部回应及后续进展均有对应证据支撑，逻辑连贯。,annotator_A,adjudicated_final,annotator_A
E019,LLM_CHAIN_E019_002,美吉姆常营华联、西直门等多家北京门店因资金问题及欠租突然暂停营业 ||| 消费者发现闭店毫无征兆，剩余课时费退款无门，纷纷组建维权群 ||| 门店投资人计划与市场监管局等部门协商制定处理方案，总部配合政府疏导 ||| 部分门店尝试协调转课，但家长对退费前景担忧，维权行动持续,ev-00458;ev-01676;ev-01680;ev-01682;ev-01673,"安装新浪财经客户端第一时间接收最全面的市场资讯→【下载地址】 近日，美吉姆北京多家分店被曝关店停业，家长上万元课时费无处...[preview_truncated] ||| 用微信扫码二维码 分享至好友和朋友圈 美吉姆常营华联中心称，鉴于现阶段公司经营中遇到的诸多问题，他们向上市公司美吉姆提出...[preview_truncated] ||| 12月26日,早教机构美吉姆北京多家分店被曝关店停业,涉及常营华联中心店、昌平悦荟、清河万象汇、望京等店。不少家长表示,...[preview_truncated] ||| 用微信扫码二维码 分享至好友和朋友圈 各位亲： 近日，不少网友爆料：美吉姆早教机构多家线下门店突然关闭，家长们纷纷收到闭...[preview_truncated] ||| 紧！急！提！醒！ 近日，被称为“早教第一股”的美吉姆 5家在京门店同时关门！ 4月1日， 北京方庄美吉姆，亦庄龙湖美吉姆...[preview_truncated]",full_text_unavailable; use evidence_texts and evidence_urls ||| full_text_unavailable; use evidence_texts and evidence_urls ||| full_text_unavailable; use evidence_texts and evidence_urls ||| full_text_unavailable; use evidence_texts and evidence_urls ||| full_text_unavailable; use evidence_texts and evidence_urls,full_text_unavailable ||| full_text_unavailable ||| full_text_unavailable ||| full_text_unavailable ||| full_text_unavailable,"安装新浪财经客户端第一时间接收最全面的市场资讯→【下载地址】 近日，美吉姆北京多家分店被曝关店停业，家长上万元课时费无处可退。2023年12月31日，美吉姆（中国）总部发布声明称，目前美吉姆（中国）仍然积极寻求各种措施支持加盟中心继续经营，并督促闭店、并店的美吉姆加盟中心妥善处理会员未消课时及员工安置补偿事宜，避免发生连锁效应。同时，已经成立了专项工作小组，配合各政府部门，共同协助加盟中心做好员工、会员家长的沟通与疏导。 据了解，北京美吉姆西直门、常营、昌平悦荟、清河万象汇、望京等多家门店暂停营业，为此，家长纷纷抱团维权。2023年12月26日，孩子家长反映，北京姚家园万象汇中心美吉姆店，前一天还在热热闹闹举办活动，第二天也就是26号就闭店了。不仅闭店毫无征兆，他们买的上万元课时费更是无处可退。 有消费者表示，美吉姆北京西直门凯德茂店也于12月26号突然关店，且数月未发员工工资社保，现在至少200个孩子无法上课，家长预付款至少200万，要求退款各种推诿扯皮。 还有家长曝光称，晚上六点还是“宝宝家长元旦愉快”，到了十点就变成“快来一起要钱”。 2023年12月31日，美吉姆（中国）总部发布声明称，美吉姆（中国）对北京地区部分美吉姆加盟中心近日闭店、并店事宜表示高度关注和重视。美吉姆（中国）与北京地区美吉姆加盟中心系授权合作关系，各加盟中心为独立经营主体，美吉姆（中国）为其提供品牌授权 ||| 用微信扫码二维码 分享至好友和朋友圈 美吉姆常营华联中心称，鉴于现阶段公司经营中遇到的诸多问题，他们向上市公司美吉姆提出借钱周转进行救助的需求，但多次沟通无果，被上市公司以无法扶持为由拒绝。由于实在无以为继，无法支付房租和员工工资、社保，故门店停止授课服务。经多方沟通，美吉姆常营华联门店投资人将于12月28日(本周四)，同市场监管局、派出所等各方进行协商并制定后续会员的处理方案。12月29日(本周五)，会安排相应工作人员逐一联系会员办理后续的转课事宜。 “我们联系不上美吉姆的官方人员，也不清楚接下来会怎么处理”，刘昆提供的一份由北京海融兴达商业管理有限公司发布的公告显示，美吉姆常营华联中心自2023年4月1日起拖欠其承租保证金、固定租金等费用73万余元，因此提醒顾客避免预付费消费等。 记者尝试联系美吉姆常营华联门店的工作人员，但多个电话均无人接听。有家长提到，实际上，门店的老师们也处于被欠薪、欠社保的状态。有老师曾去美吉姆总部讨要说法，但并没有结果。 值得关注的是，近日以来，北京美吉姆西直门、常营、昌平悦荟、清河万象汇、望京等多家门店也暂停歇业，为此，家长纷纷抱团维权。 得知消息后家长开始维权。图/网络 各地门店多有倒闭 公开资料显示，美吉姆（MyGym）早教品牌诞生于美国。2008年，曾在IBM、HP等公司工作的刘俊君及其他几人成立公司取得了美吉姆品牌在中国的授权，成为美吉姆在中 ||| 12月26日,早教机构美吉姆北京多家分店被曝关店停业,涉及常营华联中心店、昌平悦荟、清河万象汇、望京等店。不少家长表示,先前曾为孩子报了长期课程,预付费用多在上万元,关停之后,孩子无法正常上课,剩余的 ||| 用微信扫码二维码 分享至好友和朋友圈 各位亲： 近日，不少网友爆料：美吉姆早教机构多家线下门店突然关闭，家长们纷纷收到闭店信息。 昌平悦荟中心店、龙德广场店： 西直门中心： 美吉姆田村京粮广场店： 清河万象汇店已显示暂停营业： 美吉姆姚家园万象汇分店家长收到的告家长书。 望京凯德中心也有家长发文爆料。 有网友在得知消息后，专门去现场确认。 小编发现，在11月29日，财富中心美吉姆还要求家长转课到姚家园店，昨天姚家园店就发出了闭店通知。 截至发稿时为止，据某点评网，美吉姆清河万象汇门店、望京凯德中心、姚家园万象汇中心均显示暂停营业： 其他地区不少家长表示刚续费，刚买了20000元的课包；还有家长只上了六节课，还剩100多节课，在震惊之余，不知道该怎么挽回损失。 其他区家长们在积极想办法维权，希望可以得到妥善解决。小编也会持续关注后续进展，同时也提醒邻居们，购买机构课程尽量不要购买大课包，以避免不必要的损失。 最新相关消息 23年12月28日，美吉姆清河万象汇门店发布公告，宣布于23年12月26日停止运营，并提供2种解决方案： 方案一：转美吉姆同城中心。 方案二：转就近的其他合作品牌课程 以上方案于2024年1月15日前通过中心排课微信将详细转科方案发给所有会员家长，并开始办理相关转科手续。 美吉姆最新回应 会妥善处理补偿事宜 美吉姆现已成立专项工作小组，与员工、家长进行沟通与疏导，妥 ||| 紧！急！提！醒！ 近日，被称为“早教第一股”的美吉姆 5家在京门店同时关门！ 4月1日， 北京方庄美吉姆，亦庄龙湖美吉姆， 金源居然之家美吉姆，蓝色港湾美吉姆， 大兴宜家中心美吉姆 发布官方公告宣布正式停业！ 公告中只提到后续转课事宜， 公司会派专门的工作人员来处理 如何退费是一点没提！ 不少家长说： “昨天老师还问我这周上不上课呢！” “还剩80多节课没上呢！” “上周还去问了上课安排， 谁知道就没有然后了！” “我最近刚去试听了美吉姆！” 👇👇👇 还有不少家长加入了维权群 想着人多力量大 看能不能把钱要回来！ 👇👇👇 但很多有类似经验的网友表示： 运气好能退回一半 运气不好， 就甭想无法退费维权了！ 👇👇👇 此次美吉姆暴雷的多家门店 还有不少员工被拖欠着 工资、社保、公积金 同样是维权无门！ 👇👇👇 据大众点评实时门店信息显示 除去此次暴雷的几家门店 目前北京还有多家美吉姆门店正在营业！ 👇👇👇 美吉姆全国多地深陷“关店潮” 其实早在去年 美吉姆就关闭了 在京的多家校区！ 北京西直门 望京凯德 姚家园万象汇 从2023年年初开始 全国各地爆出了大量美吉姆门店关闭的消息 不少学生家长反映出现退费困难 强制转课等情况 甚至有部分门店直接卷款跑路了！ 财报数据显示 2019年—2021年 美吉姆签约早教中心的数量分别为 524家、545家、562家 然而到了2023年上半年仅剩下40",mainstream_news ||| mainstream_news ||| social_media ||| social_media ||| mainstream_news,https://finance.sina.com.cn/chanjing/wddc/2024-01-04/doc-inaaimzf6347381.shtml ||| https://sd.china.com/shangye/20000940/20231231/25830498_1.html ||| https://www.toutiao.com/article/7318272005051236904/ ||| https://www.163.com/dy/article/INKRN4VA0552UKTC.html ||| https://www.sohu.com/a/769106343_121123811,title_unavailable ||| title_unavailable ||| title_unavailable ||| title_unavailable ||| title_unavailable,date_unavailable ||| date_unavailable ||| date_unavailable ||| date_unavailable ||| date_unavailable,5,silver_candidate,standard_review,0.000,low,low_risk,accept,,,证据充分覆盖资金问题、家长维权、部门协商及转课安排等细节。,annotator_A,adjudicated_final,annotator_A
E019,LLM_CHAIN_E019_003,2023年末美吉姆北京多校区集中关停，波及大量已购长期课程的家庭 ||| 家长反映机构以合同条款或人员变动为由拒绝退款，退费诉求遭推诿 ||| 品牌方回应称积极寻求措施支持加盟中心继续经营，并成立工作组协助沟通 ||| 消费者在投诉平台持续提交申请，部分案件显示商家回复或系统完结，实际退费进展缓慢,ev-00457;ev-01689;ev-01677;ev-01678;ev-00458;ev-01676,"来源:【海报新闻】海报新闻记者 田柳 北京报道知名早教机构美吉姆数家北京门店近日闭店停业,有门店负责人已处于失联状态。1...[preview_truncated] ||| 来源：DONEWS 2023年12月26日，美吉姆北京多家分店被曝关店停业。有孩子家长反映，北京姚家园万象汇中心美吉姆店...[preview_truncated] ||| 机构未安排人员联系对接 微信联系也不回复 已隐藏内容 已分配商家 美吉姆国际儿童发展 2020年10月付费24800报了...[preview_truncated] ||| 距离商家最新回复已经30个自然日，期间用户未做进一步操作，系统已自动变更为“已完成”状态。如对企业处理结果有异议，可重新...[preview_truncated] ||| 安装新浪财经客户端第一时间接收最全面的市场资讯→【下载地址】 近日，美吉姆北京多家分店被曝关店停业，家长上万元课时费无处...[preview_truncated] ||| 用微信扫码二维码 分享至好友和朋友圈 美吉姆常营华联中心称，鉴于现阶段公司经营中遇到的诸多问题，他们向上市公司美吉姆提出...[preview_truncated]",full_text_unavailable; use evidence_texts and evidence_urls ||| full_text_unavailable; use evidence_texts and evidence_urls ||| full_text_unavailable; use evidence_texts and evidence_urls ||| full_text_unavailable; use evidence_texts and evidence_urls ||| full_text_unavailable; use evidence_texts and evidence_urls ||| full_text_unavailable; use evidence_texts and evidence_urls,full_text_unavailable ||| full_text_unavailable ||| full_text_unavailable ||| full_text_unavailable ||| full_text_unavailable ||| full_text_unavailable,"来源:【海报新闻】海报新闻记者 田柳 北京报道知名早教机构美吉姆数家北京门店近日闭店停业,有门店负责人已处于失联状态。12月26日,海报新闻记者 ||| 来源：DONEWS 2023年12月26日，美吉姆北京多家分店被曝关店停业。有孩子家长反映，北京姚家园万象汇中心美吉姆店，前一天还在热热闹闹举办活动，第二天也就是26号就闭店了。不仅闭店毫无征兆，他们买的上万元课时费更是无处可退。 免责声明：本网站内容主要来自原创、合作伙伴供稿和第三方自媒体作者投稿，凡在本网站出现的信息，均仅供参考。本网站将尽力确保所提供信息的准确性及可靠性，但不保证有关资料的准确性及可靠性，读者在使用前请进一步核实，并对任何自主决定的行为负责。本网站对有关资料所引致的错误、不确或遗漏，概不负任何法律责任。任何单位或个人认为本网站中的网页或链接内容可能涉嫌侵犯其知识产权或存在不实内容时，应及时向本网站提出书面权利通知或不实情况说明，并提供身份证明、权属证明及详细侵权或不实情况证明。本网站在收到上述法律文件后，将会依法尽快联系相关文章源头核实，沟通删除相关内容或断开相关链接。 ||| 机构未安排人员联系对接 微信联系也不回复 已隐藏内容 已分配商家 美吉姆国际儿童发展 2020年10月付费24800报了120+12节课，课程过程中约课多次约不到+老师也随意调动，影响了我们正常使用。现在涉及退费使用了43节课剩余77节课，美吉姆只肯退还30%的费用，当初定课本人有就合同内容提出疑问，销售承诺合同内容都好商量，例如课程没使用期限迟到缺课都可以商量不会像合同签订的那样扣课。作为消费者被蒙骗签订了合同，后续的确缺课都补了，也回复我课程没有使用期限，那默认合同只是形式主义。但是涉及退费却说不可以要按合同来，感觉收到了欺骗。联系美吉姆一直推脱，又说对接人员换了人不清楚。本人要举报美吉姆早教老师无证上岗，无证经营培训机构，合同欺骗，无故拒绝维权。 声明： 1.以上内容仅代表投诉者本人，不代表黑猫投诉立场。 2.未经授权，本平台案例禁止任何转载，违者将被追究法律责任。 3.黑猫投诉处理投诉不收取任何费用，凡以黑猫投诉名义收费的均为冒充、欺骗行为，请及时报警并与黑猫官方反馈。举报邮箱 heimaotousu@vip.sina.com。 4.请大家选择官方渠道解决消费纠纷，不要轻信第三方机构或个人办理退费以免受骗。请不要随意通过QQ或微信等方式添加陌生人，更不要给陌生人汇款，谨防被骗，如遇诈骗请及时报警。 《文明诚信投诉公约》 24小时有效投诉26411 累计有效投诉3578869 ||| 距离商家最新回复已经30个自然日，期间用户未做进一步操作，系统已自动变更为“已完成”状态。如对企业处理结果有异议，可重新发起投诉。 已将客户的反馈情况告知中心相关负责人，谢谢 门店为美吉姆回龙观店 您好，请补充门店详细信息。 已分配商家 美吉姆国际儿童发展 美吉姆近期因业绩不好，想低成本运营。目前处于关店的情况，导致我们不能正常上课。故提出退费，店员已有效期到期为借口，不予退费。特向本平台投诉，保护个人权益。 声明： 1.以上内容仅代表投诉者本人，不代表黑猫投诉立场。 2.未经授权，本平台案例禁止任何转载，违者将被追究法律责任。 3.黑猫投诉处理投诉不收取任何费用，凡以黑猫投诉名义收费的均为冒充、欺骗行为，请及时报警并与黑猫官方反馈。举报邮箱 heimaotousu@vip.sina.com。 4.请大家选择官方渠道解决消费纠纷，不要轻信第三方机构或个人办理退费以免受骗。请不要随意通过QQ或微信等方式添加陌生人，更不要给陌生人汇款，谨防被骗，如遇诈骗请及时报警。 《文明诚信投诉公约》 24小时有效投诉26411 累计有效投诉35788690 关注官方微博 扫码关注微信 广东站|浙江站|上海站|陕西站|广西站 吉林站|江苏站|湖南站|安徽站|黑龙江站 河南站|江西站|天津站|重庆站|海南站 辽宁站|湖北站|河北站|四川站|福建站 重要提示 Copyright©1996-2025 SI ||| 安装新浪财经客户端第一时间接收最全面的市场资讯→【下载地址】 近日，美吉姆北京多家分店被曝关店停业，家长上万元课时费无处可退。2023年12月31日，美吉姆（中国）总部发布声明称，目前美吉姆（中国）仍然积极寻求各种措施支持加盟中心继续经营，并督促闭店、并店的美吉姆加盟中心妥善处理会员未消课时及员工安置补偿事宜，避免发生连锁效应。同时，已经成立了专项工作小组，配合各政府部门，共同协助加盟中心做好员工、会员家长的沟通与疏导。 据了解，北京美吉姆西直门、常营、昌平悦荟、清河万象汇、望京等多家门店暂停营业，为此，家长纷纷抱团维权。2023年12月26日，孩子家长反映，北京姚家园万象汇中心美吉姆店，前一天还在热热闹闹举办活动，第二天也就是26号就闭店了。不仅闭店毫无征兆，他们买的上万元课时费更是无处可退。 有消费者表示，美吉姆北京西直门凯德茂店也于12月26号突然关店，且数月未发员工工资社保，现在至少200个孩子无法上课，家长预付款至少200万，要求退款各种推诿扯皮。 还有家长曝光称，晚上六点还是“宝宝家长元旦愉快”，到了十点就变成“快来一起要钱”。 2023年12月31日，美吉姆（中国）总部发布声明称，美吉姆（中国）对北京地区部分美吉姆加盟中心近日闭店、并店事宜表示高度关注和重视。美吉姆（中国）与北京地区美吉姆加盟中心系授权合作关系，各加盟中心为独立经营主体，美吉姆（中国）为其提供品牌授权 ||| 用微信扫码二维码 分享至好友和朋友圈 美吉姆常营华联中心称，鉴于现阶段公司经营中遇到的诸多问题，他们向上市公司美吉姆提出借钱周转进行救助的需求，但多次沟通无果，被上市公司以无法扶持为由拒绝。由于实在无以为继，无法支付房租和员工工资、社保，故门店停止授课服务。经多方沟通，美吉姆常营华联门店投资人将于12月28日(本周四)，同市场监管局、派出所等各方进行协商并制定后续会员的处理方案。12月29日(本周五)，会安排相应工作人员逐一联系会员办理后续的转课事宜。 “我们联系不上美吉姆的官方人员，也不清楚接下来会怎么处理”，刘昆提供的一份由北京海融兴达商业管理有限公司发布的公告显示，美吉姆常营华联中心自2023年4月1日起拖欠其承租保证金、固定租金等费用73万余元，因此提醒顾客避免预付费消费等。 记者尝试联系美吉姆常营华联门店的工作人员，但多个电话均无人接听。有家长提到，实际上，门店的老师们也处于被欠薪、欠社保的状态。有老师曾去美吉姆总部讨要说法，但并没有结果。 值得关注的是，近日以来，北京美吉姆西直门、常营、昌平悦荟、清河万象汇、望京等多家门店也暂停歇业，为此，家长纷纷抱团维权。 得知消息后家长开始维权。图/网络 各地门店多有倒闭 公开资料显示，美吉姆（MyGym）早教品牌诞生于美国。2008年，曾在IBM、HP等公司工作的刘俊君及其他几人成立公司取得了美吉姆品牌在中国的授权，成为美吉姆在中",social_media ||| public_web ||| social_media ||| social_media ||| mainstream_news ||| mainstream_news,https://www.toutiao.com/article/7317265310413980198/ ||| https://news.fromgeek.com/latest/145412.html ||| https://tousu.sina.cn/complaint/view/17357455739 ||| https://tousu.sina.cn/complaint/view/17371203660/ ||| https://finance.sina.com.cn/chanjing/wddc/2024-01-04/doc-inaaimzf6347381.shtml ||| https://sd.china.com/shangye/20000940/20231231/25830498_1.html,title_unavailable ||| title_unavailable ||| title_unavailable ||| title_unavailable ||| title_unavailable ||| title_unavailable,date_unavailable ||| date_unavailable ||| date_unavailable ||| date_unavailable ||| date_unavailable ||| date_unavailable,5,silver_candidate,standard_review,0.000,low,low_risk,accept,,,各阶段诉求、品牌方回应及投诉平台进展均获证据有效支持。,annotator_A,adjudicated_final,annotator_A
E020,LLM_CHAIN_E020_001,家长曝光学校食堂食材疑似发霉变质 ||| 家长聚集学校维权，多名学生出现肠胃不适送医 ||| 省市教育部门与市场监管部门介入调查，封存食材并送检 ||| 联合调查组召开新闻发布会通报检测结果，追责相关责任人并开展校园食品安全排查,ev-00480;ev-01699;ev-01691;ev-01706,"3月12日下午,部分学生家长反映成都七中实验学校小学部食堂食品质量问题,该事件迅速在网上发酵,引起广泛的讨论。 ||| 用微信扫码二维码 分享至好友和朋友圈 （原标题：成都七中实验学校食品发霉：医院共接诊学生36人） 【情况通报五】3月13...[preview_truncated] ||| 3月12日，部分学生家长反映成都七中实验学校食堂有关问题。教育厅对此高度重视，立即派出工作组前往成都七中实验学校会同成都...[preview_truncated] ||| 今天上午10点30分，成都七中实验学校食堂管理问题成都市联合调查组举行新闻发布会，由成都市市场监管局、成都市卫健委、成都...[preview_truncated]",full_text_unavailable; use evidence_texts and evidence_urls ||| full_text_unavailable; use evidence_texts and evidence_urls ||| full_text_unavailable; use evidence_texts and evidence_urls ||| full_text_unavailable; use evidence_texts and evidence_urls,full_text_unavailable ||| full_text_unavailable ||| full_text_unavailable ||| full_text_unavailable,"3月12日下午,部分学生家长反映成都七中实验学校小学部食堂食品质量问题,该事件迅速在网上发酵,引起广泛的讨论。 ||| 用微信扫码二维码 分享至好友和朋友圈 （原标题：成都七中实验学校食品发霉：医院共接诊学生36人） 【情况通报五】3月13日，成都七中实验学校陆续有学生自述身体不适，家长要求送医院检查。温江区卫健局立即联系成都市第五人民医院，安排消化科、儿科、内科专家参与检查诊治，对入院学生进行了初判以及血常规、大小便的检查诊断和流行病学调查。截至21时，成都市第五人民医院共接诊学生36人，经检查诊断后目前已全部离开医院。温江区将继续做好医疗保障工作，全力确保学生身体健康。 成都一小学食堂食材被指发霉 学生长期拉肚子便血 3月12日晚，多名家长在微博上发帖表示自家孩子就读的成都七中实验学校小学部食堂，疑似使用过期变质的食物进行加工。家长们提供给上游新闻记者的图片显示，部分食物出现了疑似霉变等情况，食堂中也有大量的添加剂。 江峰聊情感 2026-05-23 07:26:28 新涵搞笑配音 2026-05-24 15:48:55 主持人京京 2026-05-22 18:01:44 桂园子作坊 2026-05-24 08:27:03 飘过的知识 2026-05-22 18:40:45 妞妞的一家人 2026-05-25 11:17:08 料定历史 2026-05-23 20:04:34 笑影速递 2026-05-24 12:36:03 悦悦看剧 2026-05-24 10:23:47 搞笑大眼妹 2026 ||| 3月12日，部分学生家长反映成都七中实验学校食堂有关问题。教育厅对此高度重视，立即派出工作组前往成都七中实验学校会同成都市教育局进行核查处置，有关调查核实和相关工作跟进情况，将及时通报。同时，已要求各市（州）教育行政部门对所有学校食堂原材料供应等环节进行排查，进一步加强学校食品安全管理。 四川省教育厅 2019年3月13日 3月12日，部分学生家长反映成都七中实验学校食堂有关问题。教育厅对此高度重视，立即派出工作组前往成都七中实验学校会同成都市教育局进行核查处置，有关调查核实和相关工作跟进情况，将及时通报。同时，已要求各市（州）教育行政部门对所有学校食堂原材料供应等环节进行排查，进一步加强学校食品安全管理。 四川省教育厅 2019年3月13日 ||| 今天上午10点30分，成都七中实验学校食堂管理问题成都市联合调查组举行新闻发布会，由成都市市场监管局、成都市卫健委、成都市教育局、成都市温江区政府、成都市公安局、四川源坤国科质量检验有限公司等单位负责人，通报成都七中实验学校食堂管理问题相关情况，就公众关注的问题进行说明。 新闻发布会主席台名单 发布人： 贺欣 成都市市场监管局局长 谢强 成都市卫健委主任 刘强 成都市教育局局长 马烈红 成都市温江区区长 戴德军 成都市公安局常务副局长 高柱 四川源坤国科质量检验有限公司法定代表人 主持人： 周先毅 成都市人民政府秘书长 新闻发布会列席专家名单 李卫东 成都市第五人民医院副院长 李敏 成都市第五人民医院儿科副主任 胡显良 成都市妇女儿童中心医院副院长 谢晓丽 成都市妇女儿童中心医院儿科主任 母发光 四川省人民医院儿科副主任 万朝敏 四川大学华西第二医院儿科主任 兰真 四川省疾控中心营养与食品安全所所长 裴晓方 四川大学华西公共卫生学院教授、博导、副院长 张立实 四川大学华西公共卫生学院教授、博导，四川省食品安全专家委员会名誉主任委员 孙群 四川大学生命科学学院教授、博导，资源微生物与微生物技术四川省重点实验室主任 李明元 西华大学食品与生物工程学院教授，食品安全研究所所长 杨丽 四川大学华西医院消化科主任 李晓辉 成都市疾病预防控制中心、成都市食品安全专家委员会副主任委员 温江区区长",social_media ||| social_media ||| official ||| official,https://www.toutiao.com/article/6668198751787549191/ ||| https://news.163.com/19/0313/22/EA6DAI2N0001899N.html ||| https://www.sc.gov.cn/10462/10464/13722/2019/3/13/70340e568b8f48a8ac44b1baab4c4c1f.shtml ||| https://edu.sc.gov.cn/scedu/c100556/2019/3/17/1767dcaee3334a39ab02cb748649a755.shtml,title_unavailable ||| title_unavailable ||| title_unavailable ||| title_unavailable,date_unavailable ||| date_unavailable ||| date_unavailable ||| date_unavailable,4,silver_candidate,standard_review,0.000,low,low_risk,accept,,,曝光、送医、部门介入、发布会通报及追责排查均有明确证据对应。,annotator_A,adjudicated_final,annotator_A
E020,LLM_CHAIN_E020_002,网络流传食堂发霉变质食材照片引发关注 ||| 家长质疑学校管理并集中反映问题，舆论持续发酵 ||| 教育厅派工作组核查，温江区多部门联合查封食材并全面排查 ||| 成都市联合调查组公布调查情况，依法处理涉事人员并强化校园食安监管,ev-01697;ev-01701;ev-01693;ev-01704,3月12日，有多名学生家长反映成都七中实验学校食堂材料有发霉、变质的情况。网络中晒出的照片内可见食堂操作间内脏乱不堪，部...[preview_truncated] ||| 发布会上，温江区区长马烈红就近期成都七中实验学校食堂问题，介绍了事情的具体经过，以及事情发生后采取的具体措施。 蒋君芳 ...[preview_truncated] ||| 下载川观新闻客户端(苹果、安卓) 下载川观新闻客户端(鸿蒙) 建议使用浏览器扫码下载 关注四川日报公众号 扫码查看 四川...[preview_truncated] ||| “成都七中实验学校食堂管理问题” 事件经过究竟是怎样的？ 网上流传的图片是否真实？ 家长卧底、维权跳楼是否真有发生？ 食...[preview_truncated],full_text_unavailable; use evidence_texts and evidence_urls ||| full_text_unavailable; use evidence_texts and evidence_urls ||| full_text_unavailable; use evidence_texts and evidence_urls ||| full_text_unavailable; use evidence_texts and evidence_urls,full_text_unavailable ||| full_text_unavailable ||| full_text_unavailable ||| full_text_unavailable,3月12日，有多名学生家长反映成都七中实验学校食堂材料有发霉、变质的情况。网络中晒出的照片内可见食堂操作间内脏乱不堪，部分冷冻肉上已经长满黑点，令人作呕。 截至3月13日14:00，金温江官方微博就此发布了三条情况通报。通报称，温江区公安分局目前正在对掌握的成都七中实验学校负责食品安全的8名责任人开展全面深入的调查。区市场监管局对投诉反映的19个批次的食材进行了抽样，对所有冻库及库房内食材进行了查封，对新进食材进行全程监管。 1 成都七中实验学校食堂材料发霉变质 3月12日下午，有不少学生家长从网络得知食堂材料变质、发霉的情况后赶到学校。“检查了一下生产日期，发现很多都是过期、变质的，还发现很多食品添加剂。” 家长说，她经常听到孩子抱怨学校食堂的饭菜不好吃，有时会有呕吐、便秘等不适症状，她以为是孩子住校不太习惯，并未放在心上。 网友@袍义酒行 在微博上曝光学校食堂图 据照片显示，食堂里纸箱内的水果发霉、食用油发黑，排骨、鱿鱼等肉制品有明显的污渍。 “章鱼、猪肉很多都发出了恶臭，实在想不到我们的孩子在学校吃这样的食品。”家长称，她的孩子经常回家说肚子疼，同时流鼻血，身体不达标，后来到医院检查说是吃了变质食品导致的。 视频来源于网络 2 政府回应，已组织全区学校进行食品安全检查 学校食品安全问题被曝光后，截至3月13日14:00，成都市金温江官方微博就此发布了三条情况通报。通报称，温江 ||| 发布会上，温江区区长马烈红就近期成都七中实验学校食堂问题，介绍了事情的具体经过，以及事情发生后采取的具体措施。 蒋君芳 陈碧红 王小玲 图片来源：四川日报 发布会上，温江区区长马烈红就近期成都七中实验学校食堂问题，介绍了事情的具体经过，以及事情发生后采取的具体措施。 2019年3月10日下午学生返校时，成都七中实验学校小学部四年级1班6名学生家长送学生返校后，向学校反映学生在3月8日下午出现过肠胃不适的情况，要求前往食堂查看，并对食堂有关情况进行拍摄，将部分图片发至网上。 3月12日13时30分，校方小学部负责人召集食堂管理人员、小学部家委会及膳食委员会部分成员共10余人，在小学部月亮湾二楼会议室召开沟通协调会，就网络上部分传播的图片作解释说明，并就前期家长反映的学校食堂使用速冻和油炸食品、使用勾兑饮料，以及食材采购、食堂监管等问题与家长代表进行协商。参会家长要求停用冷冻食品和复合调味料、更换部分食材品牌。 12日15时左右，又有30余名家长通过网络联络并赶往学校，部分前往会议现场，部分前往小学部食堂查看，并再次就冷冻食品、复合调味料、更换部分食材品牌等问题提出要求。会议于当天下午6时左右结束，校方承诺，将支持学生家长参与学校食堂食品安全监管、更换部分食材品牌、减少冷冻食品和复合调味品，并于次日形成整改方案，征求学生家长意见。 3月12日11时许、13时许，温江区市场监管局两次接到 ||| 下载川观新闻客户端(苹果、安卓) 下载川观新闻客户端(鸿蒙) 建议使用浏览器扫码下载 关注四川日报公众号 扫码查看 四川省教育厅 2019-03-13 13:45 全文播报 四川 进入频道 关于“成都七中实验学校食品问题”的情况通报 3月12日，部分学生家长反映成都七中实验学校食堂有关问题。教育厅对此高度重视，立即派出工作组前往成都七中实验学校会同成都市教育局进行核查处置，有关调查核实和相关工作跟进情况，将及时通报。同时，已要求各市（州）教育行政部门对所有学校食堂原材料供应等环节进行排查，进一步加强学校食品安全管理。 四川省教育厅 2019年3月13日 【未经授权，严禁转载！联系电话028-86968276】 未经授权，严禁转载！ 如需转载，请私信小编，或致电：028-86968693 028-86968276 转载须在正文开头显著位置注明稿件来源及作者，违者必究 川观新闻官方网址：https://cbgc.scol.com.cn 扫描或长按关注川观新闻微信号(微信号:cbgc2014) 希望政府部门严加管理 食品安全问题影响太大了 哎，想想我们这些做家长的，以为努力工作，付高昂的学费把孩子送到私立学校，以为学校会给孩子一片圣地，可结果呢....？所以，政府部门不但要查，而且要严查、彻查；要追责，并且要严厉追责！！ 不光要查处哦，某些责任单位该免职的要免职，该给损失费的要给 微信里 ||| “成都七中实验学校食堂管理问题” 事件经过究竟是怎样的？ 网上流传的图片是否真实？ 家长卧底、维权跳楼是否真有发生？ 食堂食材取样调查结果如何？ …… 这些网友关心的问题 今日召开的 成都七中实验学校食堂管理问题 成都市联合调查组新闻发布会 一一进行了说明 详情如下 ↓↓↓ 今日上午，成都七中实验学校食堂管理问题成都市联合调查组新闻发布会在成都召开，成都市市场监管局、成都市卫健委、成都市教育局、成都市温江区政府、成都市公安局、四川源坤国科质量检验有限公司等单位负责人，通报成都七中实验学校食堂管理问题相关情况，就公众关注的问题进行说明。 01 温江区区长马烈红 详述“成都七中实验学校食堂管理问题”经过： 早前已有家长反映食堂问题 温江采取8条措施 发布会上，温江区区长马烈红详述了事件经过： 成都七中实验学校由成都高达投资发展有限公司举办，位于成都市温江区光华大道三段281号。学校设有小学部、初中部、高中部、国际课程中心，现有140个教学班，在校学生5600余人，教职员工800余人。 3月10日下午 学生返校时，成都七中实验学校小学部四年级1班6名学生家长送学生返校后，向学校反映学生在3月8日下午出现过肠胃不适的情况，要求前往食堂查看，并对食堂有关情况进行拍摄，将部分图片发至网上。 3月12日13时 30分 校方小学部负责人召集食堂管理人员、小学部家委会及膳食委员会部分成员共10余人，,public_web ||| mainstream_news ||| mainstream_news ||| mainstream_news,https://ishare.ifeng.com/c/s/7l0vfAukpHl ||| https://finance.sina.com.cn/roll/2019-03-17/doc-ihrfqzkc4566691.shtml ||| https://cbgc.scol.com.cn/home/124175 ||| https://www.sohu.com/a/301871336_100160824,title_unavailable ||| title_unavailable ||| title_unavailable ||| title_unavailable,date_unavailable ||| date_unavailable ||| date_unavailable ||| date_unavailable,4,silver_candidate,standard_review,0.000,low,low_risk,accept,,,证据链完整覆盖舆情发酵、多部门查封核查及联合调查组处置结果。,annotator_A,adjudicated_final,annotator_A
E020,LLM_CHAIN_E020_003,家长反映七中实验学校小学部食堂食品质量问题 ||| 部分学生自述身体不适就医，家长要求严惩并引发社会广泛讨论 ||| 监管部门迅速介入封存送检，省市级联合调查组成立并开展核查 ||| 官方通报首批检测结果符合标准，后续通报管理问题并落实整改与追责,ev-00480;ev-01699;ev-01698;ev-01692,"3月12日下午,部分学生家长反映成都七中实验学校小学部食堂食品质量问题,该事件迅速在网上发酵,引起广泛的讨论。 ||| 用微信扫码二维码 分享至好友和朋友圈 （原标题：成都七中实验学校食品发霉：医院共接诊学生36人） 【情况通报五】3月13...[preview_truncated] ||| 针对成都七中实验学校小学部学生家长近日反映的食堂食品发霉变质问题,成都市温江区人民政府新闻办公室13日在官方微博通报称,...[preview_truncated] ||| 成都七中实验学校食堂食材第一批检测结果：符合食品安全标准。 京ICP备10003349号-1中央广播电视总台央视网版权所...[preview_truncated]",full_text_unavailable; use evidence_texts and evidence_urls ||| full_text_unavailable; use evidence_texts and evidence_urls ||| full_text_unavailable; use evidence_texts and evidence_urls ||| full_text_unavailable; use evidence_texts and evidence_urls,full_text_unavailable ||| full_text_unavailable ||| full_text_unavailable ||| full_text_unavailable,"3月12日下午,部分学生家长反映成都七中实验学校小学部食堂食品质量问题,该事件迅速在网上发酵,引起广泛的讨论。 ||| 用微信扫码二维码 分享至好友和朋友圈 （原标题：成都七中实验学校食品发霉：医院共接诊学生36人） 【情况通报五】3月13日，成都七中实验学校陆续有学生自述身体不适，家长要求送医院检查。温江区卫健局立即联系成都市第五人民医院，安排消化科、儿科、内科专家参与检查诊治，对入院学生进行了初判以及血常规、大小便的检查诊断和流行病学调查。截至21时，成都市第五人民医院共接诊学生36人，经检查诊断后目前已全部离开医院。温江区将继续做好医疗保障工作，全力确保学生身体健康。 成都一小学食堂食材被指发霉 学生长期拉肚子便血 3月12日晚，多名家长在微博上发帖表示自家孩子就读的成都七中实验学校小学部食堂，疑似使用过期变质的食物进行加工。家长们提供给上游新闻记者的图片显示，部分食物出现了疑似霉变等情况，食堂中也有大量的添加剂。 江峰聊情感 2026-05-23 07:26:28 新涵搞笑配音 2026-05-24 15:48:55 主持人京京 2026-05-22 18:01:44 桂园子作坊 2026-05-24 08:27:03 飘过的知识 2026-05-22 18:40:45 妞妞的一家人 2026-05-25 11:17:08 料定历史 2026-05-23 20:04:34 笑影速递 2026-05-24 12:36:03 悦悦看剧 2026-05-24 10:23:47 搞笑大眼妹 2026 ||| 针对成都七中实验学校小学部学生家长近日反映的食堂食品发霉变质问题,成都市温江区人民政府新闻办公室13日在官方微博通报称,温江区相关部门及时赶赴学校进行处理。目前,区市场监管局已对食品原料封存并送检,结 ||| 成都七中实验学校食堂食材第一批检测结果：符合食品安全标准。 京ICP备10003349号-1中央广播电视总台央视网版权所有",social_media ||| social_media ||| social_media ||| mainstream_news,https://www.toutiao.com/article/6668198751787549191/ ||| https://news.163.com/19/0313/22/EA6DAI2N0001899N.html ||| http://views.ce.cn/view/ent/201903/15/t20190315_31684731.shtml ||| http://news.cctv.com/2019/03/16/VIDEunwjETDsfUf0fJe3imTT190316.shtml,title_unavailable ||| title_unavailable ||| title_unavailable ||| title_unavailable,date_unavailable ||| date_unavailable ||| date_unavailable ||| date_unavailable,4,silver_candidate,standard_review,0.000,low,low_risk,accept,,,关键节点（送医、封存送检、首批结果达标、后续整改）均获证据支撑。,annotator_A,adjudicated_final,annotator_A
E021,LLM_CHAIN_E021_001,医生实名举报医院系统存在伪造影像病历 ||| 媒体曝光引发社会关注，医院被指系统性骗保 ||| 医保局联合公安卫健部门进驻调查，解除医保协议并控制嫌疑人 ||| 国家医保局通报查实骗保金额，24人被采取刑事强制措施并启动全国排查,ev-00502;ev-00498;ev-01726;ev-01712,"9月21日，有媒体报道江苏省无锡市民营医疗机构无锡虹桥医院涉嫌骗保。22日，无锡市医保局通报，该局正会同公安、卫健等部门...[preview_truncated] ||| 9月21日,央视新闻报道了无锡市民营医疗机构无锡虹桥医院涉嫌骗保。9月22日凌晨,无锡市医保局发布公告回应,已根据举报线...[preview_truncated] ||| 针对近期网上举报的无锡虹桥医院涉嫌欺诈骗保问题，国家医保局和江苏省医保局高度重视，派出飞行检查组于9月23日上午进驻无锡...[preview_truncated] ||| 用微信扫码二维码 分享至好友和朋友圈 10月8日，央视新闻报道，国家医保局通报无锡虹桥医院骗保案。检查发现，该院涉嫌违规...[preview_truncated]",full_text_unavailable; use evidence_texts and evidence_urls ||| full_text_unavailable; use evidence_texts and evidence_urls ||| full_text_unavailable; use evidence_texts and evidence_urls ||| full_text_unavailable; use evidence_texts and evidence_urls,full_text_unavailable ||| full_text_unavailable ||| full_text_unavailable ||| full_text_unavailable,"9月21日，有媒体报道江苏省无锡市民营医疗机构无锡虹桥医院涉嫌骗保。22日，无锡市医保局通报，该局正会同公安、卫健等部门进行全面彻查，将依法依规严肃查处。 据总台中国之声报道，近日，无锡虹桥医院放射影像科医生实名反映，从去年开始，医院系统内出现了一些根本没在他们科室做过影像检查的患者病历，他们既没在医院拍过片子，也没有放射影像科归档的影像号，病历记录里却有“根据影像做出的诊断”。放射影像科的医生怀疑，医院涉嫌伪造病历，骗取医疗保险。 朱医生2024年3月拍摄的问题病历，有根据影像诊断的相关内容，却没有影像和影像号。 今年3月，放射影像科医生向医院上级管理部门实名举报后，他举报的这些病历又有了影像号和片子，但存在多名患者和他人影像高度相似等问题。更多问题被发现后，问题病历被设权限已无法查看。 被举报后，补的虚假影像和虚假影像号。 对此，无锡市医保局通报称，前期，无锡市医保局已根据举报线索受理调查、初步查实，并于8月30日行政立案。目前，无锡市医保局正会同公安、卫健等部门进行全面彻查，将依法依规严肃查处。 南方都市报（nddaily）、N视频报道 南都记者敖银雪 （图片据中央广电总台中国之声） ▊返回搜狐，查看更多 ||| 9月21日,央视新闻报道了无锡市民营医疗机构无锡虹桥医院涉嫌骗保。9月22日凌晨,无锡市医保局发布公告回应,已根据举报线索受理调查、初步查实,并于8月30日行政立案; ||| 针对近期网上举报的无锡虹桥医院涉嫌欺诈骗保问题，国家医保局和江苏省医保局高度重视，派出飞行检查组于9月23日上午进驻无锡虹桥医院开展专项飞行检查。江苏省医保部门联合卫健部门采取省市联动的方式，抽调骨干力量组成20个检查小组，举一反三对无锡市定点医院和药店进行检查，并针对曝光的问题在全省范围内开展全面排查，发现一起，严惩一起。 目前，无锡市医保局根据协议管理规定，已经作出与无锡虹桥医院解除医保服务协议的处理；当地公安机关已立案侦查，医院有关人员已被控制，后续将依法严肃处理。 此前报道：三个人CT片几乎一样！国家医保局进驻开展飞检 来源：央视新闻客户端 原标题：《已立案侦查！无锡虹桥医院涉嫌欺诈骗保 医保服务协议被解除》 编辑：朴丽娜 责编：马学玲 冲上热搜！微信又推新功能 | 新闻早餐 落马女干部流泪忏悔：帮领导管240万小金库，购买大量奢侈品赚足面子 一则干部公示，6人被标注曾用名，官方回应 24小时滚动播报最新的财经资讯和视频，更多粉丝福利扫描二维码关注（sinafinance） 网友提问：@@=value.question$$ 老师回答：@@=value.answer$$ @@=value.title$$ 新浪财经意见反馈留言板 新浪简介|广告服务|About Sina 联系我们|招聘信息|通行证注册 产品答疑|网站律师|SINA English Copyright © 199 ||| 用微信扫码二维码 分享至好友和朋友圈 10月8日，央视新闻报道，国家医保局通报无锡虹桥医院骗保案。检查发现，该院涉嫌违规使用医保基金2228.4万元，其中涉嫌欺诈骗保1179.2万元。案件特点为团伙作案、全链条造假、计件提成等。目前，当地医保部门已解除协议并处罚，公安机关对24名嫌疑人采取刑事强制措施，并调查违法行为。下一步，国家医保局将指导江苏省医保局全面排查无锡100家定点医药机构。 特别声明：以上内容(如有图片或视频亦包括在内)为自媒体平台“网易号”用户上传并发布，本平台仅提供信息存储服务。 Notice: The content above (including the pictures and videos if any) is uploaded and posted by a user of NetEase Hao, which is a social media platform and only provides information storage services. 上游新闻 2026-05-25 14:46:47 中国新闻周刊 2026-05-24 23:46:09 中国新闻周刊 2026-05-25 07:42:52 央视新闻 2026-05-25 02:54:48 环球网资讯 2026-05-25 07:34:39 都市快报橙柿互动 2026-05-24",mainstream_news ||| social_media ||| mainstream_news ||| social_media,https://www.sohu.com/a/810695467_161795 ||| https://www.toutiao.com/article/7417342849177354779/ ||| https://finance.sina.com.cn/jjxw/2024-09-23/doc-incqcpts6845837.shtml ||| https://www.163.com/dy/article/JE0S8I6O0534A4SC.html,title_unavailable ||| title_unavailable ||| title_unavailable ||| title_unavailable,date_unavailable ||| date_unavailable ||| date_unavailable ||| date_unavailable,4,silver_candidate,standard_review,0.000,low,low_risk,accept,,,医生举报、媒体曝光、多部门进驻、解除协议及24人强制措施均有据可查。,annotator_A,adjudicated_final,annotator_A
E021,LLM_CHAIN_E021_003,医生实名反映医院伪造病历骗取医保基金 ||| 网络曝光后引发舆论关注，揭露医院团伙作案与全链条造假特征 ||| 多部门联合全面彻查，公安机关刑事立案并对24名嫌疑人采取强制措施 ||| 国家医保局公布最终核查结果，部署全国打击欺诈骗保专项行动,ev-00506;ev-01715;ev-01728;ev-00501,"用微信扫码二维码 分享至好友和朋友圈 红星资本局9月22日消息，近日引发关注的“医生实名举报医院涉嫌骗保”一事，无锡市医...[preview_truncated] ||| 10月8日,央视新闻报道,国家医保局通报无锡虹桥医院骗保案。检查发现,该院涉嫌违规使用医保基金2228.4万元,其中涉嫌...[preview_truncated] ||| 原标题：快讯！无锡公安机关已立案侦查 无锡虹桥医院医保服务协议被解除，有关人员已被控制 针对近期网上举报的无锡虹桥医院涉...[preview_truncated] ||| 扫描二维码下载APP ⁺ 历史 ⁺ 收藏 ⁺ 订阅 近日，江苏省无锡虹桥医院涉嫌欺诈骗保相关情况被曝光，引起社会广泛关注...[preview_truncated]",full_text_unavailable; use evidence_texts and evidence_urls ||| full_text_unavailable; use evidence_texts and evidence_urls ||| full_text_unavailable; use evidence_texts and evidence_urls ||| full_text_unavailable; use evidence_texts and evidence_urls,full_text_unavailable ||| full_text_unavailable ||| full_text_unavailable ||| full_text_unavailable,"用微信扫码二维码 分享至好友和朋友圈 红星资本局9月22日消息，近日引发关注的“医生实名举报医院涉嫌骗保”一事，无锡市医保局凌晨有了最新通报。 今日凌晨，无锡市医保局发布情况通报称，9月21日，媒体报道该市民营医疗机构无锡虹桥医院涉嫌骗保。前期，无锡市医保局已根据举报线索受理调查、初步查实，并于8月30日行政立案。目前，该局正会同公安、卫健等部门进行全面彻查，将依法依规严肃查处。 据央视新闻客户端此前报道，近日，江苏省无锡虹桥医院放射影像科朱医生实名向中国之声新闻热线反映，从去年开始，医院系统内出现了一些根本没在他们科室做过影像检查的患者病历，病历记录里却有“根据影像做出的诊断”。这些病历全都由医院体检中心陈医生完成，而这名医生并没有操作放射影像科CT、核磁共振仪的权限。 朱医生怀疑医院涉嫌伪造病历，骗取医疗保险。今年3月，他将没有影像号的病历拍照留证，向医院上级管理部门实名举报。在等待调查结果时，他举报的这些病历又有了影像号和片子。随之，他发现了更多问题，包括：多名患者和他人影像高度相似；1分钟内做2次核磁共振检查；影像与诊断左右方向对应错误。更多问题被发现后，问题病历被设权限无法查看。 编辑 杨程 综合自央视新闻、证券时报 特别声明：以上内容(如有图片或视频亦包括在内)为自媒体平台“网易号”用户上传并发布，本平台仅提供信息存储服务。 Notice: The content ab ||| 10月8日,央视新闻报道,国家医保局通报无锡虹桥医院骗保案。检查发现,该院涉嫌违规使用医保基金2228.4万元,其中涉嫌欺诈骗保1179.2万元。案件特点为团伙作案、全链条造假、计件提成等。目前,当地 ||| 原标题：快讯！无锡公安机关已立案侦查 无锡虹桥医院医保服务协议被解除，有关人员已被控制 针对近期网上举报的无锡虹桥医院涉嫌欺诈骗保问题，国家医保局和江苏省医保局高度重视，派出飞行检查组于9月23日上午进驻无锡虹桥医院开展专项飞行检查。江苏省医保部门联合卫健部门采取省市联动的方式，抽调骨干力量组成20个检查小组，举一反三对无锡市定点医院和药店进行检查，并针对曝光的问题在全省范围内开展全面排查，发现一起，严惩一起。 目前，无锡市医保局根据协议管理规定，已经作出与无锡虹桥医院解除医保服务协议的处理；当地公安机关已立案侦查，医院有关人员已被控制，后续将依法严肃处理。 此前报道：国家医保局已开始检查这家医院 来源 | 央视新闻客户端 审核 | 高雷 编辑 | 向歆悦 校对 | 于泽淼 了解《环球时报》的三观 请长按下方二维码关注我们or回到文章顶部，点击环球时报 （微信公众号ID：hqsbwx） 更多猛料！欢迎扫描左方二维码关注新浪军事官方微信（sinamilnews） 热门推荐 相关新闻 加载中 点击加载更多 推荐新闻 【 新闻 】特朗普称若在今年大选中失败将不再参选 【军事】欧洲最大空军演习启动，俄反应强烈 【财经】顺丰连陷“保价赔偿之争”！ 【体育】莱万当选世界足球先生 【娱乐】冯小刚辟谣病情恶化放弃治疗：谣言总... 【科技】年薪涨2个月，互联网人：@老板，懂？ 【教育】指导研究生亲 ||| 扫描二维码下载APP ⁺ 历史 ⁺ 收藏 ⁺ 订阅 近日，江苏省无锡虹桥医院涉嫌欺诈骗保相关情况被曝光，引起社会广泛关注。国家医保局8日通报，检查发现，该院涉嫌违法违规使用医保基金2228.4万元，其中以勾结中介或以免费体检为名，拉拢诱导参保人员虚假住院，通过伪造医学文书、虚构诊疗服务等，涉嫌欺诈骗取医保基金1179.2万元，最终金额以实际核实为准。 据了解，截至目前，当地医保部门已解除该院医保服务协议，启动行政处罚程序，并将对参与欺诈骗保的参保人员依法依规处理。当地公安机关已对医院法定代表人、院长、介绍假病人的中介以及参与骗保的医务人员等24名犯罪嫌疑人采取刑事强制措施，并对集体串供、销毁财务凭证、篡改病历、删除数据等违法行为开展调查。 下一步，国家医保局将进一步指导江苏省医保局，对无锡100家定点医药机构进行全面排查。同时，将在全国范围内组织开展严厉打击欺诈骗保专项行动，集中整治医保领域群众身边的不正之风和腐败问题。 暂无评论，快来发表你的评论吧 举报电话：021-62870000 举报邮箱：service@kankanews.com 剑网行动举报电话：12318（市文化执法总队）、021-64334547（市版权局） Copyright © 2016 Kankanews.com Inc. All Rights Reserved. 看东方（上海）传媒有限公司 版权所有",social_media ||| social_media ||| mainstream_news ||| mainstream_news,https://www.163.com/dy/article/JCMIS33T051492T3.html ||| https://www.toutiao.com/article/7423398712703074855/ ||| https://mil.news.sina.com.cn/2024-09-23/doc-incqcptt5223596.shtml ||| https://www.kankanews.com/detail/qMyEALWaVy8,title_unavailable ||| title_unavailable ||| title_unavailable ||| title_unavailable,date_unavailable ||| date_unavailable ||| date_unavailable ||| date_unavailable,4,silver_candidate,standard_review,0.000,low,low_risk,accept,,,证据充分支持骗保特征揭露、刑事立案、国家医保局通报及全国排查部署。,annotator_A,adjudicated_final,annotator_A
E022,LLM_CHAIN_E022_002,药王谷中医馆停业后仍被曝出非法行医与夸大疗效问题 ||| 患者家属投诉与媒体报道引发社会广泛争议 ||| 多部门于12月2日发布情况通报，确认前期已立案并开展全面调查 ||| 警方初查认为符合虚假广告罪要件，持续侦办并承诺公布结果,ev-01746;ev-01744;ev-00522;ev-01738,"据媒体报道，从2024年4月18日开诊至5月31日停业，曾于湖北武当山药王谷中医馆就诊的患者共392人。据病友或家属提供...[preview_truncated] ||| 最近,有媒体报道说,药王谷中医馆打着抗癌大师、治癌秘方、抗癌治愈率超过80%的旗号进行宣传,吸引了很多患者前去就诊。 ||| 12月2日晚间，武当山特区卫生健康局、武当山特区市场监督管理局、武当山特区公安局发布情况通报：感谢广大网友对“药王谷抗癌...[preview_truncated] ||| 来源：新京报 11月11日，武当山旅游经济特区公安局局长蓝侠告诉新京报记者，药王谷中医馆已被立案侦查，从初查证据来看更符...[preview_truncated]",full_text_unavailable; use evidence_texts and evidence_urls ||| full_text_unavailable; use evidence_texts and evidence_urls ||| full_text_unavailable; use evidence_texts and evidence_urls ||| full_text_unavailable; use evidence_texts and evidence_urls,full_text_unavailable ||| full_text_unavailable ||| full_text_unavailable ||| full_text_unavailable,"据媒体报道，从2024年4月18日开诊至5月31日停业，曾于湖北武当山药王谷中医馆就诊的患者共392人。据病友或家属提供的信息显示，就诊的患者中已有15人去世，20人病情加重。12月2日，湖北武当山特区卫健局、市监局、公安局发布情况通报称，相关部门对此事前期已依法立案，正在开展全面调查，调查和处置结果将及时向社会通报。 如今的“抗癌中心”被查，其带给就诊患者及家属的痛楚却还在发酵，而由此引发的思考也注定不会止歇。人们疑惑，这样一个号称“抗癌治愈率超80％”的神话为什么能吸引来那么多人？ 因为久病、重病，濒于绝望的病人和家属愿意抓住任何一棵可能的稻草，这或许是其中一个原因。毕竟，生之渴望过于强烈，会让人丧失一定的理性能力。更何况，“药王谷”在宣推时表现出超强的包装能力，什么医生都是“中医抗癌专家组成员”，什么中心总顾问、民间抗癌大师侯元祥有绝门医术，是“全中国中医治癌第一人”，什么“3000多名患者经侯元祥治疗后肿瘤不见了”云云，颇具迷惑性。 只是，这些手段、话术对一般患者及家属来说可能颇具“杀伤力”，但对于当地监管部门而言，似乎不该不闻不问。例如，“抗癌治愈率超80％”“全中国中医治癌第一人”等显然缺乏科学依据的说法竟能公开宣传，为何不见当地卫健部门的调查干预？一个地方出现了现象级的中医火爆现象，大量外地人蜂拥而来，即便是出于了解业务的考虑，也应该纳入监管视野，医师们有没有行医资格 ||| 最近,有媒体报道说,药王谷中医馆打着抗癌大师、治癌秘方、抗癌治愈率超过80%的旗号进行宣传,吸引了很多患者前去就诊。 ||| 12月2日晚间，武当山特区卫生健康局、武当山特区市场监督管理局、武当山特区公安局发布情况通报：感谢广大网友对“药王谷抗癌中心调查”事件的关注。武当山特区高度重视，特区相关部门对此事前期已依法立案，正在开展全面调查，调查和处置结果将及时向社会通报。 ||| 来源：新京报 11月11日，武当山旅游经济特区公安局局长蓝侠告诉新京报记者，药王谷中医馆已被立案侦查，从初查证据来看更符合虚假广告罪构成要件。因药王谷中医馆医疗纠纷案取证量大，而且涉中药新型领域复杂案件，调查取证也需要一定的时间，目前案件正加紧侦办中。#药王谷抗癌中心调查# 返回搜狐，查看更多",mainstream_news ||| social_media ||| public_web ||| mainstream_news,http://hb.china.com.cn/2024-12/04/content_42979592.htm ||| https://www.toutiao.com/article/7443699243585389095/ ||| https://news.ycwb.com/2024-12/02/content_53096325.htm ||| https://www.sohu.com/a/832394171_122014422,title_unavailable ||| title_unavailable ||| title_unavailable ||| title_unavailable,date_unavailable ||| date_unavailable ||| date_unavailable ||| date_unavailable,4,silver_candidate,standard_review,0.000,low,low_risk,accept,,,停业后曝光、家属投诉、12月2日联合通报及警方初查定性均获证据印证。,annotator_A,adjudicated_final,annotator_A
E022,LLM_CHAIN_E022_003,媒体揭露药王谷“抗癌中心”虚假宣传及致患者病情加重或死亡 ||| 舆论发酵，公众要求彻查中医馆资质与医疗行为 ||| 武当山特区卫健、市监、公安三部门联合回应已立案调查 ||| 全面调查进行中，最终处置结果将及时向社会公开,ev-01748;ev-01745;ev-00525;ev-00539,",位于湖北十堰的药王谷 “抗癌中心” 引发广泛关注。药王谷中医馆从 2024 年4月18 日开诊至 5 月31 日停业,...[preview_truncated] ||| 背景:抗癌大师、治癌秘方、抗癌治愈率超80%。本文通过对药王谷中医馆的深入调查,揭示了其虚假宣传、非法行医等问题,呼吁患...[preview_truncated] ||| 分享到微信X 打开微信，点击底部的“发现”，使用 “扫一扫” 即可将网页分享到我的朋友圈。 中国经济网版权所有 中国经济...[preview_truncated] ||| 武当山特区卫生健康局、市场监督管理局、公安局联合发布情况通报,称对“药王谷抗癌中心调查”事件,相关部门前期已依法立案,正...[preview_truncated]",full_text_unavailable; use evidence_texts and evidence_urls ||| full_text_unavailable; use evidence_texts and evidence_urls ||| full_text_unavailable; use evidence_texts and evidence_urls ||| full_text_unavailable; use evidence_texts and evidence_urls,full_text_unavailable ||| full_text_unavailable ||| full_text_unavailable ||| full_text_unavailable,",位于湖北十堰的药王谷 “抗癌中心” 引发广泛关注。药王谷中医馆从 2024 年4月18 日开诊至 5 月31 日停业,短短一个多月时间,就诊患者达 392 人,其中 15 人去世,20 人病情加重。 ||| 背景:抗癌大师、治癌秘方、抗癌治愈率超80%。本文通过对药王谷中医馆的深入调查,揭示了其虚假宣传、非法行医等问题,呼吁患者及家属提高警惕,避免受到类似机构的误导。 ||| 分享到微信X 打开微信，点击底部的“发现”，使用 “扫一扫” 即可将网页分享到我的朋友圈。 中国经济网版权所有 中国经济网新媒体矩阵 网络传播视听节目许可证(0107190) (京ICP040090) 情 况 通 报 感谢广大网友对“药王谷抗癌中心调查”事件的关注。武当山特区高度重视，特区相关部门对此事前期已依法立案，正在开展全面调查，调查和处置结果将及时向社会通报。 武当山特区卫生健康局 武当山特区市场监督管理局 武当山特区公安局 2024年12月2日 （责任编辑：单晓冰） ||| 武当山特区卫生健康局、市场监督管理局、公安局联合发布情况通报,称对“药王谷抗癌中心调查”事件,相关部门前期已依法立案,正在开展全面调查。",social_media ||| social_media ||| public_web ||| social_media,https://www.toutiao.com/article/7443777984537920037/ ||| https://www.toutiao.com/article/7443865658217005620/ ||| http://www.ce.cn/xwzx/gnsz/gdxw/202412/03/t20241203_39222777.shtml ||| https://www.toutiao.com/article/7443997189410226742/,title_unavailable ||| title_unavailable ||| title_unavailable ||| title_unavailable,date_unavailable ||| date_unavailable ||| date_unavailable ||| date_unavailable,2,silver_candidate,standard_review,0.000,low,low_risk,accept,,,媒体揭露、舆论发酵、三部门立案回应及调查进展均有充分证据覆盖。,annotator_A,adjudicated_final,annotator_A
E023,LLM_CHAIN_E023_001,患者心脏彩超检查期间第三方工程师违规闯入检查室 ||| 患者隐私受侵引发投诉与网络舆情关注 ||| 院方复盘调查并通报处罚涉事医护及第三方人员 ||| 医院致歉获患者谅解并宣布设立隐私保护监督小组,ev-00571;ev-00552;ev-00564;ev-00567,"医院作为看病的场所 每天都有大量的人员走动 男女老少进进出出 在就诊的时侯 一般都是和医生单独面对面 如果有外人在旁边 ...[preview_truncated] ||| 在医疗领域,患者隐私保护是一条不可逾越的红线。然而,近日在东莞市中医院发生的一起事件,却让这条红线受到了挑战。一位女性患...[preview_truncated] ||| 中新网12月9日电 广东东莞市中医院近日在其微信公众号发布通报称，近日，某患者在东莞市中医院进行心脏彩超检查时，第三方设...[preview_truncated] ||| 央视网消息：据东莞市中医院微信公众号消息，东莞市中医院发布情况通报，近日，某患者在该院进行心脏彩超检查时，第三方设备维保...[preview_truncated]",full_text_unavailable; use evidence_texts and evidence_urls ||| full_text_unavailable; use evidence_texts and evidence_urls ||| full_text_unavailable; use evidence_texts and evidence_urls ||| full_text_unavailable; use evidence_texts and evidence_urls,full_text_unavailable ||| full_text_unavailable ||| full_text_unavailable ||| full_text_unavailable,"医院作为看病的场所 每天都有大量的人员走动 男女老少进进出出 在就诊的时侯 一般都是和医生单独面对面 如果有外人在旁边 肯定尴尬、坐立不安 也会在意隐私问题 近日，有网友发帖爆料，她此前在广东东莞市中医院裸露上半身做心脏彩超时，一名自称工程师的男子突然闯入，医生却任由其在病房内停留。 12月6日，记者向院方工作人员了解到，此事已在调查处理。 网友多女士（化姓）在12月4日发布的帖子中表示，此前她在东莞市中医院进行心脏彩超检查，过程中需要将上衣全部撩起，裸露上半身。然而就在检查期间，一名男子不顾门外护士“里面在做检查，请勿进入”的提示，突然闯入检查室。该男子自称是工程师，走进来坐下了。多女士立即把衣服往下拉，但彩超医生让其把衣服拉上去继续做检查，且一边检查一边与该工程师聊天。 事后，多女士立即电话投诉至医院客服中心。客服回访称，进入病房的工程师是维修彩超设备的，是去工作而非窥探。对此多女士质疑，非医护人员为何非要在病人检查期间闯入维修设备，并且围观病人检查过程，这是否涉及侵犯病人隐私？目前，她已向有关部门投诉。 12月6日，记者就此事咨询东莞市中医院，多个科室表示该院已接到此事投诉。其中一名工作人员告诉记者，院方十分重视此事，正在调查处理中，并与投诉人积极沟通。对于前述工程师为何随意进入病房，具体如何处理等问题，该工作人员表示涉及病人隐私，无法回复。 东莞市卫健局工作人员表示，如接到 ||| 在医疗领域,患者隐私保护是一条不可逾越的红线。然而,近日在东莞市中医院发生的一起事件,却让这条红线受到了挑战。一位女性患者在进行心脏彩超检查时,遭遇了一名未经允许闯入检查室的工程师,这一行为不仅侵犯了 ||| 中新网12月9日电 广东东莞市中医院近日在其微信公众号发布通报称，近日，某患者在东莞市中医院进行心脏彩超检查时，第三方设备维保公司一工程师违规进入检查室与医务人员沟通调试检查设备事宜，导致患者产生不良就医感受并引发投诉。事件发生后，东莞市中医院高度重视，立即对全过程进行复盘调查，并第一时间联系患者表达歉意。 经调查，该事件因涉事工程师未严格执行医院相关制度违规进入检查室造成，暴露出当班医务人员对患者隐私保护意识淡薄的问题。经东莞市中医院研究决定，对当班医务人员、涉事科室负责同志作出通报批评、深刻检查、取消年度评优等处理；责成第三方公司对涉事工程师作出严肃处理，并加强人员培训、管理，坚决杜绝此类事情再次发生。目前，医院已得到该患者的沟通谅解，东莞市中医院将全力协助该患者做好下阶段的诊疗。 接下来，东莞市中医院将通过完善机制、优化流程、强化培训、设立隐私保护监督小组等措施，坚决杜绝类似事情发生，着力改善群众就医感受、大力提升患者就医体验，竭尽全力守护患者身心健康。 【编辑:张燕玲】 更多精彩内容请进入社会新闻 发表评论文明上网理性发言，请遵守新闻评论服务协议 社会新闻精选： 重庆永川山洪地灾已导致9人死亡11人失联 2026年05月25日 18:10:35 15个高价值长江场景机会清单在深发布 向全球发出合作邀约 2026年05月25日 16:55:28 笔墨牵缘40载：草原母亲都贵玛 ||| 央视网消息：据东莞市中医院微信公众号消息，东莞市中医院发布情况通报，近日，某患者在该院进行心脏彩超检查时，第三方设备维保公司一工程师违规进入检查室与医务人员沟通调试检查设备事宜，导致患者产生不良就医感受并引发投诉。事件发生后，医院立即对全过程进行复盘调查，并第一时间联系患者表达歉意。 经调查，该事件因涉事工程师未严格执行医院相关制度违规进入检查室造成，暴露出当班医务人员对患者隐私保护意识淡薄的问题。经研究决定，对当班医务人员、涉事科室负责同志作出通报批评、深刻检查、取消年度评优等处理；责成第三方公司对涉事工程师作出严肃处理，并加强人员培训、管理，坚决杜绝此类事情再次发生。目前，医院已得到该患者的沟通谅解。 （责任编辑：郭文培)",public_web ||| social_media ||| social_media ||| social_media,https://world.huanqiu.com/article/4KYX4eb168Z ||| https://www.toutiao.com/article/7446339268961632818/ ||| https://www.chinanews.com.cn/sh/2024/12-09/10333157.shtml ||| http://www.ce.cn/cysc/yy/hydt/202412/09/t20241209_39229404.shtml,title_unavailable ||| title_unavailable ||| title_unavailable ||| title_unavailable,date_unavailable ||| date_unavailable ||| date_unavailable ||| date_unavailable,4,silver_candidate,standard_review,0.000,low,low_risk,accept,,,证据充分覆盖事件链各环节，关键事实与处置结果均有明确支撑，无需修改。,annotator_A,adjudicated_final,annotator_A
E024,LLM_CHAIN_E024_002,网民曝光老人被捆绑视频引发关注 ||| 乐昌镇政府回应称民政局与派出所联合调查 ||| 曲沃县公安局发布警情通报确认虐待行为 ||| 依法对护工赵某发作出治安处罚,ev-00584;ev-01760,4月24日，有网民发布视频称，山西临汾市曲沃县李女士反映其爸爸在曲沃县天慈养老院被捆绑，浑身是伤，并且目前老人脑出血在住...[preview_truncated] ||| 近日，山西曲沃县女子反映六旬父亲在乐昌镇一养老院遭捆绑疑被虐待。25日，警方通报称，涉事护工曾多次对老人捆绑、殴打，对涉...[preview_truncated],full_text_unavailable; use evidence_texts and evidence_urls ||| full_text_unavailable; use evidence_texts and evidence_urls,full_text_unavailable ||| full_text_unavailable,4月24日，有网民发布视频称，山西临汾市曲沃县李女士反映其爸爸在曲沃县天慈养老院被捆绑，浑身是伤，并且目前老人脑出血在住院。4月25日下午，乐昌镇政府回应记者称，目前此事由民政局牵头和辖区派出所正在调查。 2024年4月25日，曲沃县公安局发布警情通报： 近日，我局民警工作中在网上发现：曲沃县“某养老院”服务对象李某石被捆绑的视频，受害人家属也已报案，该案已调查完结。 经查，曲沃县“某养老院”护工赵某发在对李某石护理期间，先后多次对李某石捆绑、殴打。根据《中华人民共和国治安管理处罚法》第四十三条之规定，我局于2024年4月25日对赵某发处以行政拘留十五日并处500元罚款。 【此前报道】 山西曲沃县一老人 在养老院被捆铁柱浑身伤痕？ 镇政府回应 4月24日，有网民发布视频称，山西临汾市曲沃县李女士反映其爸爸在曲沃县天慈养老院被捆绑，浑身是伤，并且目前老人脑出血在住院。4月25日下午，乐昌镇政府回应记者称，目前此事由民政局牵头和辖区派出所正在调查。 一老人坐在轮椅上，双手靠在头上被捆绑。“我见到的时候非常气愤，手抖得不行。”视频中，老人女儿李女士提出疑问，为什么养老院会这样对待她爸爸？为什么将她爸爸绑起来？ 李女士称，她进养老院看到她爸爸被绑起来的时候，她的左手边有两三个养老院的护工站在一旁。李女士表示，她查看了两三天的监控发现，每天她爸爸都被绑在铁柱子上。 视频截图 视频中，李女士说 ||| 近日，山西曲沃县女子反映六旬父亲在乐昌镇一养老院遭捆绑疑被虐待。25日，警方通报称，涉事护工曾多次对老人捆绑、殴打，对涉事护工处以行拘十五日并处500元罚款。 通报全文如下： 近日，我局民警工作中在网上发现：曲沃县“某养老院”服务对象李某石被捆绑的视频，受害人家属也已报案，该案已调查完结。 经查，曲沃县“某养老院”护工赵某发在对李某石护理期间，先后多次对李某石捆绑、殴打。根据《中华人民共和国治安管理处罚法》第四十三条之规定，我局于2024年4月25日对赵某发处以行政拘留十五日并处500元罚款。 4月25日，山西曲沃县女子反映六旬父亲在乐昌镇一养老院遭捆绑疑被虐待。 女子称，父亲多次被捆绑到铁柱子上，近期住院被诊断有脑出血。女子在视频中控诉称：“掏钱送我爸是去养老的，不是去受罪的。”记者从曲沃县官方人士处获悉，老人小脑萎缩生活无法自理，同时患有皮肤病，养老院辩称捆绑系为防其自伤。 原标题：《老人在养老院被护工绑铁柱、殴打，警方通报→》 阅读原文,public_web ||| mainstream_news,https://www.my399.com/p/333310.html ||| https://m.thepaper.cn/newsDetail_forward_27165056,title_unavailable ||| title_unavailable,date_unavailable ||| date_unavailable,2,silver_candidate,standard_review,0.000,low,low_risk,accept,,,证据完整支持网民曝光、政府回应、警方通报及处罚等核心节点，表述准确。,annotator_A,adjudicated_final,annotator_A
E025,LLM_CHAIN_E025_001,网友实名举报医生孙某新泄露患者隐私照片及手术信息 ||| 事件引发社会广泛关注与舆论质疑 ||| 上海市东方医院发布通报暂停涉事医生工作，浦东新区卫健委立案调查 ||| 卫健委执法部门核实泄露内容并开展为期两个月的调查，后续结果待公开,ev-00602;ev-00606;ev-00604;ev-01788,"广东各地市 南方网 南方日报 南方都市报 南方杂志 南方日报出版社 近日，有网民举报称，上海市东方医院孙某新医生“泄露患...[preview_truncated] ||| 举报者余女士自述曾为孙某新的患者，她提供的证据表明，在2022年11月至12月以及2023年6月期间，孙某新多次通过微信...[preview_truncated] ||| 用微信扫码二维码 分享至好友和朋友圈 7月13日,上海东方医院一名医生被人举报存在泄露患者隐私信息的情况,甚 至还拍摄了...[preview_truncated] ||| 7月3日，上海市东方医院（同济大学附属东方医院）创伤专科主任医师孙某被举报传播多名病人手术信息及隐私图片。 当天晚上，上...[preview_truncated]",full_text_unavailable; use evidence_texts and evidence_urls ||| full_text_unavailable; use evidence_texts and evidence_urls ||| full_text_unavailable; use evidence_texts and evidence_urls ||| full_text_unavailable; use evidence_texts and evidence_urls,full_text_unavailable ||| full_text_unavailable ||| full_text_unavailable ||| full_text_unavailable,"广东各地市 南方网 南方日报 南方都市报 南方杂志 南方日报出版社 近日，有网民举报称，上海市东方医院孙某新医生“泄露患者隐私”，引发关注。 7月3日，上海市东方医院网站发布《关于孙某新医生相关舆情的说明》，其中指出，针对近日网传孙某新医生“泄露患者隐私”的问题，该院采取如下措施： 1.立即暂停孙某新医生医疗工作，配合医院和相关部门调查； 2.医院将本着严肃认真和客观公正的态度，依法依规严肃处理； 3.一切为了患者，这是医院秉持的和应有的宗旨，并将持续改进！ 图源：上海市东方医院网站 南方网、粤学习记者 黎洁婵 扫二维码分享 南方报业传媒集团简介- 网站简介- 广告服务- 招标投标- 物资采购- 联系我们- 法律声明- 友情链接 本网站由南方新闻网版权所有，未经授权禁止复制或建立镜像 广东南方网络信息科技有限公司负责制作维护 违法和不良信息举报电话：020-87373397 18122015068 ICP备案号：粤B-20050235 ||| 举报者余女士自述曾为孙某新的患者，她提供的证据表明，在2022年11月至12月以及2023年6月期间，孙某新多次通过微信向她发送了这些隐私照片和视频。此外，孙某新还分两次向她转发了包含患者身份证号码在内的多份病人个人信息表格图片。这些行为严重违反了医疗行业的职业道德和法律法规，对患者的隐私权造成了极大的侵害。 事件曝光后，上海市东方医院迅速作出反应。7月3日，医院官方网站发布《关于孙某新医生相关舆情的说明》，表示已立即暂停孙某新医生的所有医疗工作，并全力配合医院及相关部门的调查工作。医院承诺将本着严肃认真和客观公正的态度，依法依规严肃处理此事，确保患者的合法权益得到保护。 浦东新区卫健委也证实已接获相关举报，并表示相关调查工作已经在进行中。据南方都市报等媒体报道，孙某新不仅是同济大学教授、主任医师、医学博士，还是同济大学及南京医科大学博士生导师，曾入选浦东新区医学领先人才及优秀医学学科带头人计划。然而，此次事件让这位曾经备受尊敬的医生陷入了舆论的漩涡。 对于孙某新的行为，法律界人士指出，其侵害了患者的人格尊严、隐私权及个人信息保护权。《中华人民共和国民法典》明确规定，自然人的隐私权和个人信息受法律保护，任何组织或者个人不得非法收集、使用、加工、传输他人个人信息。孙某新的行为已经涉嫌违法，将承担相应的法律责任。 此次事件再次敲响了医疗行业保护患者隐私的警钟。医疗机构及其医务人员应当严 ||| 用微信扫码二维码 分享至好友和朋友圈 7月13日,上海东方医院一名医生被人举报存在泄露患者隐私信息的情况,甚 至还拍摄了患者的隐私照片泄露出去。当天晚上,上海市东方医院发布了最新通 报,并表示:立即暂停孙某医疗工作,配合医院和相关部门调查。 医生 事件来到了7月19日,上海市浦东新区卫健委针对此事,公布了最新进展;针 对其涉嫌泄露患者隐私的问题,卫健委的卫生监督执法部门正在立案调查当中,处 理周期为2个月,后续如果想要公开处理结果,需要申请信息公开,“都有相关规 定的”。不得不说,该医生简直就是禽兽不如,居然泄露患者的隐私信息、照片, 而网友都希望该医生能够被重判。文章来源于：股城网www.gucheng.com 特别声明：以上内容(如有图片或视频亦包括在内)为自媒体平台“网易号”用户上传并发布，本平台仅提供信息存储服务。 Notice: The content above (including the pictures and videos if any) is uploaded and posted by a user of NetEase Hao, which is a social media platform and only provides information storage services. 上游新闻 2026-05-25 14:46:47 中国新闻周刊 20 ||| 7月3日，上海市东方医院（同济大学附属东方医院）创伤专科主任医师孙某被举报传播多名病人手术信息及隐私图片。 当天晚上，上海市东方医院发布通报称，立即暂停孙某医疗工作，配合医院和相关部门调查。 7月19日，上海市浦东新区卫健委针对此事最新进展做出了回应。 7月15日，举报人余女士对《看见》记者说，上海市浦东新区卫健委告知她，根据她提供的相关信息，卫健委的执法部门已确认孙某传播的内容包括211名患者信息和2人的裸照。 《中华人民共和国医师法》规定，医师在执业活动中有泄露患者隐私或者个人信息等行为的，由县级以上人民政府卫生健康主管部门责令改正，给予警告，没收违法所得，并处一万元以上三万元以下的罚款；情节严重的，责令暂停六个月以上一年以下执业活动直至吊销医师执业证书。 24小时滚动播报最新的财经资讯和视频，更多粉丝福利扫描二维码关注（sinafinance） 网友提问：@@=value.question$$ 老师回答：@@=value.answer$$ @@=value.title$$ 新浪财经意见反馈留言板 新浪简介|广告服务|About Sina 联系我们|招聘信息|通行证注册 产品答疑|网站律师|SINA English Copyright © 1996-2024 SINA Corporation All Rights Reserved 新浪公司 版权所有",public_web ||| public_web ||| social_media ||| mainstream_news,https://news.southcn.com/node_179d29f1ce/3d95bdead1.shtml ||| https://www.bangqike.com/read/1328433.html ||| https://www.163.com/dy/article/J7HUEA5K05568O4K.html ||| https://finance.sina.com.cn/roll/2024-07-20/doc-incetuqk1481226.shtml,title_unavailable ||| title_unavailable ||| title_unavailable ||| title_unavailable,date_unavailable ||| date_unavailable ||| date_unavailable ||| date_unavailable,4,silver_candidate,standard_review,0.000,low,low_risk,accept,,,举报内容、院方处置、卫健委立案调查及两个月处理周期等细节均与证据高度吻合。,annotator_A,adjudicated_final,annotator_A
E025,LLM_CHAIN_E025_002,患者余女士实名举报孙某新通过微信传播患者麻醉裸照及个人信息 ||| 舆情迅速发酵，公众对医疗行业隐私保护与医生职业道德提出强烈质疑 ||| 院方紧急回应并暂停孙某新医疗工作，承诺依法依规严肃处理 ||| 浦东新区卫健委介入执法调查，确认涉及211名患者信息，案件进入法定处理周期,ev-00606;ev-00609;ev-01777;ev-01788,举报者余女士自述曾为孙某新的患者，她提供的证据表明，在2022年11月至12月以及2023年6月期间，孙某新多次通过微信...[preview_truncated] ||| 来源标题：“医生私传病人裸照”，德若不配位法也不轻纵 近日，一网友实名举报称，上海市东方医院创伤外科主任、主任医师孙某新...[preview_truncated] ||| 7月3日，记者联系到举报人余女士，她称，其本人曾是孙某新的患者。余女士提供的相关信息显示，2022年11月至12月，孙某...[preview_truncated] ||| 7月3日，上海市东方医院（同济大学附属东方医院）创伤专科主任医师孙某被举报传播多名病人手术信息及隐私图片。 当天晚上，上...[preview_truncated],full_text_unavailable; use evidence_texts and evidence_urls ||| full_text_unavailable; use evidence_texts and evidence_urls ||| full_text_unavailable; use evidence_texts and evidence_urls ||| full_text_unavailable; use evidence_texts and evidence_urls,full_text_unavailable ||| full_text_unavailable ||| full_text_unavailable ||| full_text_unavailable,举报者余女士自述曾为孙某新的患者，她提供的证据表明，在2022年11月至12月以及2023年6月期间，孙某新多次通过微信向她发送了这些隐私照片和视频。此外，孙某新还分两次向她转发了包含患者身份证号码在内的多份病人个人信息表格图片。这些行为严重违反了医疗行业的职业道德和法律法规，对患者的隐私权造成了极大的侵害。 事件曝光后，上海市东方医院迅速作出反应。7月3日，医院官方网站发布《关于孙某新医生相关舆情的说明》，表示已立即暂停孙某新医生的所有医疗工作，并全力配合医院及相关部门的调查工作。医院承诺将本着严肃认真和客观公正的态度，依法依规严肃处理此事，确保患者的合法权益得到保护。 浦东新区卫健委也证实已接获相关举报，并表示相关调查工作已经在进行中。据南方都市报等媒体报道，孙某新不仅是同济大学教授、主任医师、医学博士，还是同济大学及南京医科大学博士生导师，曾入选浦东新区医学领先人才及优秀医学学科带头人计划。然而，此次事件让这位曾经备受尊敬的医生陷入了舆论的漩涡。 对于孙某新的行为，法律界人士指出，其侵害了患者的人格尊严、隐私权及个人信息保护权。《中华人民共和国民法典》明确规定，自然人的隐私权和个人信息受法律保护，任何组织或者个人不得非法收集、使用、加工、传输他人个人信息。孙某新的行为已经涉嫌违法，将承担相应的法律责任。 此次事件再次敲响了医疗行业保护患者隐私的警钟。医疗机构及其医务人员应当严 ||| 来源标题：“医生私传病人裸照”，德若不配位法也不轻纵 近日，一网友实名举报称，上海市东方医院创伤外科主任、主任医师孙某新私下传播病人麻醉时裸照及180份病人手术信息，引发关注。据新京报7月4日报道，目前，院方已暂停孙某新医生医疗工作，并配合相关部门调查。 隐私权基于人类天生的羞耻本能而产生，是一项重要的人格权，医师对患者隐私权的保护既是医德底线要求也是其应尽的法律义务。 鉴于医生在其执业活动中，不可避免会掌握着患者的一些隐私，我国医师法明确，医师在执业活动中，应当尊重、关心、爱护患者，依法保护患者的隐私和个人信息，造成严重后果的，吊销其执业证书。 据悉，被举报的孙某新拥有主任医师、医学博士等诸多头衔，如其执业行为真的如此令人不齿，也令人费解。 而且，孙某新为何多次给余女士发送患者的信息？孙某新和余女士之间究竟是什么关系？余女士为何要实名举报孙某新？孙某新还有没有向其他人发送过患者信息？传播180份病人手术信息，意欲何为？ 这些被举报的问题，涉及孙某新的主观动机、客观影响以及性质的恶劣程度，这些问号也亟待通过相关调查来一一拉直。 如若此事属实，则无论事出何因，也不能改变孙某新这一行为的性质。我国民法典规定，除权利人明确同意外，任何组织或者个人不得拍摄、窥视他人身体的私密部位。 医生也只能在执业规则的范围内，为了疾病的诊治使用“患者的隐私或者个人信息”，如有外泄，则无论是否故意、是否获 ||| 7月3日，记者联系到举报人余女士，她称，其本人曾是孙某新的患者。余女士提供的相关信息显示，2022年11月至12月，孙某新曾向其发送过一位女性患者被麻醉后接受治疗的照片和视频，2023年6月，孙某新又向其发送了一位患者被麻醉后接受治疗的照片。余女士告诉记者，这些照片和视频在发送给她时，均未打码，暴露了病人的隐私部位。此外，孙某新还在2022年、2023年分别向其发送过多份病人个人信息表的图片，信息中包含身份证号码等。 7月3日，上海市东方医院相关负责人回应记者称，医院将本着严肃认真和客观公正的态度，依法依规严肃处理此事。同日下午，上海市浦东新区卫健委一工作人员称，已接到举报信息，相关部门正在调查处理此事。 7月3日，上海市东方医院发布关于孙某新医生相关舆情的说明。以下为全文： 针对近日网传孙某新医生“泄露患者隐私”的问题，医院采取如下措施： 1、立即暂停孙某新医生医疗工作，配合医院和相关部门调查； 2、医院将本着严肃认真和客观公正的态度，依法依规严肃处理； 3、一切为了患者，这是医院秉持的和应有的宗旨，上海市东方医院将持续改进。 诚挚感谢社会各界的关切、监督和批评。 来源 | 新京报返回搜狐，查看更多 ||| 7月3日，上海市东方医院（同济大学附属东方医院）创伤专科主任医师孙某被举报传播多名病人手术信息及隐私图片。 当天晚上，上海市东方医院发布通报称，立即暂停孙某医疗工作，配合医院和相关部门调查。 7月19日，上海市浦东新区卫健委针对此事最新进展做出了回应。 7月15日，举报人余女士对《看见》记者说，上海市浦东新区卫健委告知她，根据她提供的相关信息，卫健委的执法部门已确认孙某传播的内容包括211名患者信息和2人的裸照。 《中华人民共和国医师法》规定，医师在执业活动中有泄露患者隐私或者个人信息等行为的，由县级以上人民政府卫生健康主管部门责令改正，给予警告，没收违法所得，并处一万元以上三万元以下的罚款；情节严重的，责令暂停六个月以上一年以下执业活动直至吊销医师执业证书。 24小时滚动播报最新的财经资讯和视频，更多粉丝福利扫描二维码关注（sinafinance） 网友提问：@@=value.question$$ 老师回答：@@=value.answer$$ @@=value.title$$ 新浪财经意见反馈留言板 新浪简介|广告服务|About Sina 联系我们|招聘信息|通行证注册 产品答疑|网站律师|SINA English Copyright © 1996-2024 SINA Corporation All Rights Reserved 新浪公司 版权所有,public_web ||| mainstream_news ||| mainstream_news ||| mainstream_news,https://www.bangqike.com/read/1328433.html ||| https://review.qianlong.com/2024/0705/8297065.shtml ||| https://police.news.sohu.com/a/790695310_121860344 ||| https://finance.sina.com.cn/roll/2024-07-20/doc-incetuqk1481226.shtml,title_unavailable ||| title_unavailable ||| title_unavailable ||| title_unavailable,date_unavailable ||| date_unavailable ||| date_unavailable ||| date_unavailable,4,silver_candidate,standard_review,0.000,low,low_risk,accept,,,证据链完整覆盖实名举报、舆情发酵、院方暂停职务及卫健委确认涉案信息量等事实。,annotator_A,adjudicated_final,annotator_A
E025,LLM_CHAIN_E025_003,网传上海市东方医院创伤外科主任私下传播病人隐私信息 ||| 媒体跟进报道，法律界人士指出该行为涉嫌违反《医师法》及医疗伦理底线 ||| 医院官网发布情况说明暂停涉事医生职务，卫健委接报后启动卫生监督执法程序 ||| 执法部门开展为期两个月的立案调查，最终处罚结果需通过信息公开申请获取,ev-00607;ev-00609;ev-01782;ev-00604,"用微信扫码二维码 分享至好友和朋友圈 评论员 李长需 女性患者就医时最怕什么？ 7月3日，一网友实名举报称，上海市东方医...[preview_truncated] ||| 来源标题：“医生私传病人裸照”，德若不配位法也不轻纵 近日，一网友实名举报称，上海市东方医院创伤外科主任、主任医师孙某新...[preview_truncated] ||| 电子报 网站地图 当前位置： 京报网首页 > 社会 > 正文 来源： 上海市东方医院 2024-07-03 20:09 ...[preview_truncated] ||| 用微信扫码二维码 分享至好友和朋友圈 7月13日,上海东方医院一名医生被人举报存在泄露患者隐私信息的情况,甚 至还拍摄了...[preview_truncated]",full_text_unavailable; use evidence_texts and evidence_urls ||| full_text_unavailable; use evidence_texts and evidence_urls ||| full_text_unavailable; use evidence_texts and evidence_urls ||| full_text_unavailable; use evidence_texts and evidence_urls,full_text_unavailable ||| full_text_unavailable ||| full_text_unavailable ||| full_text_unavailable,"用微信扫码二维码 分享至好友和朋友圈 评论员 李长需 女性患者就医时最怕什么？ 7月3日，一网友实名举报称，上海市东方医院创伤外科主任、主任医师孙某新私下传播病人麻醉时裸照及180份病人手术信息，引发关注。当日晚上，新京报记者从上海市东方医院获悉，院方已经接到举报。目前，孙某新已被暂停工作，并配合医院和相关部门调查。 这样的信息，让人担忧。因为在医疗场景中，患者让渡个人隐私是出于疾病诊疗的需要，前提是基于对医生执业操守的信任。但患者尤其是女性患者隐私被泄事件的频频发生，很可能击穿这种信任。 （图源：上海市东方医院官网） 2022年，山东省日照市某医院一名男性麻醉师在妇科手术时进行直播；去年，江苏昆山市某医院一名男性妇科医生，在社交平台发布女患者接受治疗时的私密部位照片；同年，周海媚生前送医抢救的电子病历截图也在网上传播，都曾引起轩然大波。 此次被举报的孙某新，做得也是相当过分：2022年和2023年，他两次向举报者发送女性患者被麻醉后接受治疗的照片、视频等，且都是未打码的暴露患者隐私部位的照片；此外还发送过多份病人个人信息表的图片。 尽管医院在最初的回应中，称举报者的举报行为是“私人恩怨”，但“私人恩怨”如果被查实，并不影响其性质的恶劣性，以及公众心目中的忧虑。患者在手术台上为何被拍照？拍摄患者隐私部位为何没人制止？患者的隐私信息为何能被随意传播？医院在此方面有无明确规范规定？ 传 ||| 来源标题：“医生私传病人裸照”，德若不配位法也不轻纵 近日，一网友实名举报称，上海市东方医院创伤外科主任、主任医师孙某新私下传播病人麻醉时裸照及180份病人手术信息，引发关注。据新京报7月4日报道，目前，院方已暂停孙某新医生医疗工作，并配合相关部门调查。 隐私权基于人类天生的羞耻本能而产生，是一项重要的人格权，医师对患者隐私权的保护既是医德底线要求也是其应尽的法律义务。 鉴于医生在其执业活动中，不可避免会掌握着患者的一些隐私，我国医师法明确，医师在执业活动中，应当尊重、关心、爱护患者，依法保护患者的隐私和个人信息，造成严重后果的，吊销其执业证书。 据悉，被举报的孙某新拥有主任医师、医学博士等诸多头衔，如其执业行为真的如此令人不齿，也令人费解。 而且，孙某新为何多次给余女士发送患者的信息？孙某新和余女士之间究竟是什么关系？余女士为何要实名举报孙某新？孙某新还有没有向其他人发送过患者信息？传播180份病人手术信息，意欲何为？ 这些被举报的问题，涉及孙某新的主观动机、客观影响以及性质的恶劣程度，这些问号也亟待通过相关调查来一一拉直。 如若此事属实，则无论事出何因，也不能改变孙某新这一行为的性质。我国民法典规定，除权利人明确同意外，任何组织或者个人不得拍摄、窥视他人身体的私密部位。 医生也只能在执业规则的范围内，为了疾病的诊治使用“患者的隐私或者个人信息”，如有外泄，则无论是否故意、是否获 ||| 电子报 网站地图 当前位置： 京报网首页 > 社会 > 正文 来源： 上海市东方医院 2024-07-03 20:09 关于孙某新医生相关舆情的说明 针对近日网传孙某新医生“泄露患者隐私”的问题，我院采取如下措施：1，立即暂停孙某新医生医疗工作，配合医院和相关部门调查；2，医院将本着严肃认真和客观公正的态度，依法依规严肃处理；3，一切为了患者，这是医院秉持的和应有的宗旨，我们上海市东方医院将持续改进！ 诚挚感谢社会各界的关切、监督和批评！ 上海市东方医院 2024年7月3日 来源：上海市东方医院 流程编辑：U032 如遇作品内容、版权等问题，请在相关文章刊发之日起30日内与本网联系。版权侵权联系电话：010-85202353 扫描二维码 下载手机客户端 分享到 未登录 0条 未登录 0条 欢迎下载“北京日报”客户端发表评论 ' + curr.saytext + ' ' + curr.smalltext + ' 热门 图集 第九届中国（日照）新闻摄影周启幕 博物馆日，北展“如是莫高”大展公益开放，迎参观热潮 雨后首钢园，蓝天白云，花开正艳 精品 赏冰乐雪 京彩新春 氢能领航 双碳助力 山水印象 不止青绿 唯有奋发 不负时代 主管：北京日报报业集团主办：京报移动传媒有限公司Copyright ©1996-2026 Beijing Daily Group, All Rights Rese ||| 用微信扫码二维码 分享至好友和朋友圈 7月13日,上海东方医院一名医生被人举报存在泄露患者隐私信息的情况,甚 至还拍摄了患者的隐私照片泄露出去。当天晚上,上海市东方医院发布了最新通 报,并表示:立即暂停孙某医疗工作,配合医院和相关部门调查。 医生 事件来到了7月19日,上海市浦东新区卫健委针对此事,公布了最新进展;针 对其涉嫌泄露患者隐私的问题,卫健委的卫生监督执法部门正在立案调查当中,处 理周期为2个月,后续如果想要公开处理结果,需要申请信息公开,“都有相关规 定的”。不得不说,该医生简直就是禽兽不如,居然泄露患者的隐私信息、照片, 而网友都希望该医生能够被重判。文章来源于：股城网www.gucheng.com 特别声明：以上内容(如有图片或视频亦包括在内)为自媒体平台“网易号”用户上传并发布，本平台仅提供信息存储服务。 Notice: The content above (including the pictures and videos if any) is uploaded and posted by a user of NetEase Hao, which is a social media platform and only provides information storage services. 上游新闻 2026-05-25 14:46:47 中国新闻周刊 20",social_media ||| mainstream_news ||| public_web ||| social_media,https://www.163.com/dy/article/J697OT9K0550B6IS.html ||| https://review.qianlong.com/2024/0705/8297065.shtml ||| https://news.bjd.com.cn/2024/07/03/10824292.shtml ||| https://www.163.com/dy/article/J7HUEA5K05568O4K.html,title_unavailable ||| title_unavailable ||| title_unavailable ||| title_unavailable,date_unavailable ||| date_unavailable ||| date_unavailable ||| date_unavailable,3,silver_candidate,standard_review,0.000,low,low_risk,accept,,,网传信息、法律定性、院方通报及执法调查周期等关键主张均有对应证据支撑。,annotator_A,adjudicated_final,annotator_A
E026,LLM_CHAIN_E026_002,孕妇因水肿就诊邓州市人民医院遭漏诊误诊，经转院抢救无效死亡 ||| 事件经媒体报道发酵，公众质疑医院诊疗规范与责任归属 ||| 邓州市卫健委迅速介入并发布情况说明，定性为医患双方因素叠加的医疗事故 ||| 完成民事赔偿与家属谅解，纪检公安卫健部门启动进一步责任追究程序,ev-00625;ev-01792,（来源：四川政法声音） 四川政法声音 聚焦政法热点，发布权威信息 5月31日，有媒体报道，一名女大学生怀孕七个月被误诊患...[preview_truncated] ||| 用微信扫码二维码 分享至好友和朋友圈 5月31日，“怀胎7月女大学生被当肾病医治后身亡”一事，引发社会关注。6月1日，记...[preview_truncated],full_text_unavailable; use evidence_texts and evidence_urls ||| full_text_unavailable; use evidence_texts and evidence_urls,full_text_unavailable ||| full_text_unavailable,（来源：四川政法声音） 四川政法声音 聚焦政法热点，发布权威信息 5月31日，有媒体报道，一名女大学生怀孕七个月被误诊患肾病，于今年2月份不治身亡，此事引发关注。 6月1日，河南南阳邓州市卫生健康委员会发布情况说明： 5月31日，媒体报道“怀胎7月女大学生被当肾病医治后身亡”一事，引发社会关注。初步查明，2024年2月7日，患者庞某某因“水肿三天”入住邓州市人民医院接受治疗，因病情加重，2月12日先后转至南阳市第一人民医院、南阳市中心医院治疗，于2月20日上午死亡。事件发生后，邓州市卫健委牵头，成立工作专班，调查事故原因，初步认为，这是一起既有患者未能真实说明病情，又有医疗人员漏诊误诊造成的医疗事故。 目前，邓州市人民医院与死者家属已达成赔偿协议，并获取对方谅解。作为医疗行政主管部门，我们对患者的死亡深表惋惜和同情，深感自责和不安。 同时，邓州市纪检、公安、卫健等部门正在对事件做进一步调查，依法依规追究相关人员责任。 来源：邓州市卫生健康委员会 ◇省委政法工作会议召开 奋力谱写政法工作现代化四川篇章 ◇为谱写中国式现代化四川新篇章贡献政法力量——2023 年全省政法工作综述 ◇这些热词 “秒懂”四川政法的2023 ◇2023，四川政法新闻大事记 ◇2023，这些瞬间值得铭记 更多四川政法系统讯息 扫码访问✍ 官方微信 长按关注 官 方网站返回搜狐，查看更多 ||| 用微信扫码二维码 分享至好友和朋友圈 5月31日，“怀胎7月女大学生被当肾病医治后身亡”一事，引发社会关注。6月1日，记者从河南邓州卫生健康委员会获悉，这是一起既有患者未能真实说明病情，又有医疗人员漏诊误诊造成的医疗事故。目前，邓州市人民医院与死者家属已达成赔偿协议，并获取对方谅解。 据通报，初步查明，2024年2月7日，患者庞某某因“水肿三天”入住邓州市人民医院接受治疗，因病情加重，2月12日先后转至南阳市第一人民医院、南阳市中心医院治疗，于2月20日上午死亡。事件发生后，邓州市卫健委牵头，成立工作专班，调查事故原因，初步认为，这是一起既有患者未能真实说明病情，又有医疗人员漏诊误诊造成的医疗事故。 ▲邓州市人民医院。 目前，邓州市人民医院与死者家属已达成赔偿协议，并获取对方谅解。同时，邓州市纪检、公安、卫健等部门正在对事件做进一步调查，依法依规追究相关人员责任。 今年2月，寒假回家的丽丽因身体发胖，在家人的带领下去河南南阳邓州市人民医院检查，被确诊为肾病综合征。住院治疗五天，因病情严重转院抢救，最后不治身亡。 令家人不解的是，在转至上级医院的救治时，丽丽并没有被确诊为肾病综合征，而是怀孕七个多月胎死腹中。“女儿被当肾病误诊、误治、误用大量激素治疗，直接进行肾穿刺手术，最后导致失去生命。” 为了查明女儿的死因，父亲庞先生申请了医疗事故技术鉴定，但是邓州市人民医院没有提交鉴定材料，导,mainstream_news ||| social_media,https://www.sohu.com/a/783063667_121106884 ||| https://www.163.com/dy/article/J3K9JLKV0514EA02.html,title_unavailable ||| title_unavailable,date_unavailable ||| date_unavailable,2,silver_candidate,standard_review,0.000,low,low_risk,accept,,,误诊致死、媒体发酵、卫健委定性为双方因素叠加事故及后续追责赔偿均获证据证实。,annotator_A,adjudicated_final,annotator_A
E029,LLM_CHAIN_E029_001,2024年4月19日男子在门诊楼五楼翻越护栏坠楼，职工施救未果致其死亡 ||| 事件引发网络关注与社会对坠楼原因的猜测 ||| 医院配合公安调查并于4月20日发布通报，澄清患者身份及无医疗纠纷 ||| 事件仍在调查处理中，相关善后工作依法依规进行,ev-00691;ev-00695;ev-00697;ev-01846,"登录 广西医科大学第一附属医院4月20日下午发布“4·19门诊大楼男子坠楼事件”后续情况通报。 1、坠楼经过 2024年...[preview_truncated] ||| 广西医科大学第一附属医院通报“4•19门诊大楼男子坠楼事件”，再次引起了社会的广泛关注。为回应社会关切，医院方面向社会通...[preview_truncated] ||| Hospital profile News center Hospital Disclosure Discipline ...[preview_truncated] ||| 最近,广西某医院门诊大楼发生了一起令人震惊的坠楼事件,引发了社会广泛关注。据报道,一名病人在门诊大楼内坠楼身亡,事件发生...[preview_truncated]",full_text_unavailable; use evidence_texts and evidence_urls ||| full_text_unavailable; use evidence_texts and evidence_urls ||| full_text_unavailable; use evidence_texts and evidence_urls ||| full_text_unavailable; use evidence_texts and evidence_urls,full_text_unavailable ||| full_text_unavailable ||| full_text_unavailable ||| full_text_unavailable,"登录 广西医科大学第一附属医院4月20日下午发布“4·19门诊大楼男子坠楼事件”后续情况通报。 1、坠楼经过 2024年4月19日15时许，广西医科大学第一附属医院门诊大楼五楼一名男子跨过防护栏，意欲跳楼。该院一名职工冲出科室，伸手试图拉住该男子，但未成功。不幸事件发生后，该院第一时间组织积极抢救并报警，配合公安机关调查工作。目前该男子经抢救无效死亡。 2、情况调查 事后，广西医科大学第一附属医院配合公安机关展开调查。监控显示该男子15时03分进入门诊大楼，15时25分自主翻越防护围栏外跳楼。 公安机关查验核实身份为南宁市居民，某物流公司员工。 经了解，该男子为广西壮族自治区区直医保患者，曾在该院就诊，并非肿瘤患者，已规范治疗。近三个月其在该院无就诊记录，不存在医疗投诉及纠纷情况。 目前事件仍在调查处理中，相关善后处置工作正依法依规进行。 ·· · 原标题：《广西医科大学第一附属医院通报男子坠楼事件》 阅读原文 本文为澎湃号作者或机构在澎湃新闻上传并发布，仅代表该作者或机构观点，不代表澎湃新闻的观点或立场，澎湃新闻仅提供信息发布平台。申请澎湃号请用电脑访问http://renzheng.thepaper.cn。 Android版 iPhone版 iPad版 沪ICP备14003370号 沪公网安备31010602000299号 互联网新闻信息服务许可证：31120170006 增值 ||| 广西医科大学第一附属医院通报“4•19门诊大楼男子坠楼事件”，再次引起了社会的广泛关注。为回应社会关切，医院方面向社会通报了事件的后续情况和调查进展。 #坠楼经过# 2024年4月19日15时许，广西医科大学第一附属医院门诊大楼五楼发生了一起男子坠楼事件。据目击者称，一名男子跨过防护栏，试图跳楼。医院的一名职工试图阻止，但未成功。不幸事件发生后，医院第一时间进行了抢救并报警，但最终该男子还是因抢救无效死亡。 #情况调查# 医院随即配合公安机关展开调查。监控显示，该男子于15点03分进入门诊大楼，15点25分从五楼自主翻越防护围栏跳楼。经过身份核实，该男子是南宁市的一名物流公司员工，同时也是广西区直医保患者。调查显示，他曾在该院就诊，但并非肿瘤患者，而且近三个月没有再次就诊，也没有医疗投诉和纠纷情况。 #善后处理# 目前，事件仍在调查处理中，相关善后处置工作正依法依规进行。医院方面也希望广大市民及网友尊重逝者尊严和隐私，不传播现场图片、视频及相关资料，避免让家属受到二次伤害。 #社会反响# 这起事件引起了社会的广泛讨论和反思。人们纷纷对事件的原因进行猜测，并呼吁加强对心理健康的关注，以及提升对患者的关怀和治疗服务。同时也提出了对医院安全防护措施的质疑和建议，希望医院方面能够加强安全管理，防止类似事件再次发生。 #关于心理健康# 心理健康问题一直是社会关注的焦点。人们希望通过这起事件的 ||| Hospital profile News center Hospital Disclosure Discipline Construction Medical Care Education scientific research Careers 您的位置： 首页>院务公开>通知公告 来源：广西医科大学第一附属医院发布时间：2024-04-20编辑：校对：审核：点击： 次 为回应社会关切，进一步通报事件后续情况。 一、坠楼经过 2024年4月19日15时许，我院门诊大楼五楼一名男子跨过防护栏，意欲跳楼。我院一名职工冲出科室，伸手试图拉住该男子，但未成功。不幸事件发生后，我院第一时间组织积极抢救并报警，配合公安机关调查工作。目前该男子经抢救无效死亡。 二、情况调查 事后，我院立即配合公安机关展开调查。监控显示该男子15点03分进入门诊大楼，15点25分自主翻越防护围栏外跳楼。 公安机关查验核实身份为南宁市居民，某物流公司员工。 经了解，该男子为广西区直医保患者，曾在我院就诊，并非肿瘤患者，已规范治疗。近三个月其在我院无就诊记录，不存在医疗投诉及纠纷情况。 目前事件仍在调查处理中，相关善后处置工作正依法依规进行。 请广大市民及网友尊重逝者尊严和隐私，不传播现场图片、视频及相关资料，避免让家属受到二次伤害。 广西医科大学第一附属医院 2024年4月20日 根据《党政领导干部选拔任用工作条 ||| 最近,广西某医院门诊大楼发生了一起令人震惊的坠楼事件,引发了社会广泛关注。据报道,一名病人在门诊大楼内坠楼身亡,事件发生后医院迅速发布通报,但事件的详细经过和原因仍然存在许多疑点,引发了社会各界的议论",mainstream_news ||| mainstream_news ||| public_web ||| social_media,https://www.thepaper.cn/newsDetail_forward_27091536 ||| https://m.sohu.com/a/773203349_121908701/?pvid=000115_3w_a ||| https://www.gxmuyfy.cn/notice/noticetzgg/27123.html ||| https://www.toutiao.com/article/7362239544118329892/,title_unavailable ||| title_unavailable ||| title_unavailable ||| title_unavailable,date_unavailable ||| date_unavailable ||| date_unavailable ||| date_unavailable,4,silver_candidate,standard_review,0.000,low,low_risk,accept,,,坠楼经过、公众猜测、院方通报澄清无医疗纠纷及善后进展均与证据一致。,annotator_A,adjudicated_final,annotator_A
E029,LLM_CHAIN_E029_002,门诊大楼发生男子自主跳楼事件 ||| 公众关注事件细节并质疑是否存在医患矛盾 ||| 院方公布监控时间线与就诊记录以回应关切 ||| 警方与医院持续推进调查及善后处置,ev-00693;ev-00699;ev-01833;ev-01837,广西医科大学第一附属医院4月20日下午发布“4·19门诊大楼男子坠楼事件”后续情况通报。 一、坠楼经过 2024年4月1...[preview_truncated] ||| ©原创 20日下午，广西医科大学第一附属医院发布“4·19门诊大楼男子坠楼事件”后续情况通报： 一、坠楼经过 2024年...[preview_truncated] ||| 为回应社会关切，进一步通报事件后续情况。 一、坠楼经过 2024年4月19日15时许，我院门诊大楼五楼一名男子跨过防护栏...[preview_truncated] ||| 20日下午，广西医科大学第一附属医院发布“4·19门诊大楼男子坠楼事件”后续情况通报： 一、坠楼经过 2024年4月19...[preview_truncated],full_text_unavailable; use evidence_texts and evidence_urls ||| full_text_unavailable; use evidence_texts and evidence_urls ||| full_text_unavailable; use evidence_texts and evidence_urls ||| full_text_unavailable; use evidence_texts and evidence_urls,full_text_unavailable ||| full_text_unavailable ||| full_text_unavailable ||| full_text_unavailable,广西医科大学第一附属医院4月20日下午发布“4·19门诊大楼男子坠楼事件”后续情况通报。 一、坠楼经过 2024年4月19日15时许，广西医科大学第一附属医院门诊大楼五楼一名男子跨过防护栏，意欲跳楼。该院一名职工冲出科室，伸手试图拉住该男子，但未成功。不幸事件发生后，该院第一时间组织积极抢救并报警，配合公安机关调查工作。目前该男子经抢救无效死亡。 二、情况调查 事后，广西医科大学第一附属医院配合公安机关展开调查。监控显示该男子15时03分进入门诊大楼，15时25分自主翻越防护围栏外跳楼。 公安机关查验核实身份为南宁市居民，某物流公司员工。 经了解，该男子为广西壮族自治区区直医保患者，曾在该院就诊，并非肿瘤患者，已规范治疗。近三个月其在该院无就诊记录，不存在医疗投诉及纠纷情况。 目前事件仍在调查处理中，相关善后处置工作正依法依规进行。 此前，该院在官网发布了《情况通报》称，2024年4月19日15时许，该院门诊大楼发生一起男子坠楼事件。事件发生后，医院第一时间组织抢救并报警，配合公安机关开展调查。 来源：广西医科大学第一附属医院 ||| ©原创 20日下午，广西医科大学第一附属医院发布“4·19门诊大楼男子坠楼事件”后续情况通报： 一、坠楼经过 2024年4月19日15时许，我院门诊大楼五楼一名男子跨过防护栏，意欲跳楼。我院一名职工冲出科室，伸手试图拉住该男子，但未成功。不幸事件发生后，我院第一时间组织积极抢救并报警，配合公安机关调查工作。目前该男子经抢救无效死亡。 二、情况调查 事后，我院立即配合公安机关展开调查。监控显示该男子15点03分进入门诊大楼，15点25分自主翻越防护围栏外跳楼。 公安机关查验核实身份为南宁市居民，某物流公司员工。 经了解，该男子为广西区直医保患者，曾在我院就诊，并非肿瘤患者，已规范治疗。近三个月其在我院无就诊记录，不存在医疗投诉及纠纷情况。 目前事件仍在调查处理中，相关善后处置工作正依法依规进行。 （越牛新闻综合长安街知事） 评论 [[item.content]] [[item.ip_location_area]] · [[setTime(item.create_time)]] · 回复 [[item.content]] [[item.ip_location_area]] · [[setTime(item.create_time)]] · 回复 '+item.content+' '+ item.ip_location_area +' · '+setTime(item.create_ti ||| 为回应社会关切，进一步通报事件后续情况。 一、坠楼经过 2024年4月19日15时许，我院门诊大楼五楼一名男子跨过防护栏，意欲跳楼。我院一名职工冲出科室，伸手试图拉住该男子，但未成功。不幸事件发生后，我院第一时间组织积极抢救并报警，配合公安机关调查工作。目前该男子经抢救无效死亡。 二、情况调查 事后，我院立即配合公安机关展开调查。监控显示该男子15点03分进入门诊大楼，15点25分自主翻越防护围栏外跳楼。 公安机关查验核实身份为南宁市居民，某物流公司员工。 经了解，该男子为广西区直医保患者，曾在我院就诊，并非肿瘤患者，已规范治疗。近三个月其在我院无就诊记录，不存在医疗投诉及纠纷情况。 目前事件仍在调查处理中，相关善后处置工作正依法依规进行。 请广大市民及网友尊重逝者尊严和隐私，不传播现场图片、视频及相关资料，避免让家属受到二次伤害。 广西医科大学第一附属医院 2024年4月20日 24小时滚动播报最新的财经资讯和视频，更多粉丝福利扫描二维码关注（sinafinance） 网友提问：@@=value.question$$ 老师回答：@@=value.answer$$ @@=value.title$$ 新浪财经意见反馈留言板 新浪简介|广告服务|About Sina 联系我们|招聘信息|通行证注册 产品答疑|网站律师|SINA English Copyright © 1996-2024 ||| 20日下午，广西医科大学第一附属医院发布“4·19门诊大楼男子坠楼事件”后续情况通报： 一、坠楼经过 2024年4月19日15时许，我院门诊大楼五楼一名男子跨过防护栏，意欲跳楼。我院一名职工冲出科室，伸手试图拉住该男子，但未成功。不幸事件发生后，我院第一时间组织积极抢救并报警，配合公安机关调查工作。目前该男子经抢救无效死亡。 二、情况调查 事后，我院立即配合公安机关展开调查。监控显示该男子15点03分进入门诊大楼，15点25分自主翻越防护围栏外跳楼。 公安机关查验核实身份为南宁市居民，某物流公司员工。 经了解，该男子为广西区直医保患者，曾在我院就诊，并非肿瘤患者，已规范治疗。近三个月其在我院无就诊记录，不存在医疗投诉及纠纷情况。 目前事件仍在调查处理中，相关善后处置工作正依法依规进行。 来源：广西医科大学第一附属医院 原标题：《4·19门诊大楼男子坠楼事件后续情况通报》 <%:=name%> 本词含有多个义项，请点击查看 <%:=list[i].tag_title%> <%:=list[i].tag_type%> 您要举报的内容为 “本词含有多个义项，请点击查看” 收藏 扫描小程序查看详情 微信扫码分享,mainstream_news ||| public_web ||| mainstream_news ||| public_web,https://m.163.com/dy/article/J08A10K00530JPVV.html ||| http://m.shaoxing.com.cn/p/3187898.html ||| https://finance.sina.com.cn/jjxw/2024-04-20/doc-inasnqhq8405724.shtml ||| https://news.medlive.cn/all/info-news/show-210250_97.html,title_unavailable ||| title_unavailable ||| title_unavailable ||| title_unavailable,date_unavailable ||| date_unavailable ||| date_unavailable ||| date_unavailable,4,silver_candidate,standard_review,0.000,low,low_risk,accept,,,自主跳楼事实、公众质疑、院方公布监控时间线及持续调查善后均有充分证据支持。,annotator_A,adjudicated_final,annotator_A
E030,LLM_CHAIN_E030_001,2024年4-5月检察机关收到医院挂号系统缺乏无障碍适老化功能线索 ||| 检察机关实地调查与听证确认多数医疗机构未提供电话预约及无障碍终端 ||| 2024年7月深圳市检察院向市卫健委发出检察建议督促整改 ||| 全市医疗机构开通预约热线并完成线上平台无障碍改造，2025年9月入选最高检典型案例,ev-00711;ev-00713;ev-00716;ev-01286,第一财经 2025-11-12 21:24发布于上海第一财经官方账号 医疗机构不提供电话预约的挂号方式，挂号平台及自助挂...[preview_truncated] ||| 线上预约挂号就医，对于熟练使用电子设备的年轻人来说易如反掌，但对于残障人士、老年人等特殊群体而言，却不是一件容易的事。今...[preview_truncated] ||| 中国青年报客户端讯（中青报·中青网记者 韩飏）今天，最高人民检察院与民政部、中国残疾人联合会联合发布一批无障碍和适老化检...[preview_truncated] ||| 点击右上角微信好友 朋友圈 点击浏览器下方“”分享微信好友Safari浏览器请点击“”按钮 请使用浏览器分享功能进行分享...[preview_truncated],full_text_unavailable; use evidence_texts and evidence_urls ||| full_text_unavailable; use evidence_texts and evidence_urls ||| full_text_unavailable; use evidence_texts and evidence_urls ||| full_text_unavailable; use evidence_texts and evidence_urls,full_text_unavailable ||| full_text_unavailable ||| full_text_unavailable ||| full_text_unavailable,"第一财经 2025-11-12 21:24发布于上海第一财经官方账号 医疗机构不提供电话预约的挂号方式，挂号平台及自助挂号机也没有实现无障碍功能，那些不会上网、不会使用智能手机和存在视力障碍的老年人与残疾人该如何便捷就医呢？ 2024年5月，广东省深圳市人民检察院收到志愿者提供的上述线索，决定立案调查。同年7月2日，深圳市检察院向市卫生健康主管部门发出检察建议，建议其督促相关医疗机构完善就医挂号无障碍适老化改造。目前，已督促全市所有医疗机构开通预约挂号直拨电话，并在全市设立统一短号热线，实现预约挂号一键查询或转接服务。截至2025年6月，热线已提供查转服务5122次；还要求各医疗机构于2025年底前完成线上预约平台的无障碍改造，截至2025年6月，全市38家医疗机构已完成线上预约平台无障碍改造，累计布设无障碍自助终端机1039台。 这是今年9月，最高检发布的一批无障碍和适老化检察公益诉讼典型案例中的一个，也是近年来检察机关进行检察公益诉讼工作、守护公共利益的缩影。 检察公益诉讼，是指人民检察院根据民事诉讼法、行政诉讼法等法律规定，对在履行职责中发现的生态环境和资源保护、食品药品安全、国有财产保护等领域损害国家利益或者社会公共利益的案件，向有关主体发出检察建议或向人民法院提起诉讼的法律制度，是我国一项原创性司法制度。 自2014年党的十八届四中全会首次提出“探索建立检察机关提起公益诉 ||| 线上预约挂号就医，对于熟练使用电子设备的年轻人来说易如反掌，但对于残障人士、老年人等特殊群体而言，却不是一件容易的事。今年4月，深圳市检察院收到一条无障碍挂号就医的公益诉讼线索，反映我市部分医院线上及线下挂号就医未完善无障碍环境建设，影响特定群体的就医需求。 “创造无障碍就医环境，是保障残疾人、老年人等特定群体平等、充分、便捷参与、融入社会生活的重要条件，检察机关义不容辞。”为进一步了解公益受损事实，市检察院第六检察部通过抽样调查方式，先后对深圳8家市级医院就电话热线、线上预约平台等情况进行了调查，并与行政主管部门进行座谈，了解全市就医无障碍环境建设基本情况。 同时，市检察院与市盲协开展联合调查，对深圳4家市级医院、6家区级医院的线下自助业务办理终端设备以及现场号源预留等情况进行实地勘察。 经调查发现，确实存在部分线上预约挂号平台未达到无障碍设计标准、部分医疗机构未提供电话预约挂号方式、自助挂号终端设备未配备无障碍功能、医疗机构未按要求预留专门现场号源等问题。 6月25日，市检察院召开推动就医挂号无障碍环境建设行政公益诉讼案件听证会，针对案涉情形是否对残障人士、老年人等特殊群体便捷就医权益造成损害听取参会代表与听证员意见。 会议由市检察院第六检察部副主任梁媛主持，市人大代表陈家发、刘宝瑞、曾迈担任听证员，相关行政主管部门负责人出席听证，市残疾人联合会代表陈雷，市老年协会党支部书记、 ||| 中国青年报客户端讯（中青报·中青网记者 韩飏）今天，最高人民检察院与民政部、中国残疾人联合会联合发布一批无障碍和适老化检察公益诉讼典型案例，""广东省深圳市人民检察院督促实施就医挂号无障碍、适老化改造行政公益诉讼""是其中一例。 据介绍，广东省深圳市大部分医疗机构未提供电话预约等多渠道挂号方式，挂号平台及自助挂号机亦未实现无障碍功能，致使不会上网、不会使用智能手机及存在视力障碍的老年人与残疾人无法及时、独立、便捷就医，影响其身体健康与生命安全，损害社会公共利益。 2024年5月，广东省深圳市人民检察院收到“益心为公”志愿者提供的上述线索后，决定立案调查。通过对辖区内医疗机构进行现场走访、挂号平台或电话试用、询问医疗机构工作人员等方式，查明该市大部分医疗机构存在未提供电话等多渠道预约挂号方式，线上预约挂号平台未达到无障碍设计标准，线下自助挂号取号终端设备未实现大字、语音等无障碍功能，亦未按要求为老年人、残疾人预留专门现场号源等问题，违反了《中华人民共和国无障碍环境建设法》《中华人民共和国老年人权益保障法》和《国家卫生健康委办公厅关于实施进一步便利老年人就医举措的通知》等有关规定。 2024年6月25日，深圳市人民检察院组织召开公开听证会，邀请市残联与市老协代表、市人大代表、人民监督员、“益心为公”志愿者进行听证。听证员一致认为，就医挂号难问题已影响老年人、残疾人等特定群体平等就医的合法权 ||| 点击右上角微信好友 朋友圈 点击浏览器下方“”分享微信好友Safari浏览器请点击“”按钮 请使用浏览器分享功能进行分享 出行、就医挂号……残疾人、老年人等特定群体在日常生活中遇到“障碍”怎么办？9月17日，最高人民检察院与民政部、中国残疾人联合会共同发布一批无障碍和适老化检察公益诉讼典型案例，从中可见多地检察机关助力“无障碍”建设的不懈努力。 老人挂号只能上网“抢”？改进！ 2024年5月，广东深圳检察机关接到线索反映，当地大部分医疗机构未提供电话预约等多渠道挂号方式，挂号平台及自助挂号机也未实现无障碍功能，致使不会上网、不会使用智能手机及存在视力障碍的老年人与残疾人无法及时、独立、便捷就医，医疗机构未按有关要求为老年人、残疾人预留专门现场号源。 无障碍环境建设法明确规定，医疗卫生机构应当结合所提供的服务内容，为残疾人、老年人就医提供便利。 深圳市人民检察院立案调查后，通过召开听证会等方式了解这一情况对公共利益造成的损害，并于同年7月向当地卫生健康主管部门发出检察建议。 此举推动深圳有关医疗机构对预约渠道、服务终端等进行了改进。现在，当地老年人、残疾人等可以通过拨打电话等多种方式预约挂号，医疗机构还通过加号等方式为老年人、残疾人保障现场号源。 除了就医挂号，一些老年人、残疾人常用的社会服务也存在无法满足无障碍需求的情况。 2024年，有线索反映，陕西社会保险、陕西医保的APP不符",mainstream_news ||| mainstream_news ||| mainstream_news ||| public_web,https://news.qq.com/rain/a/20251112A067EI00 ||| https://m.sohu.com/a/789009588_161795/?pvid=000115_3w_a ||| https://www.sohu.com/a/935904190_119038?scm=10001.8085_13-8085_13.0.0.0 ||| https://difang.gmw.cn/cq/2025-09/19/content_38296348.htm,title_unavailable ||| title_unavailable ||| title_unavailable ||| title_unavailable,date_unavailable ||| date_unavailable ||| date_unavailable ||| date_unavailable,4,silver_candidate,standard_review,0.000,low,low_risk,accept,,,线索接收、调查听证、检察建议发出、热线开通改造及入选典型案例等节点证据确凿。,annotator_A,adjudicated_final,annotator_A
E031,LLM_CHAIN_E031_001,2024年2月23日凌晨，明尚西苑6栋架空层电动自行车违规改装锂电池热失控引发重大火灾，致15死44伤。 ||| 业主曾多年多次投诉电动车停放充电隐患未获物业有效整改，事故引发公众对社区消防管理失职的强烈质疑。 ||| 南京市政府召开新闻发布会致歉并通报情况，江苏省成立调查组，全市同步开展消防安全拉网式排查。 ||| 事故调查认定为重大火灾责任事故，10名涉事人员被采取刑事强制措施，7家企业受罚，相关公职人员被严肃问责。,ev-00741;ev-00742;ev-00745;ev-00746;ev-00747;ev-00749;ev-00750;ev-01851;ev-01855;ev-01863;ev-01868,"四年前,明尚西苑的居民预见到了悲剧的可能性,他们发出了连续七次的投诉,但这些预警在物业的忽视下逐渐消失。火灾爆发: 2月...[preview_truncated] ||| 在2024年2月24日凌晨,南京市举行了一场沉痛的新闻发布会,详细通报了雨花台区“2·23”火灾事故的情况。本次火灾事故...[preview_truncated] ||| 2月23日凌晨，南京市雨花台区西善桥街道明尚西苑发生火灾。截至23日24时，事故共造成15人遇难、44人在院治疗。 开启...[preview_truncated] ||| 手机看新闻 摘要： 【南京雨花台区明尚西苑火灾揭电动车隐患】南京雨花台区明尚西苑一居民楼发生火灾，致15人不幸遇难，44...[preview_truncated] ||| 作者： 时间：2024-02-25 点击数： 近日 南京雨花台区明尚西苑 居民楼火灾事故引发关注 经初步分析 火灾为6栋...[preview_truncated] ||| 手机看新闻 摘要： 【南京雨花台区失火小区深夜惊魂 电动车成隐患】南京雨花台区的明尚西苑小区在一场突发火灾中遭受重创。起...[preview_truncated] ||| 【#火灾小区居民7次投诉均获回应#】2月23日，南京雨花台区明尚西苑小区发生火灾，导致15人遇难、44人受伤。初步调查确...[preview_truncated] ||| 南京小区火灾: 一般指本词条 2024年2月23日4时39分，南京市消防救援支队指挥中心接到报警：南京市雨花台区明尚西苑...[preview_truncated] ||| 来源：长春晚报 【#南京223火灾事故调查报告#】2024年2月23日凌晨4时35分许，南京市雨花台区西柿路9号明尚西苑...[preview_truncated] ||| 2月24日凌晨 江苏省南京市召开新闻发布会 通报南京市雨花台区 “2·23”火灾事故有关情况 截至23日24时 事故共造...[preview_truncated] ||| ⚠️注意⚠️ 2024年2月23日凌晨4时35分许，江苏南京市雨花台区西柿路9号明尚西苑小区居民住宅6号楼发生重大火灾事...[preview_truncated]",full_text_unavailable; use evidence_texts and evidence_urls ||| full_text_unavailable; use evidence_texts and evidence_urls ||| full_text_unavailable; use evidence_texts and evidence_urls ||| full_text_unavailable; use evidence_texts and evidence_urls ||| full_text_unavailable; use evidence_texts and evidence_urls ||| full_text_unavailable; use evidence_texts and evidence_urls ||| full_text_unavailable; use evidence_texts and evidence_urls ||| full_text_unavailable; use evidence_texts and evidence_urls ||| full_text_unavailable; use evidence_texts and evidence_urls ||| full_text_unavailable; use evidence_texts and evidence_urls ||| full_text_unavailable; use evidence_texts and evidence_urls,full_text_unavailable ||| full_text_unavailable ||| full_text_unavailable ||| full_text_unavailable ||| full_text_unavailable ||| full_text_unavailable ||| full_text_unavailable ||| full_text_unavailable ||| full_text_unavailable ||| full_text_unavailable ||| full_text_unavailable,"四年前,明尚西苑的居民预见到了悲剧的可能性,他们发出了连续七次的投诉,但这些预警在物业的忽视下逐渐消失。火灾爆发: 2月23日凌晨,明尚西苑6栋突然爆发了一场大火,火势迅速蔓延 ||| 在2024年2月24日凌晨,南京市举行了一场沉痛的新闻发布会,详细通报了雨花台区“2·23”火灾事故的情况。本次火灾事故发生在2024年2月23日凌晨,雨花台区明尚西苑的一栋建筑突发火灾,造成了重大的 ||| 2月23日凌晨，南京市雨花台区西善桥街道明尚西苑发生火灾。截至23日24时，事故共造成15人遇难、44人在院治疗。 开启桌面通知× 开启后，有重磅新闻时浏览器会向你推送动态通知 ||| 手机看新闻 摘要： 【南京雨花台区明尚西苑火灾揭电动车隐患】南京雨花台区明尚西苑一居民楼发生火灾，致15人不幸遇难，44人受伤。逃生居民描述火场逃生经历，疑电动车为火源。该事件引发对小区安全管理和电动车存放的深入思考。 正文： 南京市雨花台区明尚西苑一个居民楼不幸发生火灾，造成重大人员伤亡。据居民逃生经历描述，当晚烟雾迷漫，他们用湿枕套捂住口鼻，跨过浓烟和火光，艰难逃生。火灾可能由电动车引发，这在居民中引起强烈讨论。此前，小区架空层因存放电动车而拥挤，已有火灾先例。目前，当地政府正在紧急处理此事，并安置受影响居民，火灾具体原因尚在调查之中。 这起火灾再次把小区电动车存放安全问题推到风口浪尖。居民楼的安全隐患，尤其是电动车充电和存放问题，一直是城市管理的头痛问题。此次悲剧凸显了对此类安全隐患的管理和防范措施迫在眉睫。居民们在逃生过程中的无助和恐慌，以及火灾后的无家可归，都深刻揭示了城市管理中的盲点。当前，相关部门正全力救治伤者并调查火灾原因，但更重要的是，我们如何从根本上采取措施，防止类似悲剧再次发生。 小编点评: 针对明尚西苑火灾，我们需要从三个方面着手考虑。首先是加强小区电动车存放管理，禁止在楼道和架空层随意充电与堆放，防止火灾隐患。同时，应提高居民的安全意识，定期进行消防演练，确保万一发生火灾时，居民能够迅速而有序地逃生。其次，政府和物业管理部门也应该承担起监督责任，对小区内的 ||| 作者： 时间：2024-02-25 点击数： 近日 南京雨花台区明尚西苑 居民楼火灾事故引发关注 经初步分析 火灾为6栋建筑地面架空层 电动自行车停放处起火引发 具体原因正在进一步调查 2月23日上午，南京雨花台区明尚西苑居民楼火灾发生现场图 电动车为我们的出行 带来了极大便利 随之也产生了 一系列安全隐患 图片电动车室内充电瞬间爆燃 图片店铺内电动车充电起火 图片店铺二楼露台电动车充电起火 图片电动车楼道内飞线充电起火 保卫部提醒 电动自行车是常见的交通工具 违规充电或违规改装、更换锂电池 极易引发安全事故 如何安全使用 避免起火、爆炸等事故呢？ 以下安全使用指南请大家查收 此外 高层建筑体量庞大、功能复杂 人员密集、危险源多、火灾荷载大 一旦发生火灾 人员疏散和火灾扑救 依旧存在较大难度 如何让自己“全身而退” 也是每个人 都应该了解并掌握的技能 图文来源丨长沙发布综合应急管理部、中国消防 初审丨谢冠能、黄李敏 复审丨谢亮 Copyright© 2019 All Rights Reserved 广州新华学院 技术支持：信息与网络管理处 ||| 手机看新闻 摘要： 【南京雨花台区失火小区深夜惊魂 电动车成隐患】南京雨花台区的明尚西苑小区在一场突发火灾中遭受重创。起火原因疑似为架空层停放的电动自行车。这起事故促使南京市展开全面的消防安全排查。同时，火灾发生后，居民们纷纷表示对电动车乱停乱放的担忧，希望未来能有更好的安全管理。 正文： 在那个寂静的深夜，南京雨花台区的明尚西苑小区被一场突发火灾惊醒。火焰和烟雾吞噬了架空层停放的电动自行车，悲剧由此展开。火灾不仅夺走了15条生命，更让44位居民不得不在医院接受治疗。小区内一片狼藉，被熏黑的墙壁默默诉说着事发时的恐怖。 在这场悲剧后，南京市迅速行动，全城展开消防安全的拉网式排查。从高层建筑到商贸场所，从居民小区到城中村，无一幸免。当局希望通过这样的行动，防止此类灾难再次发生。然而，居民们的心声更为凄切。他们曾经就电动车的停放问题提出了许多合理化建议，比如安装防护棚和智能监控，但都未得到实质性回应。这次的火灾，无疑是一记沉重的警钟。 南京市的官员们对遇难者表示了深切的哀悼，并对受灾家庭表达了诚挚的歉意。灾后的群众安置和心理疏导工作也在紧锣密鼓地进行。南京市通过这次痛苦的经历，更加深刻地意识到消防安全工作的重要性，决心从根本上查漏补缺，防患于未然。 小编点评： 在这场突如其来的灾难面前，明尚西苑小区的居民们体验了人生最脆弱的一面。火灾的残酷不仅在于它的摧毁力，更在于它揭示了城市管理中的 ||| 【#火灾小区居民7次投诉均获回应#】2月23日，南京雨花台区明尚西苑小区发生火灾，导致15人遇难、44人受伤。初步调查确认，火灾为6栋建筑地面架空层电动自行车存放处起火引发。有网友发现，该小区一位业主4年前曾陆续发帖举报小区电动车停放和充电乱象，24日，这位业主马林表示，他还曾一年半7次在留言平台投诉，均获得回复。“7次回复都说安排了物业人员巡查、宣传、督促整改，在架空层增加充电设施供电动车充电。还强调物业没有强制权，部分业主不听从，几次申请公安部门协助执行。” 24小时滚动播报最新的财经资讯和视频，更多粉丝福利扫描二维码关注（sinafinance） 网友提问：@@=value.question$$ 老师回答：@@=value.answer$$ @@=value.title$$ 新浪财经意见反馈留言板 新浪简介|广告服务|About Sina 联系我们|招聘信息|通行证注册 产品答疑|网站律师|SINA English Copyright © 1996-2024 SINA Corporation All Rights Reserved 新浪公司 版权所有 ||| 南京小区火灾: 一般指本词条 2024年2月23日4时39分，南京市消防救援支队指挥中心接到报警：南京市雨花台区明尚西苑6栋发生火灾。接警后，支队迅速调集8个消防救援站、25辆消防车、130名指战员到场处置，6时01分明火被扑灭，14时许现场全部搜救工作结束1。 截至2024年2月23日24时，事故共造成15人遇难，44人在院治疗，其中1人危重，1人重症，42人伤情较轻，所有患者生命体征平稳。经初步分析，火灾为6栋建筑地面架空层停放电动自行车处起火引发。江苏省已成立调查组，深入调查火灾原因和责任23。24日凌晨，南京市通报火灾事故有关情况，火灾原因查明为6栋建筑地面架空层停放电动自行车处起火引发。涉事电动自行车车主、非法生产销售锂离子电池个体经营者、南京某物业管理公司项目部负责人等10人因涉嫌犯罪，被公安机关依法采取刑事强制措施。涉事电动自行车生产销售、物业服务等7家企业，由政府相关部门依法依规进行处理。对事故中存在失职失责问题的地方党委政府及有关部门的公职人员进行严肃问责4。 2.23南京市明尚西苑火灾事故 2024年2月23日4时39分 南京市雨花台区明尚西苑6栋 15人死亡、44人受伤(截至2024年2月23日24时)2 2024年2月23日4时39分，南京市消防救援支队指挥中心接到报警：南京市雨花台区明尚西苑6栋发生火灾1。 截至2024年2月23日，事故已造成4人死亡1。 ||| 来源：长春晚报 【#南京223火灾事故调查报告#】2024年2月23日凌晨4时35分许，南京市雨花台区西柿路9号明尚西苑小区居民住宅6号楼发生重大火灾事故，造成15人死亡、2人重伤、42人轻伤或轻微伤，直接经济损失3300余万元。经调查认定，这是一起违规改装的电动自行车超标大容量锂离子电池热失控起火引起的重大火灾责任事故。@央视新闻、@人民网 初审：孙懿辞 复审：梁爽 终审：朱宝明 返回搜狐，查看更多 ||| 2月24日凌晨 江苏省南京市召开新闻发布会 通报南京市雨花台区 “2·23”火灾事故有关情况 截至23日24时 事故共造成15人遇难 44人在院治疗 其中，1人危重，1人重症，42人伤情较轻 南京市市长陈之常通报，2月23日凌晨4时39分，南京市消防救援支队指挥中心接到报警，雨花台区明尚西苑6栋发生火灾。此次事故造成重大人员伤亡，我们深感痛心和自责。在此，我代表南京市委、市人民政府，向遇难者表示沉痛哀悼，向遇难者家属、受伤人员及亲属表示深深的歉意。 已关注 关注 重播分享赞 关闭 观看更多 更多 退出全屏 视频加载失败，请刷新页面再试 刷新 视频详情 发布会上，相关负责人表示，江苏省已成立调查组，正深入调查火灾原因和责任。 南京市消防救援支队支队长梁军介绍，接警后南京市消防救援支队迅速调集8个消防救援站、25辆消防车、130名指战员到场处置，明火于6时许被扑灭，14时许现场搜救工作结束。经初步分析，火灾为6栋建筑地面架空层停放电动自行车处起火引发，具体原因正在进一步调查。 来源：南京发布、中国消防、中国新闻网、南方日报 （免责声明：1、文章部分图片以及内容来源网络。2、因编辑需要文字和图片之间亦无必然联系，仅供读者参考。3、我们所转载的所有文章、图片、音频视频文件等资料版权归版权所有人所有，因非原创文章及图片等内容无法一一和版权者联系，如原作者或编辑认为作品不宜上网供大家浏览，或不 ||| ⚠️注意⚠️ 2024年2月23日凌晨4时35分许，江苏南京市雨花台区西柿路9号明尚西苑小区居民住宅6号楼发生重大火灾事故，造成15人死亡、2人重伤、42人轻伤或轻微伤，直接经济损失3300余万元。 经调查， 火灾原因为小区某住户停放在6号楼2单元东侧架空层的 电动自行车锂离子电池热失控起火，引燃周边电动自行车和住户天井内违章搭建并堆放的可燃物，在烟囱效应作用下，燃烧产生的火焰和高温有毒有害烟气快速突破天井内部分住户外窗至室内，多种因素叠加导致火势扩大蔓延，造成人员伤亡。 电动自行车作为日常交通工具 方便了人们的出行 但它存在的火灾隐患 也不容小觑 电动车起火有多可怕 看看这些案例就知道 ⬇️⬇️ 电动自行车室内充电瞬间爆燃 店铺内电动自行车充电起火 店铺后厨电动自行车充电爆燃 电动自行车楼道内充电爆燃 科普知识 来源：广东省应急管理、 江海区应急管理局 返回搜狐，查看更多",social_media ||| social_media ||| public_web ||| mainstream_news ||| public_web ||| mainstream_news ||| mainstream_news ||| public_web ||| mainstream_news ||| mainstream_news ||| mainstream_news,https://www.toutiao.com/article/7340100794777125427/ ||| https://www.toutiao.com/article/7339057134136672808/ ||| https://epaper.oeeee.com/epaper/A/html/2024-02/25/node_1198.htm ||| https://nanjing.news.fang.com/open/49501684.html ||| https://bwc.xhsysu.edu.cn/info/1041/1682.htm ||| https://nanjing.news.fang.com/open/49503379.html ||| https://finance.sina.com.cn/jjxw/2024-02-24/doc-inakehsa6533123.shtml ||| http://baike.sogou.com/v216992359.htm?fromTitle=%E5%8D%97%E4%BA%AC%E5%B0%8F%E5%8C%BA%E7%81%AB%E7%81%BE ||| https://www.sohu.com/a/830896896_122014422 ||| https://www.sohu.com/a/759880514_121123754 ||| https://www.sohu.com/a/838350931_121123775,title_unavailable ||| title_unavailable ||| title_unavailable ||| title_unavailable ||| title_unavailable ||| title_unavailable ||| title_unavailable ||| title_unavailable ||| title_unavailable ||| title_unavailable ||| title_unavailable,date_unavailable ||| date_unavailable ||| date_unavailable ||| date_unavailable ||| date_unavailable ||| date_unavailable ||| date_unavailable ||| date_unavailable ||| date_unavailable ||| date_unavailable ||| date_unavailable,7,silver_candidate,standard_review,0.000,low,low_risk,accept,,,火灾起因、伤亡数据、业主投诉历史、政府致歉排查及最终追责问责均与证据完全对应。,annotator_A,adjudicated_final,annotator_A
E031,LLM_CHAIN_E031_002,2月23日明尚西苑6栋突发火灾，初步判定为地面架空层电动自行车起火所致。 ||| 遇难者家属与小区居民对物业长期忽视电动车消防隐患表示不满，舆论聚焦社区安全管理漏洞。 ||| 南京市连夜召开事故通报会，市长公开致歉，并启动全市高层建筑及居民小区消防安全专项整治。 ||| 最终调查报告认定事故为责任事故，涉事企业及个人被依法严惩，推动电动自行车停放充电规范治理。,ev-00741;ev-00742;ev-00745;ev-00746;ev-00747;ev-00749;ev-01851;ev-01855;ev-01863;ev-01868,"四年前,明尚西苑的居民预见到了悲剧的可能性,他们发出了连续七次的投诉,但这些预警在物业的忽视下逐渐消失。火灾爆发: 2月...[preview_truncated] ||| 在2024年2月24日凌晨,南京市举行了一场沉痛的新闻发布会,详细通报了雨花台区“2·23”火灾事故的情况。本次火灾事故...[preview_truncated] ||| 2月23日凌晨，南京市雨花台区西善桥街道明尚西苑发生火灾。截至23日24时，事故共造成15人遇难、44人在院治疗。 开启...[preview_truncated] ||| 手机看新闻 摘要： 【南京雨花台区明尚西苑火灾揭电动车隐患】南京雨花台区明尚西苑一居民楼发生火灾，致15人不幸遇难，44...[preview_truncated] ||| 作者： 时间：2024-02-25 点击数： 近日 南京雨花台区明尚西苑 居民楼火灾事故引发关注 经初步分析 火灾为6栋...[preview_truncated] ||| 手机看新闻 摘要： 【南京雨花台区失火小区深夜惊魂 电动车成隐患】南京雨花台区的明尚西苑小区在一场突发火灾中遭受重创。起...[preview_truncated] ||| 南京小区火灾: 一般指本词条 2024年2月23日4时39分，南京市消防救援支队指挥中心接到报警：南京市雨花台区明尚西苑...[preview_truncated] ||| 来源：长春晚报 【#南京223火灾事故调查报告#】2024年2月23日凌晨4时35分许，南京市雨花台区西柿路9号明尚西苑...[preview_truncated] ||| 2月24日凌晨 江苏省南京市召开新闻发布会 通报南京市雨花台区 “2·23”火灾事故有关情况 截至23日24时 事故共造...[preview_truncated] ||| ⚠️注意⚠️ 2024年2月23日凌晨4时35分许，江苏南京市雨花台区西柿路9号明尚西苑小区居民住宅6号楼发生重大火灾事...[preview_truncated]",full_text_unavailable; use evidence_texts and evidence_urls ||| full_text_unavailable; use evidence_texts and evidence_urls ||| full_text_unavailable; use evidence_texts and evidence_urls ||| full_text_unavailable; use evidence_texts and evidence_urls ||| full_text_unavailable; use evidence_texts and evidence_urls ||| full_text_unavailable; use evidence_texts and evidence_urls ||| full_text_unavailable; use evidence_texts and evidence_urls ||| full_text_unavailable; use evidence_texts and evidence_urls ||| full_text_unavailable; use evidence_texts and evidence_urls ||| full_text_unavailable; use evidence_texts and evidence_urls,full_text_unavailable ||| full_text_unavailable ||| full_text_unavailable ||| full_text_unavailable ||| full_text_unavailable ||| full_text_unavailable ||| full_text_unavailable ||| full_text_unavailable ||| full_text_unavailable ||| full_text_unavailable,"四年前,明尚西苑的居民预见到了悲剧的可能性,他们发出了连续七次的投诉,但这些预警在物业的忽视下逐渐消失。火灾爆发: 2月23日凌晨,明尚西苑6栋突然爆发了一场大火,火势迅速蔓延 ||| 在2024年2月24日凌晨,南京市举行了一场沉痛的新闻发布会,详细通报了雨花台区“2·23”火灾事故的情况。本次火灾事故发生在2024年2月23日凌晨,雨花台区明尚西苑的一栋建筑突发火灾,造成了重大的 ||| 2月23日凌晨，南京市雨花台区西善桥街道明尚西苑发生火灾。截至23日24时，事故共造成15人遇难、44人在院治疗。 开启桌面通知× 开启后，有重磅新闻时浏览器会向你推送动态通知 ||| 手机看新闻 摘要： 【南京雨花台区明尚西苑火灾揭电动车隐患】南京雨花台区明尚西苑一居民楼发生火灾，致15人不幸遇难，44人受伤。逃生居民描述火场逃生经历，疑电动车为火源。该事件引发对小区安全管理和电动车存放的深入思考。 正文： 南京市雨花台区明尚西苑一个居民楼不幸发生火灾，造成重大人员伤亡。据居民逃生经历描述，当晚烟雾迷漫，他们用湿枕套捂住口鼻，跨过浓烟和火光，艰难逃生。火灾可能由电动车引发，这在居民中引起强烈讨论。此前，小区架空层因存放电动车而拥挤，已有火灾先例。目前，当地政府正在紧急处理此事，并安置受影响居民，火灾具体原因尚在调查之中。 这起火灾再次把小区电动车存放安全问题推到风口浪尖。居民楼的安全隐患，尤其是电动车充电和存放问题，一直是城市管理的头痛问题。此次悲剧凸显了对此类安全隐患的管理和防范措施迫在眉睫。居民们在逃生过程中的无助和恐慌，以及火灾后的无家可归，都深刻揭示了城市管理中的盲点。当前，相关部门正全力救治伤者并调查火灾原因，但更重要的是，我们如何从根本上采取措施，防止类似悲剧再次发生。 小编点评: 针对明尚西苑火灾，我们需要从三个方面着手考虑。首先是加强小区电动车存放管理，禁止在楼道和架空层随意充电与堆放，防止火灾隐患。同时，应提高居民的安全意识，定期进行消防演练，确保万一发生火灾时，居民能够迅速而有序地逃生。其次，政府和物业管理部门也应该承担起监督责任，对小区内的 ||| 作者： 时间：2024-02-25 点击数： 近日 南京雨花台区明尚西苑 居民楼火灾事故引发关注 经初步分析 火灾为6栋建筑地面架空层 电动自行车停放处起火引发 具体原因正在进一步调查 2月23日上午，南京雨花台区明尚西苑居民楼火灾发生现场图 电动车为我们的出行 带来了极大便利 随之也产生了 一系列安全隐患 图片电动车室内充电瞬间爆燃 图片店铺内电动车充电起火 图片店铺二楼露台电动车充电起火 图片电动车楼道内飞线充电起火 保卫部提醒 电动自行车是常见的交通工具 违规充电或违规改装、更换锂电池 极易引发安全事故 如何安全使用 避免起火、爆炸等事故呢？ 以下安全使用指南请大家查收 此外 高层建筑体量庞大、功能复杂 人员密集、危险源多、火灾荷载大 一旦发生火灾 人员疏散和火灾扑救 依旧存在较大难度 如何让自己“全身而退” 也是每个人 都应该了解并掌握的技能 图文来源丨长沙发布综合应急管理部、中国消防 初审丨谢冠能、黄李敏 复审丨谢亮 Copyright© 2019 All Rights Reserved 广州新华学院 技术支持：信息与网络管理处 ||| 手机看新闻 摘要： 【南京雨花台区失火小区深夜惊魂 电动车成隐患】南京雨花台区的明尚西苑小区在一场突发火灾中遭受重创。起火原因疑似为架空层停放的电动自行车。这起事故促使南京市展开全面的消防安全排查。同时，火灾发生后，居民们纷纷表示对电动车乱停乱放的担忧，希望未来能有更好的安全管理。 正文： 在那个寂静的深夜，南京雨花台区的明尚西苑小区被一场突发火灾惊醒。火焰和烟雾吞噬了架空层停放的电动自行车，悲剧由此展开。火灾不仅夺走了15条生命，更让44位居民不得不在医院接受治疗。小区内一片狼藉，被熏黑的墙壁默默诉说着事发时的恐怖。 在这场悲剧后，南京市迅速行动，全城展开消防安全的拉网式排查。从高层建筑到商贸场所，从居民小区到城中村，无一幸免。当局希望通过这样的行动，防止此类灾难再次发生。然而，居民们的心声更为凄切。他们曾经就电动车的停放问题提出了许多合理化建议，比如安装防护棚和智能监控，但都未得到实质性回应。这次的火灾，无疑是一记沉重的警钟。 南京市的官员们对遇难者表示了深切的哀悼，并对受灾家庭表达了诚挚的歉意。灾后的群众安置和心理疏导工作也在紧锣密鼓地进行。南京市通过这次痛苦的经历，更加深刻地意识到消防安全工作的重要性，决心从根本上查漏补缺，防患于未然。 小编点评： 在这场突如其来的灾难面前，明尚西苑小区的居民们体验了人生最脆弱的一面。火灾的残酷不仅在于它的摧毁力，更在于它揭示了城市管理中的 ||| 南京小区火灾: 一般指本词条 2024年2月23日4时39分，南京市消防救援支队指挥中心接到报警：南京市雨花台区明尚西苑6栋发生火灾。接警后，支队迅速调集8个消防救援站、25辆消防车、130名指战员到场处置，6时01分明火被扑灭，14时许现场全部搜救工作结束1。 截至2024年2月23日24时，事故共造成15人遇难，44人在院治疗，其中1人危重，1人重症，42人伤情较轻，所有患者生命体征平稳。经初步分析，火灾为6栋建筑地面架空层停放电动自行车处起火引发。江苏省已成立调查组，深入调查火灾原因和责任23。24日凌晨，南京市通报火灾事故有关情况，火灾原因查明为6栋建筑地面架空层停放电动自行车处起火引发。涉事电动自行车车主、非法生产销售锂离子电池个体经营者、南京某物业管理公司项目部负责人等10人因涉嫌犯罪，被公安机关依法采取刑事强制措施。涉事电动自行车生产销售、物业服务等7家企业，由政府相关部门依法依规进行处理。对事故中存在失职失责问题的地方党委政府及有关部门的公职人员进行严肃问责4。 2.23南京市明尚西苑火灾事故 2024年2月23日4时39分 南京市雨花台区明尚西苑6栋 15人死亡、44人受伤(截至2024年2月23日24时)2 2024年2月23日4时39分，南京市消防救援支队指挥中心接到报警：南京市雨花台区明尚西苑6栋发生火灾1。 截至2024年2月23日，事故已造成4人死亡1。 ||| 来源：长春晚报 【#南京223火灾事故调查报告#】2024年2月23日凌晨4时35分许，南京市雨花台区西柿路9号明尚西苑小区居民住宅6号楼发生重大火灾事故，造成15人死亡、2人重伤、42人轻伤或轻微伤，直接经济损失3300余万元。经调查认定，这是一起违规改装的电动自行车超标大容量锂离子电池热失控起火引起的重大火灾责任事故。@央视新闻、@人民网 初审：孙懿辞 复审：梁爽 终审：朱宝明 返回搜狐，查看更多 ||| 2月24日凌晨 江苏省南京市召开新闻发布会 通报南京市雨花台区 “2·23”火灾事故有关情况 截至23日24时 事故共造成15人遇难 44人在院治疗 其中，1人危重，1人重症，42人伤情较轻 南京市市长陈之常通报，2月23日凌晨4时39分，南京市消防救援支队指挥中心接到报警，雨花台区明尚西苑6栋发生火灾。此次事故造成重大人员伤亡，我们深感痛心和自责。在此，我代表南京市委、市人民政府，向遇难者表示沉痛哀悼，向遇难者家属、受伤人员及亲属表示深深的歉意。 已关注 关注 重播分享赞 关闭 观看更多 更多 退出全屏 视频加载失败，请刷新页面再试 刷新 视频详情 发布会上，相关负责人表示，江苏省已成立调查组，正深入调查火灾原因和责任。 南京市消防救援支队支队长梁军介绍，接警后南京市消防救援支队迅速调集8个消防救援站、25辆消防车、130名指战员到场处置，明火于6时许被扑灭，14时许现场搜救工作结束。经初步分析，火灾为6栋建筑地面架空层停放电动自行车处起火引发，具体原因正在进一步调查。 来源：南京发布、中国消防、中国新闻网、南方日报 （免责声明：1、文章部分图片以及内容来源网络。2、因编辑需要文字和图片之间亦无必然联系，仅供读者参考。3、我们所转载的所有文章、图片、音频视频文件等资料版权归版权所有人所有，因非原创文章及图片等内容无法一一和版权者联系，如原作者或编辑认为作品不宜上网供大家浏览，或不 ||| ⚠️注意⚠️ 2024年2月23日凌晨4时35分许，江苏南京市雨花台区西柿路9号明尚西苑小区居民住宅6号楼发生重大火灾事故，造成15人死亡、2人重伤、42人轻伤或轻微伤，直接经济损失3300余万元。 经调查， 火灾原因为小区某住户停放在6号楼2单元东侧架空层的 电动自行车锂离子电池热失控起火，引燃周边电动自行车和住户天井内违章搭建并堆放的可燃物，在烟囱效应作用下，燃烧产生的火焰和高温有毒有害烟气快速突破天井内部分住户外窗至室内，多种因素叠加导致火势扩大蔓延，造成人员伤亡。 电动自行车作为日常交通工具 方便了人们的出行 但它存在的火灾隐患 也不容小觑 电动车起火有多可怕 看看这些案例就知道 ⬇️⬇️ 电动自行车室内充电瞬间爆燃 店铺内电动自行车充电起火 店铺后厨电动自行车充电爆燃 电动自行车楼道内充电爆燃 科普知识 来源：广东省应急管理、 江海区应急管理局 返回搜狐，查看更多",social_media ||| social_media ||| public_web ||| mainstream_news ||| public_web ||| mainstream_news ||| public_web ||| mainstream_news ||| mainstream_news ||| mainstream_news,https://www.toutiao.com/article/7340100794777125427/ ||| https://www.toutiao.com/article/7339057134136672808/ ||| https://epaper.oeeee.com/epaper/A/html/2024-02/25/node_1198.htm ||| https://nanjing.news.fang.com/open/49501684.html ||| https://bwc.xhsysu.edu.cn/info/1041/1682.htm ||| https://nanjing.news.fang.com/open/49503379.html ||| http://baike.sogou.com/v216992359.htm?fromTitle=%E5%8D%97%E4%BA%AC%E5%B0%8F%E5%8C%BA%E7%81%AB%E7%81%BE ||| https://www.sohu.com/a/830896896_122014422 ||| https://www.sohu.com/a/759880514_121123754 ||| https://www.sohu.com/a/838350931_121123775,title_unavailable ||| title_unavailable ||| title_unavailable ||| title_unavailable ||| title_unavailable ||| title_unavailable ||| title_unavailable ||| title_unavailable ||| title_unavailable ||| title_unavailable,date_unavailable ||| date_unavailable ||| date_unavailable ||| date_unavailable ||| date_unavailable ||| date_unavailable ||| date_unavailable ||| date_unavailable ||| date_unavailable ||| date_unavailable,6,silver_candidate,standard_review,0.000,low,low_risk,accept,,,事件定性、舆论焦点、连夜通报致歉及调查报告追责结论均获多源证据交叉验证。,annotator_A,adjudicated_final,annotator_A
E031,LLM_CHAIN_E031_003,明尚西苑6栋因架空层电动自行车停放处起火酿成重大伤亡事故。 ||| 业主此前多次反映电动车乱停放及充电乱象，物业以无强制权为由未彻底整改，隐患长期存在。 ||| 消防部门迅速扑灭明火并开展搜救，南京市政府紧急部署全市消防隐患排查与伤员救治安置工作。 ||| 省级调查组查明系违规改装电池热失控引发，依法对车主、非法经营者、物业负责人等10人采取刑事措施并问责失职公职人员。,ev-00741;ev-00749;ev-00750;ev-01851;ev-01854;ev-01860;ev-01861;ev-01863;ev-01868,"四年前,明尚西苑的居民预见到了悲剧的可能性,他们发出了连续七次的投诉,但这些预警在物业的忽视下逐渐消失。火灾爆发: 2月...[preview_truncated] ||| 手机看新闻 摘要： 【南京雨花台区失火小区深夜惊魂 电动车成隐患】南京雨花台区的明尚西苑小区在一场突发火灾中遭受重创。起...[preview_truncated] ||| 【#火灾小区居民7次投诉均获回应#】2月23日，南京雨花台区明尚西苑小区发生火灾，导致15人遇难、44人受伤。初步调查确...[preview_truncated] ||| 南京小区火灾: 一般指本词条 2024年2月23日4时39分，南京市消防救援支队指挥中心接到报警：南京市雨花台区明尚西苑...[preview_truncated] ||| 用微信扫码二维码 分享至好友和朋友圈 来源：南京消防 23日，“南京消防”微信公众号发布《 火情快报 》 ，全文如下： ...[preview_truncated] ||| 南京市雨花台区明尚西苑6栋发生火灾，事故共造成15人遇难，44人在院治疗。 经初步分析，火灾为6栋建筑地面架空层停放电动...[preview_truncated] ||| 2024年2月23日4时39分，南京市消防救援支队指挥中心接到报警：南京市雨花台区明尚西苑6栋发生火灾。接警后，支队迅速...[preview_truncated] ||| 2月24日凌晨 江苏省南京市召开新闻发布会 通报南京市雨花台区 “2·23”火灾事故有关情况 截至23日24时 事故共造...[preview_truncated] ||| ⚠️注意⚠️ 2024年2月23日凌晨4时35分许，江苏南京市雨花台区西柿路9号明尚西苑小区居民住宅6号楼发生重大火灾事...[preview_truncated]",full_text_unavailable; use evidence_texts and evidence_urls ||| full_text_unavailable; use evidence_texts and evidence_urls ||| full_text_unavailable; use evidence_texts and evidence_urls ||| full_text_unavailable; use evidence_texts and evidence_urls ||| full_text_unavailable; use evidence_texts and evidence_urls ||| full_text_unavailable; use evidence_texts and evidence_urls ||| full_text_unavailable; use evidence_texts and evidence_urls ||| full_text_unavailable; use evidence_texts and evidence_urls ||| full_text_unavailable; use evidence_texts and evidence_urls,full_text_unavailable ||| full_text_unavailable ||| full_text_unavailable ||| full_text_unavailable ||| full_text_unavailable ||| full_text_unavailable ||| full_text_unavailable ||| full_text_unavailable ||| full_text_unavailable,"四年前,明尚西苑的居民预见到了悲剧的可能性,他们发出了连续七次的投诉,但这些预警在物业的忽视下逐渐消失。火灾爆发: 2月23日凌晨,明尚西苑6栋突然爆发了一场大火,火势迅速蔓延 ||| 手机看新闻 摘要： 【南京雨花台区失火小区深夜惊魂 电动车成隐患】南京雨花台区的明尚西苑小区在一场突发火灾中遭受重创。起火原因疑似为架空层停放的电动自行车。这起事故促使南京市展开全面的消防安全排查。同时，火灾发生后，居民们纷纷表示对电动车乱停乱放的担忧，希望未来能有更好的安全管理。 正文： 在那个寂静的深夜，南京雨花台区的明尚西苑小区被一场突发火灾惊醒。火焰和烟雾吞噬了架空层停放的电动自行车，悲剧由此展开。火灾不仅夺走了15条生命，更让44位居民不得不在医院接受治疗。小区内一片狼藉，被熏黑的墙壁默默诉说着事发时的恐怖。 在这场悲剧后，南京市迅速行动，全城展开消防安全的拉网式排查。从高层建筑到商贸场所，从居民小区到城中村，无一幸免。当局希望通过这样的行动，防止此类灾难再次发生。然而，居民们的心声更为凄切。他们曾经就电动车的停放问题提出了许多合理化建议，比如安装防护棚和智能监控，但都未得到实质性回应。这次的火灾，无疑是一记沉重的警钟。 南京市的官员们对遇难者表示了深切的哀悼，并对受灾家庭表达了诚挚的歉意。灾后的群众安置和心理疏导工作也在紧锣密鼓地进行。南京市通过这次痛苦的经历，更加深刻地意识到消防安全工作的重要性，决心从根本上查漏补缺，防患于未然。 小编点评： 在这场突如其来的灾难面前，明尚西苑小区的居民们体验了人生最脆弱的一面。火灾的残酷不仅在于它的摧毁力，更在于它揭示了城市管理中的 ||| 【#火灾小区居民7次投诉均获回应#】2月23日，南京雨花台区明尚西苑小区发生火灾，导致15人遇难、44人受伤。初步调查确认，火灾为6栋建筑地面架空层电动自行车存放处起火引发。有网友发现，该小区一位业主4年前曾陆续发帖举报小区电动车停放和充电乱象，24日，这位业主马林表示，他还曾一年半7次在留言平台投诉，均获得回复。“7次回复都说安排了物业人员巡查、宣传、督促整改，在架空层增加充电设施供电动车充电。还强调物业没有强制权，部分业主不听从，几次申请公安部门协助执行。” 24小时滚动播报最新的财经资讯和视频，更多粉丝福利扫描二维码关注（sinafinance） 网友提问：@@=value.question$$ 老师回答：@@=value.answer$$ @@=value.title$$ 新浪财经意见反馈留言板 新浪简介|广告服务|About Sina 联系我们|招聘信息|通行证注册 产品答疑|网站律师|SINA English Copyright © 1996-2024 SINA Corporation All Rights Reserved 新浪公司 版权所有 ||| 南京小区火灾: 一般指本词条 2024年2月23日4时39分，南京市消防救援支队指挥中心接到报警：南京市雨花台区明尚西苑6栋发生火灾。接警后，支队迅速调集8个消防救援站、25辆消防车、130名指战员到场处置，6时01分明火被扑灭，14时许现场全部搜救工作结束1。 截至2024年2月23日24时，事故共造成15人遇难，44人在院治疗，其中1人危重，1人重症，42人伤情较轻，所有患者生命体征平稳。经初步分析，火灾为6栋建筑地面架空层停放电动自行车处起火引发。江苏省已成立调查组，深入调查火灾原因和责任23。24日凌晨，南京市通报火灾事故有关情况，火灾原因查明为6栋建筑地面架空层停放电动自行车处起火引发。涉事电动自行车车主、非法生产销售锂离子电池个体经营者、南京某物业管理公司项目部负责人等10人因涉嫌犯罪，被公安机关依法采取刑事强制措施。涉事电动自行车生产销售、物业服务等7家企业，由政府相关部门依法依规进行处理。对事故中存在失职失责问题的地方党委政府及有关部门的公职人员进行严肃问责4。 2.23南京市明尚西苑火灾事故 2024年2月23日4时39分 南京市雨花台区明尚西苑6栋 15人死亡、44人受伤(截至2024年2月23日24时)2 2024年2月23日4时39分，南京市消防救援支队指挥中心接到报警：南京市雨花台区明尚西苑6栋发生火灾1。 截至2024年2月23日，事故已造成4人死亡1。 ||| 用微信扫码二维码 分享至好友和朋友圈 来源：南京消防 23日，“南京消防”微信公众号发布《 火情快报 》 ，全文如下： 2024年2月23日4时39分，南京市消防救援支队指挥中心接到报警： 南京市雨花台区明尚西苑6栋发生火灾。 支队立即调派20多台消防车赶赴现场处置。 约6时许明火被扑灭。 目前，搜救工作已基本结束，火灾造成4人死亡。 火灾发生原因还在调查之中。 南京市消防救援支队 2024年2月23日 特别声明：以上内容(如有图片或视频亦包括在内)为自媒体平台“网易号”用户上传并发布，本平台仅提供信息存储服务。 Notice: The content above (including the pictures and videos if any) is uploaded and posted by a user of NetEase Hao, which is a social media platform and only provides information storage services. 上游新闻 2026-05-25 14:46:47 中国新闻周刊 2026-05-24 23:46:09 中国新闻周刊 2026-05-25 07:42:52 央视新闻 2026-05-25 02:54:48 环球网资讯 2026-05-25 07:34:39 都市快报橙柿互动 20 ||| 南京市雨花台区明尚西苑6栋发生火灾，事故共造成15人遇难，44人在院治疗。 经初步分析，火灾为6栋建筑地面架空层停放电动自行车处起火引发，具体原因正在进一步调查。目前，电动车是很多人主要出行工具之一，虽然小电驴给我们的生活带来了便利，但是也带了一些不可忽视的安全隐患。 如何避免电动车火灾的发生？戳图学习。 来源：新闻晨报返回搜狐，查看更多 ||| 2024年2月23日4时39分，南京市消防救援支队指挥中心接到报警：南京市雨花台区明尚西苑6栋发生火灾。接警后，支队迅速调集8个消防救援站、25辆消防车、130名指战员到场处置，6时01分明火被扑灭，14时许现场全部搜救工作结束1。 截至2024年2月23日24时，事故共造成15人遇难，44人在院治疗，其中1人危重，1人重症，42人伤情较轻，所有患者生命体征平稳。经初步分析，火灾为6栋建筑地面架空层停放电动自行车处起火引发。江苏省已成立调查组，深入调查火灾原因和责任23。24日凌晨，南京市通报火灾事故有关情况，火灾原因查明为6栋建筑地面架空层停放电动自行车处起火引发。涉事电动自行车车主、非法生产销售锂离子电池个体经营者、南京某物业管理公司项目部负责人等10人因涉嫌犯罪，被公安机关依法采取刑事强制措施。涉事电动自行车生产销售、物业服务等7家企业，由政府相关部门依法依规进行处理。对事故中存在失职失责问题的地方党委政府及有关部门的公职人员进行严肃问责4。 2.23南京市明尚西苑火灾事故 2024年2月23日4时39分 南京市雨花台区明尚西苑6栋 15人死亡、44人受伤(截至2024年2月23日24时)2 2024年2月23日4时39分，南京市消防救援支队指挥中心接到报警：南京市雨花台区明尚西苑6栋发生火灾1。 截至2024年2月23日，事故已造成4人死亡1。 截至2024年2月23日24 ||| 2月24日凌晨 江苏省南京市召开新闻发布会 通报南京市雨花台区 “2·23”火灾事故有关情况 截至23日24时 事故共造成15人遇难 44人在院治疗 其中，1人危重，1人重症，42人伤情较轻 南京市市长陈之常通报，2月23日凌晨4时39分，南京市消防救援支队指挥中心接到报警，雨花台区明尚西苑6栋发生火灾。此次事故造成重大人员伤亡，我们深感痛心和自责。在此，我代表南京市委、市人民政府，向遇难者表示沉痛哀悼，向遇难者家属、受伤人员及亲属表示深深的歉意。 已关注 关注 重播分享赞 关闭 观看更多 更多 退出全屏 视频加载失败，请刷新页面再试 刷新 视频详情 发布会上，相关负责人表示，江苏省已成立调查组，正深入调查火灾原因和责任。 南京市消防救援支队支队长梁军介绍，接警后南京市消防救援支队迅速调集8个消防救援站、25辆消防车、130名指战员到场处置，明火于6时许被扑灭，14时许现场搜救工作结束。经初步分析，火灾为6栋建筑地面架空层停放电动自行车处起火引发，具体原因正在进一步调查。 来源：南京发布、中国消防、中国新闻网、南方日报 （免责声明：1、文章部分图片以及内容来源网络。2、因编辑需要文字和图片之间亦无必然联系，仅供读者参考。3、我们所转载的所有文章、图片、音频视频文件等资料版权归版权所有人所有，因非原创文章及图片等内容无法一一和版权者联系，如原作者或编辑认为作品不宜上网供大家浏览，或不 ||| ⚠️注意⚠️ 2024年2月23日凌晨4时35分许，江苏南京市雨花台区西柿路9号明尚西苑小区居民住宅6号楼发生重大火灾事故，造成15人死亡、2人重伤、42人轻伤或轻微伤，直接经济损失3300余万元。 经调查， 火灾原因为小区某住户停放在6号楼2单元东侧架空层的 电动自行车锂离子电池热失控起火，引燃周边电动自行车和住户天井内违章搭建并堆放的可燃物，在烟囱效应作用下，燃烧产生的火焰和高温有毒有害烟气快速突破天井内部分住户外窗至室内，多种因素叠加导致火势扩大蔓延，造成人员伤亡。 电动自行车作为日常交通工具 方便了人们的出行 但它存在的火灾隐患 也不容小觑 电动车起火有多可怕 看看这些案例就知道 ⬇️⬇️ 电动自行车室内充电瞬间爆燃 店铺内电动自行车充电起火 店铺后厨电动自行车充电爆燃 电动自行车楼道内充电爆燃 科普知识 来源：广东省应急管理、 江海区应急管理局 返回搜狐，查看更多",social_media ||| mainstream_news ||| mainstream_news ||| public_web ||| social_media ||| mainstream_news ||| public_web ||| mainstream_news ||| mainstream_news,https://www.toutiao.com/article/7340100794777125427/ ||| https://nanjing.news.fang.com/open/49503379.html ||| https://finance.sina.com.cn/jjxw/2024-02-24/doc-inakehsa6533123.shtml ||| http://baike.sogou.com/v216992359.htm?fromTitle=%E5%8D%97%E4%BA%AC%E5%B0%8F%E5%8C%BA%E7%81%AB%E7%81%BE ||| https://www.163.com/dy/article/IRKGD9T30530NLC9.html ||| https://www.sohu.com/a/759838580_162758 ||| https://baike.sogou.com/v216992359.htm ||| https://www.sohu.com/a/759880514_121123754 ||| https://www.sohu.com/a/838350931_121123775,title_unavailable ||| title_unavailable ||| title_unavailable ||| title_unavailable ||| title_unavailable ||| title_unavailable ||| title_unavailable ||| title_unavailable ||| title_unavailable,date_unavailable ||| date_unavailable ||| date_unavailable ||| date_unavailable ||| date_unavailable ||| date_unavailable ||| date_unavailable ||| date_unavailable ||| date_unavailable,6,silver_candidate,standard_review,0.000,low,low_risk,accept,,,起火原因、物业整改不力、消防救援部署及省级调查组刑事与行政问责结果均有据可查。,annotator_A,adjudicated_final,annotator_A
E032,LLM_CHAIN_E032_002,梅大高速东延线K11+900～K11+950路段突发半幅路堤塌方 ||| 车辆坠落后起火叠加夜间视线不良与车流突增，加剧伤亡并引发社会对假期出行安全的担忧 ||| 地方组织500余人紧急搜救，国家消防救援局持续调度，5月2日召开救援新闻发布会通报医疗救助情况 ||| 调查认定长时间降水与多因素耦合致灾，相关公职人员履职问题线索移交纪委监委，参建单位依法查处,ev-00753;ev-00759;ev-01872;ev-01882,1月22日，梅大高速茶阳路段“5·1”塌方灾害调查评估报告公布发布。 2024年5月1日凌晨1时57分许，梅州至大埔高速...[preview_truncated] ||| 5月2日，广东梅大高速茶阳路段塌方救援新闻发布会上，相关负责人介绍医学救援和医疗救助情况。 记者：陆浩 王瑞平 编辑：刘...[preview_truncated] ||| 郑澍、陈惠婷/央视新闻 央视新闻1月22日消息，梅大高速茶阳路段“5·1”塌方灾害调查评估报告公布今日发布。 塌方现场 ...[preview_truncated] ||| 打开微信扫一扫 2025-1-25 18:41| 发布者: 微言网编辑部| 查看: 24210| 评论: 0 新华社广州...[preview_truncated],full_text_unavailable; use evidence_texts and evidence_urls ||| full_text_unavailable; use evidence_texts and evidence_urls ||| full_text_unavailable; use evidence_texts and evidence_urls ||| full_text_unavailable; use evidence_texts and evidence_urls,full_text_unavailable ||| full_text_unavailable ||| full_text_unavailable ||| full_text_unavailable,1月22日，梅大高速茶阳路段“5·1”塌方灾害调查评估报告公布发布。 2024年5月1日凌晨1时57分许，梅州至大埔高速公路（简称“梅大高速”）东延线K11+900～K11+950（营运桩号）路段发生塌方灾害，往东方向半幅路堤塌方，导致23辆车掉落，造成52人死亡，30人受伤。经调查认定，这是一起长时间持续性降水与多种因素叠加耦合作用，导致的特别重大人员伤亡的塌方灾害。塌方灾害发生于5月1日凌晨，有零星小雨，行车视线不良，车流量较平常突增，车辆坠落后起火燃烧，这些不利因素进一步加大了灾害的损失。同时，工程勘察、设计、施工、监理、验收、运营、养护等方面存在的问题，对路堤的抗灾能力有一定影响。 依据有关规定，广东省成立了由省政府主要负责同志任组长的梅大高速茶阳路段“5·1”塌方灾害省政府调查评估组，邀请由院士专家团队牵头，公路工程、地质工程、岩土工程和气象水文等领域专家组成专家组参与调查评估。应急管理部、交通运输部、自然资源部成立国家专家指导组，与调查评估组同时进驻，全程指导广东开展灾害调查评估工作。在应急管理部、交通运输部、自然资源部等国家部委的专业指导和国家专家指导组的全程指导下，调查评估组按照科学严谨、依法依规、实事求是、注重实效的原则，通过现场勘查、调阅资料、问询谈话、调查取证、分析计算、专项试验、专家论证等方式，复盘灾害发生和应对过程，调查有关地方党委政府和相关部门单位履职情 ||| 5月2日，广东梅大高速茶阳路段塌方救援新闻发布会上，相关负责人介绍医学救援和医疗救助情况。 记者：陆浩 王瑞平 编辑：刘思远 新华社音视频部制作 举报邮箱：jubao@vip.sina.com Copyright © 1996-2026 SINA Corporation All Rights Reserved 新浪公司 版权所有 ||| 郑澍、陈惠婷/央视新闻 央视新闻1月22日消息，梅大高速茶阳路段“5·1”塌方灾害调查评估报告公布今日发布。 塌方现场 视觉中国 资料图 2024年5月1日凌晨1时57分许，梅州至大埔高速公路（简称“梅大高速”）东延线K11+900～K11+950（营运桩号）路段发生塌方灾害，往东方向半幅路堤塌方，导致23辆车掉落，造成52人死亡，30人受伤。经调查认定，这是一起长时间持续性降水与多种因素叠加耦合作用，导致的特别重大人员伤亡的塌方灾害。塌方灾害发生于5月1日凌晨，有零星小雨，行车视线不良，车流量较平常突增，车辆坠落后起火燃烧，这些不利因素进一步加大了灾害的损失。同时，工程勘察、设计、施工、监理、验收、运营、养护等方面存在的问题，对路堤的抗灾能力有一定影响。 依据有关规定，广东省成立了由省政府主要负责同志任组长的梅大高速茶阳路段“5·1”塌方灾害省政府调查评估组，邀请由院士专家团队牵头，公路工程、地质工程、岩土工程和气象水文等领域专家组成专家组参与调查评估。应急管理部、交通运输部、自然资源部成立国家专家指导组，与调查评估组同时进驻，全程指导广东开展灾害调查评估工作。在应急管理部、交通运输部、自然资源部等国家部委的专业指导和国家专家指导组的全程指导下，调查评估组按照科学严谨、依法依规、实事求是、注重实效的原则，通过现场勘查、调阅资料、问询谈话、调查取证、分析计算、专项试验、专家论证等方 ||| 打开微信扫一扫 2025-1-25 18:41| 发布者: 微言网编辑部| 查看: 24210| 评论: 0 新华社广州1月22日电 广东省应急管理厅日前公布《梅大高速茶阳路段“5·1”塌方灾害调查评估报告》，调查评估工作组查明灾害原因，认定为特别重大人员伤亡的塌方灾害。 2024年5月1日凌晨1时57分许，梅州至大埔高速公路（简称梅大高速）东延线K11+900～K11+950（营运桩号）路段发生塌方灾害，往东方向半幅路堤塌方，导致23辆车掉落，造成52人死亡，30人受伤。经调查认定，这是一起长时间持续性降水与多种因素叠加耦合作用，导致的特别重大人员伤亡的塌方灾害。塌方灾害发生于5月1日凌晨，有零星小雨，行车视线不良，车流量较平常突增，车辆坠落后起火燃烧，这些不利因素进一步加大了灾害的损失。同时，工程勘察、设计、施工、监理、验收、运营、养护等方面存在的问题，对路堤的抗灾能力有一定影响。 根据习近平总书记重要指示和李强总理要求，张国清副总理率有关部门负责同志赶赴现场指导救援处置工作。应急管理部、交通运输部、自然资源部等国家部委派出工作组和专家赶赴现场指导救援工作。广东省委、省政府主要负责同志迅速赶往救援救治一线，实地指挥抢险救援、伤员救治、善后处置、风险排查和调查评估等各项工作。 依据有关规定，广东省成立了由省政府主要负责同志任组长的梅大高速茶阳路段“5·1”塌方灾害省政府调查评估组,mainstream_news ||| mainstream_news ||| mainstream_news ||| public_web,https://m.sohu.com/a/852284361_120808812/?pvid=000115_3w_a ||| https://k.sina.com.cn/article_1882481753_m70346459020013u8q.html ||| https://k.sina.cn/article_5044281310_12ca99fde01902apv4.html?cre=tianyi&loc=15&mod=wlocal&r=0&rfunc=9&tj=cxvertical_wlocal&tr=1047 ||| http://www.cwyan.com/portal.php?aid=85404&mod=view,title_unavailable ||| title_unavailable ||| title_unavailable ||| title_unavailable,date_unavailable ||| date_unavailable ||| date_unavailable ||| date_unavailable,4,silver_candidate,standard_review,0.000,low,low_risk,accept,,,证据充分覆盖链条各阶段事实，表述准确，无需修改。,annotator_A,adjudicated_final,annotator_A
E033,LLM_CHAIN_E033_001,2024年1月24日佳乐苑临街店铺地下一层突发火灾，造成39人死亡、9人受伤 ||| 事故引发社会强烈震动，公众与媒体聚焦商住楼消防隐患与监管责任 ||| 国务院事故调查组介入调查并于9月21日正式发布特别重大火灾事故调查报告 ||| 应急管理部印发整改防范措施评估报告，地方开展消防安全除患攻坚与隐患曝光,ev-00773;ev-00774;ev-00771;ev-00779;ev-00795;ev-00796;ev-00805,"江西新余佳乐苑“1·24”特别重大火灾事故调查报告还原真相，深刻反思，促进安全 目录事件概述01事故经过还原02原因调查...[preview_truncated] ||| 关闭 1月24日15时24分，江西新余渝水区天工南大道佳乐苑沿街店铺地下一层发生火灾。截至18时40分事故已造成25人遇...[preview_truncated] ||| 在江西省新余市佳乐苑临街店铺那场震惊人心的“1·24”特别重大火灾事故中,熊熊烈火不仅吞噬了无辜的生命,更在无数人心中留...[preview_truncated] ||| 江西新余“1·24”特别重大火灾事故：国务院调查组公布事故调查报告。 栏目名称： 栏目介绍： 正在加载... 正在加载....[preview_truncated] ||| 江西新余佳乐苑临街店铺“1·24” 特别重大火灾事故调查报告 翻译 搜索 复制 江西新余佳乐苑临街店铺“1·24” 特别...[preview_truncated] ||| 江西新余佳乐苑临街店铺“1·24”特别重大火灾事故整改和防范措施落实情况评估报告 http://www.mem.gov....[preview_truncated] ||| 火灾隐患曝光 强化安全意识 加强自我防范 火灾隐患稍有不慎极易引发火灾，严重威胁人民群众生命财产安全。新余市消防救援支队...[preview_truncated]",full_text_unavailable; use evidence_texts and evidence_urls ||| full_text_unavailable; use evidence_texts and evidence_urls ||| full_text_unavailable; use evidence_texts and evidence_urls ||| full_text_unavailable; use evidence_texts and evidence_urls ||| full_text_unavailable; use evidence_texts and evidence_urls ||| full_text_unavailable; use evidence_texts and evidence_urls ||| full_text_unavailable; use evidence_texts and evidence_urls,full_text_unavailable ||| full_text_unavailable ||| full_text_unavailable ||| full_text_unavailable ||| full_text_unavailable ||| full_text_unavailable ||| full_text_unavailable,"江西新余佳乐苑“1·24”特别重大火灾事故调查报告还原真相，深刻反思，促进安全 目录事件概述01事故经过还原02原因调查与分析03安全管理漏洞04政府与部门反应05后续改进措施06 01事件概述 事故背景与时间地点事故背景2024年1月24日，江西省新余市渝水区佳乐苑小区临街商住综合楼发生特别重大火灾事故。这起火灾导致39人死亡、9人受伤，直接经济损失达4352.84万元，成为当月最大的安全隐患。时间地点事故发生于2024年1月24日下午15时22分，位于江西省新余市渝水区佳乐苑小区的临街商住综合楼。该建筑共七层，其中地下一层为事发在建冷库所在层，地上一、二层为临街商铺，在二层屋顶平台上建有四 ||| 关闭 1月24日15时24分，江西新余渝水区天工南大道佳乐苑沿街店铺地下一层发生火灾。截至18时40分事故已造成25人遇难，其余伤者正在医院救治。 ||| 在江西省新余市佳乐苑临街店铺那场震惊人心的“1·24”特别重大火灾事故中,熊熊烈火不仅吞噬了无辜的生命,更在无数人心中留下了难以磨灭的伤痕。那是一段令人扼腕叹息的日子,每一个细节都沉重得让人难以呼吸。 ||| 江西新余“1·24”特别重大火灾事故：国务院调查组公布事故调查报告。 栏目名称： 栏目介绍： 正在加载... 正在加载... 正在加载... 查看更多评论 京ICP备10003349号-1中央广播电视总台央视网版权所有 ||| 江西新余佳乐苑临街店铺“1·24” 特别重大火灾事故调查报告 翻译 搜索 复制 江西新余佳乐苑临街店铺“1·24” 特别重大火灾事故调查报告 翻译 搜索 复制 主办单位：应急管理部 网站标识码bm34000001京ICP备18056520号-2京公网安备11040102700086号 ||| 江西新余佳乐苑临街店铺“1·24”特别重大火灾事故整改和防范措施落实情况评估报告 http://www.mem.gov.cn/gk/zfxxgkpt/fdzdgknr/202510/t20251017_561803.shtml ||| 火灾隐患曝光 强化安全意识 加强自我防范 火灾隐患稍有不慎极易引发火灾，严重威胁人民群众生命财产安全。新余市消防救援支队对存在风险隐患的各类单位开展分批曝光，通过舆论监督，推动全社会共同参与火灾防治。 新余消防持续开展 消防安全除患攻坚行动 现对存在消防隐患的 单位场所分批曝光如下 ▼▼▼ “隐患险于明火 防范胜于救灾” 曝光不是目的 安全才是第一 请各单位自觉加强消防安全管理 按照时限整改隐患 确保消防安全落实到位 如果您发现身边 存在消防安全隐患 可通过12345热线进行举报 一起防风险、促平安 来源：新余市融媒体中心（新余市广播电视台）综合新余消防 编辑：吴彦樾 彭磊 校对：李雪辰 值班主任：邹琴 谢丹 值班总编：刘远华 投稿邮箱：xinyuapp@126.com 声明：分享而不忘尊重原创，转载《新余发布》文章，请务必注明出处及作者和原文链接。部分图片、文章、音视频来自网络，请原作者及时联系我们以便发放稿酬，联系电话：0790-6446199、6446138。返回搜狐，查看更多",public_web ||| mainstream_news ||| social_media ||| mainstream_news ||| official ||| official ||| mainstream_news,https://max.book118.com/html/2024/1112/7000026043006201.shtm ||| http://china.chinadaily.com.cn/a/202401/24/WS65b0f6b3a310af3247ffd399.html ||| https://www.toutiao.com/article/7426212937557115411/ ||| https://tv.cctv.cn/2024/11/08/VIDEYLOjptTQnnLXvpcqy0U0241108.shtml ||| https://www.mem.gov.cn/gk/zfxxgkpt/fdzdgknr/202409/t20240921_501979.shtml ||| https://gx.jiceng.zhengzhou.gov.cn/022003004/9960888.jhtml ||| https://www.sohu.com/a/755374648_121106994,title_unavailable ||| title_unavailable ||| title_unavailable ||| title_unavailable ||| title_unavailable ||| title_unavailable ||| title_unavailable,date_unavailable ||| date_unavailable ||| date_unavailable ||| date_unavailable ||| date_unavailable ||| date_unavailable ||| date_unavailable,7,silver_candidate,standard_review,0.000,low,low_risk,accept,,,关键事实与证据高度一致，时间、伤亡、报告发布及后续整改均有明确支撑。,annotator_A,adjudicated_final,annotator_A
E033,LLM_CHAIN_E033_002,佳乐苑临街店铺违规施工与消防设施缺失引发特大火灾 ||| 舆论质疑培训机构违规办学、物业消防管理缺位及基层监管漏洞 ||| 国务院调查组查明原因并严肃追责，新余市消防部门启动隐患单位分批曝光行动 ||| 地方政府推进住宅物业消防安全管理办法立法，落实事故整改与长效防范机制,ev-00773;ev-00792;ev-00779;ev-00805;ev-00814;ev-00796,"江西新余佳乐苑“1·24”特别重大火灾事故调查报告还原真相，深刻反思，促进安全 目录事件概述01事故经过还原02原因调查...[preview_truncated] ||| 今天,一则令人痛心的消息传来,江西新余佳乐苑小区发生特别重大火灾事故,调查报告正式公布。这场火灾犹如一记重锤,狠狠地砸在...[preview_truncated] ||| 江西新余“1·24”特别重大火灾事故：国务院调查组公布事故调查报告。 栏目名称： 栏目介绍： 正在加载... 正在加载....[preview_truncated] ||| 火灾隐患曝光 强化安全意识 加强自我防范 火灾隐患稍有不慎极易引发火灾，严重威胁人民群众生命财产安全。新余市消防救援支队...[preview_truncated] ||| 为了加强住宅物业消防安全管理,预防和减少火灾危害,保障人民群众生命财产安全,我市将《新余市住宅物业消防安全管理办法》作为...[preview_truncated] ||| 江西新余佳乐苑临街店铺“1·24”特别重大火灾事故整改和防范措施落实情况评估报告 http://www.mem.gov....[preview_truncated]",full_text_unavailable; use evidence_texts and evidence_urls ||| full_text_unavailable; use evidence_texts and evidence_urls ||| full_text_unavailable; use evidence_texts and evidence_urls ||| full_text_unavailable; use evidence_texts and evidence_urls ||| full_text_unavailable; use evidence_texts and evidence_urls ||| full_text_unavailable; use evidence_texts and evidence_urls,full_text_unavailable ||| full_text_unavailable ||| full_text_unavailable ||| full_text_unavailable ||| full_text_unavailable ||| full_text_unavailable,"江西新余佳乐苑“1·24”特别重大火灾事故调查报告还原真相，深刻反思，促进安全 目录事件概述01事故经过还原02原因调查与分析03安全管理漏洞04政府与部门反应05后续改进措施06 01事件概述 事故背景与时间地点事故背景2024年1月24日，江西省新余市渝水区佳乐苑小区临街商住综合楼发生特别重大火灾事故。这起火灾导致39人死亡、9人受伤，直接经济损失达4352.84万元，成为当月最大的安全隐患。时间地点事故发生于2024年1月24日下午15时22分，位于江西省新余市渝水区佳乐苑小区的临街商住综合楼。该建筑共七层，其中地下一层为事发在建冷库所在层，地上一、二层为临街商铺，在二层屋顶平台上建有四 ||| 今天,一则令人痛心的消息传来,江西新余佳乐苑小区发生特别重大火灾事故,调查报告正式公布。这场火灾犹如一记重锤,狠狠地砸在了每一个人的心坎上。火灾,这个可怕的恶魔,总是在不经意间降临,给人们带来无法承受 ||| 江西新余“1·24”特别重大火灾事故：国务院调查组公布事故调查报告。 栏目名称： 栏目介绍： 正在加载... 正在加载... 正在加载... 查看更多评论 京ICP备10003349号-1中央广播电视总台央视网版权所有 ||| 火灾隐患曝光 强化安全意识 加强自我防范 火灾隐患稍有不慎极易引发火灾，严重威胁人民群众生命财产安全。新余市消防救援支队对存在风险隐患的各类单位开展分批曝光，通过舆论监督，推动全社会共同参与火灾防治。 新余消防持续开展 消防安全除患攻坚行动 现对存在消防隐患的 单位场所分批曝光如下 ▼▼▼ “隐患险于明火 防范胜于救灾” 曝光不是目的 安全才是第一 请各单位自觉加强消防安全管理 按照时限整改隐患 确保消防安全落实到位 如果您发现身边 存在消防安全隐患 可通过12345热线进行举报 一起防风险、促平安 来源：新余市融媒体中心（新余市广播电视台）综合新余消防 编辑：吴彦樾 彭磊 校对：李雪辰 值班主任：邹琴 谢丹 值班总编：刘远华 投稿邮箱：xinyuapp@126.com 声明：分享而不忘尊重原创，转载《新余发布》文章，请务必注明出处及作者和原文链接。部分图片、文章、音视频来自网络，请原作者及时联系我们以便发放稿酬，联系电话：0790-6446199、6446138。返回搜狐，查看更多 ||| 为了加强住宅物业消防安全管理,预防和减少火灾危害,保障人民群众生命财产安全,我市将《新余市住宅物业消防安全管理办法》作为2023年市政府规章制定项目。现根据立法程序规定,将《新余市住宅物业消防安全管理办法》(第二次征求意见稿)全文公布,广泛听取社会各界的意见。若有建议或意见,可于2023年8月25日前通过电子邮件、传真、信函等形式反馈至新余市司法局。 联系人:简强 联系电话:0790—6441137 电子邮箱:sfjdflfk@163.com 邮政编码:338000 新余市司法局 2023年7月25日 主办：新余市人民政府办公室 地址：新余市渝水区仙来中大道288号 联系方式：0790-6441183 0790-6366819 承办：新余市数据局 地址：新余市高铁新区开元路166号新余市数字产业园A栋22楼 赣ICP备07001026号 赣公网安备 36050202000078号 政府网站标识码：3605000002 ||| 江西新余佳乐苑临街店铺“1·24”特别重大火灾事故整改和防范措施落实情况评估报告 http://www.mem.gov.cn/gk/zfxxgkpt/fdzdgknr/202510/t20251017_561803.shtml",public_web ||| social_media ||| mainstream_news ||| mainstream_news ||| official ||| official,https://max.book118.com/html/2024/1112/7000026043006201.shtm ||| https://www.toutiao.com/article/7417051027507118630/ ||| https://tv.cctv.cn/2024/11/08/VIDEYLOjptTQnnLXvpcqy0U0241108.shtml ||| https://www.sohu.com/a/755374648_121106994 ||| http://www.xinyu.gov.cn/xinyu/zwgg/2023-07/24/content_0dfc4e4ec4d5406cab6f839896975ebf.shtml ||| https://gx.jiceng.zhengzhou.gov.cn/022003004/9960888.jhtml,title_unavailable ||| title_unavailable ||| title_unavailable ||| title_unavailable ||| title_unavailable ||| title_unavailable,date_unavailable ||| date_unavailable ||| date_unavailable ||| date_unavailable ||| date_unavailable ||| date_unavailable,6,silver_candidate,standard_review,0.000,low,low_risk,accept,,,证据链完整覆盖起火原因、舆论焦点、追责通报及地方立法整改，符合事实。,annotator_A,adjudicated_final,annotator_A
E034,LLM_CHAIN_E034_001,2024年4月成都多地居民集中反映燃气费异常上涨及气表计量问题 ||| 市民通过12345热线及网络平台大量投诉，质疑燃气企业违规估抄与乱收费 ||| 成都市市场监管局等多部门成立联合专班进驻调查，并于4月20日发布通报确认企业存在估抄、系统漏洞及计价不规范等问题 ||| 官方责成燃气企业全额退还多收费用，开展专项整治并持续深入调查追责,ev-01892;ev-00821;ev-01903,界面新闻记者 | 赵孟 界面新闻编辑 | 刘海川 看到重庆天然气表出现异常的新闻之后，家住四川省成都市天府新区的李女士去...[preview_truncated] ||| 4月20日，成都市市场监督管理局发布关于市民反映燃气相关问题调查核实情况的通报。全文如下： 4月以来，我市12345热线...[preview_truncated] ||| 转自：长安街知事 20日下午，针对成都市民反映的燃气相关问题，“成都市场监管”微信公众号发布调查核实情况通报。 通报指出...[preview_truncated],full_text_unavailable; use evidence_texts and evidence_urls ||| full_text_unavailable; use evidence_texts and evidence_urls ||| full_text_unavailable; use evidence_texts and evidence_urls,full_text_unavailable ||| full_text_unavailable ||| full_text_unavailable,界面新闻记者 | 赵孟 界面新闻编辑 | 刘海川 看到重庆天然气表出现异常的新闻之后，家住四川省成都市天府新区的李女士去查看自家天然气用量，发现也出现了重大异常。她称，2024年1月13日至2月9日，她陪母亲在海南过冬，有近两个月不在成都，但家里却产生了500多方的用气量。她在小区业主群发布了这一消息，邻居们纷纷自查，也发现了同样的异常情形。 重庆燃气费用“跑得快”曝光后，引起许多成都用户对自家燃气费用的关注。界面新闻近日接到10多位用户反映，自家的燃气费用在2023年或2024年出现异常上升，多数发生在燃气表更换后或气表移动后，异常费用通常是过去的两倍以上。此外，在人民网留言板等平台上，出现大量市民反映燃气费暴涨的线索。 4月13日，重庆召开燃气计量相关情况新闻发布会称，重庆已成立联合调查组，进驻重庆燃气集团、凯源燃气等相关燃气企业开展调查工作。截至目前，成都有关部门尚未公开统一回应此事，一些区（县）的市场监管局表示，正在就投诉线索进行调查处理。 4个月气费15000元 与李女士同在一个小区的一位邻居称，其在美国待了3个月，回家后发现产生了2000多元的燃气费。还有一位邻居对比了去年三四月份和今年三四月份的缴费清单，发现在同样的用气情况下，今年燃气费涨了50%。 李女士拨打天然气公司客服电话，联系成都天府新区华天兴能然气公司，要求上门检测，检测人员称没有发现漏气情况，对方也无法解 ||| 4月20日，成都市市场监督管理局发布关于市民反映燃气相关问题调查核实情况的通报。全文如下： 4月以来，我市12345热线截至19日共接到1996件燃气问题投诉，并有网友发帖质疑气表计量、燃气收费、企业服务等问题。在投诉问题受理过程中，我们发现燃气企业存在问题。市委、市政府高度重视，责成市场监管、经信、住建等部门立即成立联合工作专班，多次约谈燃气企业，督促其履行主体责任，认真对待和受理市民投诉；组织12个督导组分片进驻各区（市）县，会同技术专家、社区工作者通过现场核查、试验检测、数据比对、案例实证等方式，对市民反映的问题进行了调查核实。当前，所有投诉问题全部受理，已办理1189件，其余807件正加紧办理中。根据目前调查核实情况，查明燃气企业存在以下问题： 一是存在以估代抄、违规估抄问题。在未上门或抄表遇到用户不在家时，存在违规估抄情况，且未及时与用户沟通核准实际数据，导致出现用户不在家、不用气但仍产生燃气费的问题。如，锦江区某用户反映燃气企业不到现场抄表、乱估费用，一个月多估收100立方米气费。经调查核实，燃气企业未经核实气表实际底数706立方米，按照估算791立方米进行收费，多收取该用户85立方米气费。目前，已责成燃气企业完成退费处理。再如，青羊区某用户反映被燃气企业多预估费用的情况。经调查核实，该用户2024年2、3月分别被估收气量39立方米、60立方米，比实际多收取75立方米气 ||| 转自：长安街知事 20日下午，针对成都市民反映的燃气相关问题，“成都市场监管”微信公众号发布调查核实情况通报。 通报指出，根据目前调查核实情况，查明燃气企业存在以下问题：一是存在以估代抄、违规估抄问题。二是计费采集系统存在漏洞，补录过程不透明。三是燃气计费周期随意变化，计价不规范。四是解决群众诉求服务意识差，工作方式简单。 从目前调查核实情况看，尚未发现燃气表计量和质量、燃气质量、通过远程操控改变燃气表计量等问题。现已派出联合调查工作组入驻成都燃气集团等燃气企业，对相关问题进行彻底调查。 以下为通报全文： 4月以来，我市12345热线截至19日共接到1996件燃气问题投诉，并有网友发帖质疑气表计量、燃气收费、企业服务等问题。在投诉问题受理过程中，我们发现燃气企业存在问题。市委、市政府高度重视，责成市场监管、经信、住建等部门立即成立联合工作专班，多次约谈燃气企业，督促其履行主体责任，认真对待和受理市民投诉；组织12个督导组分片进驻各区（市）县，会同技术专家、社区工作者通过现场核查、试验检测、数据比对、案例实证等方式，对市民反映的问题进行了调查核实。当前，所有投诉问题全部受理，已办理1189件，其余807件正加紧办理中。根据目前调查核实情况，查明燃气企业存在以下问题： 一是存在以估代抄、违规估抄问题。在未上门或抄表遇到用户不在家时，存在违规估抄情况，且未及时与用户沟通核准实际数据，导致,mainstream_news ||| public_interaction ||| social_media,"https://finance.sina.com.cn/jjxw/2024-04-19/doc-inasiqea6701677.shtml ||| http://gubapost.eastmoney.com/news,cjpl,1419656548.html ||| https://finance.sina.com.cn/wm/2024-04-20/doc-inasnqhq8409521.shtml",title_unavailable ||| title_unavailable ||| title_unavailable,date_unavailable ||| date_unavailable ||| date_unavailable,2,silver_candidate,standard_review,0.000,low,low_risk,accept,,,证据充分支撑燃气费异常、投诉渠道、官方通报内容及退费整改要求，表述准确。,annotator_A,adjudicated_final,annotator_A
E036,LLM_CHAIN_E036_001,5月7日企业仓库火灾致污染物外泄，5月11日降雨使残留污水经管网流入滁河 ||| 5月23日媒体报道南京浦口段出现大量死鱼及水体发黑，引发公众关注与质疑 ||| 5月27日滁州市生态环境局通报溯源结果，采取关闸截污、无害化处理死鱼、增设监测点及曝气等措施，公安机关立案调查 ||| 5月29日联合调查组发布处置进展通报，省委召开会议追责问责，相关责任人被免职，水质持续改善,ev-00857;ev-00862;ev-00856;ev-01948,5月23日，有媒体报道滁河水质出现污染，有鱼虾死亡现象。市、县高度重视，立即组织专业力量前往现场调查处置。 现场发现，滁...[preview_truncated] ||| 5月23日，有媒体报道滁河南京浦口段突然被严重污染，水质恶臭，出现大量死鱼死虾。滁河发源于安徽，经南京流入长江。当地居民...[preview_truncated] ||| 5月27日，安徽滁州市生态环境局通报“滁河水质出现污染”事件，公安机关已对相关涉案人员进行立案调查。经调查，滁河全椒县荒...[preview_truncated] ||| 用微信扫描二维码 分享至好友和朋友圈 5月27日，滁州市生态环境局再次通报，详细说明了污染调查结果，确认滁州富信石油助剂...[preview_truncated],full_text_unavailable; use evidence_texts and evidence_urls ||| full_text_unavailable; use evidence_texts and evidence_urls ||| full_text_unavailable; use evidence_texts and evidence_urls ||| full_text_unavailable; use evidence_texts and evidence_urls,full_text_unavailable ||| full_text_unavailable ||| full_text_unavailable ||| full_text_unavailable,5月23日，有媒体报道滁河水质出现污染，有鱼虾死亡现象。市、县高度重视，立即组织专业力量前往现场调查处置。 现场发现，滁河全椒县境内荒草圩至襄河口闸段、南京市浦口区段水面有死鱼漂浮，部分河段水体发黑。经监测溯源，位于全椒经开区的滁州富信石油助剂有限公司为主要污染来源。5月7日19时50分，该公司仓库发生火灾，导致仓储的部分甘油、糖蜜连同消防废水经地表径流进入附近沟渠和管网。全椒县通过筑坝截污抽排等措施，将外泄的污染物集中收集存放和无害化处置。5月11日，全椒县发生约50毫米降雨，尚未清理完毕残留在沟渠和管网内的污水经雨水径流进入襄河、滁河，造成部分河段水体浑浊、黑臭，溶解氧下降，鱼虾死亡。 事情发生后，在南京市有关方面大力支持下，市、县迅速采取措施，及时关闭汊河闸、襄河口闸，截留污染水体；对受污染河段开展全面巡查，及时对死亡鱼虾进行无害化处理；在滁河上设置7个监测点、2个全组份监测点、4个农业用水水质安全监测点，持续开展水质监测，并根据监测结果架设曝气装置，增加水体含氧量。公安机关已对相关涉案人员进行立案调查。 据5月23日至26日监测结果显示，受污染水体水质持续改善。我们将继续开展水质跟踪监测，依法、科学、精准、有效处置，深刻汲取教训，举一反三，堵塞漏洞，切实保障生态环境安全。真诚感谢有关媒体和广大网民对我们工作的关心、支持和监督！ 滁州市生态环境局 2024年5月27日 空闲的 ||| 5月23日，有媒体报道滁河南京浦口段突然被严重污染，水质恶臭，出现大量死鱼死虾。滁河发源于安徽，经南京流入长江。当地居民说污染可能与上游来水有关。5月27日上午，安徽省滁州市生态环境局就媒体报道滁河水质出现污染、有鱼虾死亡现象发布情况通报。 通报显示，现场调查发现，滁河全椒县境内荒草圩至襄河口闸段、南京市浦口区段水面有死鱼漂浮，部分河段水体发黑。经监测溯源，位于全椒经开区的滁州富信石油助剂有限公司为主要污染来源。 通报全文： 5月23日，有媒体报道滁河水质出现污染，有鱼虾死亡现象。市、县高度重视，立即组织专业力量前往现场调查处置。 现场发现，滁河全椒县境内荒草圩至襄河口闸段、南京市浦口区段水面有死鱼漂浮，部分河段水体发黑。经监测溯源，位于全椒经开区的滁州富信石油助剂有限公司为主要污染来源。5月7日19时50分，该公司仓库发生火灾，导致仓储的部分甘油、糖蜜连同消防废水经地表径流进入附近沟渠和管网。全椒县通过筑坝截污抽排等措施，将外泄的污染物集中收集存放和无害化处置。5月11日，全椒县发生约50毫米降雨，尚未清理完毕残留在沟渠和管网内的污水经雨水径流进入襄河、滁河，造成部分河段水体浑浊、黑臭，溶解氧下降，鱼虾死亡。 事情发生后，在南京市有关方面大力支持下，市、县迅速采取措施，及时关闭汊河闸、襄河口闸，截留污染水体；对受污染河段开展全面巡查，及时对死亡鱼虾进行无害化处理；在滁河上设置7个 ||| 5月27日，安徽滁州市生态环境局通报“滁河水质出现污染”事件，公安机关已对相关涉案人员进行立案调查。经调查，滁河全椒县荒草圩至襄河口闸段、南京浦口段有死鱼漂浮，部分河段水体发黑。经监测溯源，位于全椒经开区的滁州富信石油助剂有限公司为主要污染来源。事发后，在南京市大力支持下，截留污染水体，对受污染河段开展全面巡查，对死亡鱼虾进行无害化处理。据5月23日至26日监测结果显示，受污染水体水质持续改善。 想要发表评论，阅读更多精彩内容，快来下 载新京报客户端吧 新浪网 | 网易 | 搜狐 | UC头条 | 新华网 | 中新网 | 慧科讯业 | 今日头条 | 一点资讯 | 千龙网 | 贝壳财经| 腾讯网| 百度 经营许可证编号：京ICP证090533号 |京ICP备18053894号| 国新办网备字[2006]7号 | 广播电视节目制作经营许可证：(京)字第02592号 京公网安备11010102004542号|互联网新闻信息服务许可证11120180005号 关于我们版权声明联系我们工作机会友情链接服务协议 Copy Right © 2004-2020 www.bjnews.com.cn All Rights Reserved ||| 用微信扫描二维码 分享至好友和朋友圈 5月27日，滁州市生态环境局再次通报，详细说明了污染调查结果，确认滁州富信石油助剂有限公司的火灾事故为污染主因，并透露了5月11日降雨加剧了残留污水外泄，影响了襄河、滁河水质，造成鱼虾死亡。目前，相关部门已采取一系列紧急措施，包括关闭相关闸门、处理死亡鱼虾、增设水质监测点以及提高水体含氧量等。随着连续几天的监测，受污染水体的水质已逐步好转。同时，公安机关正对涉及环境污染的责任人员进行深入调查。 工业污水是怎样污染滁河的！ 安徽滁河水体污染联合调查组2024年5月29日发布“关于滁河水体污染处置进展情况的通报”： 滁河水质污染事件近期引发了广泛的关注，并促成了迅速的官方回应。28日，安徽省党委针对这一事件召开会议，决定采取措施治理污染并追究相关人员责任 5月23日，长江下游左岸一级支流滁河南京浦口段出现大量死鱼死虾。总台记者对此进行了追踪报道 近期，滁河水体遭遇污染事件，起因是全椒经开区内的滁州富信石油助剂有限公司原料仓库发生了火灾。这场事故导致部分含有污染物质的水体泄漏，进而影响到滁河区域，造成了鱼类和虾类的死亡，引发了社会的广泛关注 23日，长江下游左岸一级支流滁河南京浦口段出现大量死鱼死虾。总台记者对此进行了追踪报道 近期，滁州市全椒经开区发生了一起环境事故，涉及滁州富信石油助剂有限公司的原料仓库火灾。这场火灾导致部分污染水体泄漏至滁河，不,official ||| mainstream_news ||| mainstream_news ||| mainstream_news,https://www.chuzhou.gov.cn/zxzx/gsgg/1112166239.html ||| https://www.sohu.com/a/781836063_115510 ||| https://www.bjnews.com.cn/detail/1716779459129399.html ||| https://news.china.com/socialgd/10000169/20240529/46610818_1.html,title_unavailable ||| title_unavailable ||| title_unavailable ||| title_unavailable,date_unavailable ||| date_unavailable ||| date_unavailable ||| date_unavailable,4,silver_candidate,standard_review,0.000,low,low_risk,accept,,,时间线与处置措施均与官方通报及媒体报道一致，证据覆盖完整。,annotator_A,adjudicated_final,annotator_A
E036,LLM_CHAIN_E036_002,滁州富信石油助剂有限公司仓库火灾及消防废水经地表径流进入附近沟渠管网 ||| 滁河下游出现大面积死鱼死虾及黑臭水体，网络视频曝光引发广泛舆情与环保监管质疑 ||| 市县迅速组织现场调查与应急处置，关闭闸门截留污染水体，开展全面巡查与多点位监测 ||| 联合调查组通报处置进展，全椒县委主要负责同志被免职，事件纳入中央环保督察整改并已完成验收,ev-01945;ev-01938;ev-00863;ev-01950,"近日,安徽省全椒县发生了一起环境污染事件,引发了公众的广泛关注。据报道,事件的源头可以追溯到富信石油助剂有限公司原料仓库...[preview_truncated] ||| 调查问题加载中，请稍候。 若长时间无响应，请刷新本页面 5月23日 长江支流滁河南京浦口段 出现大量死鱼 引发社会广泛关...[preview_truncated] ||| 央视网消息：滁州市生态环境局5月27日通报关于滁河水质异常情况。5月23日，有媒体报道滁河水质出现污染，有鱼虾死亡现象。...[preview_truncated] ||| 安徽滁州河流污染事件始末,相关领导从上到下一撸到底 2024-05-29 16:45·OK随笔 从居民反映滁河南京浦口段...[preview_truncated]",full_text_unavailable; use evidence_texts and evidence_urls ||| full_text_unavailable; use evidence_texts and evidence_urls ||| full_text_unavailable; use evidence_texts and evidence_urls ||| full_text_unavailable; use evidence_texts and evidence_urls,full_text_unavailable ||| full_text_unavailable ||| full_text_unavailable ||| full_text_unavailable,"近日,安徽省全椒县发生了一起环境污染事件,引发了公众的广泛关注。据报道,事件的源头可以追溯到富信石油助剂有限公司原料仓库的一场火灾,导致甘油、糖蜜和危化品粗甲醇等混合物流入附近沟渠和管网。 ||| 调查问题加载中，请稍候。 若长时间无响应，请刷新本页面 5月23日 长江支流滁河南京浦口段 出现大量死鱼 引发社会广泛关注 央视新闻26日报道，造成滁河出现大面积死鱼的原因，与安徽滁州富信石油助剂有限公司仓库的危化品粗甲醇失火，致使污染物外泄流入滁河有关。 滁河南京浦口段突现污水 大量鱼虾死亡 近日，有网友在社交平台中发布的视频显示，滁河南京浦口段突然被严重污染，水质散发恶臭，出现大量死鱼死虾。视频一经发出，引发广泛关注。 据江苏广电融媒体新闻中心5月26日消息，滁河发源于安徽，经南京境内流入长江。当地居民反映，污染可能与上游来水有关。 据扬子晚报5月23日报道，记者从南京浦口沿污水逆流而上，发现安徽境内河道内仍然有大量污水和死鱼。因为支汊众多或者河边不通路，目前无法找到污水源头。但在安徽全椒荒草三圩进退洪闸，发现这段河道已经没有污水和死鱼，说明污水源头很可能在该泄洪闸下游的安徽境内。 经过环保部门初步调查，5月22日15时左右，安徽省滁州市全椒县开启了距离南京浦口境内约10公里的襄河口闸，放水至滁河，抬高水位约20厘米，可能导致其内河含有大量龙虾养殖尾水排放至滁河，导致污染。 此次死鱼事件系上游内河排水导致河水水质恶化，死鱼漂至南京市境内，目前污染团主要集中在滁河浦口段，浦口区正在组织人员对死鱼进行打捞清理，浦口区生态环境局已经开展跟踪监测。 5月22日15时至23日12时，南京 ||| 央视网消息：滁州市生态环境局5月27日通报关于滁河水质异常情况。5月23日，有媒体报道滁河水质出现污染，有鱼虾死亡现象。市、县高度重视，立即组织专业力量前往现场调查处置。 现场发现，滁河全椒县境内荒草圩至襄河口闸段、南京市浦口区段水面有死鱼漂浮，部分河段水体发黑。经监测溯源，位于全椒经开区的滁州富信石油助剂有限公司为主要污染来源。5月7日19时50分，该公司仓库发生火灾，导致仓储的部分甘油、糖蜜连同消防废水经地表径流进入附近沟渠和管网。全椒县通过筑坝截污抽排等措施，将外泄的污染物集中收集存放和无害化处置。5月11日，全椒县发生约50毫米降雨，尚未清理完毕残留在沟渠和管网内的污水经雨水径流进入襄河、滁河，造成部分河段水体浑浊、黑臭，溶解氧下降，鱼虾死亡。公安机关已对相关涉案人员进行立案调查。 京ICP备10003349号-1中央广播电视总台央视网版权所有 ||| 安徽滁州河流污染事件始末,相关领导从上到下一撸到底 2024-05-29 16:45·OK随笔 从居民反映滁河南京浦口段突现污水,大量鱼虾死亡。到滁州发布通报:全椒县委主要负责同志被免职,并对相关责任",social_media ||| mainstream_news ||| mainstream_news ||| social_media,https://www.toutiao.com/article/7374705691129070132/ ||| https://m.gmw.cn/2024-05/27/content_1303747763.htm ||| https://news.cctv.com/2024/05/27/ARTInGjVY8GRhd5t5aJybw9Y240527.shtml ||| https://m.toutiao.com/article/7374293388440486411/,title_unavailable ||| title_unavailable ||| title_unavailable ||| title_unavailable,date_unavailable ||| date_unavailable ||| date_unavailable ||| date_unavailable,4,silver_candidate,standard_review,0.000,low,low_risk,accept,,,关键事实与证据吻合，中央环保督察整改验收情况在末条证据中有明确记载。,annotator_A,adjudicated_final,annotator_A
E036,LLM_CHAIN_E036_003,全椒经开区企业火灾遗留污染物未彻底清理，遇降雨径流进入襄河与滁河 ||| 5月下旬滁河部分河段水质恶化、溶解氧下降导致鱼虾死亡，媒体追踪报道引发社会广泛关注 ||| 生态环境部门确认污染源，实施筑坝截污、死鱼无害化处理、架设曝气装置增氧及持续监测 ||| 监测显示受污染水体水质持续改善，安徽省针对事件开展警示教育与应急能力提升，整改通过核查,ev-00858;ev-00857;ev-00861;ev-01931,5月27日上午，安徽省滁州市生态环境局就媒体报道滁河水质出现污染、有鱼虾死亡现象发布情况通报。 据现场调查发现，滁河全椒...[preview_truncated] ||| 5月23日，有媒体报道滁河水质出现污染，有鱼虾死亡现象。市、县高度重视，立即组织专业力量前往现场调查处置。 现场发现，滁...[preview_truncated] ||| 5月27日上午，安徽省滁州市生态环境局就媒体报道滁河水质出现污染、有鱼虾死亡现象发布情况通报。 据现场调查发现，滁河全椒...[preview_truncated] ||| 2025年6月，《安徽省贯彻落实第三轮中央生态环境保护督察报告整改方案》反馈编号24“2024年5月，滁州市全椒县在处置...[preview_truncated],full_text_unavailable; use evidence_texts and evidence_urls ||| full_text_unavailable; use evidence_texts and evidence_urls ||| full_text_unavailable; use evidence_texts and evidence_urls ||| full_text_unavailable; use evidence_texts and evidence_urls,full_text_unavailable ||| full_text_unavailable ||| full_text_unavailable ||| full_text_unavailable,5月27日上午，安徽省滁州市生态环境局就媒体报道滁河水质出现污染、有鱼虾死亡现象发布情况通报。 据现场调查发现，滁河全椒县境内荒草圩至襄河口闸段、南京市浦口区段水面有死鱼漂浮，部分河段水体发黑。经监测溯源，位于全椒经开区的滁州富信石油助剂有限公司为主要污染来源。 5月7日19时50分，该公司仓库发生火灾，导致仓储的部分甘油、糖蜜连同消防废水经地表径流进入附近沟渠和管网。全椒县通过筑坝截污抽排等措施，将外泄的污染物集中收集存放和无害化处置。 5月11日，全椒县发生约50毫米降雨，尚未清理完毕残留在沟渠和管网内的污水经雨水径流进入襄河、滁河，造成部分河段水体浑浊、黑臭，溶解氧下降，鱼虾死亡。 事情发生后，市、县采取措施，关闭汊河闸、襄河口闸，截留污染水体；对受污染河段开展全面巡查，对死亡鱼虾进行无害化处理；在滁河上设置7个监测点、2个全组份监测点、4个农业用水水质安全监测点，持续开展水质监测，并根据监测结果架设曝气装置，增加水体含氧量。公安机关已对相关涉案人员进行立案调查。 据5月23日至26日监测结果显示，受污染水体水质持续改善。 近期热门视频 更多精彩视频 请关注三秦都市报视频号 ↓↓↓ 陕西医保最新变化→ 2024年西安市第一批拟确认高层次人才公示 双向十车道，正式通车！就在西安！ 该买票啦！端午假期车票马上开售！ 更多精彩内容，请登录三秦都市报官网www.sanqin.com  ||| 5月23日，有媒体报道滁河水质出现污染，有鱼虾死亡现象。市、县高度重视，立即组织专业力量前往现场调查处置。 现场发现，滁河全椒县境内荒草圩至襄河口闸段、南京市浦口区段水面有死鱼漂浮，部分河段水体发黑。经监测溯源，位于全椒经开区的滁州富信石油助剂有限公司为主要污染来源。5月7日19时50分，该公司仓库发生火灾，导致仓储的部分甘油、糖蜜连同消防废水经地表径流进入附近沟渠和管网。全椒县通过筑坝截污抽排等措施，将外泄的污染物集中收集存放和无害化处置。5月11日，全椒县发生约50毫米降雨，尚未清理完毕残留在沟渠和管网内的污水经雨水径流进入襄河、滁河，造成部分河段水体浑浊、黑臭，溶解氧下降，鱼虾死亡。 事情发生后，在南京市有关方面大力支持下，市、县迅速采取措施，及时关闭汊河闸、襄河口闸，截留污染水体；对受污染河段开展全面巡查，及时对死亡鱼虾进行无害化处理；在滁河上设置7个监测点、2个全组份监测点、4个农业用水水质安全监测点，持续开展水质监测，并根据监测结果架设曝气装置，增加水体含氧量。公安机关已对相关涉案人员进行立案调查。 据5月23日至26日监测结果显示，受污染水体水质持续改善。我们将继续开展水质跟踪监测，依法、科学、精准、有效处置，深刻汲取教训，举一反三，堵塞漏洞，切实保障生态环境安全。真诚感谢有关媒体和广大网民对我们工作的关心、支持和监督！ 滁州市生态环境局 2024年5月27日 空闲的 ||| 5月27日上午，安徽省滁州市生态环境局就媒体报道滁河水质出现污染、有鱼虾死亡现象发布情况通报。 据现场调查发现，滁河全椒县境内荒草圩至襄河口闸段、南京市浦口区段水面有死鱼漂浮，部分河段水体发黑。经监测溯源，位于全椒经开区的滁州富信石油助剂有限公司为主要污染来源。 事情发生后，市、县采取措施，关闭汊河闸、襄河口闸，截留污染水体；对受污染河段开展全面巡查，对死亡鱼虾进行无害化处理；在滁河上设置7个监测点、2个全组份监测点、4个农业用水水质安全监测点，持续开展水质监测，并根据监测结果架设曝气装置，增加水体含氧量。公安机关已对相关涉案人员进行立案调查。 据5月23日至26日监测结果显示，受污染水体水质持续改善。 （总台记者 王宁 张小枫） ©2024中央广播电视总台版权所有。未经许可，请勿转载使用。 24小时滚动播报最新的财经资讯和视频，更多粉丝福利扫描二维码关注（sinafinance） 网友提问：@@=value.question$$ 老师回答：@@=value.answer$$ @@=value.title$$ 新浪财经意见反馈留言板 新浪简介|广告服务|About Sina 联系我们|招聘信息|通行证注册 产品答疑|网站律师|SINA English Copyright © 1996-2024 SINA Corporation All Rights Reserved 新浪公司 版权 ||| 2025年6月，《安徽省贯彻落实第三轮中央生态环境保护督察报告整改方案》反馈编号24“2024年5月，滁州市全椒县在处置滁河水污染事故时胡乱作为、性质恶劣，造成严重后果，引发负面舆情，教训极为深刻”问题已整改完成，并通过核查验收。根据《安徽省生态环境问题整改工作实施办法》要求，现将该问题整改完成情况公示如下： 一、整改问题 2024年5月，滁州市全椒县在处置滁河水污染事故时胡乱作为、性质恶劣，造成严重后果，引发负面舆情，教训极为深刻。 二、整改实施主体 滁州市委和人民政府 三、重点措施 一是深刻汲取事故教训，聚焦以案促治，扎实开展警示教育。组织开展“学党纪、强作风、提能力”大讨论，持续强化作风建设，切实提升各级党员干部的纪律意识、规矩意识和法治意识；二是加强执法队伍环境监管、监测等能力建设，提升环境应急能力，开展突发环境事件应急演练，规范应急处置流程，增强防范化解风险能力。 四、目标任务 警示教育到位，应急能力有效提升 五、完成时限 2025年6月底前 六、整改完成情况 （一）深刻汲取事故教训，聚焦以案促治，扎实开展警示教育。组织开展“学党纪、强作风、提能力”大讨论，持续强化作风建设，切实提升各级党员干部的纪律意识、规矩意识和法治意识 1.持续强化作风建设。2024年5月31日，中共滁州市委办公室印发《关于在全市开展“学党纪、强作风、提能力”大讨论的实施方案》的通知，滁州市结合党纪,mainstream_news ||| official ||| mainstream_news ||| official,https://finance.sina.com.cn/wm/2024-05-27/doc-inawsinm3774351.shtml ||| https://www.chuzhou.gov.cn/zxzx/gsgg/1112166239.html ||| https://finance.sina.com.cn/jjxw/2024-05-27/doc-inawrsqt3935832.shtml ||| https://sthjj.chuzhou.gov.cn/hbzx/tzgg/1104455851.html,title_unavailable ||| title_unavailable ||| title_unavailable ||| title_unavailable,date_unavailable ||| date_unavailable ||| date_unavailable ||| date_unavailable,3,silver_candidate,standard_review,0.000,low,low_risk,accept,,,证据完整覆盖污染成因、应急处置、水质改善及省级警示教育整改验收，表述严谨。,annotator_A,adjudicated_final,annotator_A
E037,LLM_CHAIN_E037_001,2023年4月18日长峰医院住院部东楼因内部改造施工火花引燃可燃涂料挥发物发生火灾 ||| 火灾致29人死亡42人受伤，引发公众对医院违规施工与消防管理缺失的强烈质疑 ||| 多部门紧急救援疏散百余人，北京市政府通报初步原因并刑拘12名责任人，国务院安委会挂牌督办 ||| 2023年10月国务院调查组发布报告定性为重大生产安全责任事故，明确各方责任并推动全国医疗消防整改,ev-00876;ev-00877;ev-01962;ev-01964,北京长峰医院火情(2023年北京长峰医院发生的火灾) : 一般指本词条 2023年4月18日12时57分，北京市丰台区消...[preview_truncated] ||| 在北京市今天（19日）中午举行的长峰医院火灾事故通报会上，北京市消防救援总队副队长赵洋通报，在开展人员搜救行动的过程中，...[preview_truncated] ||| 用微信扫码二维码 分享至好友和朋友圈 18日12时57分丰台区消防救援支队接警：北京长峰医院住院部东楼发生火情。接警后，...[preview_truncated] ||| 4月18日12时17分，北京长峰医院住院东楼发生重大火灾，19日中午北京长峰医院院长王某玲等12人因涉嫌重大责任事故罪已...[preview_truncated],full_text_unavailable; use evidence_texts and evidence_urls ||| full_text_unavailable; use evidence_texts and evidence_urls ||| full_text_unavailable; use evidence_texts and evidence_urls ||| full_text_unavailable; use evidence_texts and evidence_urls,full_text_unavailable ||| full_text_unavailable ||| full_text_unavailable ||| full_text_unavailable,北京长峰医院火情(2023年北京长峰医院发生的火灾) : 一般指本词条 2023年4月18日12时57分，北京市丰台区消防救援支队接警：北京长峰医院住院部东楼发生火情。接警后，消防、公安、卫健、应急等部门即赴现场处置。13时33分许，现场明火被扑灭。15时30分，现场救援工作结束，共疏散转移患者71人。 2023年4月21日，国务院安委会决定对长峰医院重大火灾事故查处实行挂牌督办1；5月6日，最高检对北京长峰医院重大火灾事故案挂牌督办2；10月，国务院常务会议审议通过了北京丰台长峰医院“4·18”重大火灾事故调查报告。经国务院事故调查组调查认定，这是一起因事发医院违法违规实施改造工程、施工安全管理不力、日常管理混乱、火灾隐患长期存在，施工单位违规作业、现场安全管理缺失，加之应急处置不力，地方党委政府和有关部门职责不落实而导致的重大生产安全责任事故‘’3截至2023年10月25日，该事故造成29人死亡、42人受伤，直接经济损失3831.82万元4。 2023年10月25日，据新华社消息，北京长峰医院重大火灾事故调查报告公布。北京市委常委、副市长靳伟被问责，41名公职人员被问责。北京长峰医院股份有限公司法定代表人汪文杰、北京长峰医院院长王晓玲等20名涉案人员被立案侦查，其中19人已被检察机关批准逮捕5。2026年2月2日，北京市丰台区人民法院对被告人汪文杰等19人重大责任事故案公开宣判 ||| 在北京市今天（19日）中午举行的长峰医院火灾事故通报会上，北京市消防救援总队副队长赵洋通报，在开展人员搜救行动的过程中，北京消防同时在第一时间组织力量对着火的楼层、部位以及可能发生火情蔓延的路径等，组织力量铺设多条水带干线，全力控制火势的发展蔓延，设计多个水上阵地，全力扑救火灾。并于18日13时33分将明火扑灭，为后续灭火救援行动提供有力支撑。 此前报道 北京举行长峰医院火灾事故情况通报会 现场为遇难者默哀 今天（19日）中午，北京市就长峰医院火灾事故召开情况通报会，通报会上，北京市人民政府新闻发言人徐和建表示：火灾令人痛心，教训极其深刻。在这里，我代表市委市政府，对遇难人员表示深切哀悼，对遇难者家属表示诚挚慰问。对事故伤员，我们将全力以赴予以救治，调集精锐医疗力量，科学制定救治方案，尽最大努力争取早日康复。 发布会现场，全体人员起立，为遇难人员默哀。 4月18日12时57分，丰台区消防救援支队接警，北京长峰医院住院部东楼发生火情。接警后，北京市消防、公安、卫健、应急等部门即赴现场处置，全力抢救受困人员。 （总台记者 王小节 王丰） 责任编辑：张迪 举报邮箱：jubao@vip.sina.com Copyright © 1996-2023 SINA Corporation All Rights Reserved 新浪公司 版权所有 ||| 用微信扫码二维码 分享至好友和朋友圈 18日12时57分丰台区消防救援支队接警：北京长峰医院住院部东楼发生火情。接警后，消防、公安、卫健、应急等部门即赴现场处置。13时33分许，现场明火被扑灭。15时30分，现场救援工作结束，共疏散转移患者71人。截至4月19日9时，经转院救治无效，29人不幸死亡。 4月19日，北京市人民政府新闻办公室举行长峰医院火灾事故情况通报会。北京市消防总队副总队长赵洋通报了此次火灾的事故原因。赵洋表示：经初步调查，事故系医院住院部内部改造施工作业过程中产生的火花引燃现场可燃涂料的挥发物所致。事故具体原因和损失还在进一步调查之中。下一步，我们将痛定思痛，举一反三，聚焦医院、养老机构、高层建筑、地下空间等场所、单位，扎实开展排查整治，推动落实消防安全责任，整改消防安全隐患，维护人民生命财产安全。 北京市公安局刑事侦查总队总队长孙海涛通报：经查，北京长峰医院院长王某玲（女，44岁）、副院长汪某（女，37岁）、总务科主任王某阳（男，50岁），施工公司负责人王某峰（男，47岁）、现场施工人员程某君（男，33岁）等12人，涉嫌重大责任事故罪。目前上述人员已被公安机关依法刑事拘留，案件正在进一步工作中。下一步，公安机关将会同相关部门，进一步深入侦查调查、完善固定证据，依法打击处理。 医院属于高火灾风险场所 人员相对集中，伤病患者多 一旦遇到火灾 很难在短时间内进行逃生疏 ||| 4月18日12时17分，北京长峰医院住院东楼发生重大火灾，19日中午北京长峰医院院长王某玲等12人因涉嫌重大责任事故罪已被刑拘，包括副院长，施工公司负责人和现场施工人员等。 北京市消防总队副总队长赵洋通报了此次火灾的事故原因。赵洋说：经初步调查，事故系医院住院部内部改造施工作业过程中产生的火花引燃现场可燃涂料的挥发物所致。事故具体原因和损失还在进一步调查之中。 重大事故，是指造成10人以上30人以下死亡，或者50人以上100人以下重伤，或者5000万元以上1亿元以下直接经济损失的事故。 已知遇难者人数29人，还有39人在院治疗，其中危重3人，重症18人。受害者有患者、家属，护工和护士，患者中年龄最小的40岁，最大的88岁。 目前已成立29个专门工作组，会同指导长峰医院做好善后工作，与患者家属开展接待安抚和沟通商谈工作，详细了解遇难家属的诉求和安排，开展心理疏导，做好生活保障，帮助解决实际问题和困难，督导长峰医院做好善后及陪护工作。 大白天中午起火，还是在众多患者和医生护士的住院楼，真是难以想象怎么会造成这么严重的后果，今年很多地方火灾频发，不单单北京，火灾无情，逝者安息[祈祷][祈祷][祈祷] 也希望能够警醒个人和组织，吸取教训，避免以后不再发生。返回搜狐，查看更多,public_web ||| mainstream_news ||| social_media ||| mainstream_news,http://baike.sogou.com/v215252125.htm?fromTitle=%E5%8C%97%E4%BA%AC%E9%95%BF%E5%B3%B0%E5%8C%BB%E9%99%A2%E7%81%AB%E6%83%85 ||| https://news.sina.com.cn/o/2023-04-19/doc-imyqwywk8278522.shtml ||| https://www.163.com/dy/article/I2PQGUV20514M3TK.html ||| https://www.sohu.com/a/669194537_121661971,title_unavailable ||| title_unavailable ||| title_unavailable ||| title_unavailable,date_unavailable ||| date_unavailable ||| date_unavailable ||| date_unavailable,4,silver_candidate,standard_review,0.000,low,low_risk,accept,,,事实细节、伤亡数据、追责通报及国务院定性均与证据高度一致。,annotator_A,adjudicated_final,annotator_A
E037,LLM_CHAIN_E037_002,长峰医院住院部突发火情，浓烟迅速蔓延导致人员被困 ||| 患者逃生困难造成重大伤亡，社会舆论聚焦医疗机构动火作业审批与应急疏散漏洞 ||| 消防力量搭建临时救生通道全力搜救，警方迅速控制医院管理层及施工负责人，政府成立善后工作组 ||| 官方查明违法违规施工与监管不落实等根本原因，审议通过事故调查报告并启动行业安全专项整治,ev-00904;ev-01966;ev-01962;ev-00876;ev-01959,用微信扫码二维码 分享至好友和朋友圈 看着这些火灾逃生者奋力爬出窗外，趴在空调外机上，一只手紧紧抓住空调管道，另一只手捂...[preview_truncated] ||| 2023年4月18日12时57分，北京市消防救援总队指挥中心接到报警，位于丰台区靛厂路291号的长峰医院发生火灾。接警后...[preview_truncated] ||| 用微信扫码二维码 分享至好友和朋友圈 18日12时57分丰台区消防救援支队接警：北京长峰医院住院部东楼发生火情。接警后，...[preview_truncated] ||| 北京长峰医院火情(2023年北京长峰医院发生的火灾) : 一般指本词条 2023年4月18日12时57分，北京市丰台区消...[preview_truncated] ||| 热门搜索：煤矿安管人员考试题库2022年煤矿安全规程一通三防图例防治煤与瓦斯突出考试题 1、北 京 丰 台 长 峰 医 ...[preview_truncated],full_text_unavailable; use evidence_texts and evidence_urls ||| full_text_unavailable; use evidence_texts and evidence_urls ||| full_text_unavailable; use evidence_texts and evidence_urls ||| full_text_unavailable; use evidence_texts and evidence_urls ||| full_text_unavailable; use evidence_texts and evidence_urls,full_text_unavailable ||| full_text_unavailable ||| full_text_unavailable ||| full_text_unavailable ||| full_text_unavailable,用微信扫码二维码 分享至好友和朋友圈 看着这些火灾逃生者奋力爬出窗外，趴在空调外机上，一只手紧紧抓住空调管道，另一只手捂住口鼻，一边吸着带焦味的浓烟，一边胆战心惊地望向十几米高的地面。这种场面让人看了泪奔，甚至会莫名涌上一股窒息感！ 4月18日，北京。丰台区长峰医院住院部东楼发生火灾，事故现场浓烟四起，不时散发出阵阵焦味，有人绑好床单推开窗户跳下楼逃生，也有人坐在空调外机上瑟瑟发抖等待救援，还有人躺在病床上无法动弹…… 当地消防接报后，立刻汇同医务、公安、应急等相关部门前往救援，经过长达两个多小时的努力，成功救出71名患者，但有29人不幸遇难，还有39人受伤需要住院治疗，其中重症17人，危重症4人。 这次火灾为什么会有这么多人死伤？ 一、这次火灾发生的比较突然，火势又快又猛，不少人逃避不及。 起火原因是长峰医院住院部在内部改造施工作业过程中产生了火花，火花引燃了现场可燃涂料的挥发物。没有防火的涂料燃烧速度很快，长峰医院住院部火灾从起火到整栋布满滚滚浓烟只有短短几分钟。有一名顺着住院楼水管逃成功逃生的护工接受媒体采访时说：“不知道怎么发生的火灾，一下子就烧过来了。”可见当时大火燃烧有多快。 二、长峰医院住院部里住的多数是行动不方便的老者，他们的反应能力和自救能力都不足以应付这场大火。 这些老年患者有的是心脏有问题、有的是脑梗塞、有的是动脉硬化……基本上都是老年性基础疾病，他们连日常生 ||| 2023年4月18日12时57分，北京市消防救援总队指挥中心接到报警，位于丰台区靛厂路291号的长峰医院发生火灾。接警后，指挥中心立即调派总队、支队两级全勤指挥部、9个消防救援站、30部消防车到场处置。 消防救援力量到达现场后，迅速开展人员搜救和火灾扑救。灭火救援行动中，消防救援人员利用云梯、拉梯、连廊和建筑室外平台，在建筑外部搭设多条临时救生通道，同时利用建筑内部疏散楼梯，深入火场，内外结合，快速组织对各楼层各房间开展人员疏散，配合医护人员对危重病人转移疏散。 13时33分明火被扑灭，15时30分现场搜救行动结束，共疏散转移患者、医护人员及家属142人。经初步调查，事故系医院住院部内部改造施工作业过程中产生的火花引燃现场可燃涂料的挥发物所致。事故具体原因和损失还在进一步调查之中。 下一步，我们将痛定思痛，举一反三，聚焦医院、养老机构、高层建筑、地下空间等场所、单位，扎实开展排查整治，推动落实消防安全责任，整改消防安全隐患，维护人民生命财产安全。 ||| 用微信扫码二维码 分享至好友和朋友圈 18日12时57分丰台区消防救援支队接警：北京长峰医院住院部东楼发生火情。接警后，消防、公安、卫健、应急等部门即赴现场处置。13时33分许，现场明火被扑灭。15时30分，现场救援工作结束，共疏散转移患者71人。截至4月19日9时，经转院救治无效，29人不幸死亡。 4月19日，北京市人民政府新闻办公室举行长峰医院火灾事故情况通报会。北京市消防总队副总队长赵洋通报了此次火灾的事故原因。赵洋表示：经初步调查，事故系医院住院部内部改造施工作业过程中产生的火花引燃现场可燃涂料的挥发物所致。事故具体原因和损失还在进一步调查之中。下一步，我们将痛定思痛，举一反三，聚焦医院、养老机构、高层建筑、地下空间等场所、单位，扎实开展排查整治，推动落实消防安全责任，整改消防安全隐患，维护人民生命财产安全。 北京市公安局刑事侦查总队总队长孙海涛通报：经查，北京长峰医院院长王某玲（女，44岁）、副院长汪某（女，37岁）、总务科主任王某阳（男，50岁），施工公司负责人王某峰（男，47岁）、现场施工人员程某君（男，33岁）等12人，涉嫌重大责任事故罪。目前上述人员已被公安机关依法刑事拘留，案件正在进一步工作中。下一步，公安机关将会同相关部门，进一步深入侦查调查、完善固定证据，依法打击处理。 医院属于高火灾风险场所 人员相对集中，伤病患者多 一旦遇到火灾 很难在短时间内进行逃生疏 ||| 北京长峰医院火情(2023年北京长峰医院发生的火灾) : 一般指本词条 2023年4月18日12时57分，北京市丰台区消防救援支队接警：北京长峰医院住院部东楼发生火情。接警后，消防、公安、卫健、应急等部门即赴现场处置。13时33分许，现场明火被扑灭。15时30分，现场救援工作结束，共疏散转移患者71人。 2023年4月21日，国务院安委会决定对长峰医院重大火灾事故查处实行挂牌督办1；5月6日，最高检对北京长峰医院重大火灾事故案挂牌督办2；10月，国务院常务会议审议通过了北京丰台长峰医院“4·18”重大火灾事故调查报告。经国务院事故调查组调查认定，这是一起因事发医院违法违规实施改造工程、施工安全管理不力、日常管理混乱、火灾隐患长期存在，施工单位违规作业、现场安全管理缺失，加之应急处置不力，地方党委政府和有关部门职责不落实而导致的重大生产安全责任事故‘’3截至2023年10月25日，该事故造成29人死亡、42人受伤，直接经济损失3831.82万元4。 2023年10月25日，据新华社消息，北京长峰医院重大火灾事故调查报告公布。北京市委常委、副市长靳伟被问责，41名公职人员被问责。北京长峰医院股份有限公司法定代表人汪文杰、北京长峰医院院长王晓玲等20名涉案人员被立案侦查，其中19人已被检察机关批准逮捕5。2026年2月2日，北京市丰台区人民法院对被告人汪文杰等19人重大责任事故案公开宣判 ||| 热门搜索：煤矿安管人员考试题库2022年煤矿安全规程一通三防图例防治煤与瓦斯突出考试题 1、北 京 丰 台 长 峰 医 院“4 1 8”重 大 火 灾 事 故 调 查 报 告国 务 院 事 故 调 查 组2 0 2 3 年 1 0 月1目 录一、事 故 基 本 情 况.2（一）事 故 单 位 情 况.2（二）相 关 单 位 情 况.6（三）事 发 医 院 I C U 改 造 工 程 情 况.7（四）事 故 发 生 经 过.8（五）事 故 现 场 情 况.9（六）事 故 应 急 处 置 及 评 估 情 况.1 1二、事 故 直 接 原 因.1 3（一）原 因 分 析.1 4（二）事 故 相 关 检 测 鉴 定 及 实 验 情 况.1 5（三）其 他 可 能 因 素 排 除.1 6三、有 2、 关 责 任 单 位 存 在 的 主 要 问 题.1 6（一）有 关 企 业.1 6（二）卫 生 健 康 部 门.2 1（三）住 房 城 乡 建 设 部 门.2 3（四）消 防 部 门.2 4（五）规 划 和 自 然 资 源 部 门.2 6（六）丰 台 区 应 急 办.2 6（七）地 方 党 委 政 府.2 6四、对 有 关 责 任 人 员 及 责 任 单 位 的 处 理 建 议.2 8（一）司 法 机 关 已 采 取 强 制 措 施 的 人 员.2 82（二）有 关 公 职 人 员.2 9（三）,social_media ||| mainstream_news ||| social_media ||| public_web ||| public_web,https://www.163.com/dy/article/I300M2KI05561JHJ.html ||| https://news.fznews.com.cn/gngj/20230419/8o8mJ4HY72.shtml ||| https://www.163.com/dy/article/I2PQGUV20514M3TK.html ||| http://baike.sogou.com/v215252125.htm?fromTitle=%E5%8C%97%E4%BA%AC%E9%95%BF%E5%B3%B0%E5%8C%BB%E9%99%A2%E7%81%AB%E6%83%85 ||| https://www.safewk.com/d-507727.html,title_unavailable ||| title_unavailable ||| title_unavailable ||| title_unavailable ||| title_unavailable,date_unavailable ||| date_unavailable ||| date_unavailable ||| date_unavailable ||| date_unavailable,4,silver_candidate,standard_review,0.000,low,low_risk,accept,,,证据充分支撑火情蔓延、救援细节、舆论焦点及官方调查结论，逻辑连贯。,annotator_A,adjudicated_final,annotator_A
E038,LLM_CHAIN_E038_002,烧烤店员工违规更换液化气阀门导致泄漏爆炸 ||| 伤亡惨重引发社会对餐饮场所燃气安全及监管漏洞的广泛质疑 ||| 地方政府全力搜救伤员并封锁现场，国务院成立特别重大事故调查组彻查 ||| 调查报告发布明确企业主体责任与监管失职，多名干部被问责并启动安全整改,ev-00935;ev-00936;ev-01972;ev-01988,"宁夏银川富洋烧烤店“6·21”特别重大燃气爆炸事故调查报告发布,可以用三个非常概括。调查认定,这是一起因相关企业违法违规...[preview_truncated] ||| 近日，国务院安委办发布关于宁夏银川富洋烧烤店“6·21”特别重大燃气爆炸事故的调查报告。这起事故造成了严重的人员伤亡和财...[preview_truncated] ||| 宁夏银川富洋烧烤店“6•21” 特别重大燃气爆炸事故调查报告 宁夏银川富洋烧烤店“6•21” 特别重大燃气爆炸事故调查报...[preview_truncated] ||| 转自：中华人民共和国应急管理部 点击“阅读原文”下载全文 延伸阅读 · 宁夏银川富洋烧烤店“6•21”特别重大燃气爆炸事...[preview_truncated]",full_text_unavailable; use evidence_texts and evidence_urls ||| full_text_unavailable; use evidence_texts and evidence_urls ||| full_text_unavailable; use evidence_texts and evidence_urls ||| full_text_unavailable; use evidence_texts and evidence_urls,full_text_unavailable ||| full_text_unavailable ||| full_text_unavailable ||| full_text_unavailable,"宁夏银川富洋烧烤店“6·21”特别重大燃气爆炸事故调查报告发布,可以用三个非常概括。调查认定,这是一起因相关企业违法违规检验、经营,并配送不符合标准的液化石油气瓶,烧烤店在使用中违规操作发生泄漏爆炸, ||| 近日，国务院安委办发布关于宁夏银川富洋烧烤店“6·21”特别重大燃气爆炸事故的调查报告。这起事故造成了严重的人员伤亡和财产损失，引起了广泛的社会关注。为了揭示这起事故背后的真相，我们采访了相关专家和受害者家属，希望能为人们提供一些启示。 据了解，事发当时，富洋烧烤店内共有75人就餐，其中8人受伤，包括一名孕妇。现场浓烟滚滚，火光冲天，整个店铺被摧毁。经过调查，事故原因与烧烤店使用的燃气管道泄漏有关。燃气公司负责人表示，他们已经发现了管道的泄漏问题，但未能及时采取措施解决。而烧烤店的经营者则表示，他们并不知道燃气管道存在隐患，已经按照相关部门的要求安装了燃气报警器。 这起事故的发生，再次敲响了安全警钟。国务院安委办通知要求各地区、各部门要认真吸取事故教训，切实加强燃气安全管理，确保人民群众生命财产安全。各级政府和有关部门要加强燃气安全生产监管，严厉打击非法违法行为；燃气企业要落实安全生产主体责任，加强燃气设施维护和管理；餐饮场所要严格遵守燃气安全管理规定，提高安全意识。 在此，我们也呼吁大家要提高安全意识，在日常生活中注意燃气安全。如果发现燃气泄漏，应立即关闭燃气阀门，打开门窗通风，并及时拨打应急救援电话。只有每个人都提高警惕，才能共同守护我们的家园。 御宅族都在用的AI动漫头像生成神器，点击这里，上传照片免费生成 >> ||| 宁夏银川富洋烧烤店“6•21” 特别重大燃气爆炸事故调查报告 宁夏银川富洋烧烤店“6•21” 特别重大燃气爆炸事故调查报告 主办单位：应急管理部 网站标识码bm34000001京ICP备18056520号-2京公网安备11040102700086号 ||| 转自：中华人民共和国应急管理部 点击“阅读原文”下载全文 延伸阅读 · 宁夏银川富洋烧烤店“6•21”特别重大燃气爆炸事故调查报告公布 · 国务院事故调查组相关负责人就宁夏银川富洋烧烤店“6•21”特别重大燃气爆炸事故调查工作答记者问 · 2名中管干部因富洋烧烤店特别重大燃气爆炸事故被问责 24小时滚动播报最新的财经资讯和视频，更多粉丝福利扫描二维码关注（sinafinance） 网友提问：@@=value.question$$ 老师回答：@@=value.answer$$ @@=value.title$$ 新浪财经意见反馈留言板 新浪简介|广告服务|About Sina 联系我们|招聘信息|通行证注册 产品答疑|网站律师|SINA English Copyright © 1996-2024 SINA Corporation All Rights Reserved 新浪公司 版权所有",social_media ||| mainstream_news ||| official ||| mainstream_news,https://www.toutiao.com/article/7329340855360160319/ ||| https://m.sohu.com/a/756083853_121769699/?pvid=000115_3w_a ||| http://www.mem.gov.cn/gk/zfxxgkpt/fdzdgknr/202401/t20240127_476487.shtml ||| https://finance.sina.com.cn/wm/2024-01-27/doc-inaeyhsc3079150.shtml,title_unavailable ||| title_unavailable ||| title_unavailable ||| title_unavailable,date_unavailable ||| date_unavailable ||| date_unavailable ||| date_unavailable,4,silver_candidate,standard_review,0.000,low,low_risk,accept,,,核心事实与证据文本完全对应，事故原因、社会反响、调查问责及整改均有据可查。,annotator_A,adjudicated_final,annotator_A
E038,LLM_CHAIN_E038_003,6月21日20时40分许银川富洋烧烤店发生燃气爆炸 ||| 现场楼梯被毁、逃生通道受阻导致伤亡扩大，公众呼吁加强公共场所安全监管 ||| 消防应急力量迅速扑灭明火并搜救38人，自治区党委部署全区安全隐患排查 ||| 国务院调查报告定性为特别重大责任事故，要求严厉打击非法违法行为并落实企业主体责任,ev-00916;ev-00943;ev-01976;ev-01987,中新网银川6月22日电 (记者 李佩珊)6月21日20时40分许，宁夏银川市兴庆区一烧烤店发生燃气爆炸。21时20分许，...[preview_truncated] ||| 关闭 6月21日20时40分许，宁夏银川市兴庆区一烧烤店发生燃气爆炸。21时20分许，现场明火已扑灭。 按照宁夏党委安排...[preview_truncated] ||| 2025年4月29日，辽宁省辽阳市白塔区三里厨娘饭店发生重大火灾事故，造成22人死亡、3人受伤。火灾直接原因系饭店顾客丢...[preview_truncated] ||| 转自：中国应急管理 事故报告全文下载请点击“阅读原文” ●来源：应急管理部 ●编辑：时宜 推荐阅读 富洋烧烤店特别重大燃...[preview_truncated],full_text_unavailable; use evidence_texts and evidence_urls ||| full_text_unavailable; use evidence_texts and evidence_urls ||| full_text_unavailable; use evidence_texts and evidence_urls ||| full_text_unavailable; use evidence_texts and evidence_urls,full_text_unavailable ||| full_text_unavailable ||| full_text_unavailable ||| full_text_unavailable,中新网银川6月22日电 (记者 李佩珊)6月21日20时40分许，宁夏银川市兴庆区一烧烤店发生燃气爆炸。21时20分许，现场明火已经扑灭。 据现场目击者介绍，烧烤店一楼的煤气罐先发生爆炸，又把二楼的天然气管道引爆。 22日零时左右，现场已完成三轮搜救，事故现场清理正在有序进行。周边住宅、商铺未受到安全影响。 宁夏随即紧急召开党委常委会会议，听取人员搜救、伤员救治和现场清理等工作情况汇报，研究部署事故善后处置及全区安全隐患排查整治工作。强调要坚持人民至上、生命至上，集中一切力量、采取一切措施，争分夺秒、全力以赴做好伤员救治等工作，并深刻汲取教训，举一反三，在全区深入开展安全隐患排查整治工作，坚决消除安全隐患，切实维护人民群众生命健康安全。 目前，宁夏相关部门已紧急成立联合救治组、处置组、调查组，全力以赴做好医疗救治、善后处置等工作。 截至22日凌晨2时，共从现场发现和搜救出38人，均及时送往医院紧急抢救，救治工作正在紧张有序进行。 目前，事故具体原因正在调查中。(完) 【编辑:陈海峰】 更多精彩内容请进入社会新闻 发表评论文明上网理性发言，请遵守新闻评论服务协议 社会新闻精选： 重庆永川山洪地灾已导致9人死亡11人失联 2026年05月25日 18:10:35 15个高价值长江场景机会清单在深发布 向全球发出合作邀约 2026年05月25日 16:55:28 笔墨牵缘40载：草原母亲 ||| 关闭 6月21日20时40分许，宁夏银川市兴庆区一烧烤店发生燃气爆炸。21时20分许，现场明火已扑灭。 按照宁夏党委安排部署，相关部门已紧急成立联合救治组、处置组、调查组，全力以赴做好医疗救治、善后处置等工作。截至22日凌晨2时，共从现场发现和搜救出38人，均及时送往医院紧急抢救，救治工作正在紧张有序进行。 事故发生后，宁夏党委政府高度重视，自治区党委书记、人大常委会主任梁言顺，自治区党委副书记、自治区主席张雨浦第一时间赶赴现场指挥救援工作，要求坚持人民至上、生命至上，集结最强消防、应急、医护救援力量，全力救治人员，同时要全力确保消防救援人员的生命安全。（记者 胡冬梅） ||| 2025年4月29日，辽宁省辽阳市白塔区三里厨娘饭店发生重大火灾事故，造成22人死亡、3人受伤。火灾直接原因系饭店顾客丢弃的未熄灭烟蒂，在风势作用下通过紧贴外墙设置的铝塑板排风道下方缝隙滚入检修口，引燃内部堆放的包装纸箱等垃圾，导致饭店外立面装饰装修使用的铝塑板和建筑外墙聚苯乙烯保温板快速燃烧蔓延成灾。 2023年6月21日，宁夏银川市兴庆区富洋烧烤民族街店发生燃气爆炸事故，造成31人死亡、7人受伤。事故原因是相关企业违法违规检验、经营，并配送不符合标准的液化石油气瓶，烧烤店在使用中违规操作发生泄漏爆炸。由于没有组织疏散、唯一楼梯通道被炸毁的隔墙严重堵塞、二楼临街窗户被封堵并被锚固焊接的钢制广告牌完全阻挡，严重影响人员逃生，导致伤亡扩大。 ||| 转自：中国应急管理 事故报告全文下载请点击“阅读原文” ●来源：应急管理部 ●编辑：时宜 推荐阅读 富洋烧烤店特别重大燃气爆炸事故调查报告公布 国务院事故调查组相关负责人就富洋烧烤店特别重大燃气爆炸事故调查工作答记者问 2名中管干部因富洋烧烤店特别重大燃气爆炸事故被问责 24小时滚动播报最新的财经资讯和视频，更多粉丝福利扫描二维码关注（sinafinance） 网友提问：@@=value.question$$ 老师回答：@@=value.answer$$ @@=value.title$$ 新浪财经意见反馈留言板 新浪简介|广告服务|About Sina 联系我们|招聘信息|通行证注册 产品答疑|网站律师|SINA English Copyright © 1996-2024 SINA Corporation All Rights Reserved 新浪公司 版权所有,public_web ||| mainstream_news ||| official ||| mainstream_news,https://www.chinanews.com.cn/sh/2023/06-22/10029590.shtml ||| http://cn.chinadaily.com.cn/a/202306/22/WS6493945fa310ba94c561302a.html ||| https://yjgl.anqing.gov.cn/xxfb/ztzl/xjpx/2004195016.html ||| https://finance.sina.com.cn/wm/2024-01-27/doc-inaeyhrz6296456.shtml,title_unavailable ||| title_unavailable ||| title_unavailable ||| title_unavailable,date_unavailable ||| date_unavailable ||| date_unavailable ||| date_unavailable,4,silver_candidate,standard_review,0.000,low,low_risk,accept,,,时间节点、伤亡扩大原因、救援数据及国务院定性均获证据直接支撑。,annotator_A,adjudicated_final,annotator_A
E039,LLM_CHAIN_E039_002,燕郊镇临街建筑突发爆燃，楼体坍塌造成重大人员伤亡 ||| 周边居民担忧燃气安全与地下管线老化，质疑施工管理与隐患排查流于形式 ||| 地方政府启动应急响应救治伤员，专家组通报初步原因并部署安全排查 ||| 省级应急管理部门公布事故调查报告，对涉事企业及公职人员追责问责，推动地下管线普查整改,ev-00966;ev-00973;ev-00948;ev-01993,燕郊镇的清晨被一声轰鸣打破，时间定格在3月13日的早晨。对于居住在这里的许多人来说，这是一个令人难以忘怀的日子。事故发生...[preview_truncated] ||| 登录 还没账号？立即注册 点击头像快速登录 凡大皖新闻记者署名文字、图片，版权均属新安晚报社所有。任何媒体、网站或个人，...[preview_truncated] ||| 用微信扫码二维码 分享至好友和朋友圈 河北省应急管理厅调查评估和统计处近日发布燕郊地铁施工项目“3·13”较大燃气爆燃事...[preview_truncated] ||| #燕郊爆燃7人被采取刑事强制措施#【#燕郊致7死爆燃事故调查报告#】近日，河北省应急管理厅在官网发布2024年发生的“3...[preview_truncated],full_text_unavailable; use evidence_texts and evidence_urls ||| full_text_unavailable; use evidence_texts and evidence_urls ||| full_text_unavailable; use evidence_texts and evidence_urls ||| full_text_unavailable; use evidence_texts and evidence_urls,full_text_unavailable ||| full_text_unavailable ||| full_text_unavailable ||| full_text_unavailable,燕郊镇的清晨被一声轰鸣打破，时间定格在3月13日的早晨。对于居住在这里的许多人来说，这是一个令人难以忘怀的日子。事故发生在小张各庄村，一栋四层建筑在爆炸中坍塌，周边建筑也受到了不同程度的损坏。事故已造成7人死亡，27人受伤，现场一片狼藉，空气中弥漫着烧焦的味道。 李向东，一个在燕郊镇经营了9年足浴店的老板，此时正站在距离事故现场仅一条马路之隔的地方，心中五味杂陈。他的店铺玻璃全部被震碎，店内一片混乱。近两年，由于客流量减少，生意已经大不如前，店铺租金却依然是沉重的负担。这次事故让他更加担忧，不知道店铺何时能够恢复营业，也不知道未来的生意会如何。 而周程程，一个二三东苑小区的业主，也是去年“5·16”爆炸事件的亲历者。当她看到这次爆燃的消息时，心中的震惊和不安难以言表。她回忆起去年的爆炸事件，至今仍心有余悸。而她的邻居康艳，在听到这次爆燃的轰鸣后更是吓得一身冷汗。她们都担心，这样的安全事故是否会再次发生，而责任认定书却迟迟未能公布。 事故的原因初步怀疑是燃气管道老化引起的泄漏。这让人们开始关注燕郊镇老城区的燃气管道问题。这些管道大多建于上世纪80年代甚至更早，从未进行过大规模更换。随着时间的推移，管道老化、生锈等问题日益严重，安全隐患不容忽视。而燃气公司虽然会定期进行安全检查，但似乎并没有完全解决这些问题。 对于燕郊镇来说，这次爆燃事故不仅是一次惨痛的教训，更是一个紧迫的警钟。老城区 ||| 登录 还没账号？立即注册 点击头像快速登录 凡大皖新闻记者署名文字、图片，版权均属新安晚报社所有。任何媒体、网站或个人，未经授权不得转载、链接、转贴或以其他方式复制发表；已授权的媒体、网站，在使用时必须注明 “来源：大皖新闻”，违者将依法追究法律责任。 大皖新闻讯 2024年3月13日7时54分，河北三河市燕郊一商户发生因疑似燃气泄漏引发的爆燃事件，截至目前，现场清理已基本完成，事故造成7人死亡，27人受伤。大皖新闻记者注意到，燕郊曾发生过燃气爆燃事故。3月14日上午，大皖新闻记者来到2022年燕郊两次爆燃事故发生地进行探访。 小区燃气爆燃事故发生地：房屋修缮完备，仍有安全隐患 据网信三河微信公众号消息，2022年5月16日下午5时许，河北燕郊行宫东街道二三小区15号楼一住户发生燃气爆燃事故，现场两人受伤，部分居民房屋门窗受损。 网传事故发生视频截图 大皖新闻记者于3月14日上午9时来到此地探访发现，目前该小区15号楼楼体已看不出发生过爆燃事故的痕迹，但周围居民对一年多以前的那起事故还是记忆犹新。 小区15号楼现状 “当时我正躺床上睡觉，忽然听到轰隆一声，屋里玻璃全碎了，落得满屋都是。”家住15号楼三楼的住户王大爷（化姓）向记者回忆，爆炸中心点位于一单元的西侧房屋，“就在我家隔壁，特别吓人，还以为地震了呢。” 王大爷表示，事故发生前，就有居民反映时常闻到难闻的气味，“我们怀疑就是管 ||| 用微信扫码二维码 分享至好友和朋友圈 河北省应急管理厅调查评估和统计处近日发布燕郊地铁施工项目“3·13”较大燃气爆燃事故调查报告。2024年3月13日3时15分许，地铁燕郊站至神威大街站区间盾构施工过程中，造成地埋天然气管道破损泄漏，天然气扩散至周边小张各庄综合服务楼C栋内，于7时54分许发生爆燃，事故造成7人死亡、27人受伤。 司法机关对相关涉事单位的7名责任人员采取刑事强制措施。 对中交隧道局、中交一公局、北京城勘公司、中铁设计公司、北京赛瑞斯公司、快轨公司、京冀公司、北京迅联公司、百川新能源公司、百川燃气公司等共46名人员存在的问题，按照相关规定和管理权限，移交有管辖权的纪检监察机关、组织和单位依规依纪依法处理。 对廊坊市政府及住建局，三河市委市政府及住建局，燕郊高新区党工委管委会及有关部门等共23名公职人员，给予党纪政务处分等处理。 编辑 | 梅青云 责编｜赵宁宁 主编 | 张 越 来源 | 央视新闻 部分素材来源网络，如有侵权请联系删除 点击下方公号名片，阅读更多科普信息 特别声明：以上内容(如有图片或视频亦包括在内)为自媒体平台“网易号”用户上传并发布，本平台仅提供信息存储服务。 Notice: The content above (including the pictures and videos if any) is uploaded and posted by  ||| #燕郊爆燃7人被采取刑事强制措施#【#燕郊致7死爆燃事故调查报告#】近日，河北省应急管理厅在官网发布2024年发生的“3·13”较大燃气爆燃事故调查报告。 2024年3月13日3时15分许，地铁燕郊站至神威大街站区间盾构施工过程中，造成地埋天然气管道破损泄漏，天然气扩散至周边小张各庄综合服务楼C栋内，于7时54分许发生爆燃，事故造成7人死亡、27人受伤。 报告显示，事故直接原因是，廊坊燕郊地铁项目盾构施工作业时造成临近天然气管道破损，导致大量天然气泄漏，扩散至涉事故建筑封闭空间内逐渐聚集，遇点火源发生爆燃。 点击查看大图 报告认为，存在的主要问题有：地铁参建各方和专班的管道调查核查工作流于形式；涉燃气施工安全管理不力；企业违规建设、部门管理缺失；属地安全监管落实不到位；地下燃气管道普查工作开展不力。 对于事故的有关单位和负责人，报告给出了相应的处理意见。 其中，对中交隧道工程局有限公司涉事地铁项目一工区副总工程师季洛洛等7名责任人员采取刑事强制措施； 中交隧道局、北京城勘公司、中铁设计公司、北京赛瑞斯公司、快轨公司、百川新能源公司等6家企业对事故发生负有责任，由廊坊市应急管理局依法决定对上述6家企业及有关人员进行处罚。北京迅联公司，违反《建设工程勘察设计管理条例》第二十一条规定，由廊坊市住房和城乡建设局依据《建设工程勘察设计管理条例》第三十五条第一款规定处以合同额1倍到2倍的罚款，,mainstream_news ||| social_media ||| social_media ||| mainstream_news,https://www.sohu.com/a/764207523_121912124 ||| http://www.ahwang.cn/newsflash/20240314/2653143.html ||| https://www.163.com/dy/article/KE1L0NLO0511DJHA.html ||| https://k.sina.com.cn/article_1887344341_707e96d504001ossa.html,title_unavailable ||| title_unavailable ||| title_unavailable ||| title_unavailable,date_unavailable ||| date_unavailable ||| date_unavailable ||| date_unavailable,4,silver_candidate,standard_review,0.000,low,low_risk,accept,,,证据完整覆盖爆燃事件、居民关切、应急响应及省级调查问责与管线整改要求，表述准确。,annotator_A,adjudicated_final,annotator_A
E040,LLM_CHAIN_E040_001,2023年11月16日永聚煤业联建楼二层浴室电气短路起火 ||| 火灾致26死38伤，公众质疑企业消防管理与初期应急处置不力 ||| 应急管理部派组督办，18名企业人员被刑拘，42名公职人员被问责 ||| 2024年4月调查报告公布明确原因，企业被罚1500万并开展安全整改,ev-00984;ev-01358;ev-01328;ev-01349,吕梁永聚煤业火灾事故(2023年山西吕梁火灾事故) : 一般指本词条 2023年11月16日6时50分左右，山西省吕梁市...[preview_truncated] ||| 用微信扫码二维码 分享至好友和朋友圈 在这个寂静的清晨，山西吕梁的永聚煤业有限公司成为了一场悲剧的舞台。突如其来的大火，...[preview_truncated] ||| 当前位置： 煤炭网 » 煤炭安全 » 煤矿安全动态 » 正文 日期：2024-04-24 来源：央视新闻客户端 国际煤炭...[preview_truncated] ||| 该公司成立于2012年7月，法定代表人为洪武，注册资本3151万人民币，由吕梁永宁煤焦集团有限责任公司、王国庆共同持股。...[preview_truncated],full_text_unavailable; use evidence_texts and evidence_urls ||| full_text_unavailable; use evidence_texts and evidence_urls ||| full_text_unavailable; use evidence_texts and evidence_urls ||| full_text_unavailable; use evidence_texts and evidence_urls,full_text_unavailable ||| full_text_unavailable ||| full_text_unavailable ||| full_text_unavailable,"吕梁永聚煤业火灾事故(2023年山西吕梁火灾事故) : 一般指本词条 2023年11月16日6时50分左右，山西省吕梁市离石区永聚煤业公司地面联建楼发生火灾，造成26人死亡，38人受伤1。 发生事故的联建楼地面共四层，起火点位于二层浴室。2023年11月16日6时50分许，吕梁市离石区永聚煤业联建楼发生火情，消防救援、应急管理、公安、医疗等部门第一时间赶赴现场开展应急处置救援。14时44分火势被扑灭，搜救工作基本结束。永聚煤业火灾事故13责任人被控制并配合调查4。2024年4月23日，山西吕梁永聚煤业“11·16”重大火灾事故调查报告向社会公布，事故直接原因是建筑办公楼二层井口浴室大更衣区0625号吊篮上方电机主供电线绝缘层与金属线卡接触部分破损短路引燃可燃物导致的火灾发生，加之事故初期应急处置不力，最终造成过火面积约900平方米，经济损失4990.26万元。涉嫌违法犯罪的18名企业人员被采取刑事强制措施，42名公职人员被问责6。 2025年9月29日，山西省吕梁市离石区人民法院依法对吕梁永聚煤业有限公司联建楼“11·16”重大火灾事故涉及的韩文明等10人重大劳动安全事故案和陈瑞强等3人工程重大安全事故案公开一审宣判，分别以重大劳动安全事故罪和工程重大安全事故罪依法对韩文明等10人分别判处四年六个月至一年三个月不等有期徒刑；对陈瑞强等3人分别判处三年三个月至二年三个月不等有期徒刑， ||| 用微信扫码二维码 分享至好友和朋友圈 在这个寂静的清晨，山西吕梁的永聚煤业有限公司成为了一场悲剧的舞台。突如其来的大火，如同燎原之势，将联建楼覆盖在熊熊火光之下。这一场突发事件的影响深远，令人震惊的不仅是火灾本身，更是涉事公司的黑幕和安全问题。 11月16日，火灾早上六点多爆发，由初时的惊愕很快演变成全社会的关注。永聚煤业有限公司以其在煤业领域的突出贡献而为人熟知，然而，一场突如其来的大火改变了一切。26名员工的生命在火海中消逝，他们中的大多数是一线的工人，默默为公司的进展付出着。 目击者描述火情的迅速蔓延，犹如魔法般夺走了工人们最后的生存通道。消防员在熊熊火海中的悲壮一幕，无法在第一时间操纵住火势，使整个事件更显无奈。 在火灾处理过程中，信息的不确定性也给社会带来了不小的波动。央视新闻在上午11点40分公布的死亡人数为11人，疏散人数为63人，然而，仅仅一个小时后，死亡人数迅速飙升至19人，最终达到了26人。这样的变化让人们对事件真相更加好奇，引发了对于事故背后是否存在隐瞒的质疑。 随着深入调查，令人震惊的信息浮出水面。联建楼，原先是工人们日常洗浴的场所，却成为了这场灾难的发生地。知情人透露，永聚煤业有限公司曾因频繁的安全事故和违规行为备受诟病，而此次火灾更是揭露了公司在安全治理方面的漏洞。此前的环保问题也为公司招致了社会的不满，形成了一系列的负面舆论。 然而，事件的调查尚未结束 ||| 当前位置： 煤炭网 » 煤炭安全 » 煤矿安全动态 » 正文 日期：2024-04-24 来源：央视新闻客户端 国际煤炭网 手机扫码看资讯 关键词： 山西煤矿煤矿安全永聚煤业 山西吕梁永聚煤业“11·16”重大火灾事故调查报告4月23日向社会公布。 报告显示，山西省公安机关已对永聚煤业实际负责人等涉嫌违法犯罪的18名企业人员采取刑事强制措施。山西省纪检监察机关依规依纪依法对吕梁市、离石区、城北街道党委政府及能源、住建、消防救援、自然资源、应急管理、矿山监察等部门的42名公职人员进行严肃问责。 能源资讯一手掌握，关注 ""国际能源网"" 微信公众号 看资讯 / 读政策 / 找项目 / 推品牌 / 卖产品 / 招投标 / 招代理 / 发文章 扫码关注 国际煤炭网声明：本文仅代表作者本人观点，与国际煤炭网无关，文章内容仅供参考。凡注明“来源：国际煤炭网”的所有作品，版权均属于国际煤炭网，转载时请署名来源。 本网转载自合作媒体或其它网站的信息，登载此文出于传递更多信息之目的，并不意味着赞同其观点或证实其描述。如因作品内容、版权和其它问题请及时与本网联系。 网站首页｜ 关于我们｜ 会员服务｜ 广告服务｜ 报告咨询｜ 服务条款｜ 版权声明｜ 联系方式｜ 网站地图 国际能源网——专业的能源产业价值链服务平台 京ICP备14050515号 增值电信业务许可证：京B2-20210837 京公网安备110 ||| 该公司成立于2012年7月，法定代表人为洪武，注册资本3151万人民币，由吕梁永宁煤焦集团有限责任公司、王国庆共同持股。据媒体此前报道，公安机关对涉嫌违法犯罪的18名企业人员采取刑事强制措施，纪检监察机关对事故中涉嫌违纪违法的42名公职人员进行严肃问责。 天眼查APP显示，近日，山西吕梁离石永聚煤业有限公司因重大火灾事故被罚1500万。处罚事由显示，去年11月16日，该公司联合建筑办公楼二层浴室发生火灾，造成26人死亡，38人受伤，过火面积约900㎡，直接经济损失4990.26万元。 该公司成立于2012年7月，法定代表人为洪武，注册资本3151万人民币，由吕梁永宁煤焦集团有限责任公司、王国庆共同持股。据媒体此前报道，公安机关对涉嫌违法犯罪的18名企业人员采取刑事强制措施，纪检监察机关对事故中涉嫌违纪违法的42名公职人员进行严肃问责。 1.TMT观察网遵循行业规范，任何转载的稿件都会明确标注作者和来源； 2.TMT观察网的原创文章，请转载时务必注明文章作者和""来源：TMT观察网""，不尊重原创的行为TMT观察网或将追究责任； 3.作者投稿可能会经TMT观察网编辑修改或补充。",public_web ||| social_media ||| public_web ||| public_web,http://baike.sogou.com/v216235967.htm?fromTitle=%E5%90%95%E6%A2%81%E6%B0%B8%E8%81%9A%E7%85%A4%E4%B8%9A%E7%81%AB%E7%81%BE%E4%BA%8B%E6%95%85 ||| https://www.163.com/dy/article/IJPMJ1AU05561XU4.html ||| https://coal.in-en.com/html/coal-2645867.shtml ||| http://www.looktmt.com/0000/688/60152771090.html,title_unavailable ||| title_unavailable ||| title_unavailable ||| title_unavailable,date_unavailable ||| date_unavailable ||| date_unavailable ||| date_unavailable,4,silver_candidate,standard_review,0.000,low,low_risk,accept,,,关键事实与证据高度吻合，起火原因、伤亡数据、问责人数、罚款金额及调查报告发布时间均有明确证据支撑。,annotator_A,adjudicated_final,annotator_A
E040,LLM_CHAIN_E040_003,2023年11月16日清晨永聚煤业地面联建楼突发火情 ||| 伤亡数据更新引发舆论关注，遇难者家属悲痛并要求查明真相 ||| 吕梁市政府召开通报会公开致歉，公安机关控制13名责任人配合调查 ||| 调查报告正式向社会公布，涉事企业完成专项安全风险辨识评估,ev-01352;ev-01340;ev-01365;ev-01334,11月16日下午，针对永聚煤业公司发生火灾一事，吕梁市新闻办公室微信公众号发布情况通报：2023年11月16日上午6时5...[preview_truncated] ||| 【#13人因吕梁火灾事故被采取刑事强制措施# 吕梁市市长道歉】11月16日7时许，山西吕梁永聚煤业有限公司联建楼发生火灾...[preview_truncated] ||| 用微信扫码二维码 分享至好友和朋友圈 ↑↑↑觉得还不错，随手订阅我们吧↓↓↓ 民声天下11月17日吕梁快讯 随着各行业复...[preview_truncated] ||| 热门搜索：煤矿安管人员考试题库2022年煤矿安全规程一通三防图例防治煤与瓦斯突出考试题 《针对山西吕梁市永聚煤矿“11·...[preview_truncated],full_text_unavailable; use evidence_texts and evidence_urls ||| full_text_unavailable; use evidence_texts and evidence_urls ||| full_text_unavailable; use evidence_texts and evidence_urls ||| full_text_unavailable; use evidence_texts and evidence_urls,full_text_unavailable ||| full_text_unavailable ||| full_text_unavailable ||| full_text_unavailable,11月16日下午，针对永聚煤业公司发生火灾一事，吕梁市新闻办公室微信公众号发布情况通报：2023年11月16日上午6时50分左右，离石区永聚煤业有限公司联建楼职工澡堂发生火灾。通报称，现场明火已被扑灭，“截至14时，经吕梁市第一人民医院抢救，26人不幸遇难，38名伤者正在全力救治。起火原因正在调查中。” 公开资料显示，山西吕梁离石永聚煤业有限公司为山西东泰能源集团下属民营企业，核定生产能力150万吨/年，员工总数837人。该矿于2020年11月4日批准开工建设，2021年6月1日兼并重组整合项目通过竣工验收。2021年10月12日，山西省应急管理厅批准该矿井为安全生产标准化管理体系二级矿井。 11月16日，新京报贝壳财经记者就火灾相关情况拨打了永聚煤业公司电话，截至发稿时电话并未接通。 11次行政处罚6次环保处罚 天眼查显示，永聚煤业成立于2012年，是一家以从事煤炭开采和洗选业为主的企业。该公司注册资本3151万元，法定代表人为王庆斌。股东信息显示，吕梁永宁煤焦集团有限责任公司（下称：永宁煤焦）持有该公司51%的股份，而公司董事王国庆持有49%的股份。 贝壳财经记者根据天眼查数据统计，永聚煤业曾被行政处罚11次，金额达92万元。其中，在2017年6月，吕梁市煤炭工业局依据《安全生产法》、《煤矿安全规程》及相关规范、标准，作出对煤矿矿长或者其他人员违反操作规程或安全管理规定作业的处 ||| 【#13人因吕梁火灾事故被采取刑事强制措施# 吕梁市市长道歉】11月16日7时许，山西吕梁永聚煤业有限公司联建楼发生火灾，已造成26人不幸遇难。17日下午3点，山西省人民政府新闻办公室召开事故情况通报会，会前全体参会人员向事故中死难者表示默哀。吕梁市市长张广勇表示：向遇难者家属深刻道歉，后续将依法依规做好善后赔偿，全力保证遇难者的尊严和遇难者家属应有的慰藉。目前，公安机关已对煤矿的实际控制人、主要负责人和其他责任人等13人采取了刑事强制措施。@CGTN记者团 举报邮箱：jubao@vip.sina.com Copyright © 1996-2026 SINA Corporation All Rights Reserved 新浪公司 版权所有 ||| 用微信扫码二维码 分享至好友和朋友圈 ↑↑↑觉得还不错，随手订阅我们吧↓↓↓ 民声天下11月17日吕梁快讯 随着各行业复工达产的不断推进，与安全生产工作的相关话题，再度成为焦点。然而，昨天（16日）开始，网络上传出，在山西吕梁一煤矿楼宇发生火灾致人伤亡的消息，一时间，引发社会广泛关注。对此，相关部门第一时间介入给予处置。 “民声君”今天（17日）下午从山西省人民政府新闻办公室正在吕梁市举行的永聚煤业办公楼“11.16”重大火灾事故情况通报会上了解到，吕梁市委副书记、市长表示，将全力配合事故调查，在山西省调查组领导下重拳出击，尽快查明原因，给社会一个明白，给遇难者家属一个交代。目前，公安机关已经对煤矿实际控制人以及负责人等13人采取刑事强制措施。 另悉，国务院安委会已对该起事故挂牌督办。将查清查透事故直接原因、火灾发生机理以及事故暴露出的制度和管理漏洞，对相关责任人员依法依规严肃处理。 值得注意的是，在此次通报会开始前，全体参会人员向事故中死难者表示默哀。（责编/翔宇） *编者注： 以上文字，旨在传递更多最新资讯。版权内容，未经许可，严禁转载。 （您可将相关线索私信我们，也可在文章末尾评论留言即可将您手中的相关线索第一时间反馈。） 万众一心！科学防控！守望相助！共克时艰！ 【互动话题：你对此怎么看？】 ↓↓↓欢迎在底部留言，发表您的见解。↓↓↓ 特别声明：以上内容(如有图片或视频亦包 ||| 热门搜索：煤矿安管人员考试题库2022年煤矿安全规程一通三防图例防治煤与瓦斯突出考试题 《针对山西吕梁市永聚煤矿“11·16”火灾事故安全风险辨识评估报告 - 副本》由会员分享，可在线阅读，更多相关《针对山西吕梁市永聚煤矿“11·16”火灾事故安全风险辨识评估报告 - 副本（11页珍藏版）》请在安全文库网上搜索。 1、针对山西吕梁市永聚煤矿“1116”火灾事故安全风险辨识评估报告二二三年十一月十七日针对山西吕梁市永聚煤矿“1116”火灾事故安全风险辨识评估报告一、辨识概况2023年11月16日，山西省吕梁市永聚煤业有限公司地面办公楼发生火灾，目前共疏散出58人，其中26人遇难。根据煤矿安全生产标准化管理体系基本要求及评分方法 （试行）及上级监管部门要求，全国煤矿发生重特大事故，或者所在省份、 所属集团煤矿发生较大事故后，开展一次专项辨识评估，为深刻汲取事故教训，严防此类事故发生，由矿长组织开展了火灾专项安全风险辨识评估，并将辨识评估结果应用于指导修订完善设计方案、作业规程、操作规程、安全技术措施等技术文件。 2、二、 事故概况永聚煤业有限公司为吕梁东泰集团下属民营企业，核定生产能力150万吨/年，员工总数837人。该矿于2020年11月4日批准开工建设，2021年6月1日兼并重组整合项目通过竣工验收。2021年10月12日，山西省应急管理厅批准该矿井为安全生产标准化管理体系二级矿井,social_media ||| mainstream_news ||| social_media ||| public_web,https://news.sina.com.cn/o/2023-11-17/doc-imzuwuqx3818446.shtml ||| https://k.sina.com.cn/article_3740356007_def14da704003bevc.html ||| https://www.163.com/dy/article/IJOOF4670525PDMG.html ||| https://www.safewk.com/p-506743.html,title_unavailable ||| title_unavailable ||| title_unavailable ||| title_unavailable,date_unavailable ||| date_unavailable ||| date_unavailable ||| date_unavailable,4,silver_candidate,standard_review,0.000,low,low_risk,accept,,,事件链条完整，通报会致歉、刑拘人数、专项安全评估等核心信息均能在对应证据中找到依据，表述合理。,annotator_A,adjudicated_final,annotator_A
E042,LLM_CHAIN_E042_001,外卖骑手交通违法频发引发市民安全担忧与监管关注 ||| 广州发布电动自行车管理新规草案，引发对配送时限与骑手权益的讨论 ||| 市场监管与交警部门联合督促平台优化算法、落实违章停单管控并开展宣贯 ||| 新规于2024年12月30日正式实施，多部门建立常态化协同治理与督导机制,ev-01030;ev-01031;ev-01033;ev-01034;ev-01041;ev-01042;ev-01054;ev-01059;ev-01067,"随着广州外卖骑手数量的激增,交通安全问题日益突出。近日,广州市人大常委会发布了《广州市电动自行车管理规定》(以下简称《规...[preview_truncated] ||| 广州交通新规将于12月30日正式实施,带来了诸多新的规定,包括限制电动车在非机动车道的最高时速不得超过15公里、禁止手持...[preview_truncated] ||| 用微信扫描二维码 分享至好友和朋友圈 外卖新规倒逼骑手更遵守交规 外卖骑手阿坤在红灯前停下电动自行车，而周围的其他骑手则...[preview_truncated] ||| 7月8日，广州市市场监管局披露，督促即时配送平台企业落实安全责任，深入开展电动自行车安全隐患全链条整治行动，对一周内有三...[preview_truncated] ||| 杨旭代表： 您提出的《关于加强外卖配送电动自行车管理的建议》（第20233035号）收悉。我局高度重视，组织市公安局、市...[preview_truncated] ||| 为贯彻落实《广州市电动自行车管理规定》（下称《规定》）有关要求，结合节前企业安全生产检查工作，近日，广州市市场监督管理局...[preview_truncated] ||| IT之家 7 月 9 日消息，“广州市场监管”公众号 7 月 8 日发文，称外卖电动自行车交通安全是大家关注的热门话题，...[preview_truncated] ||| 【财新网】外卖骑手是电动自行车重度使用群体，部分骑手迫于工作压力或为提高配送效率，常常铤而走险，逆行、超速、闯红灯等危险...[preview_truncated] ||| ---- 文明骑行 平安送达 2月28日，“广州市即时配送行业文明出行暨电动自行车规范化管理推广活动”在白云国际会议中心...[preview_truncated]",full_text_unavailable; use evidence_texts and evidence_urls ||| full_text_unavailable; use evidence_texts and evidence_urls ||| full_text_unavailable; use evidence_texts and evidence_urls ||| full_text_unavailable; use evidence_texts and evidence_urls ||| full_text_unavailable; use evidence_texts and evidence_urls ||| full_text_unavailable; use evidence_texts and evidence_urls ||| full_text_unavailable; use evidence_texts and evidence_urls ||| full_text_unavailable; use evidence_texts and evidence_urls ||| full_text_unavailable; use evidence_texts and evidence_urls,full_text_unavailable ||| full_text_unavailable ||| full_text_unavailable ||| full_text_unavailable ||| full_text_unavailable ||| full_text_unavailable ||| full_text_unavailable ||| full_text_unavailable ||| full_text_unavailable,"随着广州外卖骑手数量的激增,交通安全问题日益突出。近日,广州市人大常委会发布了《广州市电动自行车管理规定》(以下简称《规定》),计划于2024年12月30日起实施。这一新规主要针对广州市约20万名外卖 ||| 广州交通新规将于12月30日正式实施,带来了诸多新的规定,包括限制电动车在非机动车道的最高时速不得超过15公里、禁止手持通讯工具以及对频繁违法的骑手进行派单管控。这样一系列新规不可避免地引发了社会的广 ||| 用微信扫描二维码 分享至好友和朋友圈 外卖新规倒逼骑手更遵守交规 外卖骑手阿坤在红灯前停下电动自行车，而周围的其他骑手则无视信号灯，径直穿过马路。这一情景发生在广州市天河北路与体育东路的交叉口。阿坤分享道，尽管过去很少闯红灯，但保持在限速内行驶对他而言是个挑战。新出台的规定让他在工作中更加注意交通规则，同时也坦承，若规定严格实施，同行们的收入可能会大幅缩水。 近期颁布的《广州市网约配送行业公约》旨在规范外卖配送行业，广州市市场监督管理局将与相关部门联手，对电动自行车的安全隐患进行全面整治。根据公约，频繁违章的外卖骑手将面临行业内部的停职惩罚，严重者可能被列入黑名单，永久禁止从事此行业。 广东省体制改革研究会的彭澎会长认为，累积违章次数的制度是一种创新，能有效遏制外卖骑手的违章行为。他指出，新规的实际效果依赖于多部门的联合执行和网约配送平台的合作。 在海珠区中大布匹市场附近，外卖骑手的行驶速度尤为突出，甚至超过了运输布料的电动车。这一地带因临近居民区和高校，夜晚的外卖需求极高，也常有骑手为了赶时间而违章行驶。有市民反映，外卖骑手的超速、逆行等行为屡见不鲜，给交通安全带来了巨大隐患。 公开数据揭示，外卖骑手相关的交通事故频发，其中不乏因超速、逆行导致的事故。广州警方和市场监督部门虽持续关注并努力整治这一问题，违章现象仍难以根除。 新规之下，外卖骑手阿贵表达了内心的矛盾：遵守交通规则意味 ||| 7月8日，广州市市场监管局披露，督促即时配送平台企业落实安全责任，深入开展电动自行车安全隐患全链条整治行动，对一周内有三次以上违法行为的骑手实施全行业停单一天以上限制。一边是外卖员的“生死时速”，一边是百姓对交通安全的关切。新规能否管好外卖小哥的电单车，引起多方关注。 广州新规严治外卖电单车 ​ “我开车正常行驶，突然一个外卖小哥飞车穿越马路。”焦女士说，她遭遇过几次突发情况，至今心有余悸。李先生则与外卖小哥的电单车发生过“亲密接触”，他说：“当时，我驾驶着私家车，打转向灯右转。小哥可能走神了，速度太快来不及刹车，一下子从后面撞了上来。幸好当时我的车速不快，没有造成人员受伤。” ​ 恐怕不少人都有过类似经历。如何遏制外卖骑手交通违法行为多发现象，广州市市场监管部门率先在全省推出了新部署。 ​ 记者了解到，部署中明确了监管对象，即广州市登记上牌的外卖行业电动自行车（行业蓝牌）。整治工作强调要压实平台企业主体责任，重点督促配送企业对使用电动自行车配送的，按照最高速度25km/h守法行驶可完成配送任务的标准，设定配送时限、路线；配送企业补充优化配送人员使用电动自行车及蓄电池的工作程序，强化动态监测核验。 ​ 根据新部署，广州市市场监管局指导行业协会完善骑手管理系统，与市交警部门骑手交通违法信息实现实时对接，在全省率先启动对一周内有三次以上违法行为骑手实施全行业停单一天以上限制。 ​ 广州 ||| 杨旭代表： 您提出的《关于加强外卖配送电动自行车管理的建议》（第20233035号）收悉。我局高度重视，组织市公安局、市商务局、市交通运输局等单位进行认真研究办理，并于7月11日会同相关单位与您座谈交流。您提出的建议很有针对性，经综合市公安局、市商务局、市交通运输局等单位的意见，现将办理情况答复如下： 根据市政府有关要求，我局牵头会同市公安局、市商务局、市交通运输局等部门，建立健全外卖行业电动自行车交通安全联合管理机制，成立工作专班，制订总体工作方案和2022年、2023年实施方案，细化工作任务和职责分工，建立起外卖行业电动自行车联合管理工作机制，综合治理外卖行业交通安全问题，初步形成政府协同、企业自律、行业自治、社会共治的治理格局。 一、关于“强化配送员岗前教育，优化配送时限要求”建议办理情况 (一)我局会同市公安局、市商务局、市交通运输局等管理工作专班成员单位，结合日常监管对平台开展约谈和行政指导，督促平台企业建立起常态化的交通安全宣传教育、培训制度。骑手入职前须经交通安全培训学习、考试合格方或上岗；入职后骑手须参加站点日常和月度安全教育。各平台不定期针对特定人群或特定区域开展定向投放教育内容进行专题安全教育，并组织事故骑手开展线下培训，不参加培训骑手将被限制接单。市公安交警部门不定期组织警力前往外卖平台、企业开展交通安全宣传和交通安全知识讲座，提高骑手安全守法意识。利用信息技 ||| 为贯彻落实《广州市电动自行车管理规定》（下称《规定》）有关要求，结合节前企业安全生产检查工作，近日，广州市市场监督管理局市管一级调研员易兆会带领市外卖行业电动自行车联合管理工作专班成员单位对平台配送服务站点及天河商圈进行督导检查，了解《规定》宣贯和执行情况，现场核查配送电动自行车号牌登记和使用情况。 针对无号牌、遮挡号牌、车辆信息与登记信息不符以及外卖骑手交通违法行为屡禁不止等问题，工作专班督促各平台企业落实主体责任，一是要进一步加强《规定》的学习与宣传，优化配送管理制度；按照遵守交通规则，守法行驶可完成配送任务标准，合理设定配送时限和路线，确保骑手在合法合规的前提下完成配送任务。二是要加大自查自纠和整改力度，完善配送合作商安全绩效考核制度、建立准入和退出机制，强化骑手和配送电动自行车日常安全管理工作，确保车辆合规、人员安全。三是要建立健全风险管理机制，加强骑手相关安全事件风险分析研判，及时化解矛盾纠纷，维护新业态群体合法权益和社会稳定。 ||| IT之家 7 月 9 日消息，“广州市场监管”公众号 7 月 8 日发文，称外卖电动自行车交通安全是大家关注的热门话题，广州市市场监管局坚持问题导向、目标导向，督促即时配送平台企业落实安全责任，深入开展电动自行车安全隐患全链条整治行动。 广州市市场监管局结合广州市外卖行业电动自行车登记上牌（IT之家注：行业蓝牌）工作，摸查在广州市开展业务的即时配送平台企业及配送服务商基本情况，建立主体数据库。 广州市市场监管局联合市公安部门召开行政指导会，开展整治工作政策宣贯，重点敦促： 配送企业对使用电动自行车配送的，按照最高速度 25km/h 守法行驶可完成配送任务的标准，设定配送时限、路线； 配送企业补充优化配送人员使用电动自行车及蓄电池的工作程序，强化动态监测核验。 广州市市场监管局发函相关平台企业和即时配送企业总部，书面告知： 企业要明确电动自行车安全隐患全链条整治具体要求，完善配送管理制度和配送人员车辆管理制度规则； 企业要主动查漏补缺，并将自查和整改情况函复监管部门。 广州市市场监管局会同市公安交警部门： 对美团、饿了么等平台骑手站点开展专项督导检查，督促平台配送合作企业强化配送人员日常安全教育培训，提高配送人员安全意识； 督促企业加强对配送车辆日常管理，及时发现改装车辆并落实恢复原状、禁止使用、限制接单等措施。 广州市市场监管局还指导行业协会： 组织平台企业，落实行业公约各项制度和 ||| 【财新网】外卖骑手是电动自行车重度使用群体，部分骑手迫于工作压力或为提高配送效率，常常铤而走险，逆行、超速、闯红灯等危险驾驶行为屡禁不止。市民一方面依赖快递和外卖小哥提供的便利，另一方面又常常抱怨其中不少人在驾车时不遵守交通法规。 8月30日，广州市人大常委会法工委发布《广州市电动自行车管理规定（草案修改稿·征求意见稿）》（下称《征求意见稿》）。《征求意见稿》提出，即时配送企业应当对一周内有闯红灯、超速行驶、逆向行驶等三次以上严重交通违法行为的驾驶人实行派单管控。 ""+tmpTitle+"" ||| ---- 文明骑行 平安送达 2月28日，“广州市即时配送行业文明出行暨电动自行车规范化管理推广活动”在白云国际会议中心西广场举办。本次活动以“早点走、靠右行、慢慢开”为主题，旨在深入贯彻落实《广州市电动自行车管理规定》，推动行业各方全面落实主体责任，共同构建“源头可溯、过程可控、责任可究”的现代化治理体系，为广州城市安全与文明建设注入行业力量。 “广州市即时配送行业文明出行暨电动自行车规范化管理推广活动”成功举办。 活动现场设置了深入的政策宣贯环节，为行业明晰方向、划清底线。广州市市场监管局对即时配送行业文明出行工作要求进行解读，强调平台企业应当好“第一责任人”和“规则制定者”，从优化算法、合理设定配送时限等源头入手，完善内部车辆与人员管理。 广州市公安局就规范即时配送电动自行车通行秩序提出相关要求，进一步督促平台企业切实强化骑手日常管理，规范骑手交通出行行为，多方携手共建安全、有序、畅通的城市道路通行环境。 广州道路运输行业协会现场宣讲了行业车辆管理规范标准，并发布联合倡议，呼吁平台企业、合作商、骑手及社会各界协同发力，共同筑牢道路交通安全底线。 活动现场举行了庄重的承诺书签署仪式。美团、淘宝闪购、京东秒送等主要即时配送平台企业代表，配送合作商、众包企业负责人以及骑手代表分别签署了《文明出行承诺书》。大家承诺，将严格遵守交通法规，坚持使用合规车辆，自觉杜绝非法改装，摒弃交通陋习",mainstream_news ||| mainstream_news ||| mainstream_news ||| mainstream_news ||| official ||| official ||| public_web ||| mainstream_news ||| official,https://www.sohu.com/a/833571929_122066678 ||| https://www.sohu.com/a/843118478_122066681 ||| https://news.china.com/socialgd/10000169/20240731/46945889.html ||| https://finance.sina.com.cn/jjxw/2024-07-10/doc-inccrmwf2796884.shtml ||| https://scjgj.gz.gov.cn/ztzl/rdjyzxtablqk/rdjy/content/post_9411653.html ||| https://scjgj.gz.gov.cn/zwdt/gzdt/content/post_10090557.html ||| https://www.ithome.com/0/780/584.htm ||| https://www.caixin.com/2024-08-31/102232116.html ||| https://www.gz.gov.cn/zwfw/zxfw/jtfw/content/post_10705356.html,title_unavailable ||| title_unavailable ||| title_unavailable ||| title_unavailable ||| title_unavailable ||| title_unavailable ||| title_unavailable ||| title_unavailable ||| title_unavailable,date_unavailable ||| date_unavailable ||| date_unavailable ||| date_unavailable ||| date_unavailable ||| date_unavailable ||| date_unavailable ||| date_unavailable ||| date_unavailable,7,silver_candidate,standard_review,0.000,low,low_risk,accept,,,新规草案、停单管控、算法优化、12月30日实施及多部门协同机制等主张均被证据充分覆盖，逻辑连贯。,annotator_A,adjudicated_final,annotator_A
E043,LLM_CHAIN_E043_001,共享单车超量投放与乱停放导致占道堆积，引发市民投诉与市容压力 ||| 公众对车辆无序管理表达不满，平台运维调度责任与配额合规性受关注 ||| 武汉市城管、交通、交管三部门联合出台评估办法并启动专项整治，约谈违规企业 ||| 累计督促回收超量车辆10万余辆，运营合规率提升至99%以上，形成长效协同治理机制,ev-01068;ev-01069;ev-01072;ev-01091;ev-01090;ev-01073,共享单车作为一种绿色出行方式，为市民出行提供了便利。然而，部分企业因运维管理不到位导致的超量投放及车辆乱停乱放问题，对城...[preview_truncated] ||| 共享单车作为一种绿色出行方式，为市民出行提供了便利。然而，部分企业因运维管理不到位导致的超量投放及车辆乱停乱放问题，对城...[preview_truncated] ||| 九派新闻 2025-08-12 16:52发布于湖北武汉晨报九派新闻官方账号 共享单车作为一种绿色出行方式，为市民出行提...[preview_truncated] ||| 观点新媒体 2025-08-13 09:26发布于广东观点地产新媒体官方账号 观点网讯：8月11日，武汉市城管执法委员会...[preview_truncated] ||| 在城市交通的发展进程中，共享单车已告别粗放式生长模式，步入精细化治理的成熟发展阶段。技术创新、政企协同与公众参与形成合力...[preview_truncated] ||| 车辆堆积如山市民烦 新华社电（记者冯国栋）有网友爆料称，武汉有大批共享单车被集中存放，原本的空地被堆成了山，周边居民生活...[preview_truncated],full_text_unavailable; use evidence_texts and evidence_urls ||| full_text_unavailable; use evidence_texts and evidence_urls ||| full_text_unavailable; use evidence_texts and evidence_urls ||| full_text_unavailable; use evidence_texts and evidence_urls ||| full_text_unavailable; use evidence_texts and evidence_urls ||| full_text_unavailable; use evidence_texts and evidence_urls,full_text_unavailable ||| full_text_unavailable ||| full_text_unavailable ||| full_text_unavailable ||| full_text_unavailable ||| full_text_unavailable,"共享单车作为一种绿色出行方式，为市民出行提供了便利。然而，部分企业因运维管理不到位导致的超量投放及车辆乱停乱放问题，对城市交通秩序和市容市貌造成了不良影响。 8月11日，武汉市城管执法委员会联合市交通运输局、市公安局交通管理局召开共享单车专题调度会。会议通报，三部门于上月联合出台了《武汉市互联网租赁自行车服务质量评估办法》，并随即启动了专项整治行动。近一个月以来，全市积极推进整治工作，取得显著成效：累计督促三家共享单车经营企业回收违规超量投放车辆10万余辆，全市共享单车运营合规率已提升至99%以上。专项整治行动聚焦三个关键环节： 一是大力开展车辆减量：督促各企业严格按照交通运输部门设定的配额上限合规运营。近一个月内，哈啰、美团、青桔三家企业的回收总量达104,254辆（其中哈啰单车回收52,000辆，美团单车24,962辆，青桔单车27,292辆），有效缓解了共享单车超量投放对城市造成的压力。 二是实施分区分级管控：依据道路停放条件、人流量及骑行需求，在全市重点区域科学设置了禁停区和严控区，明确不同区域的停放管控要求。同时，加强重点区域及潮汐点位的秩序管理，落实专人定点巡查值守制度。 三是优化停放点位施划：对全市严控区2,989个非机动车停放线框进行排查，对其中59处不合理线框进行了整改，并取消了禁停区内原有的共享单车停放区。 在专项整治行动期间，城管执法部门通过大规模扫码抽查发现 ||| 共享单车作为一种绿色出行方式，为市民出行提供了便利。然而，部分企业因运维管理不到位导致的超量投放及车辆乱停乱放问题，对城市交通秩序和市容市貌造成了不良影响。 8月11日，武汉市城管执法委员会联合市交通运输局、市公安局交通管理局召开共享单车专题调度会。会议通报，三部门于上月联合出台了《武汉市互联网租赁自行车服务质量评估办法》，并随即启动了专项整治行动。近一个月以来，全市积极推进整治工作，取得显著成效：累计督促三家共享单车经营企业回收违规超量投放车辆10万余辆，全市共享单车运营合规率已提升至99%以上。 专项整治行动聚焦三个关键环节： 一是大力开展车辆减量：督促各企业严格按照交通运输部门设定的配额上限合规运营。近一个月内，哈啰、美团、青桔三家企业的回收总量达104,254辆（其中哈啰单车回收52,000辆，美团单车24,962辆，青桔单车27,292辆），有效缓解了共享单车超量投放对城市造成的压力。 二是实施分区分级管控：依据道路停放条件、人流量及骑行需求，在全市重点区域科学设置了禁停区和严控区，明确不同区域的停放管控要求。同时，加强重点区域及潮汐点位的秩序管理，落实专人定点巡查值守制度。 三是优化停放点位施划：对全市严控区2989个非机动车停放线框进行排查，对其中59处不合理线框进行了整改，并取消了禁停区内原有的共享单车停放区。 在专项整治行动期间，城管执法部门通过大规模扫码抽查发现 ||| 九派新闻 2025-08-12 16:52发布于湖北武汉晨报九派新闻官方账号 共享单车作为一种绿色出行方式，为市民出行提供了便利。然而，部分企业因运维管理不到位导致的超量投放及车辆乱停乱放问题，对城市交通秩序和市容市貌造成了不良影响。 8月11日，武汉市城管执法委员会联合市交通运输局、市公安局交通管理局召开共享单车专题调度会。会议通报，三部门于上月联合出台了《武汉市互联网租赁自行车服务质量评估办法》，并随即启动了专项整治行动。近一个月以来，全市积极推进整治工作，取得显著成效：累计督促三家共享单车经营企业回收违规超量投放车辆10万余辆，全市共享单车运营合规率已提升至99%以上。 专项整治行动聚焦三个关键环节： 一是大力开展车辆减量：督促各企业严格按照交通运输部门设定的配额上限合规运营。近一个月内，哈啰、美团、青桔三家企业的回收总量达104,254辆（其中哈啰单车回收52,000辆，美团单车24,962辆，青桔单车27,292辆），有效缓解了共享单车超量投放对城市造成的压力。 二是实施分区分级管控：依据道路停放条件、人流量及骑行需求，在全市重点区域科学设置了禁停区和严控区，明确不同区域的停放管控要求。同时，加强重点区域及潮汐点位的秩序管理，落实专人定点巡查值守制度。 三是优化停放点位施划：对全市严控区2989个非机动车停放线框进行排查，对其中59处不合理线框进行了整改，并取消了禁停区内 ||| 观点新媒体 2025-08-13 09:26发布于广东观点地产新媒体官方账号 观点网讯：8月11日，武汉市城管执法委员会联合市交通运输局、市公安局交通管理局召开共享单车专题调度会。 会议通报，近一个月以来，累计督促哈啰、美团、青桔三家共享单车经营企业回收违规超量投放车辆10万余辆，全市共享单车运营合规率已提升至99%以上。整治期间，执法部门发现武汉哈行网络科技有限公司存在严重的“一码多车”及违规超量投放的问题。针对以上不诚信经营行为，三部门在调度会后联合对武汉哈行网络科技有限公司进行了约谈。该公司相关负责人承诺将立即采取措施加速回收超量投放的车辆，并且杜绝“一码多车”的现象。 免责声明：本文内容与数据由观点根据公开信息整理，不构成投资建议，使用前请核实。 ||| 在城市交通的发展进程中，共享单车已告别粗放式生长模式，步入精细化治理的成熟发展阶段。技术创新、政企协同与公众参与形成合力，推动城市出行秩序实现系统性升级，成为城市治理现代化的一个缩影。近年来，多地以“人民城市人民建，人民城市为人民”为核心理念，以解决民生出行痛点为出发点，在优化城市交通结构、重塑城市公共秩序、提升市民出行获得感等方面不断尝试，全面优化共享单车精细化治理模式。 其中，湖北武汉、甘肃兰州、浙江杭州积极融入“智慧城市”建设浪潮，以技术创新为支撑构建智慧出行体系，通过数字化手段实现对车辆的精细化管控，既避免了无序停放对城市公共空间秩序的干扰，又通过动态匹配出行供需提升了资源利用效率，在满足市民多元出行需求的同时，为城市交通秩序优化与空间资源合理配置提供了有力支撑。 武汉 新机制 协同治理破解投放难题 伴随城市化进程推进，共享单车虽为市民短途出行带来便利，但因超量投放、管理无序等问题，出现挤占道路资源、扰乱公共秩序、埋下安全隐患等情况。对此，武汉市积极整合多方力量，通过协同治理破解共享单车管理难题。 今年7月，武汉市城市管理执法委员会联合市交通运输局、市公安局交通管理局，经调研论证与意见征集后，出台《武汉市互联网租赁自行车服务质量评估办法》，明确共享单车运营企业的服务标准与责任边界，为监管提供政策依据。同时，启动专项整治工作，以“问题导向、从严管控”为原则，聚焦市场规范、“一 ||| 车辆堆积如山市民烦 新华社电（记者冯国栋）有网友爆料称，武汉有大批共享单车被集中存放，原本的空地被堆成了山，周边居民生活受到一定影响。武汉市城管委相关负责人告诉记者，集中存放的共享单车涉嫌违规停放、挤占人行道，执法人员暂扣后将其存放在空地上。 10日，在湖北省武汉市洪山区世茂林屿岸小区附近，大批共享单车在一块空地扎堆存放。记者粗略统计，数量有近万辆。在空地附近居住的几位市民说，从今年年初开始，陆续有车辆将共享单车成批运至这块空地。短短三个多月时间，这块面积约2至3 亩的空地已经快堆满了。记者注意到，这些共享单车大部分外观完好、性能正常，走近后还能听到一些单车发出“滴滴”报警声。 共享单车为何会扎堆存放？武汉市城管委相关负责人告诉记者，武汉共享单车规模已达70万辆左右，运营商包括摩拜、ofo、Hellobike、酷骑、牛拜等。部分路段投放的车辆已远超群众实际需求。针对共享单车挤占人行道、乱停乱放等现象，为不影响市民生活和出行，执法部门将违规的共享单车进行暂扣，采取集中停放的措施代为保管，目前已通知相关公司尽快处理，将视情况采取进一步措施。 国内统一连续出版物号:CN13-0005 广告经营许可证号:1304034000019/20 地址：河北省邯郸市滏河北大街42号 邮政编码：056002 投稿信箱:hdrbs@126.com 联系电话：0310-3111097(网站) 广告:311",mainstream_news ||| official ||| mainstream_news ||| mainstream_news ||| official ||| mainstream_news,https://news.hbtv.com.cn/p/4542385.html ||| https://cgw.wuhan.gov.cn/cgdt/cgtp/202508/t20250813_2632788.shtml ||| https://news.qq.com/rain/a/20250812A05NWH00 ||| https://news.qq.com/rain/a/20250813A02BY200 ||| https://cgj.ezhou.gov.cn/dtcg/xyxx/202511/t20251126_735333.html ||| http://szb.handannews.com.cn/new_epaper/hdwb/html/2018-04/12/content_216156.htm,title_unavailable ||| title_unavailable ||| title_unavailable ||| title_unavailable ||| title_unavailable ||| title_unavailable,date_unavailable ||| date_unavailable ||| date_unavailable ||| date_unavailable ||| date_unavailable ||| date_unavailable,5,silver_candidate,standard_review,0.000,low,low_risk,accept,,,超量投放问题、三部门联合整治、回收10万辆及合规率99%等数据与证据完全一致，证据覆盖充分。,annotator_A,adjudicated_final,annotator_A
E043,LLM_CHAIN_E043_002,部分共享单车企业违规超量投放及“一码多车”现象扰乱城市交通秩序 ||| 执法部门暂扣违规车辆集中存放，周边居民生活与出行受到实际影响 ||| 三部门召开专题调度会实施分区分级管控，严格督促企业按配额上限合规运营 ||| 涉事企业承诺立即整改并加速回收车辆，全市共享单车治理步入精细化阶段,ev-01091;ev-01068;ev-01073;ev-01074;ev-01090,观点新媒体 2025-08-13 09:26发布于广东观点地产新媒体官方账号 观点网讯：8月11日，武汉市城管执法委员会...[preview_truncated] ||| 共享单车作为一种绿色出行方式，为市民出行提供了便利。然而，部分企业因运维管理不到位导致的超量投放及车辆乱停乱放问题，对城...[preview_truncated] ||| 车辆堆积如山市民烦 新华社电（记者冯国栋）有网友爆料称，武汉有大批共享单车被集中存放，原本的空地被堆成了山，周边居民生活...[preview_truncated] ||| 新华社武汉4月11日电（记者冯国栋）有网友爆料称，武汉有大批共享单车被集中存放，原本的空地被堆成了山，周边居民生活受到一...[preview_truncated] ||| 在城市交通的发展进程中，共享单车已告别粗放式生长模式，步入精细化治理的成熟发展阶段。技术创新、政企协同与公众参与形成合力...[preview_truncated],full_text_unavailable; use evidence_texts and evidence_urls ||| full_text_unavailable; use evidence_texts and evidence_urls ||| full_text_unavailable; use evidence_texts and evidence_urls ||| full_text_unavailable; use evidence_texts and evidence_urls ||| full_text_unavailable; use evidence_texts and evidence_urls,full_text_unavailable ||| full_text_unavailable ||| full_text_unavailable ||| full_text_unavailable ||| full_text_unavailable,"观点新媒体 2025-08-13 09:26发布于广东观点地产新媒体官方账号 观点网讯：8月11日，武汉市城管执法委员会联合市交通运输局、市公安局交通管理局召开共享单车专题调度会。 会议通报，近一个月以来，累计督促哈啰、美团、青桔三家共享单车经营企业回收违规超量投放车辆10万余辆，全市共享单车运营合规率已提升至99%以上。整治期间，执法部门发现武汉哈行网络科技有限公司存在严重的“一码多车”及违规超量投放的问题。针对以上不诚信经营行为，三部门在调度会后联合对武汉哈行网络科技有限公司进行了约谈。该公司相关负责人承诺将立即采取措施加速回收超量投放的车辆，并且杜绝“一码多车”的现象。 免责声明：本文内容与数据由观点根据公开信息整理，不构成投资建议，使用前请核实。 ||| 共享单车作为一种绿色出行方式，为市民出行提供了便利。然而，部分企业因运维管理不到位导致的超量投放及车辆乱停乱放问题，对城市交通秩序和市容市貌造成了不良影响。 8月11日，武汉市城管执法委员会联合市交通运输局、市公安局交通管理局召开共享单车专题调度会。会议通报，三部门于上月联合出台了《武汉市互联网租赁自行车服务质量评估办法》，并随即启动了专项整治行动。近一个月以来，全市积极推进整治工作，取得显著成效：累计督促三家共享单车经营企业回收违规超量投放车辆10万余辆，全市共享单车运营合规率已提升至99%以上。专项整治行动聚焦三个关键环节： 一是大力开展车辆减量：督促各企业严格按照交通运输部门设定的配额上限合规运营。近一个月内，哈啰、美团、青桔三家企业的回收总量达104,254辆（其中哈啰单车回收52,000辆，美团单车24,962辆，青桔单车27,292辆），有效缓解了共享单车超量投放对城市造成的压力。 二是实施分区分级管控：依据道路停放条件、人流量及骑行需求，在全市重点区域科学设置了禁停区和严控区，明确不同区域的停放管控要求。同时，加强重点区域及潮汐点位的秩序管理，落实专人定点巡查值守制度。 三是优化停放点位施划：对全市严控区2,989个非机动车停放线框进行排查，对其中59处不合理线框进行了整改，并取消了禁停区内原有的共享单车停放区。 在专项整治行动期间，城管执法部门通过大规模扫码抽查发现 ||| 车辆堆积如山市民烦 新华社电（记者冯国栋）有网友爆料称，武汉有大批共享单车被集中存放，原本的空地被堆成了山，周边居民生活受到一定影响。武汉市城管委相关负责人告诉记者，集中存放的共享单车涉嫌违规停放、挤占人行道，执法人员暂扣后将其存放在空地上。 10日，在湖北省武汉市洪山区世茂林屿岸小区附近，大批共享单车在一块空地扎堆存放。记者粗略统计，数量有近万辆。在空地附近居住的几位市民说，从今年年初开始，陆续有车辆将共享单车成批运至这块空地。短短三个多月时间，这块面积约2至3 亩的空地已经快堆满了。记者注意到，这些共享单车大部分外观完好、性能正常，走近后还能听到一些单车发出“滴滴”报警声。 共享单车为何会扎堆存放？武汉市城管委相关负责人告诉记者，武汉共享单车规模已达70万辆左右，运营商包括摩拜、ofo、Hellobike、酷骑、牛拜等。部分路段投放的车辆已远超群众实际需求。针对共享单车挤占人行道、乱停乱放等现象，为不影响市民生活和出行，执法部门将违规的共享单车进行暂扣，采取集中停放的措施代为保管，目前已通知相关公司尽快处理，将视情况采取进一步措施。 国内统一连续出版物号:CN13-0005 广告经营许可证号:1304034000019/20 地址：河北省邯郸市滏河北大街42号 邮政编码：056002 投稿信箱:hdrbs@126.com 联系电话：0310-3111097(网站) 广告:311 ||| 新华社武汉4月11日电（记者冯国栋）有网友爆料称，武汉有大批共享单车被集中存放，原本的空地被堆成了山，周边居民生活受到一定影响。武汉市城管委相关负责人告诉记者，集中存放的共享单车涉嫌违规停放、挤占人行道，执法人员暂扣后将其存放在空地上，目前已通知相关运营公司尽快处理，将视处理情况采取进一步措施。 10日，在湖北省武汉市洪山区世茂林屿岸小区附近，大批共享单车在一块空地扎堆存放。记者粗略统计，数量有近万辆。在空地附近居住的几位市民说，从今年年初开始，陆续有车辆将共享单车成批运至这块空地。短短三个多月时间，这块面积约2至3亩的空地已经快堆满了。记者注意到，这些共享单车大部分外观完好、性能正常，走近后还能听到一些单车发出“滴滴”报警声。 数千米以外的武昌区和平大道附近也有类似情景。在一个荒废的体育场，大约300平方米的空地上堆放了大量不同品牌的共享单车。因为影响到周围居民锻炼活动，一些市民对如此扎堆存放颇有意见。 共享单车为何会扎堆存放？武汉市城管委相关负责人告诉记者，武汉共享单车规模已达70万辆左右，运营商包括摩拜、ofo、Hellobike、酷骑、牛拜等。部分路段投放的车辆已远超群众实际需求。去年，武汉多部门联合发布共享单车“禁增令”。针对共享单车挤占人行道、乱停乱放等现象，为不影响市民生活和出行，执法部门将违规的共享单车进行暂扣，采取集中停放的措施代为保管，目前已通知相关公司尽快处理 ||| 在城市交通的发展进程中，共享单车已告别粗放式生长模式，步入精细化治理的成熟发展阶段。技术创新、政企协同与公众参与形成合力，推动城市出行秩序实现系统性升级，成为城市治理现代化的一个缩影。近年来，多地以“人民城市人民建，人民城市为人民”为核心理念，以解决民生出行痛点为出发点，在优化城市交通结构、重塑城市公共秩序、提升市民出行获得感等方面不断尝试，全面优化共享单车精细化治理模式。 其中，湖北武汉、甘肃兰州、浙江杭州积极融入“智慧城市”建设浪潮，以技术创新为支撑构建智慧出行体系，通过数字化手段实现对车辆的精细化管控，既避免了无序停放对城市公共空间秩序的干扰，又通过动态匹配出行供需提升了资源利用效率，在满足市民多元出行需求的同时，为城市交通秩序优化与空间资源合理配置提供了有力支撑。 武汉 新机制 协同治理破解投放难题 伴随城市化进程推进，共享单车虽为市民短途出行带来便利，但因超量投放、管理无序等问题，出现挤占道路资源、扰乱公共秩序、埋下安全隐患等情况。对此，武汉市积极整合多方力量，通过协同治理破解共享单车管理难题。 今年7月，武汉市城市管理执法委员会联合市交通运输局、市公安局交通管理局，经调研论证与意见征集后，出台《武汉市互联网租赁自行车服务质量评估办法》，明确共享单车运营企业的服务标准与责任边界，为监管提供政策依据。同时，启动专项整治工作，以“问题导向、从严管控”为原则，聚焦市场规范、“一",mainstream_news ||| mainstream_news ||| mainstream_news ||| mainstream_news ||| official,https://news.qq.com/rain/a/20250813A02BY200 ||| https://news.hbtv.com.cn/p/4542385.html ||| http://szb.handannews.com.cn/new_epaper/hdwb/html/2018-04/12/content_216156.htm ||| https://finance.sina.com.cn/roll/2018-04-11/doc-ifyuwqez9020500.shtml ||| https://cgj.ezhou.gov.cn/dtcg/xyxx/202511/t20251126_735333.html,title_unavailable ||| title_unavailable ||| title_unavailable ||| title_unavailable ||| title_unavailable,date_unavailable ||| date_unavailable ||| date_unavailable ||| date_unavailable ||| date_unavailable,5,silver_candidate,standard_review,0.000,low,low_risk,accept,,,“一码多车”、暂扣堆积、分区分级管控及企业承诺整改等细节均有对应证据支持，无事实偏差。,annotator_A,adjudicated_final,annotator_A
E044,LLM_CHAIN_E044_002,共享单车使用量激增引发无序停放与交通安全隐患 ||| 传统调度滞后导致重点区域车辆堆积，管理难度加大 ||| 市城管局多次约谈运营企业并签订约谈书，要求限时整改清运 ||| 企业落实主体责任规范停放，政府部门强化日常巡查与长效监管,ev-01118;ev-02045,"登录 近日，针对市民反映哈啰单车乱停放，严重影响交通安全和市容市貌问题，市城市管理综合执法局约谈了哈啰单车牡丹江负责人，...[preview_truncated] ||| 為了進一步增強共享單車管理, 4月9日,市城市管理綜合執法局約談了哈囉單車負責人。會上簽訂了《牡丹江市城市管理綜合執法局...[preview_truncated]",full_text_unavailable; use evidence_texts and evidence_urls ||| full_text_unavailable; use evidence_texts and evidence_urls,full_text_unavailable ||| full_text_unavailable,"登录 近日，针对市民反映哈啰单车乱停放，严重影响交通安全和市容市貌问题，市城市管理综合执法局约谈了哈啰单车牡丹江负责人，进一步规范共享单车停放秩序，提升城市市容环境。 据了解，按照全市创城工作要求，市城管局要求运营企业加强日常巡查管理，增加运维人员，增设电子围栏，规范车辆停放秩序，及时清运乱停放的共享单车，保证市区重点街路和区域的停放秩序。同时，市城管局在优化营商环境方面，对运营企业目前遇到的困难进行了询问和了解。 哈啰单车牡丹江负责人表示，一定提高思想认识，积极整改存在的问题，确保车辆停放有序，在方便市民出行的同时，维护城市整体形象，消除安全隐患。同时，将加大宣传力度，引导市民规范用车、文明骑行。 天气渐暖，选择共享单车出行的市民逐渐增多，下一步，市城管局将加大管理力度，督促运营企业强化管理和服务，规范共享单车停放秩序，共同努力为广大市民提供绿色便捷的出行方式，确保市容环境整洁有序。 原标题：《维护城市形象、消除安全隐患！牡丹江城管局约谈共享单车企业》 阅读原文 本文为澎湃号作者或机构在澎湃新闻上传并发布，仅代表该作者或机构观点，不代表澎湃新闻的观点或立场，澎湃新闻仅提供信息发布平台。申请澎湃号请用电脑访问http://renzheng.thepaper.cn。 Android版 iPhone版 iPad版 沪ICP备14003370号 沪公网安备31010602000299号  ||| 為了進一步增強共享單車管理, 4月9日,市城市管理綜合執法局約談了哈囉單車負責人。會上簽訂了《牡丹江市城市管理綜合執法局約談書》,城管部門對共享單車的管理提出了一系列要求。 據了解,近年來,共享單車在",mainstream_news ||| public_web,https://www.thepaper.cn/newsDetail_forward_22611409 ||| http://heilongjiang.big5.dbw.cn/system/2021/04/13/058626822.shtml,title_unavailable ||| title_unavailable,date_unavailable ||| date_unavailable,2,silver_candidate,standard_review,0.000,low,low_risk,accept,,,城管约谈、签订约谈书、要求清运整改及强化巡查等主张与证据内容相符，关键节点均有支撑。,annotator_A,adjudicated_final,annotator_A
E045,LLM_CHAIN_E045_002,东湖绿道三期开放及节假日客流增加导致沿线区域单车停放压力骤增 ||| 部分运营企业运维调度滞后，车辆违规停放影响景区秩序 ||| 城管执法局召开调度会划定禁停区，并对管理不力企业实施罚款处罚 ||| 政企协同落实全时段运维保障，强化重点点位巡查与共治机制,ev-02053;ev-01139;ev-02064,6月25日，东湖绿道三期正式开放，吸引众多市民游客前来打卡。 为给市民游客营造良好的骑行环境，6月24日上午，武汉市东湖...[preview_truncated] ||| 因多次忽视潮汐点位预警、未及时清理车辆造成通行受阻，近日，东湖风景区城管执法局对某共享单车运营企业依法处以2000元罚款...[preview_truncated] ||| 极目新闻记者 卢成汉 通讯员余芳利 规整游客乱停放的共享单车、清理景区门口的流动摊贩、清除乱张贴的违规小广告……五一期间...[preview_truncated],full_text_unavailable; use evidence_texts and evidence_urls ||| full_text_unavailable; use evidence_texts and evidence_urls ||| full_text_unavailable; use evidence_texts and evidence_urls,full_text_unavailable ||| full_text_unavailable ||| full_text_unavailable,6月25日，东湖绿道三期正式开放，吸引众多市民游客前来打卡。 为给市民游客营造良好的骑行环境，6月24日上午，武汉市东湖风景区城管执法局组织召开绿道三期单车工作调度会，对东湖南路沿线共享单车进行协调部署，与绿道公司、哈啰单车公司、美团单车公司共同制定运维保障方案。 东湖绿道三期北起双湖桥南端，途经天鹅路、东湖南路，止于风光村一棵树，全长3.45公里，沿线增设了骑行车道，凌波门也新增了夜间灯光秀。观赏灯光秀和等待日出的市民游客成为东湖南路的一道靓丽风景，同时，也为城市管理带来新的挑战。 执法一中队副中队长杨霜介绍，将督促企业落实好社会责任，做好全时段单车运维工作。中队也将适当倾斜执法力量，重点加强一棵树、凌波门、中国科学院水生所等易淤积点位及夜间和日出等“潮汐”时段的巡查值守，做好一线执法管理、文明志愿服务等工作，全力打造“高颜值”城市市容环境。 东湖风景区城管执法局温馨提示，为保障市民、游客有序出行，东湖南路全线禁止停放共享单车，在沿线区域内无法落锁。建议欣赏灯光秀或观看日出的游客，可选择其他公共交通，绿色出行。 扫一扫在手机上查看当前页面 附件: 主办单位：武汉市交通运输局 地址：武汉市江岸区黄孝河路47号 电话：027-12328 邮编：430015 站点地图 政府网站标识码：4201000024 鄂ICP备20001416号 鄂公网安备42010202000104号 您访问的 ||| 因多次忽视潮汐点位预警、未及时清理车辆造成通行受阻，近日，东湖风景区城管执法局对某共享单车运营企业依法处以2000元罚款。 据悉，这是东湖风景区运用“半阈值报警”智慧监管系统精准治理单车乱象的首起典型案例，标志着东湖风景区共享单车管理迈入“预警前置、精准管控”新阶段。 作为热门旅游目的地，东湖风景区内共享单车流量波动剧烈，尤其在网红打卡点及交通枢纽周边，早晚高峰“潮汐式”淤积问题突出。东湖风景区共划定16个共享单车潮汐点位，其中一棵树、水生所、湖山道与鲁磨路交界处、凌波门及磨山景区一号停车场北等5个点位，因紧邻网红地标或景区入口，成为城管一中队重点管控区域。 为精准管控，中队执法人员每日通过“武汉市共享单车智能监管平台”查看点位情况，上午、下午各开展两次专项巡检，形成“平台预警+现场核查”的双重管控模式。 “以往要等车辆堆满才预警，处置时早已影响通行。”东湖城管一中队执法人员介绍，今年启用的“武汉市共享单车智能监管平台”创新采用“半阈值报警”模式，当点位单车数量达到最大承载量的50%时，系统便自动向企业运维人员和执法队员推送预警信息。收到预警后，执法人员会第一时间督促企业清运，同时现场规整阻碍盲道、机动车道的车辆，从源头避免淤积。 此次处罚严格依据《武汉市非机动车管理办法》第三十六条第一款：互联网租赁自行车企业未做好车辆停放管理、未清理禁停区域车辆等，城管部门可责令改正，按每车20 ||| 极目新闻记者 卢成汉 通讯员余芳利 规整游客乱停放的共享单车、清理景区门口的流动摊贩、清除乱张贴的违规小广告……五一期间，在涌动的人潮中，武汉东湖风景区城管执法局执法队员与市政环卫工人员用精致的服务，为游客提供了不一样的旅游新体验。 环卫工人加大清扫保洁频次 “五一假期”模式开启，文旅市场强劲复苏，武汉也一跃而成“网红旅游城市”，山水形盛、人文如歌的东湖也成了一张“靓丽名片”。 为保障假期辖区市容环境秩序，营造干净整洁、有序安全的节日氛围，东湖城管人节前部署不松懈，“五一”在岗“不打烊”，全力做好城市管理各项工作，用心用情护航市民游客的“诗和远方”。 环卫工人加大清扫保洁频次 “共享单车要按照停车区域的指示箭头规范停放，像这样的停放点，我们每天都要整理三四遍。”执法一中队磨山片区组长刘晨指着植物园路一处共享单车停放点说。 “请问一下，磨山是往哪个方向啊？”“景区大门的话，沿着人流方向，往那个方向一直走。”在巡查执法途中，执法队员们时常还会被游客当作“活地图”，帮忙指路。 城管队员帮摆共享单车 “五一”假期期间，该区城管执法局根据往年执法保障经验，结合辖区各重点点位客流量和违法行为高发时段，统筹调配执法力量，日均出动执法人员100余人次，并充分调动路长、店长、楼长等多元共治力量，实行全天候、不间断、无缝隙巡查管控。在湖北省博物馆、梨园广场绿道入口、东湖南路沿线、磨山景区等热门旅游景点,official ||| official ||| mainstream_news,https://jtj.wuhan.gov.cn/jtzx/zwdt/202406/t20240626_2421103.shtml ||| https://cgw.wuhan.gov.cn/zzzq/zzzq_cgxw/202509/t20250918_2649348.shtml ||| https://travel.sohu.com/a/672184160_121284943,title_unavailable ||| title_unavailable ||| title_unavailable,date_unavailable ||| date_unavailable ||| date_unavailable,3,silver_candidate,standard_review,0.000,low,low_risk,accept,,,绿道三期开放背景、划定禁停区、罚款处罚及全时段运维保障等关键节点均获证据直接支撑。,annotator_A,adjudicated_final,annotator_A
E046,LLM_CHAIN_E046_001,工信部组织第三方检测机构开展App及SDK个人信息保护抽查 ||| 检测发现数十款App及SDK存在超范围收集、强制授权等侵权问题 ||| 工信部发布违规通报名单并责令相关企业限期整改 ||| 对整改落实不到位的App依法依规采取下架或行政处罚,ev-01157;ev-01161;ev-01163;ev-02073,用微信扫码二维码 分享至好友和朋友圈 工信部对APP、SDK违法违规收集使用个人信息等问题开展治理。近期，经组织第三方检...[preview_truncated] ||| 登录 据工业和信息化部官方微信公众号“工信微报”消息，近期，工业和信息化部组织第三方检测机构对群众关注的生活服务、休闲娱...[preview_truncated] ||| IT之家 12 月 27 日消息，工业和信息化部信息通信管理局今日发布关于侵害用户权益行为的 App（SDK）通报（20...[preview_truncated] ||| 央视新闻 2025-10-28 17:53发布于北京中央广播电视总台央视新闻官方账号 根据中央网信办、工业和信息化部、公...[preview_truncated],full_text_unavailable; use evidence_texts and evidence_urls ||| full_text_unavailable; use evidence_texts and evidence_urls ||| full_text_unavailable; use evidence_texts and evidence_urls ||| full_text_unavailable; use evidence_texts and evidence_urls,full_text_unavailable ||| full_text_unavailable ||| full_text_unavailable ||| full_text_unavailable,"用微信扫码二维码 分享至好友和朋友圈 工信部对APP、SDK违法违规收集使用个人信息等问题开展治理。近期，经组织第三方检测机构进行抽查，共发现42款APP及SDK存在侵害用户权益行为，现予以通报。详见↓ 综合自：上海发布、工信部 编辑：罗时珎 转载请注明来自上海徐汇官方账号 特别声明：以上内容(如有图片或视频亦包括在内)为自媒体平台“网易号”用户上传并发布，本平台仅提供信息存储服务。 Notice: The content above (including the pictures and videos if any) is uploaded and posted by a user of NetEase Hao, which is a social media platform and only provides information storage services. 大风新闻 2026-05-25 22:28:10 极目新闻 2026-05-25 21:42:20 大象新闻 2026-05-25 17:18:26 齐鲁壹点 2026-05-25 19:03:50 财狗商业评论 2026-05-26 01:28:51 晚风也遗憾 2026-05-26 01:45:00 掌闻视讯 2026-05-23 19:54:51 上游新闻 2026-05-25 14:46:47 虎嗅AP ||| 登录 据工业和信息化部官方微信公众号“工信微报”消息，近期，工业和信息化部组织第三方检测机构对群众关注的生活服务、休闲娱乐、实用工具等移动互联网应用程序（APP）及第三方软件开发工具包（SDK）进行检查，发现55款APP（SDK）存在侵害用户权益行为。 工业和信息化部表示，相关APP及SDK应按有关规定进行整改，整改落实不到位的，将依法依规组织开展相关处置工作。 工业和信息化部通报存在问题的APP（SDK）名单 （来源：工信微报微信公众号、人民网微信公众号） 本文为澎湃号作者或机构在澎湃新闻上传并发布，仅代表该作者或机构观点，不代表澎湃新闻的观点或立场，澎湃新闻仅提供信息发布平台。申请澎湃号请用电脑访问http://renzheng.thepaper.cn。 Android版 iPhone版 iPad版 沪ICP备14003370号 沪公网安备31010602000299号 互联网新闻信息服务许可证：31120170006 增值电信业务经营许可证：沪B2-2017116 © 2014-2026 上海东方报业有限公司 ||| IT之家 12 月 27 日消息，工业和信息化部信息通信管理局今日发布关于侵害用户权益行为的 App（SDK）通报（2024 年第 10 批，总第 45 批）。 工业和信息化部高度重视用户权益保护工作，依据《个人信息保护法》《网络安全法》《电信条例》《电信和互联网用户个人信息保护规定》等法律法规，持续整治 App 侵害用户权益的违规行为。 工信部近期组织第三方检测机构进行抽查，共发现 22 款 App 及 SDK 存在侵害用户权益行为，现予以通报。 IT之家附工业和信息化部通报存在问题的 App (SDK) 名单如下： 上述 App 及 SDK 应按有关规定进行整改，整改落实不到位的，工信部将依法依规组织开展相关处置工作。 广告声明：文内含有的对外跳转链接（包括不限于超链接、二维码、口令等形式），用于传递更多信息，节省甄选时间，结果仅供参考，IT之家所有文章均包含本声明。 软媒旗下网站：IT之家最会买 - 返利返现优惠券iPhone之家Win7之家Win10之家Win11之家 软媒旗下软件：软媒手机APP应用魔方最会买要知 IT之家，软媒旗下科技门户网站 - 爱科技，爱这里。 Copyright © RuanMei.com, All Rights Reserved. ||| 央视新闻 2025-10-28 17:53发布于北京中央广播电视总台央视新闻官方账号 根据中央网信办、工业和信息化部、公安部、市场监管总局等四部门联合发布的《关于开展2025年个人信息保护系列专项行动的公告》，工信部对App、SDK违法违规收集使用个人信息等问题开展治理。近期，经组织第三方检测机构进行抽查，共发现42款App及SDK存在侵害用户权益行为，现予以通报。 这些App及SDK应按有关规定进行整改，整改落实不到位的，工信部将依法依规组织开展相关处置工作。 附件：工业和信息化部通报存在问题的APP（SDK）名单 ©2025中央广播电视总台版权所有。未经许可，请勿转载使用。",social_media ||| social_media ||| public_web ||| mainstream_news,https://www.163.com/dy/article/KD1Q5A5305149R72.html ||| https://www.thepaper.cn/newsDetail_forward_22413038 ||| https://www.ithome.com/0/820/681.htm ||| https://news.qq.com/rain/a/20251028A0542A00,title_unavailable ||| title_unavailable ||| title_unavailable ||| title_unavailable,date_unavailable ||| date_unavailable ||| date_unavailable ||| date_unavailable,4,silver_candidate,standard_review,0.000,low,low_risk,accept,,,第三方检测、通报侵权问题、责令限期整改及依法处置等监管流程与证据描述完全一致。,annotator_A,adjudicated_final,annotator_A
E046,LLM_CHAIN_E046_002,依据《个人信息保护法》等法规启动App侵害用户权益专项治理 ||| 第三方检测暴露部分应用商店审核把关不严及SDK违规收集问题 ||| 官方通报违规主体并督促应用商店立即组织下架处理 ||| 强化平台管理主体责任，对整改不彻底的企业依法严厉处置,ev-01163;ev-01161;ev-02086;ev-02082,IT之家 12 月 27 日消息，工业和信息化部信息通信管理局今日发布关于侵害用户权益行为的 App（SDK）通报（20...[preview_truncated] ||| 登录 据工业和信息化部官方微信公众号“工信微报”消息，近期，工业和信息化部组织第三方检测机构对群众关注的生活服务、休闲娱...[preview_truncated] ||| 据悉，10月26日，工信部向社会通报了131家存在侵害用户权益行为APP企业的名单。截至目前，经第三方检测机构核查复检，...[preview_truncated] ||| 工业和信息化部信息通信管理局 8 月 31 日发布《关于侵害用户权益行为的 App 通报（2020 年第四批）》，这里面...[preview_truncated],full_text_unavailable; use evidence_texts and evidence_urls ||| full_text_unavailable; use evidence_texts and evidence_urls ||| full_text_unavailable; use evidence_texts and evidence_urls ||| full_text_unavailable; use evidence_texts and evidence_urls,full_text_unavailable ||| full_text_unavailable ||| full_text_unavailable ||| full_text_unavailable,"IT之家 12 月 27 日消息，工业和信息化部信息通信管理局今日发布关于侵害用户权益行为的 App（SDK）通报（2024 年第 10 批，总第 45 批）。 工业和信息化部高度重视用户权益保护工作，依据《个人信息保护法》《网络安全法》《电信条例》《电信和互联网用户个人信息保护规定》等法律法规，持续整治 App 侵害用户权益的违规行为。 工信部近期组织第三方检测机构进行抽查，共发现 22 款 App 及 SDK 存在侵害用户权益行为，现予以通报。 IT之家附工业和信息化部通报存在问题的 App (SDK) 名单如下： 上述 App 及 SDK 应按有关规定进行整改，整改落实不到位的，工信部将依法依规组织开展相关处置工作。 广告声明：文内含有的对外跳转链接（包括不限于超链接、二维码、口令等形式），用于传递更多信息，节省甄选时间，结果仅供参考，IT之家所有文章均包含本声明。 软媒旗下网站：IT之家最会买 - 返利返现优惠券iPhone之家Win7之家Win10之家Win11之家 软媒旗下软件：软媒手机APP应用魔方最会买要知 IT之家，软媒旗下科技门户网站 - 爱科技，爱这里。 Copyright © RuanMei.com, All Rights Reserved. ||| 登录 据工业和信息化部官方微信公众号“工信微报”消息，近期，工业和信息化部组织第三方检测机构对群众关注的生活服务、休闲娱乐、实用工具等移动互联网应用程序（APP）及第三方软件开发工具包（SDK）进行检查，发现55款APP（SDK）存在侵害用户权益行为。 工业和信息化部表示，相关APP及SDK应按有关规定进行整改，整改落实不到位的，将依法依规组织开展相关处置工作。 工业和信息化部通报存在问题的APP（SDK）名单 （来源：工信微报微信公众号、人民网微信公众号） 本文为澎湃号作者或机构在澎湃新闻上传并发布，仅代表该作者或机构观点，不代表澎湃新闻的观点或立场，澎湃新闻仅提供信息发布平台。申请澎湃号请用电脑访问http://renzheng.thepaper.cn。 Android版 iPhone版 iPad版 沪ICP备14003370号 沪公网安备31010602000299号 互联网新闻信息服务许可证：31120170006 增值电信业务经营许可证：沪B2-2017116 © 2014-2026 上海东方报业有限公司 ||| 据悉，10月26日，工信部向社会通报了131家存在侵害用户权益行为APP企业的名单。截至目前，经第三方检测机构核查复检，尚有60款APP未按照工业和信息化部要求完成整改。 工信部表示，相关应用商店应在本通报发布后，立即组织对名单中应用软件进行下架处理。后续，工信部还将对未严格落实管理主体责任的部分应用商店及移动应用分发平台，存在违规收集用户个人信息行为的SDK企业，依法严厉处置。 分享快讯到朋友圈 扫码关注腾讯云开发者 领取腾讯云代金券 Copyright © 2013 - 2026 Tencent Cloud. All Rights Reserved. 腾讯云 版权所有 深圳市腾讯计算机系统有限公司 ICP备案/许可证号：粤B2-20090059 粤公网安备44030502008569号 腾讯云计算（北京）有限责任公司 京ICP证150476号 | 京ICP备11018762号 ||| 工业和信息化部信息通信管理局 8 月 31 日发布《关于侵害用户权益行为的 App 通报（2020 年第四批）》，这里面有很多APP可能你都安装过。 工信部称，在近期的检测中，应用宝、豌豆荚等部分移动应用分发平台管理主体责任缺位，对上架 App 审核把关不严，检测发现问题较多，未严格落实工业和信息化部《移动智能终端应用软件预置和分发管理暂行规定》（工信部信管〔2016〕407 号）要求，后续工业和信息化部将对问题突出、有令不行、整改不彻底的企业依法严厉处置。 到底有哪些APP涉嫌违规收集个人信息呢？赶快来看看吧！ 工信部于2020年8月底前上线运行全国APP技术检测平台管理系统，12月10日前完成覆盖40万款主流APP检测工作，及时整改消除违规收集、使用用户个人信息和骚扰用户、欺骗误导用户、应用分发平台管理责任落实不到位等突出问题，净化APP应用空间。 如果你发现APP违规收集用户信息，也可以进行举报。App违法违规收集使用个人信息治理工作组利用微信公众号（“App个人信息举报”）、网站（pip.tc260.org.cn）两种专门渠道，受理广大网民关于违法违规收集使用个人信息的线索举报和问题反映。 另外，对于用户自身而言，做好对APP的权限控制才能有效保护自己的信息安全。如果你不用，不下载肯定是最好的。 （编辑：dankeer） 分享快讯到朋友圈 扫码关注腾讯云开发者 领取腾讯云代",public_web ||| social_media ||| forum ||| forum,https://www.ithome.com/0/820/681.htm ||| https://www.thepaper.cn/newsDetail_forward_22413038 ||| https://cloud.tencent.com/developer/news/722324 ||| https://cloud.tencent.com/developer/news/685051,title_unavailable ||| title_unavailable ||| title_unavailable ||| title_unavailable,date_unavailable ||| date_unavailable ||| date_unavailable ||| date_unavailable,3,silver_candidate,standard_review,0.000,low,low_risk,accept,,,应用商店审核责任缺位、督促下架、依法严厉处置等监管措施在证据中有明确体现，链条完整。,annotator_A,adjudicated_final,annotator_A
E046,LLM_CHAIN_E046_003,群众关注的生活服务、休闲娱乐类App被纳入重点监管范围 ||| 抽查结果引发公众对个人信息安全与权限调用的广泛关注 ||| 工信部公布详细问题名单并明确整改期限与合规标准 ||| 建立常态化技术检测机制，持续净化App应用生态空间,ev-01160;ev-01157;ev-02075;ev-01163,"人民网北京3月21日电 (记者申佳平)据工业和信息化部官方微信公众号“工信微报”消息,近期,工业和信息化部组织第三方检测...[preview_truncated] ||| 用微信扫码二维码 分享至好友和朋友圈 工信部对APP、SDK违法违规收集使用个人信息等问题开展治理。近期，经组织第三方检...[preview_truncated] ||| 用微信扫码二维码 分享至好友和朋友圈 根据中央网信办、工业和信息化部、公安部、市场监管总局等四部门联合发布的《关于开展2...[preview_truncated] ||| IT之家 12 月 27 日消息，工业和信息化部信息通信管理局今日发布关于侵害用户权益行为的 App（SDK）通报（20...[preview_truncated]",full_text_unavailable; use evidence_texts and evidence_urls ||| full_text_unavailable; use evidence_texts and evidence_urls ||| full_text_unavailable; use evidence_texts and evidence_urls ||| full_text_unavailable; use evidence_texts and evidence_urls,full_text_unavailable ||| full_text_unavailable ||| full_text_unavailable ||| full_text_unavailable,"人民网北京3月21日电 (记者申佳平)据工业和信息化部官方微信公众号“工信微报”消息,近期,工业和信息化部组织第三方检测机构对群众关注的生活服务、休闲娱乐、实用工具等移动互联网应用程序(APP)及第三 ||| 用微信扫码二维码 分享至好友和朋友圈 工信部对APP、SDK违法违规收集使用个人信息等问题开展治理。近期，经组织第三方检测机构进行抽查，共发现42款APP及SDK存在侵害用户权益行为，现予以通报。详见↓ 综合自：上海发布、工信部 编辑：罗时珎 转载请注明来自上海徐汇官方账号 特别声明：以上内容(如有图片或视频亦包括在内)为自媒体平台“网易号”用户上传并发布，本平台仅提供信息存储服务。 Notice: The content above (including the pictures and videos if any) is uploaded and posted by a user of NetEase Hao, which is a social media platform and only provides information storage services. 大风新闻 2026-05-25 22:28:10 极目新闻 2026-05-25 21:42:20 大象新闻 2026-05-25 17:18:26 齐鲁壹点 2026-05-25 19:03:50 财狗商业评论 2026-05-26 01:28:51 晚风也遗憾 2026-05-26 01:45:00 掌闻视讯 2026-05-23 19:54:51 上游新闻 2026-05-25 14:46:47 虎嗅AP ||| 用微信扫码二维码 分享至好友和朋友圈 根据中央网信办、工业和信息化部、公安部、市场监管总局等四部门联合发布的《关于开展2025年个人信息保护系列专项行动的公告》，工信部对App、SDK违法违规收集使用个人信息等问题开展治理。近期，经组织第三方检测机构进行抽查，共发现42款App及SDK存在侵害用户权益行为，现予以通报。 这些App及SDK应按有关规定进行整改，整改落实不到位的，工信部将依法依规组织开展相关处置工作。 附件：工业和信息化部通报存在问题的App（SDK）名单 来源 央视财经 责任编辑 吕世成 严云 责任校对 李鸿睿 主编 武熙智 终审 编委 李荣 特别声明：以上内容(如有图片或视频亦包括在内)为自媒体平台“网易号”用户上传并发布，本平台仅提供信息存储服务。 Notice: The content above (including the pictures and videos if any) is uploaded and posted by a user of NetEase Hao, which is a social media platform and only provides information storage services. 大风新闻 2026-05-25 22:28:10 上游新闻 2026-05-25 14:46:47 中国新闻周刊 2026- ||| IT之家 12 月 27 日消息，工业和信息化部信息通信管理局今日发布关于侵害用户权益行为的 App（SDK）通报（2024 年第 10 批，总第 45 批）。 工业和信息化部高度重视用户权益保护工作，依据《个人信息保护法》《网络安全法》《电信条例》《电信和互联网用户个人信息保护规定》等法律法规，持续整治 App 侵害用户权益的违规行为。 工信部近期组织第三方检测机构进行抽查，共发现 22 款 App 及 SDK 存在侵害用户权益行为，现予以通报。 IT之家附工业和信息化部通报存在问题的 App (SDK) 名单如下： 上述 App 及 SDK 应按有关规定进行整改，整改落实不到位的，工信部将依法依规组织开展相关处置工作。 广告声明：文内含有的对外跳转链接（包括不限于超链接、二维码、口令等形式），用于传递更多信息，节省甄选时间，结果仅供参考，IT之家所有文章均包含本声明。 软媒旗下网站：IT之家最会买 - 返利返现优惠券iPhone之家Win7之家Win10之家Win11之家 软媒旗下软件：软媒手机APP应用魔方最会买要知 IT之家，软媒旗下科技门户网站 - 爱科技，爱这里。 Copyright © RuanMei.com, All Rights Reserved.",social_media ||| social_media ||| social_media ||| public_web,http://finance.people.com.cn/n1/2023/0321/c1004-32648518.html ||| https://www.163.com/dy/article/KD1Q5A5305149R72.html ||| https://www.163.com/dy/article/KD28P0MF0514TQ48.html ||| https://www.ithome.com/0/820/681.htm,title_unavailable ||| title_unavailable ||| title_unavailable ||| title_unavailable,date_unavailable ||| date_unavailable ||| date_unavailable ||| date_unavailable,3,silver_candidate,standard_review,0.000,low,low_risk,accept,,,重点监管范围、公布名单、明确整改期限及常态化检测机制等表述均符合证据内容，无过度推断。,annotator_A,adjudicated_final,annotator_A
E047,LLM_CHAIN_E047_001,四部门联合部署2025年个人信息保护专项行动，中央网信办组织专项检测 ||| 检测发现15款App未规范列明SDK信息，16款SDK缺失收集规则且未响应用户权利请求 ||| 中央网信办发布官方通报点名问题产品，责令运营者于15个工作日内完成整改 ||| 涉事企业落实整改，监管部门对整改情况进行核验并依法处置未达标者,ev-02101;ev-01183;ev-02092;ev-01182,中央网信办、工业和信息化部、公安部、市场监管总局关于开展2025年个人信息保护系列专项行动的公告 《中华人民共和国个人信...[preview_truncated] ||| 首页 > 要闻动态 > 国内要闻 关于15款App和16款SDK个人信息收集使用问题的通报 根据中央网信办、工业和信息化...[preview_truncated] ||| IT之家 5 月 6 日消息，根据中央网信办、工业和信息化部、公安部、市场监管总局联合发布的《关于开展 2025 年个人...[preview_truncated] ||| 调查问题加载中，请稍候。 若长时间无响应，请刷新本页面 关于侵害用户权益行为的APP（SDK）通报 （2025年第7批，...[preview_truncated],full_text_unavailable; use evidence_texts and evidence_urls ||| full_text_unavailable; use evidence_texts and evidence_urls ||| full_text_unavailable; use evidence_texts and evidence_urls ||| full_text_unavailable; use evidence_texts and evidence_urls,full_text_unavailable ||| full_text_unavailable ||| full_text_unavailable ||| full_text_unavailable,中央网信办、工业和信息化部、公安部、市场监管总局关于开展2025年个人信息保护系列专项行动的公告 《中华人民共和国个人信息保护法》施行以来，中央网信办会同有关部门持续组织开展个人信息保护相关工作，建立健全工作机制，研究制定标准规范，依法依规查处各类违法违规行为，加强正面典型示范引领，督促指导个人信息处理者不断提升合规水平，取得了积极治理成效。2025年，中央网信办将会同工业和信息化部、公安部、市场监管总局等部门，进一步深入治理常用服务产品和常见生活场景中存在的违法违规收集使用个人信息典型问题，切实维护人民群众在网络空间合法权益，着力提升人民群众满意度、获得感。相关部门将围绕以下重点问题开展系列专项行动： 1.App（含小程序、公众号、快应用）违法违规收集使用个人信息。聚焦App（含小程序、公众号、快应用）未提供个人信息收集使用规则，未按照个人信息收集使用规则处理个人信息，无相关功能或未使用相关功能时调用位置、媒体文件、通讯录、设备等非必要权限或收集非必要个人信息，未提供个人信息相关投诉渠道，未提供有效的更正删除个人信息及注销账号功能，提供个性化信息推送等功能但未提供便捷的拒绝方式，以及开屏等场景频繁“意外”跳转广告页面等问题开展治理。 2.SDK违法违规收集使用个人信息。聚焦SDK未提供个人信息收集使用规则，未按照个人信息收集使用规则或与App明确的规则处理个人信息，未使用SDK相 ||| 首页 > 要闻动态 > 国内要闻 关于15款App和16款SDK个人信息收集使用问题的通报 根据中央网信办、工业和信息化部、公安部、市场监管总局联合发布的《关于开展2025年个人信息保护系列专项行动的公告》，依据《中华人民共和国网络安全法》《中华人民共和国个人信息保护法》《网络数据安全管理条例》《App违法违规收集使用个人信息行为认定方法》等法律法规和有关规定，中央网信办组织对App、SDK收集使用个人信息行为进行检测，现对有关问题予以通报： 一、墨迹天气tv版、医家等15款App存在未逐一列出收集使用个人信息的SDK，未准确列出SDK收集使用个人信息的目的、方式、范围等问题（详见下表）。 二、CTP穿透采集、金仕达穿透采集等16款SDK收集使用个人信息，存在未提供个人信息收集使用规则，未说明自行或协助App响应用户个人信息权利请求的措施，未及时响应用户个人信息投诉举报等权利请求等问题（详见下表）。 三、相关App和SDK运营者应当于本通报发布之日起的15个工作日内完成整改，并将整改情况报我办。我办将会同有关部门进行核查，并结合整改情况依法依规开展处置处罚。 联系电话：010-55635865，邮箱：Appzhili@cac.gov.cn 中央网信办秘书局 2025年５月６日 扫一扫在手机打开当前页 【关闭当前页面】 相关阅读： ||| IT之家 5 月 6 日消息，根据中央网信办、工业和信息化部、公安部、市场监管总局联合发布的《关于开展 2025 年个人信息保护系列专项行动的公告》，依据《中华人民共和国网络安全法》《中华人民共和国个人信息保护法》《网络数据安全管理条例》《App 违法违规收集使用个人信息行为认定方法》等法律法规和有关规定，中央网信办组织对 App、SDK 收集使用个人信息行为进行检测，现对有关问题予以通报： 一、墨迹天气 tv 版、医家等 15 款 App存在未逐一列出收集使用个人信息的 SDK，未准确列出 SDK 收集使用个人信息的目的、方式、范围等问题（详见下表）。 二、CTP 穿透采集、金仕达穿透采集等 16 款 SDK收集使用个人信息，存在未提供个人信息收集使用规则，未说明自行或协助 App 响应用户个人信息权利请求的措施，未及时响应用户个人信息投诉举报等权利请求等问题（详见下表）。 IT之家从中央网信办通报获悉，相关 App 和 SDK 运营者应当于本通报发布之日起的 15 个工作日内完成整改，并将整改情况报中央网信办。中央网信办将会同有关部门进行核查，并结合整改情况依法依规开展处置处罚。返回搜狐，查看更多 ||| 调查问题加载中，请稍候。 若长时间无响应，请刷新本页面 关于侵害用户权益行为的APP（SDK）通报 （2025年第7批，总第52批） 根据中央网信办、工业和信息化部、公安部、市场监管总局等四部门联合发布的《关于开展2025年个人信息保护系列专项行动的公告》，依据《个人信息保护法》《网络安全法》《电信条例》《电信和互联网用户个人信息保护规定》等法律法规，我部对APP、SDK违法违规收集使用个人信息等问题开展治理。近期，经组织第三方检测机构进行抽查，共发现39款APP及SDK存在侵害用户权益行为，现予以通报。 上述APP及SDK应按有关规定进行整改，整改落实不到位的，我部将依法依规组织开展相关处置工作。 工业和信息化部信息通信管理局 2025年11月10日 转自：工信微报 点击右上角微信好友 朋友圈 点击浏览器下方“”分享微信好友Safari浏览器请点击“”按钮 点击右上角QQ 点击浏览器下方“”分享QQ好友Safari浏览器请点击“”按钮,official ||| official ||| mainstream_news ||| mainstream_news,https://www.gov.cn/zhengce/zhengceku/202503/content_7016226.htm ||| https://www.henan.gov.cn/2025/05-07/3155501.html ||| http://www.sohu.com/a/892557415_114760 ||| https://m.gmw.cn/2025-11/10/content_1304219555.htm,title_unavailable ||| title_unavailable ||| title_unavailable ||| title_unavailable,date_unavailable ||| date_unavailable ||| date_unavailable ||| date_unavailable,4,silver_candidate,standard_review,0.000,low,low_risk,accept,,,四部门专项行动、15款App与16款SDK具体问题、15个工作日整改期限等核心事实证据充分，语义准确。,annotator_A,adjudicated_final,annotator_A
E047,LLM_CHAIN_E047_002,中央网信办依据专项行动公告对App和SDK个人信息收集行为开展抽查 ||| 查出多款应用及SDK存在未逐一列出SDK、未提供收集规则等违法违规问题 ||| 网信办正式印发通报公布问题清单，明确整改时限与合规标准 ||| 运营者按要求开展自查整改，监管部门持续跟进后续执法与合规监督,ev-02102;ev-01178;ev-01177;ev-01183,澎湃新闻 2025-03-28 17:01·北京·澎湃新闻官方网易号 中央网信办、工业和信息化部、公安部、市场监管总局发...[preview_truncated] ||| 网信办通报了15款App和16款SDK存在的问题。根据中央网信办、工业和信息化部、公安部、市场监管总局联合发布的公告，依...[preview_truncated] ||| 中央网信办发布关于15款App和16款SDK个人信息收集使用问题的通报。中央网信办组织对App、SDK收集使用个人信息行...[preview_truncated] ||| 首页 > 要闻动态 > 国内要闻 关于15款App和16款SDK个人信息收集使用问题的通报 根据中央网信办、工业和信息化...[preview_truncated],full_text_unavailable; use evidence_texts and evidence_urls ||| full_text_unavailable; use evidence_texts and evidence_urls ||| full_text_unavailable; use evidence_texts and evidence_urls ||| full_text_unavailable; use evidence_texts and evidence_urls,full_text_unavailable ||| full_text_unavailable ||| full_text_unavailable ||| full_text_unavailable,"澎湃新闻 2025-03-28 17:01·北京·澎湃新闻官方网易号 中央网信办、工业和信息化部、公安部、市场监管总局发布关于开展2025年个人信息保护系列专项行动的公告。2025年，中央网信办将会同工业和信息化部、公安部、市场监管总局等部门，进一步深入治理常用服务产品和常见生活场景中存在的违法违规收集使用个人信息典型问题，切实维护人民群众在网络空间合法权益，着力提升人民群众满意度、获得感。相关部门将围绕以下重点问题开展系列专项行动： 1.App（含小程序、公众号、快应用）违法违规收集使用个人信息。 2.SDK违法违规收集使用个人信息。 3.智能终端违法违规收集使用个人信息。 4.公共场所违法违规收集使用人脸识别信息。 5.线下消费场景违法违规收集使用个人信息。 6.个人信息相关违法犯罪案件。（“网信中国”微信公号） 写跟贴 已复制链接 快去分享给好友吧 ||| 网信办通报了15款App和16款SDK存在的问题。根据中央网信办、工业和信息化部、公安部、市场监管总局联合发布的公告，依据相关法律法规，中央网信办组织对App、SDK收集使用个人信息行为进行了检测。 墨迹天气tv版、医家等15款App未逐一列出收集使用个人信息的SDK，也未准确列出SDK收集使用个人信息的目的、方式和范围等问题。CTP穿透采集、金仕达穿透采集等16款SDK在收集使用个人信息时，未提供个人信息收集使用规则，未说明自行或协助App响应用户个人信息权利请求的措施，且未及时响应用户个人信息投诉举报等权利请求。 相关App和SDK运营者需在通报发布之日起的15个工作日内完成整改。 ||| 中央网信办发布关于15款App和16款SDK个人信息收集使用问题的通报。中央网信办组织对App、SDK收集使用个人信息行为进行检测,现对有关问题予以通报:一、墨迹天气tv版、医家等15款App存在未逐 ||| 首页 > 要闻动态 > 国内要闻 关于15款App和16款SDK个人信息收集使用问题的通报 根据中央网信办、工业和信息化部、公安部、市场监管总局联合发布的《关于开展2025年个人信息保护系列专项行动的公告》，依据《中华人民共和国网络安全法》《中华人民共和国个人信息保护法》《网络数据安全管理条例》《App违法违规收集使用个人信息行为认定方法》等法律法规和有关规定，中央网信办组织对App、SDK收集使用个人信息行为进行检测，现对有关问题予以通报： 一、墨迹天气tv版、医家等15款App存在未逐一列出收集使用个人信息的SDK，未准确列出SDK收集使用个人信息的目的、方式、范围等问题（详见下表）。 二、CTP穿透采集、金仕达穿透采集等16款SDK收集使用个人信息，存在未提供个人信息收集使用规则，未说明自行或协助App响应用户个人信息权利请求的措施，未及时响应用户个人信息投诉举报等权利请求等问题（详见下表）。 三、相关App和SDK运营者应当于本通报发布之日起的15个工作日内完成整改，并将整改情况报我办。我办将会同有关部门进行核查，并结合整改情况依法依规开展处置处罚。 联系电话：010-55635865，邮箱：Appzhili@cac.gov.cn 中央网信办秘书局 2025年５月６日 扫一扫在手机打开当前页 【关闭当前页面】 相关阅读：",mainstream_news ||| mainstream_news ||| social_media ||| official,http://c.m.163.com/news/a/JROK3V450514R9P4.html ||| https://3g.china.com/act/news/10000169/20250507/48296893.html ||| https://www.toutiao.com/article/7501315768747852303/ ||| https://www.henan.gov.cn/2025/05-07/3155501.html,title_unavailable ||| title_unavailable ||| title_unavailable ||| title_unavailable,date_unavailable ||| date_unavailable ||| date_unavailable ||| date_unavailable,4,silver_candidate,standard_review,0.000,low,low_risk,accept,,,网信办抽查通报、问题清单、整改时限及后续执法监督等链条环节均有可靠证据支撑，符合验收标准。,annotator_A,adjudicated_final,annotator_A
E047,LLM_CHAIN_E047_003,监管部门启动2025年个人信息保护系列执法行动 ||| 第三方检测发现15款App和16款SDK存在侵害用户权益的违规收集行为 ||| 中央网信办发布专项通报要求相关方限期整改并反馈情况 ||| 企业完成整改并提交报告，监管部门建立常态化监督与依法处置机制,ev-02105;ev-02093;ev-01183;ev-01182,【四部门：开展2025年个人信息保护系列专项行动】财联社3月28日电，2025年，中央网信办将会同工业和信息化部、公安部...[preview_truncated] ||| IT之家 2025-05-06 20:50发布于湖北IT之家官方账号 IT之家 5 月 6 日消息，根据中央网信办、工业...[preview_truncated] ||| 首页 > 要闻动态 > 国内要闻 关于15款App和16款SDK个人信息收集使用问题的通报 根据中央网信办、工业和信息化...[preview_truncated] ||| 调查问题加载中，请稍候。 若长时间无响应，请刷新本页面 关于侵害用户权益行为的APP（SDK）通报 （2025年第7批，...[preview_truncated],full_text_unavailable; use evidence_texts and evidence_urls ||| full_text_unavailable; use evidence_texts and evidence_urls ||| full_text_unavailable; use evidence_texts and evidence_urls ||| full_text_unavailable; use evidence_texts and evidence_urls,full_text_unavailable ||| full_text_unavailable ||| full_text_unavailable ||| full_text_unavailable,【四部门：开展2025年个人信息保护系列专项行动】财联社3月28日电，2025年，中央网信办将会同工业和信息化部、公安部、市场监管总局等部门，进一步深入治理常用服务产品和常见生活场景中存在的违法违规收集使用个人信息典型问题，切实维护人民群众在网络空间合法权益，着力提升人民群众满意度、获得感。返回搜狐，查看更多 ||| IT之家 2025-05-06 20:50发布于湖北IT之家官方账号 IT之家 5 月 6 日消息，根据中央网信办、工业和信息化部、公安部、市场监管总局联合发布的《关于开展 2025 年个人信息保护系列专项行动的公告》，依据《中华人民共和国网络安全法》《中华人民共和国个人信息保护法》《网络数据安全管理条例》《App 违法违规收集使用个人信息行为认定方法》等法律法规和有关规定，中央网信办组织对 App、SDK 收集使用个人信息行为进行检测，现对有关问题予以通报： 一、墨迹天气 tv 版、医家等 15 款 App 存在未逐一列出收集使用个人信息的 SDK，未准确列出 SDK 收集使用个人信息的目的、方式、范围等问题（详见下表）。 二、CTP 穿透采集、金仕达穿透采集等 16 款 SDK 收集使用个人信息，存在未提供个人信息收集使用规则，未说明自行或协助 App 响应用户个人信息权利请求的措施，未及时响应用户个人信息投诉举报等权利请求等问题（详见下表）。 IT之家从中央网信办通报获悉，相关 App 和 SDK 运营者应当于本通报发布之日起的 15 个工作日内完成整改，并将整改情况报中央网信办。中央网信办将会同有关部门进行核查，并结合整改情况依法依规开展处置处罚。 ||| 首页 > 要闻动态 > 国内要闻 关于15款App和16款SDK个人信息收集使用问题的通报 根据中央网信办、工业和信息化部、公安部、市场监管总局联合发布的《关于开展2025年个人信息保护系列专项行动的公告》，依据《中华人民共和国网络安全法》《中华人民共和国个人信息保护法》《网络数据安全管理条例》《App违法违规收集使用个人信息行为认定方法》等法律法规和有关规定，中央网信办组织对App、SDK收集使用个人信息行为进行检测，现对有关问题予以通报： 一、墨迹天气tv版、医家等15款App存在未逐一列出收集使用个人信息的SDK，未准确列出SDK收集使用个人信息的目的、方式、范围等问题（详见下表）。 二、CTP穿透采集、金仕达穿透采集等16款SDK收集使用个人信息，存在未提供个人信息收集使用规则，未说明自行或协助App响应用户个人信息权利请求的措施，未及时响应用户个人信息投诉举报等权利请求等问题（详见下表）。 三、相关App和SDK运营者应当于本通报发布之日起的15个工作日内完成整改，并将整改情况报我办。我办将会同有关部门进行核查，并结合整改情况依法依规开展处置处罚。 联系电话：010-55635865，邮箱：Appzhili@cac.gov.cn 中央网信办秘书局 2025年５月６日 扫一扫在手机打开当前页 【关闭当前页面】 相关阅读： ||| 调查问题加载中，请稍候。 若长时间无响应，请刷新本页面 关于侵害用户权益行为的APP（SDK）通报 （2025年第7批，总第52批） 根据中央网信办、工业和信息化部、公安部、市场监管总局等四部门联合发布的《关于开展2025年个人信息保护系列专项行动的公告》，依据《个人信息保护法》《网络安全法》《电信条例》《电信和互联网用户个人信息保护规定》等法律法规，我部对APP、SDK违法违规收集使用个人信息等问题开展治理。近期，经组织第三方检测机构进行抽查，共发现39款APP及SDK存在侵害用户权益行为，现予以通报。 上述APP及SDK应按有关规定进行整改，整改落实不到位的，我部将依法依规组织开展相关处置工作。 工业和信息化部信息通信管理局 2025年11月10日 转自：工信微报 点击右上角微信好友 朋友圈 点击浏览器下方“”分享微信好友Safari浏览器请点击“”按钮 点击右上角QQ 点击浏览器下方“”分享QQ好友Safari浏览器请点击“”按钮,mainstream_news ||| mainstream_news ||| official ||| mainstream_news,https://www.sohu.com/a/876884400_222256 ||| https://news.qq.com/rain/a/20250506A08M0Q00 ||| https://www.henan.gov.cn/2025/05-07/3155501.html ||| https://m.gmw.cn/2025-11/10/content_1304219555.htm,title_unavailable ||| title_unavailable ||| title_unavailable ||| title_unavailable,date_unavailable ||| date_unavailable ||| date_unavailable ||| date_unavailable,4,silver_candidate,standard_review,0.000,low,low_risk,accept,,,证据充分支持事件链条各环节，关键事实（专项行动、通报数量、整改要求及后续处置）均有明确出处，表述准确。,annotator_A,adjudicated_final,annotator_A
E048,LLM_CHAIN_E048_001,江苏省通信管理局组织第三方检测机构对省内APP开展个人信息保护专项检查 ||| 2025年2月20日公开通报20款侵害用户权益或未完成整改的APP名单 ||| 责令相关开发运营者于2月28日前完成整改并反馈落实情况 ||| 明确逾期整改不到位将依法采取下架、关停或行政处罚等处置措施,ev-01198;ev-01200;ev-01206,扬眼 2025-02-20 22:41发布于江苏扬子晚报扬眼官方账号 2月20日，记者从江苏省通信管理局官网获悉，江苏省...[preview_truncated] ||| 2月20日，记者从江苏省通信管理局官网获悉，江苏省通信管理局通报2025年第1批侵害用户权益行为APP。 江苏省通信管理...[preview_truncated] ||| 江苏省通信管理局高度重视用户权益保护工作，依据《个人信息保护法》《网络安全法》《电信条例》《电信和互联网用户个人信息保护...[preview_truncated],full_text_unavailable; use evidence_texts and evidence_urls ||| full_text_unavailable; use evidence_texts and evidence_urls ||| full_text_unavailable; use evidence_texts and evidence_urls,full_text_unavailable ||| full_text_unavailable ||| full_text_unavailable,扬眼 2025-02-20 22:41发布于江苏扬子晚报扬眼官方账号 2月20日，记者从江苏省通信管理局官网获悉，江苏省通信管理局通报2025年第1批侵害用户权益行为APP。 图源 江苏省通信管理局官网 江苏省通信管理局高度重视用户权益保护工作，依据《个人信息保护法》《网络安全法》《电信条例》《电信和互联网用户个人信息保护规定》等法律法规，持续整治APP侵害用户权益的违规行为。近期，江苏省通信管理局组织第三方检测机构对群众关注的省内生活服务、休闲娱乐、实用工具等类型的APP进行检查，并通报相关违规APP主办者限期整改。 截至目前，尚有20款APP未完成整改，予以通报。上述APP开发运营者须在2月28日前完成整改，整改落实不到位的，江苏省通信管理局将视情采取下架、关停、行政处罚等措施。 存在问题的APP清单 图源 江苏省通信管理局官网 扬子晚报/紫牛新闻记者 马燕 校对 盛媛媛 ||| 2月20日，记者从江苏省通信管理局官网获悉，江苏省通信管理局通报2025年第1批侵害用户权益行为APP。 江苏省通信管理局高度重视用户权益保护工作，依据《个人信息保护法》《网络安全法》《电信条例》《电信和互联网用户个人信息保护规定》等法律法规，持续整治APP侵害用户权益的违规行为。近期，江苏省通信管理局组织第三方检测机构对群众关注的省内生活服务、休闲娱乐、实用工具等类型的APP进行检查，并通报相关违规APP主办者限期整改。 截至目前，尚有20款APP未完成整改，予以通报。上述APP开发运营者须在2月28日前完成整改，整改落实不到位的，江苏省通信管理局将视情采取下架、关停、行政处罚等措施。 存在问题的APP清单 图源 江苏省通信管理局官网 扬子晚报/紫牛新闻记者 马燕 校对 盛媛媛 媒体来源：扬子晚报 ||| 江苏省通信管理局高度重视用户权益保护工作，依据《个人信息保护法》《网络安全法》《电信条例》《电信和互联网用户个人信息保护规定》等法律法规，持续整治APP侵害用户权益的违规行为。近期，江苏省通信管理局组织第三方检测机构对群众关注的省内生活服务、休闲娱乐、实用工具等类型的APP进行检查，并通报相关违规APP主办者限期整改。 截至目前，尚有20款APP未完成整改（详见附件），现予以通报。请上述APP开发运营者在2月28日前完成整改，整改落实不到位的，江苏省通信管理局将视情采取下架、关停、行政处罚等措施。 联系方式：025-63090206，邮箱：app@jsca.gov.cn 附件：存在问题的APP清单 序号 APP名称 APP主办者 所涉问题 版本信息 是否备案 1 咕咕社区 江苏金点子品牌推广有限公司 违规收集个人信息；超范围收集个人信息；APP强制、频繁、过度索取权限 3.0.0 是 2 乖淘 苏州乖淘网络科技有限公司 超范围收集个人信息；强制用户使用定向推送功能；APP强制、频繁、过度索取权限；APP频繁自启动和关联启动 0.4.8 是 3 憨妈妈 憨妈妈网络科技（苏州）有限公司 违规收集个人信息；超范围收集个人信息；违规使用个人信息；APP强制、频繁、过度索取权限 3.3.1.8 是 4 通行宝 江苏通行宝智慧交通科技股份有限公司 违规收集个人信息；超范围收集个人信息；违规使用,mainstream_news ||| public_web ||| mainstream_news,https://new.qq.com/rain/a/20250220A09IOA00 ||| https://partners.sina.cn/html/uc/toutiao/article?docUrl=https%3A%2F%2Fk.sina.cn%2Farticle_1653603955_628ffe7302001q8ak.html&en_dataid=810b9a7384f4d288a7a3af8983e043441bbc80544315c29fa301e58f10624157&wm=6079 ||| https://m.thepaper.cn/newsDetail_forward_30246131,title_unavailable ||| title_unavailable ||| title_unavailable,date_unavailable ||| date_unavailable ||| date_unavailable,3,silver_candidate,standard_review,0.000,low,low_risk,accept,,,链条内容与证据高度一致，时间、主体、通报数量、整改期限及处罚措施等核心要素均被证据完整覆盖。,annotator_A,adjudicated_final,annotator_A
E048,LLM_CHAIN_E048_002,依据《个人信息保护法》等法规持续开展APP侵害用户权益专项整治 ||| 检测发现20款APP存在违规收集使用个人信息等问题并予以通报 ||| 要求涉事APP主办者限期整改并报送整改情况 ||| 对整改落实不到位的APP视情采取下架、关停等后续监管措施,ev-01199;ev-01201,"2月20日,记者从江苏省通信管理局官网获悉,江苏省通信管理局通报2025年第1批侵害用户权益行为APP。 图源 江苏省通...[preview_truncated] ||| 扬眼 2025-02-20 22:41发布于江苏扬子晚报扬眼官方账号 2月20日，记者从江苏省通信管理局官网获悉，江苏省...[preview_truncated]",full_text_unavailable; use evidence_texts and evidence_urls ||| full_text_unavailable; use evidence_texts and evidence_urls,full_text_unavailable ||| full_text_unavailable,"2月20日,记者从江苏省通信管理局官网获悉,江苏省通信管理局通报2025年第1批侵害用户权益行为APP。 图源 江苏省通信管理局官网 江苏省通信管理局高度重视用户权益保护工作,依据《个人信息保护法》《 ||| 扬眼 2025-02-20 22:41发布于江苏扬子晚报扬眼官方账号 2月20日，记者从江苏省通信管理局官网获悉，江苏省通信管理局通报2025年第1批侵害用户权益行为APP。 图源 江苏省通信管理局官网 江苏省通信管理局高度重视用户权益保护工作，依据《个人信息保护法》《网络安全法》《电信条例》《电信和互联网用户个人信息保护规定》等法律法规，持续整治APP侵害用户权益的违规行为。近期，江苏省通信管理局组织第三方检测机构对群众关注的省内生活服务、休闲娱乐、实用工具等类型的APP进行检查，并通报相关违规APP主办者限期整改。 截至目前，尚有20款APP未完成整改，予以通报。上述APP开发运营者须在2月28日前完成整改，整改落实不到位的，江苏省通信管理局将视情采取下架、关停、行政处罚等措施。 存在问题的APP清单 图源 江苏省通信管理局官网 扬子晚报/紫牛新闻记者 马燕 校对 盛媛媛",social_media ||| mainstream_news,https://www.toutiao.com/article/7473506739116048908/ ||| https://view.inews.qq.com/a/20250220A09IOA00?scene=qqsearch,title_unavailable ||| title_unavailable,date_unavailable ||| date_unavailable,2,silver_candidate,standard_review,0.000,low,low_risk,accept,,,概括准确，核心监管动作与证据内容完全吻合，无事实偏差或语义改变。,annotator_A,adjudicated_final,annotator_A
E049,LLM_CHAIN_E049_001,2024年1月媒体调查曝光聚合平台网约车“阴阳账单”及订单层层转卖导致抽成突破30%红线 ||| 司机群体投诉收入缩水与账单不透明，引发公众对平台“雁过拔毛”及责任推诿的质疑 ||| 交通运输部门及行业协会重申抽成上限规定，要求平台落实“阳光行动”并规范聚合模式 ||| 监管部门推动明确聚合平台与承运方权责边界，持续整治抽成不透明问题并建立首问负责制,ev-01217;ev-01226;ev-01371;ev-01221;ev-01372;ev-01375;ev-01377;ev-01385;ev-01370;ev-01386,2024-01-16 11:33:07新视界来自北京市 凤凰网科技《新视界》出品 作者｜陈枫 编辑｜任清 “乘客支付15...[preview_truncated] ||| 近日，有媒体调查网约车行业抽佣现象发现，在一些聚合平台上，网约车订单被层层转卖，多平台“总抽成”近五成；还有平台“阴阳账...[preview_truncated] ||| “乘客支付155.06元，而平台却显示乘客支付了102.89元。”1月15日，某网约车平台（阳光出行）司机陈晨（化名）在...[preview_truncated] ||| 【#你打车费的三分之一不翼而飞了# 抽成超30%，阴阳账单涉嫌违法？】#网约车司机为什么选择聚合平台# ？ 长久以来，网...[preview_truncated] ||| 用微信扫码二维码 分享至好友和朋友圈 有些话没人敢说，今天我来捅破——现在网约车行业最大的问题，就是监管缺位，监管力度根...[preview_truncated] ||| 聚合平台“套娃式”抽佣 跑一单扣五成 网约车司机被迫“极限接单” IT时报记者孙妍图东方IC “现在每天跑15个小时，也...[preview_truncated] ||| 近年来，聚合平台迅速发展，为不少网约车司机增添了订单。然而，有聚合平台将订单层层转卖，各平台层层抽成，导致佣金一路攀升，...[preview_truncated] ||| 点击报名按钮进行报名，不报名可关闭 退出激活卡电子版 购物车注册登录 用户名登录/手机号登录 还没有账号？免费注册 忘记...[preview_truncated] ||| 四川在线记者 田珊 廖文卓 王了 视频剪辑 郭雨荷 实习生 幸定坤 长期以来，网约车平台抽成过高问题饱受争议。司机们辛苦...[preview_truncated] ||| 用微信扫码二维码 分享至好友和朋友圈 7月29日消息，从交通运输部获悉，交通运输新业态协同监管部际联席会议办公室当日组织...[preview_truncated],full_text_unavailable; use evidence_texts and evidence_urls ||| full_text_unavailable; use evidence_texts and evidence_urls ||| full_text_unavailable; use evidence_texts and evidence_urls ||| full_text_unavailable; use evidence_texts and evidence_urls ||| full_text_unavailable; use evidence_texts and evidence_urls ||| full_text_unavailable; use evidence_texts and evidence_urls ||| full_text_unavailable; use evidence_texts and evidence_urls ||| full_text_unavailable; use evidence_texts and evidence_urls ||| full_text_unavailable; use evidence_texts and evidence_urls ||| full_text_unavailable; use evidence_texts and evidence_urls,full_text_unavailable ||| full_text_unavailable ||| full_text_unavailable ||| full_text_unavailable ||| full_text_unavailable ||| full_text_unavailable ||| full_text_unavailable ||| full_text_unavailable ||| full_text_unavailable ||| full_text_unavailable,"2024-01-16 11:33:07新视界来自北京市 凤凰网科技《新视界》出品 作者｜陈枫 编辑｜任清 “乘客支付155.06元，而平台却显示乘客支付了102.89元。”1月15日，某网约车平台（阳光出行）司机陈晨（化名）在某投诉平台上称。 1月14日，陈晨接到由北京朝阳站到北京西站的外派订单。据他表示，在订单结束时，乘客端支付了155.06元，但是司机端却显示乘客支付了102.89元，52.17元的差额“不翼而飞”。这样的“阴阳账单”让陈晨很懊恼。 长久以来，网约车司机饱受平台抽成过高之苦，部分平台抽成比例一度超过乘客支付金额的30%，引起司机群体严重不满。 据上海民声直通车，东南大学交通法治与发展研究中心执行主任、中国城市公共交通协会网约车分会会长顾大松晒出的账单截图显示，一位乘客打车，订单结束实付98.11元。 但司机端却显示乘客付费为71.46元，司机实收52.17元。追问下去，发现这个订单系第三方订单：也就是说，乘客所下单平台并非司机接单平台。乘客下单平台接到订单后，将订单转卖。转卖订单的平台收取费用为26.65元，承运平台抽佣为19.29元，最后司机实收仅为乘客支付金额的53%。 顾大松晒出的账单截图｜来源上海民声直通车 近日，聚合模式的兴起和“阴阳账单”的出现再度让高抽成重新出现在网约车行业中。据悉在固有的抽成金额之外，聚合平台会再次收取部分费用；而部分平台在司机端 ||| 近日，有媒体调查网约车行业抽佣现象发现，在一些聚合平台上，网约车订单被层层转卖，多平台“总抽成”近五成；还有平台“阴阳账单”频现，也即司机端显示的乘客付费，通常会比乘客端显示的实际付费少很多。 多年来，围绕网约车平台抽成问题，社会展开了广泛讨论，管理部门也一再约谈相关平台，并制定相应的行业规范。2022年，交通运输部开展“交通运输新业态平台企业抽成‘阳光行动’”，当时各大公司公布的抽成比例上限多在18%至30%之间。此后，30%也成为业内抽佣的隐形红线。 近些年，聚合平台大量涌现，又让抽佣出现了新场景：在聚合平台上，乘客下单平台并非司机接单平台，乘客下单后订单被转卖，司机所在平台接单时已经是二手订单，甚至三手订单。这就衍生了一些新问题：聚合平台要收转卖费，雁过拔毛，促使实际抽佣过高；出现纠纷后，聚合平台和网约车公司互相推诿扯皮。 显然，聚合平台不该游离在普遍性的行业规则之外。无论平台之间怎么“周转”，乘客的实际支付、司机的实际收入总是明确的，二者之差如果过大，不符合按生产要素合理分配的原则，也不利于构建正向激励的网约车生态。 说到底，这就是一个蛋糕如何分配的问题。聚合平台的确提供了订单信息，起到了一个桥梁作用，但这个“信息价值”不能被无限拔高。毕竟司机才是完成订单的核心，直接付出了劳动，理应分得最大块蛋糕，也应该匹配更大话语权。 此外，有平台为了吸引客源发放的优惠券，最终成本也多转 ||| “乘客支付155.06元，而平台却显示乘客支付了102.89元。”1月15日，某网约车平台（阳光出行）司机陈晨（化名）在某投诉平台上称。 1月14日，陈晨接到由北京朝阳站到北京西站的外派订单。据他表示，在订单结束时，乘客端支付了155.06元，但是司机端却显示乘客支付了102.89元，52.17元的差额“不翼而飞”。这样的“阴阳账单”让陈晨很懊恼。 长久以来，网约车司机饱受平台抽成过高之苦，部分平台抽成比例一度超过乘客支付金额的30%，引起司机群体严重不满。 据上海民声直通车，东南大学交通法治与发展研究中心执行主任、中国城市公共交通协会网约车分会会长顾大松晒出的账单截图显示，一位乘客打车，订单结束实付98.11元。 但司机端却显示乘客付费为71.46元，司机实收52.17元。追问下去，发现这个订单系第三方订单：也就是说，乘客所下单平台并非司机接单平台。乘客下单平台接到订单后，将订单转卖。转卖订单的平台收取费用为26.65元，承运平台抽佣为19.29元，最后司机实收仅为乘客支付金额的53%。 顾大松晒出的账单截图｜来源上海民声直通车 近日，聚合模式的兴起和“阴阳账单”的出现再度让高抽成重新出现在网约车行业中。据悉在固有的抽成金额之外，聚合平台会再次收取部分费用；而部分平台在司机端降低了乘客实际支付金额，造成一种“低抽成”的假象。 以陈晨的这一订单为例，被平台刻意隐去的52.17元占到 ||| 【#你打车费的三分之一不翼而飞了# 抽成超30%，阴阳账单涉嫌违法？】#网约车司机为什么选择聚合平台# ？ 长久以来，网约车司机饱受平台抽成过高之苦，部分平台抽成比例一度超过乘客支付金额的30%，引起司机群体严重不满。 近日，聚合模式的兴起和“阴阳账单”的出现再度让高抽成重新出现在网约车行业中。据悉在固有的抽成金额之外，聚合平台会再次收取部分费用；而部分平台在司机端降低了乘客实际支付金额，造成一种“低抽成”的假象。 1月15日，凤凰网采访了多位网约车司机。其中一位在广州市跑车（曹操出行）的司机表示，司机端显示支付金额低于乘客实际支付金额的情况普遍存在。“这是公司的猫腻，我们也没办法。”@凤凰网科技 24小时滚动播报最新的财经资讯和视频，更多粉丝福利扫描二维码关注（sinafinance） 网友提问：@@=value.question$$ 老师回答：@@=value.answer$$ @@=value.title$$ 新浪财经意见反馈留言板 新浪简介|广告服务|About Sina 联系我们|招聘信息|通行证注册 产品答疑|网站律师|SINA English Copyright © 1996-2024 SINA Corporation All Rights Reserved 新浪公司 版权所有 ||| 用微信扫码二维码 分享至好友和朋友圈 有些话没人敢说，今天我来捅破——现在网约车行业最大的问题，就是监管缺位，监管力度根本跟不上，平台明目张胆违反明文规定，最终受害者始终是司机，却没人真正管过。 最核心的痛点就是“阴阳账单”，很多自媒体博主都报道过，我前段时间也反复说过这个问题，但直到现在，毫无改善。这种阴阳账单到底给司机带来多大损害？交通部门的领导们，真心希望你们能看到这条视频，看看真实情况。 给大家看一个真实订单案例：乘客在某团下单，全程34公里，司机最终到手仅32.06元，算下来一公里单价不足一块钱。先不说单价高低，关键看乘客实际支付金额——打开乘客支付界面，实打实付了51.89元；但司机端账单显示，乘客仅支付42.59元，中间近10元差额凭空消失。之后平台还在42.59元的基础上，抽成32.55%，最后司机才拿到32.06元。要是按乘客实际支付的51.89元算，这单抽成远超文件规定的30%，离谱程度可想而知。 为什么平台能这么明目张胆违规？我专门让司机大哥咨询了平台客服，对话很无奈：客服先是道歉记录问题，却始终坚称平台计价、抽成没有任何问题，完全合法合规，只让司机后续再关注。直到仔细看订单才发现猫腻，司机端账单标注着“该订单为第三方渠道订单，仅为第三方渠道与某平台结算金额，不代表乘客实际支付金额”。 说白了，这单是某团派给某网约车平台，某团先抽走10元；某平台再派给司机，又 ||| 聚合平台“套娃式”抽佣 跑一单扣五成 网约车司机被迫“极限接单” IT时报记者孙妍图东方IC “现在每天跑15个小时，也就赚几千块钱。”2024年初，黄欣（化名）和同事们发现，乘坐网约车时，司机常常抱怨收入越来越低，主动跟乘客核对实付金额的现象明显增多，而且每次乘客实付金额都比司机端显示的“乘客支付金额”多几元，路程长时，价差会高至10元。 透过这些“阴阳单”，网约车司机们发现，抽成比例超30%的单子渐渐多了。 仅从司机端很难判断，订单有几个平台抽佣，每个平台实际抽成多少。 2023年4月17日，交通运输部官网发布《2023年推动交通运输新业态平台企业降低过高抽成工作方案》，明确要求保障从业人员合理劳动报酬水平，推动主要网约车和道路货运新业态平台公司降低平台过高的抽成比例或者会员费上限。 然而，越来越多蛛丝马迹指向一个事实：通过层层抽佣，有些聚合平台接单的司机实际被抽佣比例，超过30%的“隐形”红线。 平台层层抽佣屡碰30%红线 2022年7月，交通运输部公布，在交通运输新业态平台企业抽成“阳光行动”中，主要网约车平台公布了抽成比例的上限多在18%至30%之间。这被认为，30%是监管部门认可的网约车抽佣的隐形“红线”。 “现在抽成比例基本是25%，甚至29%，而以前基本是20%。”在上海跑了多年网约车的韩师傅明显感到最近抽成比例在提高，而且有几次乘客主动核对价格时，他发现，司机端显 ||| 近年来，聚合平台迅速发展，为不少网约车司机增添了订单。然而，有聚合平台将订单层层转卖，各平台层层抽成，导致佣金一路攀升，司机收入不断缩水。据《工人日报》报道，有乘客实际支付98.11元，而司机端显示乘客付费仅为71.46元，司机实际收入52.17元。在这笔交易中，有26.65元不翼而飞。 一则订单，几乎一半的付费被各路小平台拿走，这恐怕已经不能用雁过拔毛来形容了，而是直接拽掉了翅膀、大腿。这也说明，平台凭借技术上、信息上的优势，很容易对司机形成钳制，如此不对等的关系靠什么来打破？还是要让司机基本的知情权得到满足，将抽成、接单等规则进一步明晰，并透明化。 其实早在2021年，人社部、交通运输部等八部门就出台了《关于维护新就业形态劳动者劳动保障权益的指导意见》，要求网约车平台设定抽成比例上限并向社会公布。此后，各大平台公布的抽成比例上限大致在18%至30%之间，30%也成了行业内一条未成文的红线。 现在回过头看，如果一些聚合平台层层抽佣导致的公开的抽成比例和实际抽成比例不一，甚至相差甚大，这种“阳奉阴违”是否涉嫌欺诈？ 很多人打网约车都有过这样的遭遇，有时司机会打听乘客的实际付款，然后发现相差甚多。有的平台解释称，司机看到的是抽佣后的，但是既然抽成比例公开化了，司机是不是也有权知道乘客的实际付款，然后对比自己的实际所得，以此来监督平台的实际抽成？无论乘客还是网约车司机，其知情权都不该被 ||| 点击报名按钮进行报名，不报名可关闭 退出激活卡电子版 购物车注册登录 用户名登录/手机号登录 还没有账号？免费注册 忘记密码？ 忘记密码？ + - 2024-01-17 16:43 郭晓菁/文 近日，网约车聚合平台抽成过高的现象引发热议。根据媒体调查，网约车聚合平台存在订单层层转卖、多次抽成的现象，比如，一笔实付98.11元的订单，司机实收金额仅为52.17元，占53%，其余47%被平台抽成。其中转卖订单的聚合平台收取26.65元，抽佣比例达27%，超过了承运平台。 网约车平台的出现提高了出行市场的匹配效率，为乘客出行提供了便利，也为社会创造了更多的就业岗位，但平台抽成过高、随意调价的行为不断引起对保护司机合法权益的呼吁。从2021年《关于维护公平竞争市场秩序加快推进网约车合规化的通知》，2022年“交通运输新业态平台企业抽成‘阳光行动’”，到《2023年推动交通运输新业态平台企业降低过高抽成工作方案》，近年来交通运输部已经多次要求网约车平台降低过高抽成比例并公开抽成方案。 在有关部门的协同下，网约车行业内部已经形成相对稳定的隐形红线，但聚合平台的崛起改变了市场格局。正如开头提到的案例，聚合平台被曝出存在层层转包和阴阳账单的现象，聚合平台和承运平台累加的抽成比例可能远超行业内部30%的抽佣上限，大大挤压了司机的收入空间。 网约车聚合平台抽成高，本质是市场供求关系力量对比的反映。根据 ||| 四川在线记者 田珊 廖文卓 王了 视频剪辑 郭雨荷 实习生 幸定坤 长期以来，网约车平台抽成过高问题饱受争议。司机们辛苦奔波，却因平台高抽成，收入大打折扣。 近日，有网友在问政四川反映，家里人开网约车太难了，平台抽成太高了。再刨去停车费、高速费、加油充电费、维修费、保险费，到司机手里的钱少得可怜。 对此，四川省交通运输厅回应，相关监管工作还处于摸索阶段，交通运输部门一直在有力有序推进网约车司机权益保障工作，推动网约车平台抽成降至30%以下。 近期，国家层面已经关注对网络平台收费行为的监管，国家市场监管总局正在制定《网络交易平台收费行为合规指南》，下一步将按国家统筹安排部署做好有关工作。 具体到咱们四川省，省交通运输厅也联合10部门开展行动，重点整治抽成不透明、比例过高，还有 “阴阳账单” 坑司机的情况。后续咱就等着看整治效果，希望司机师傅们能多赚点，大家对此有啥想法，评论区聊聊！ ||| 用微信扫码二维码 分享至好友和朋友圈 7月29日消息，从交通运输部获悉，交通运输新业态协同监管部际联席会议办公室当日组织对多家网约车平台、聚合平台公司进行约谈。约谈要求，进一步规范经营行为，合理制定运营规则，加强与司机群体的沟通协商，落实落细降低过高抽成比例民生实事要求；网约车聚合平台及合作的网约车平台公司要依法建立健全首问负责制度，及时妥善处理咨询投诉。（新华社） 特别声明：以上内容(如有图片或视频亦包括在内)为自媒体平台“网易号”用户上传并发布，本平台仅提供信息存储服务。 Notice: The content above (including the pictures and videos if any) is uploaded and posted by a user of NetEase Hao, which is a social media platform and only provides information storage services. 上游新闻 2026-05-25 14:46:47 中国新闻周刊 2026-05-24 23:46:09 中国新闻周刊 2026-05-25 07:42:52 央视新闻 2026-05-25 02:54:48 环球网资讯 2026-05-25 07:34:39 都市快报橙柿互动 2026-05-24 20:48:16 极",mainstream_news ||| mainstream_news ||| public_web ||| mainstream_news ||| social_media ||| mainstream_news ||| mainstream_news ||| mainstream_news ||| public_interaction ||| social_media,https://tech.ifeng.com/c/8WOAmlKXkWQ ||| https://news.ifeng.com/c/8WMvjiIpN63 ||| https://www.36kr.com/p/2606936234205312 ||| https://finance.sina.com.cn/jjxw/2024-01-16/doc-inacsxvc7608256.shtml ||| https://www.163.com/dy/article/KGRD6O7G0553K5ZV.html ||| https://finance.sina.com.cn/tech/roll/2024-02-05/doc-inafyhce3288179.shtml ||| https://m.thepaper.cn/newsDetail_forward_28358887?commTag=true ||| http://www.eeo.com.cn/2024/0117/628714.shtml ||| https://sichuan.scol.com.cn/spsc/202507/83080320.html ||| https://www.163.com/dy/article/IASV9IJ20519U3I5.html,title_unavailable ||| title_unavailable ||| title_unavailable ||| title_unavailable ||| title_unavailable ||| title_unavailable ||| title_unavailable ||| title_unavailable ||| title_unavailable ||| title_unavailable,date_unavailable ||| date_unavailable ||| date_unavailable ||| date_unavailable ||| date_unavailable ||| date_unavailable ||| date_unavailable ||| date_unavailable ||| date_unavailable ||| date_unavailable,8,silver_candidate,standard_review,0.000,low,low_risk,accept,,,证据充分覆盖“阴阳账单”、高抽成、司机投诉及监管规范聚合平台等核心环节，表述符合事实与监管导向。,annotator_A,adjudicated_final,annotator_A
E049,LLM_CHAIN_E049_002,司机在投诉平台披露乘客实付与司机端显示金额存在巨大差额的典型案例 ||| 平台间互相推诿扯皮引发司机集中维权，社交媒体涌现大量关于高抽成的讨论 ||| 地方交通部门回应监管处于摸索阶段，国家层面正制定平台收费合规指南并开展联合整治 ||| 行业持续推动抽成透明化与算法公开，聚合平台被要求不得干预定价并承担核验责任,ev-01371;ev-01397;ev-01378;ev-01384;ev-01370;ev-01388;ev-01389;ev-01391,“乘客支付155.06元，而平台却显示乘客支付了102.89元。”1月15日，某网约车平台（阳光出行）司机陈晨（化名）在...[preview_truncated] ||| 来源：上观新闻时间：2024-01-15 10:37:07编辑：曹静作者：版权声明 本文图片均为上观新闻 图 “师傅，付...[preview_truncated] ||| 三年前，一篇《外卖骑手，困在系统里》的文章刷屏，“困在系统里的外卖骑手”至今没有脱困，而网约车司机，也开始像外卖骑手一样...[preview_truncated] ||| 用微信扫码二维码 分享至好友和朋友圈 眼看进入年底了，不仅司机想多挣点钱回家过年，网约车平台也在搞业绩了，不仅免佣卡价格...[preview_truncated] ||| 四川在线记者 田珊 廖文卓 王了 视频剪辑 郭雨荷 实习生 幸定坤 长期以来，网约车平台抽成过高问题饱受争议。司机们辛苦...[preview_truncated] ||| 对网约车平台公司而言，聚合平台应承担核验责任，不应成为不合规网约车收容所。对聚合平台的监管是为了促进行业健康发展，满足乘...[preview_truncated] ||| 对网约车平台公司而言，聚合平台应承担核验责任，不应成为不合规网约车收容所。对聚合平台的监管是为了促进行业健康发展，满足乘...[preview_truncated] ||| 全部股票基金 网约车聚合平台正在打车出行中扮演越来越重要的角色，与此同时，平台对第三方网约车公司缺乏监管，带来的问题也引...[preview_truncated],full_text_unavailable; use evidence_texts and evidence_urls ||| full_text_unavailable; use evidence_texts and evidence_urls ||| full_text_unavailable; use evidence_texts and evidence_urls ||| full_text_unavailable; use evidence_texts and evidence_urls ||| full_text_unavailable; use evidence_texts and evidence_urls ||| full_text_unavailable; use evidence_texts and evidence_urls ||| full_text_unavailable; use evidence_texts and evidence_urls ||| full_text_unavailable; use evidence_texts and evidence_urls,full_text_unavailable ||| full_text_unavailable ||| full_text_unavailable ||| full_text_unavailable ||| full_text_unavailable ||| full_text_unavailable ||| full_text_unavailable ||| full_text_unavailable,“乘客支付155.06元，而平台却显示乘客支付了102.89元。”1月15日，某网约车平台（阳光出行）司机陈晨（化名）在某投诉平台上称。 1月14日，陈晨接到由北京朝阳站到北京西站的外派订单。据他表示，在订单结束时，乘客端支付了155.06元，但是司机端却显示乘客支付了102.89元，52.17元的差额“不翼而飞”。这样的“阴阳账单”让陈晨很懊恼。 长久以来，网约车司机饱受平台抽成过高之苦，部分平台抽成比例一度超过乘客支付金额的30%，引起司机群体严重不满。 据上海民声直通车，东南大学交通法治与发展研究中心执行主任、中国城市公共交通协会网约车分会会长顾大松晒出的账单截图显示，一位乘客打车，订单结束实付98.11元。 但司机端却显示乘客付费为71.46元，司机实收52.17元。追问下去，发现这个订单系第三方订单：也就是说，乘客所下单平台并非司机接单平台。乘客下单平台接到订单后，将订单转卖。转卖订单的平台收取费用为26.65元，承运平台抽佣为19.29元，最后司机实收仅为乘客支付金额的53%。 顾大松晒出的账单截图｜来源上海民声直通车 近日，聚合模式的兴起和“阴阳账单”的出现再度让高抽成重新出现在网约车行业中。据悉在固有的抽成金额之外，聚合平台会再次收取部分费用；而部分平台在司机端降低了乘客实际支付金额，造成一种“低抽成”的假象。 以陈晨的这一订单为例，被平台刻意隐去的52.17元占到 ||| 来源：上观新闻时间：2024-01-15 10:37:07编辑：曹静作者：版权声明 本文图片均为上观新闻 图 “师傅，付好了，您那里收到了多少钱？”近日，记者调查网约车行业抽佣现象，结算车费时与司机手机上的收款界面核对，结果让人大吃一惊——记者通过高德地图下单，系统显示订单被派发给方舟行平台的司机。单程共计11.77公里，用时35分钟，共支付车费40.2元，司机实收金额仅30.82元。也就是说，近四分之一的费用被各类平台收取。 订单抽成，向来是网约车行业绕不开的话题。驾驶员们一度受困于平台抽成不透明以及比例过高等问题，在相关政府部门的行动下，计价规则逐步明晰，并形成30%这一隐形抽佣上限。然而，记者在调查中发现，不少网约车订单收取总费用远超订单金额的30%，有的甚至被抽取近一半。 是谁在“顶风作案”？ “阴阳账单”频现 在一次地推中，曹师傅被推销人员安利了一个新的App“单多多助手”。根据推销人员介绍，该App集纳了几个出行平台，网约车驾驶员可选择入驻的某公司进行注册，不但可以新增接单渠道，还可获得各种优惠。“多个渠道接单能多赚点钱。”抱着这一想法，他便下载该App，在上面注册成为“900出行”的签约司机，随后通过“单多多助手”开始接单。 还没等体验到所谓的“优惠价”，一次与乘客闲聊中，曹师傅发现，平台抽佣比例极高，且金额与乘客实付对不上：1月5日22时多，他在平台接到一个从虹桥火 ||| 三年前，一篇《外卖骑手，困在系统里》的文章刷屏，“困在系统里的外卖骑手”至今没有脱困，而网约车司机，也开始像外卖骑手一样，被困在了层层抽成的系统里。 近一段时期，部分聚合平台在未经用户授权的情况下，暗中将乘客的订单转售给其他平台，导致佣金一路攀升，司机收入不断缩水。有司机反映，一笔在免佣期间的订单，乘客支付了84.34元，但司机只收到61.12元，剩下的23.22元不知去向。更有甚者，订单显示，一名乘客的行程实际支付了98.11元，而司机端显示的乘客付费仅为71.46元，司机实际收入52.17元。在这笔交易中，数额几乎是司机实际收入一半的26.65元不翼而飞， 司机怀疑，是平台将订单转卖给另一家平台，后者抽取了佣金。一般来说，网约车抽成比例上限大致在18%至30%之间。而现在，因为订单在网约车平台中被多次转手，导致佣金比例不仅高于30%的红线，部分订单甚至超过了50%。 于是，原先跑10小时就能挣到的钱，现在要跑13个小时，网约车司机越来越疲劳，乘客的体验也没有提升，大家都开始被困在平台抽成里。那么，把网约车司机困住的聚合平台，到底是从什么时候开始的？怎么开始的？ 所谓的聚合出行平台，平台本身并不拥有车辆和司机，而是通过技术手段将乘客与驾驶员资源进行匹配，提供出行服务。平台诞生的初衷，是乘客、司机、网约车平台、聚合平台四方均在这一模式下受益。 2017年，高德地图吃下了聚合打车服务 ||| 用微信扫码二维码 分享至好友和朋友圈 眼看进入年底了，不仅司机想多挣点钱回家过年，网约车平台也在搞业绩了，不仅免佣卡价格越（参数丨图片）卖越高，最近阴阳账单都“死灰复燃”了。 先来看一笔账单。乘客支付28.76元，司机到手17.31元，平台抽成高达39.74%，远远超过了30%的红线。据司机介绍，这笔订单乘客加价1.04倍，但是司机却没收到加价的钱，全进了平台的口袋。 还有这一单。乘客实际支付170.87元，司机到手106.7元，实际抽成为37.26%，但是司机端却显示乘客只支付144.27元，平台只抽25.69%。一阴一阳的账单，不仅26.6元不翼而飞，平台的抽成比例也从37.26%讲到了安全线以内。 不难发现，大家在司机端见到的抽成比例并非平台实际的抽成比例，有时候乘客实际支付的金额要远高于司机显示的金额，平台一阴一阳的账单掩盖高抽成的事实。 而且这种情况在企业订单、第三方渠道订单更为常见。有司机提醒，如果最近大家在机场接到这类订单，可以额外留意一下，很有可能会被抽佣比例吓一跳。 最近，一名网约车博主也在视频上曝光了阴阳账单一事。据该博主爆料，一笔企业订单乘客支付了150.53元，司机到手86.09元，明明抽成将近43%，但是通过阴阳账单一操作，司机端显示乘客只支付111.37元，抽成只有22.7%。 尽管主管部门三令五申的要求平台不得转卖订单、不得通过阴阳账单损害司机的利益， ||| 四川在线记者 田珊 廖文卓 王了 视频剪辑 郭雨荷 实习生 幸定坤 长期以来，网约车平台抽成过高问题饱受争议。司机们辛苦奔波，却因平台高抽成，收入大打折扣。 近日，有网友在问政四川反映，家里人开网约车太难了，平台抽成太高了。再刨去停车费、高速费、加油充电费、维修费、保险费，到司机手里的钱少得可怜。 对此，四川省交通运输厅回应，相关监管工作还处于摸索阶段，交通运输部门一直在有力有序推进网约车司机权益保障工作，推动网约车平台抽成降至30%以下。 近期，国家层面已经关注对网络平台收费行为的监管，国家市场监管总局正在制定《网络交易平台收费行为合规指南》，下一步将按国家统筹安排部署做好有关工作。 具体到咱们四川省，省交通运输厅也联合10部门开展行动，重点整治抽成不透明、比例过高，还有 “阴阳账单” 坑司机的情况。后续咱就等着看整治效果，希望司机师傅们能多赚点，大家对此有啥想法，评论区聊聊！ ||| 对网约车平台公司而言，聚合平台应承担核验责任，不应成为不合规网约车收容所。对聚合平台的监管是为了促进行业健康发展，满足乘客出行需求，保障运营安全和乘客、司机的合法权益。 当前，随着网约车市场规模持续扩大，以聚合为主要特征的第三方网络平台纷纷入局，云南、江西、浙江、四川、贵州等多地陆续出台规范聚合平台管理的相关通知。比如，有的地区要求网约车聚合平台不得干预网约车平台定价、不得直接参与车辆调度以及不得随意调价等。可见，加强对聚合平台的监管已成为一个重要的关注点。 所谓聚合平台，是指基于互联网技术，将多个网约车服务提供商的车辆资源通过一个统一的平台聚合起来，向用户提供更为便利的出行服务的平台。这类平台降低了准入门槛，有利于小平台突破临界规模。但是，作为一种新生事物，聚合平台也带来了责任边界不明、把关不严、乘客和司机利益得不到合法保障等问题。今年4月26日，交通运输部等五部门印发《关于切实做好网约车聚合平台规范管理有关工作的通知》，首次对网约车聚合平台的规范监管提出明确要求。《通知》将聚合平台界定为“共同提供服务者”。今年6月份，多地也先后发布相关通知，加强对聚合平台的监管。有的地方提出，聚合平台应承担平台安全管理责任，保护消费者和驾驶员利益，若进一步从事网约车经营，则需承担承运人责任。 尽管聚合平台并不直接从事客运服务，而是与网约车平台公司一起提供服务的第三方平台，但聚合平台对网约车平台 ||| 对网约车平台公司而言，聚合平台应承担核验责任，不应成为不合规网约车收容所。对聚合平台的监管是为了促进行业健康发展，满足乘客出行需求，保障运营安全和乘客、司机的合法权益。 当前，随着网约车市场规模持续扩大，以聚合为主要特征的第三方网络平台纷纷入局，云南、江西、浙江、四川、贵州等多地陆续出台规范聚合平台管理的相关通知。比如，有的地区要求网约车聚合平台不得干预网约车平台定价、不得直接参与车辆调度以及不得随意调价等。可见，加强对聚合平台的监管已成为一个重要的关注点。 所谓聚合平台，是指基于互联网技术，将多个网约车服务提供商的车辆资源通过一个统一的平台聚合起来，向用户提供更为便利的出行服务的平台。这类平台降低了准入门槛，有利于小平台突破临界规模。但是，作为一种新生事物，聚合平台也带来了责任边界不明、把关不严、乘客和司机利益得不到合法保障等问题。今年4月26日，交通运输部等五部门印发《关于切实做好网约车聚合平台规范管理有关工作的通知》，首次对网约车聚合平台的规范监管提出明确要求。《通知》将聚合平台界定为“共同提供服务者”。今年6月份，多地也先后发布相关通知，加强对聚合平台的监管。有的地方提出，聚合平台应承担平台安全管理责任，保护消费者和驾驶员利益，若进一步从事网约车经营，则需承担承运人责任。 尽管聚合平台并不直接从事客运服务，而是与网约车平台公司一起提供服务的第三方平台，但聚合平台对网约车平台 ||| 全部股票基金 网约车聚合平台正在打车出行中扮演越来越重要的角色，与此同时，平台对第三方网约车公司缺乏监管，带来的问题也引发了关注。有关专家认为，应进一步明确网约车聚合平台、网约车公司间的权责界定，压实平台责任。 —————————— 日前，李先生和朋友在郑州外出时，通过一家网约车聚合平台叫了一辆车，是一口价订单，上车后，司机说要额外收取一公里1元的返程费。李先生不同意，“司机说，那就下车取消订单吧。” 下车后，李先生发现自己还是支付了32.78元的车费，他向平台客服举报，对方却让他联系第三方网约车公司，一番操作无果，他把这段经历发在了社交平台上，才换来平台客服的主动联系，并退还了车费。 李先生使用的网约车聚合平台如同一个“打车超市”，把市面上很多中小网约车公司集合到平台上。乘客只需登录一个打车界面，就能同时呼叫多家网约车公司的车，包括出租车。当前，百度地图、高德地图、花小猪打车等平台上的打车服务，均属于这种模式。 交通运输部最新发布的2025年5月网约车行业运行基本情况显示，网约车监管信息交互系统5月共收到订单信息7.7亿单，网约车聚合平台完成2.79亿单，占比超36%。 这意味着，网约车聚合平台承载了众多消费者的打车需求。但与此同时，不少消费者反映，平台对第三方网约车公司缺乏监管，不少乘客投诉后，往往没下文。早在2023年4月，交通运输部办公厅就联合多部门，印发《关于切实做好网约,public_web ||| mainstream_news ||| public_web ||| social_media ||| public_interaction ||| public_web ||| mainstream_news ||| mainstream_news,https://www.36kr.com/p/2606936234205312 ||| https://news.hsw.cn/system/2024/0115/1708830.shtml ||| https://www.36kr.com/p/2908134631381895 ||| https://www.163.com/dy/article/JISKDUTG0547K1F9.html ||| https://sichuan.scol.com.cn/spsc/202507/83080320.html ||| http://www.tibet.cn/cn/Instant/domestic/202307/t20230714_7449955.html ||| https://finance.sina.com.cn/jjxw/2023-07-14/doc-imzaqxpx7636806.shtml ||| http://finance.china.com.cn/industry/20250805/6259817.shtml,title_unavailable ||| title_unavailable ||| title_unavailable ||| title_unavailable ||| title_unavailable ||| title_unavailable ||| title_unavailable ||| title_unavailable,date_unavailable ||| date_unavailable ||| date_unavailable ||| date_unavailable ||| date_unavailable ||| date_unavailable ||| date_unavailable ||| date_unavailable,7,silver_candidate,standard_review,0.000,low,low_risk,accept,,,链条各环节均有对应证据支撑，地方回应、国家合规指南及聚合平台责任等关键信息提取准确，逻辑连贯。,annotator_A,adjudicated_final,annotator_A
E050,LLM_CHAIN_E050_001,新华社等媒体调查曝光网约车平台抽成过高及规则不透明 ||| 司机与公众对高额抽成及计价差异产生质疑，引发舆论热议 ||| 滴滴发布声明回应，披露抽成比例与成本结构，承认2.7%订单抽成超30%并排查原因 ||| 滴滴承诺推进收费定价公开透明，成立司机委员会持续征集意见并优化规则,ev-01243;ev-01237;ev-01239;ev-01246,滴滴表示抽成高不是普遍现象，确实存在一部分司机收入占比较低的订单，如顺路单。 近日，部分网约车平台隐瞒高额抽成的新闻被曝...[preview_truncated] ||| 站长之家 站长之家 近期，有声音显示，滴滴抽成超过30%，质疑其抽成过高;此外，司机端和乘客端价格比例相差过大。对于这些...[preview_truncated] ||| 登录 5月7日。滴滴回应“抽成”问题：确实存在部分司机收入占比较低，抽成高于30%的订单占总订单的2.7%。虽占比不高，...[preview_truncated] ||| 网约车佣金比例（也就是平常所说的抽成）的高低，直接影响到网约车司机的收入和各大平台的效益，因此一直是平台和司机博弈的焦点...[preview_truncated],full_text_unavailable; use evidence_texts and evidence_urls ||| full_text_unavailable; use evidence_texts and evidence_urls ||| full_text_unavailable; use evidence_texts and evidence_urls ||| full_text_unavailable; use evidence_texts and evidence_urls,full_text_unavailable ||| full_text_unavailable ||| full_text_unavailable ||| full_text_unavailable,滴滴表示抽成高不是普遍现象，确实存在一部分司机收入占比较低的订单，如顺路单。 近日，部分网约车平台隐瞒高额抽成的新闻被曝出，网约车平台利用其相对垄断地位，以提高服务费率等手段，从司机和乘客身上攫取高额利益，造成平台和用户之间的关系失衡，引发网友热议。据新华社调查发现，一些网约车平台抽成超过20%，有时甚至高达50%。 针对新华社近日揭露“一些网约车平台抽成比例能达到25%甚至更高，而司机和乘客对每一单的抽成比例、计算方式毫不知情”，滴滴平台官方正式就此事做出说明称，去年滴滴网约车司机收入占乘客应付总额的79.1%，剩下20.9%中，10.9%为乘客补贴优惠，6.9%为企业经营成本（技术研发、服务器、安全保障、客服、人力、线下运营等）及纳税和支付手续费等，3.1%为网约车业务净利润。 滴滴表示抽成高不是普遍现象，确实存在一部分司机收入占比较低的订单，如顺路单；其中，抽成高于30%的订单占总订单的2.7%，类似极端情况下的订单虽然占比不高，但是确实给司机师傅造成了困扰，比较容易被传播，让大家以为滴滴的抽成都高于30%。 对于媒体质疑滴滴抽成不透明，滴滴官方也在公开说明中公布了其乘客端和司机端不同的计价规则 ，称将持续推进平台收费定价公开透明，持续征集司机意见并公开进展。 声明：泰伯网登载此文出于传递更多信息之目的，并不意味着赞同其观点或证实其描述，文章内容仅供参考。 【登录后才能评论哦 ||| 站长之家 站长之家 近期，有声音显示，滴滴抽成超过30%，质疑其抽成过高;此外，司机端和乘客端价格比例相差过大。对于这些质疑声，滴滴公开表示称，确实存在一部分司机收入占比较低的订单，如顺路单;其中，抽成高于30%的订单占总订单的2.7%，已在陆续排查出现极端订单的原因，尽全力避免极端情况的出现。 滴滴回应高额抽成 滴滴昨天通过微信公众号发布声明，对网约车「抽成」问题进行回应：2020年滴滴网约车司机收入占乘客应付总额的79.1%;剩下20.9% 中，10.9% 为乘客补贴优惠，6.9% 为企业经营成本等，3.1% 为网约车业务净利润。 滴滴承认，确实存在一部分司机收入占比较低的订单，如顺路单;其中，抽成高于30% 的订单占总订单的2.7%。滴滴称在陆续排查出现极端订单的原因，尽全力避免极端情况的出现。 滴滴表示将持续推进平台收费定价公开透明，司机委员会也将持续征集司机意见并公示进展。2021年4月21日，滴滴成立司机委员会以来，目前收到了2000多条司机师傅实名反馈的意见和建议。滴滴表示将尝试邀请提出好意见的司机加入司机委员会，帮助改进优化。 （举报） 此前，有媒体报道了“网约车平台高额抽成”现象。报道称，一些网约车平台抽成比例能达到25%甚至更高，而司机和乘客对每一单的抽成比例、计算方式毫不知情。 近日，湖南长沙一家餐饮店卫生间门口贴出的男女标识牌，因为设计内容十分出格，在网络上 ||| 登录 5月7日。滴滴回应“抽成”问题：确实存在部分司机收入占比较低，抽成高于30%的订单占总订单的2.7%。虽占比不高，但确给司机师傅造成困扰，公司正陆续排查原因。 澎湃新闻记者：王佳珺 编辑：王福艳 素材来源：网络 Android版 iPhone版 iPad版 沪ICP备14003370号 沪公网安备31010602000299号 互联网新闻信息服务许可证：31120170006 增值电信业务经营许可证：沪B2-2017116 © 2014-2026 上海东方报业有限公司 ||| 网约车佣金比例（也就是平常所说的抽成）的高低，直接影响到网约车司机的收入和各大平台的效益，因此一直是平台和司机博弈的焦点。 我们经常听到网约车司机抱怨抽成太高不划算，希望能够降低抽成的比例，但具体的抽成到底是多少，这个数据往往只有平台才能掌握，而平台却总说没有赚到钱，降低抽成也就变得不那么切合实际。 但是，自从3月份二十多个部门联合发布了一份《加快培育新型消费实施方案》，网约车抽成终于有了松动的转机。方案要求网约车等网络平台，要合理优化抽成、佣金等费用，促进平台内经营者降本增效。 在这之后，网约车司机抱怨平台抽成高的声音再次多了起来，一些媒体也对几家大的网约车平台进行了跟踪调查，对网约车平台高抽成、乱抽成的声讨也越来越激烈。作为国内最大网约车平台的滴滴出行，无疑是大家关注的焦点。下面我们就来看一看滴滴针对抽成问题的一系列行动。 首先，滴滴迅速对不利舆论做出了积极响应。成立了由网约车部门负责人牵头的司机生态发展委员会，强调要保障滴滴司机的各项权益，致力于司机收入稳定透明、平台规则公平合理。 紧接着，滴滴以2020年网约车抽成的具体数据为依据，详细说明了平台抽成的构成，综合算下来的实际抽成大致为20.9%，网约车的利润大概是3.1%。滴滴表示将虚心接受公众批评，持续推进公开透明。 不过，滴滴还没来得及公布具体措施的时候，监管部门就对包括滴滴、首汽约车、美团出行、高德打车在内的10家网约,mainstream_news ||| public_web ||| mainstream_news ||| public_web,https://www.taibo.cn/p/70857 ||| https://www.chinaz.com/2021/0508/1247343.shtml ||| https://www.thepaper.cn/newsDetail_forward_12564944?commTag=true ||| http://www.67848.cn/32537.html,title_unavailable ||| title_unavailable ||| title_unavailable ||| title_unavailable,date_unavailable ||| date_unavailable ||| date_unavailable ||| date_unavailable,4,silver_candidate,standard_review,0.000,low,low_risk,accept,,,证据完整支撑媒体曝光、舆论发酵、滴滴回应数据（79.1%、2.7%）及后续整改承诺，事实准确无误。,annotator_A,adjudicated_final,annotator_A
E050,LLM_CHAIN_E050_002,媒体揭露平台利用相对垄断地位提高服务费率，抽成比例引发社会关注 ||| 司机端与乘客端价格显示差异大，司机收入占比低问题遭广泛投诉与讨论 ||| 滴滴公开说明司机收入占比79.1%，详细解释补贴与经营成本构成，否认高抽成为普遍现象 ||| 平台建立常态化沟通机制，通过司机生态委员会与开放日持续优化抽成规则与透明度,ev-02135;ev-01241;ev-01243;ev-02144,"近日,新华社发文揭露网约车平台利用其相对垄断地位,以提高服务费率等手段,从司机和乘客身上攫取高额利益,一些网约车平台抽成...[preview_truncated] ||| 近期,司机师傅、媒体、自媒体通过个别账单对比、司机采访等方式关注报道滴滴“抽成”等问题。滴滴表示,确实存在一部分司机收入...[preview_truncated] ||| 滴滴表示抽成高不是普遍现象，确实存在一部分司机收入占比较低的订单，如顺路单。 近日，部分网约车平台隐瞒高额抽成的新闻被曝...[preview_truncated] ||| 潮新闻 2025-09-17 13:37发布于浙江潮新闻官方账号 潮新闻客户端 记者 陈婕 黄伟芬 近日，由滴滴网约车司...[preview_truncated]",full_text_unavailable; use evidence_texts and evidence_urls ||| full_text_unavailable; use evidence_texts and evidence_urls ||| full_text_unavailable; use evidence_texts and evidence_urls ||| full_text_unavailable; use evidence_texts and evidence_urls,full_text_unavailable ||| full_text_unavailable ||| full_text_unavailable ||| full_text_unavailable,"近日,新华社发文揭露网约车平台利用其相对垄断地位,以提高服务费率等手段,从司机和乘客身上攫取高额利益,一些网约车平台抽成超过20%,定价计算方式也不透明。 ||| 近期,司机师傅、媒体、自媒体通过个别账单对比、司机采访等方式关注报道滴滴“抽成”等问题。滴滴表示,确实存在一部分司机收入占比较低的订单,如顺路单;其中,抽成高于30%的订单占总订单的2.7%,类似极端 ||| 滴滴表示抽成高不是普遍现象，确实存在一部分司机收入占比较低的订单，如顺路单。 近日，部分网约车平台隐瞒高额抽成的新闻被曝出，网约车平台利用其相对垄断地位，以提高服务费率等手段，从司机和乘客身上攫取高额利益，造成平台和用户之间的关系失衡，引发网友热议。据新华社调查发现，一些网约车平台抽成超过20%，有时甚至高达50%。 针对新华社近日揭露“一些网约车平台抽成比例能达到25%甚至更高，而司机和乘客对每一单的抽成比例、计算方式毫不知情”，滴滴平台官方正式就此事做出说明称，去年滴滴网约车司机收入占乘客应付总额的79.1%，剩下20.9%中，10.9%为乘客补贴优惠，6.9%为企业经营成本（技术研发、服务器、安全保障、客服、人力、线下运营等）及纳税和支付手续费等，3.1%为网约车业务净利润。 滴滴表示抽成高不是普遍现象，确实存在一部分司机收入占比较低的订单，如顺路单；其中，抽成高于30%的订单占总订单的2.7%，类似极端情况下的订单虽然占比不高，但是确实给司机师傅造成了困扰，比较容易被传播，让大家以为滴滴的抽成都高于30%。 对于媒体质疑滴滴抽成不透明，滴滴官方也在公开说明中公布了其乘客端和司机端不同的计价规则 ，称将持续推进平台收费定价公开透明，持续征集司机意见并公开进展。 声明：泰伯网登载此文出于传递更多信息之目的，并不意味着赞同其观点或证实其描述，文章内容仅供参考。 【登录后才能评论哦 ||| 潮新闻 2025-09-17 13:37发布于浙江潮新闻官方账号 潮新闻客户端 记者 陈婕 黄伟芬 近日，由滴滴网约车司机生态发展委员会发起的滴滴开放日——“司机体验监督员评审会”第三期活动在北京举办。 滴滴希望通过这样的评审会来实践“开放、倾听、进步”的理念，让潜在问题浮出水面，让多元视角充分碰撞，让更多社会力量参与平台治理，让好意见被听见、被落实。 这一次，滴滴聚焦的是司机师傅们关心的抽成问题。 滴滴网约车CTO曹乐在活动开始之前说：“一会要是大家不知道说什么，那么就‘有话直说’好了。” 几十位来自全国各地的司机、专家学者、媒体代表等围桌而坐，现场气氛很热烈，讨论、分享、答疑，一直从上午持续到傍晚。 滴滴工作人员分享返程费改进进展 作为司机，最关心的当然是收入问题，一些人觉得平台关于抽成“不够透明”。 “你看我们的司机这个月拿了多少奖励，拿了多少钱，一共多少钱，高速费多少，平台可以做得清清楚楚。乘客付多少钱呢？不知道。突然间告诉我们15.7%的抽成，怎么算的？”一开始，就有司机关于抽成表示疑惑和不解。 对这个社会各界和司机师傅们普遍关心的问题，滴滴相关工作人员进行了开诚布公的回应，“2024年，滴滴所有订单平均抽成为14%。”并围绕抽成的计算、影响抽成高低背后供需逻辑、以及抽成的用途等一一说明。 首先，司机们的抽成是怎么计算的。“作为双边交易平台，平台通过司机和乘客分别独立计费",social_media ||| mainstream_news ||| mainstream_news ||| mainstream_news,https://www.toutiao.com/article/6960212939739496974/ ||| http://opinion.gxnews.com.cn/staticpages/20210508/newgx60965d84-20252256.shtml ||| https://www.taibo.cn/p/70857 ||| https://news.qq.com/rain/a/20250917A04HYY00,title_unavailable ||| title_unavailable ||| title_unavailable ||| title_unavailable,date_unavailable ||| date_unavailable ||| date_unavailable ||| date_unavailable,4,silver_candidate,standard_review,0.000,low,low_risk,accept,,,链条概括全面，关键数据与机制（开放日、司机委员会）均有证据对应，表述合理且符合证据原意。,annotator_A,adjudicated_final,annotator_A
E050,LLM_CHAIN_E050_003,2021年5月初媒体集中报道网约车平台高抽成问题 ||| 舆论质疑平台抽成过高且计算方式不透明，相关话题迅速登上微博热搜 ||| 滴滴于5月7日至8日连续发布说明，公布具体抽成数据并承诺排查极端订单 ||| 滴滴表态将持续推进平台规则透明化，并依托司机委员会落实整改与反馈机制,ev-02134;ev-02138;ev-01239;ev-01246,"近日,网约车平台“高抽成”争议愈演愈烈。此前,新华社调查发现,一些网约车平台抽成超过20%,有时甚至高达50%。 ||| 股市瞬息万变，投资难以决策？来#A股参谋部#超话聊一聊，[点击进入超话] 5月8日，#滴滴回应网约车抽成质疑#登上微博热...[preview_truncated] ||| 登录 5月7日。滴滴回应“抽成”问题：确实存在部分司机收入占比较低，抽成高于30%的订单占总订单的2.7%。虽占比不高，...[preview_truncated] ||| 网约车佣金比例（也就是平常所说的抽成）的高低，直接影响到网约车司机的收入和各大平台的效益，因此一直是平台和司机博弈的焦点...[preview_truncated]",full_text_unavailable; use evidence_texts and evidence_urls ||| full_text_unavailable; use evidence_texts and evidence_urls ||| full_text_unavailable; use evidence_texts and evidence_urls ||| full_text_unavailable; use evidence_texts and evidence_urls,full_text_unavailable ||| full_text_unavailable ||| full_text_unavailable ||| full_text_unavailable,"近日,网约车平台“高抽成”争议愈演愈烈。此前,新华社调查发现,一些网约车平台抽成超过20%,有时甚至高达50%。 ||| 股市瞬息万变，投资难以决策？来#A股参谋部#超话聊一聊，[点击进入超话] 5月8日，#滴滴回应网约车抽成质疑#登上微博热搜。 日前，滴滴在其官微发布声明，回应近期公众对于其“抽成过高”、“抽成规则不透明”等问题的质疑。滴滴表示，虚心接受公众批评，将持续推进公开透明。 滴滴声明称，滴滴网约车司机收入占乘客应付总额的79.1%。10.9%为乘客补贴优惠，3.1%为网约车业务净利润。 滴滴表示，确实存在部分司机收入占比较低，抽成高于30%的订单占总订单的2.7%。虽占比不高，但确给司机师傅造成困扰，公司正陆续排查原因。 对此，有网友表示，抽成太多了吧…我打车付了40多结果看到司机实际就收了28。有网友认为，开滴滴还是能挣钱的吧，而且在平台上接单子不用像出租车那种去找活。还有网友称，其实应该让司机用自己的流水去对比，这样就好了。 责任编辑：邓健 24小时滚动播报最新的财经资讯和视频，更多粉丝福利扫描二维码关注（sinafinance） 网友提问：@@=value.question$$ 老师回答：@@=value.answer$$ @@=value.title$$ 新浪财经意见反馈留言板 电话：400-052-0066 欢迎批评指正 新浪简介|广告服务|About Sina 联系我们|招聘信息|通行证注册 产品答疑|网站律师|SINA English Copyright © 1996-202 ||| 登录 5月7日。滴滴回应“抽成”问题：确实存在部分司机收入占比较低，抽成高于30%的订单占总订单的2.7%。虽占比不高，但确给司机师傅造成困扰，公司正陆续排查原因。 澎湃新闻记者：王佳珺 编辑：王福艳 素材来源：网络 Android版 iPhone版 iPad版 沪ICP备14003370号 沪公网安备31010602000299号 互联网新闻信息服务许可证：31120170006 增值电信业务经营许可证：沪B2-2017116 © 2014-2026 上海东方报业有限公司 ||| 网约车佣金比例（也就是平常所说的抽成）的高低，直接影响到网约车司机的收入和各大平台的效益，因此一直是平台和司机博弈的焦点。 我们经常听到网约车司机抱怨抽成太高不划算，希望能够降低抽成的比例，但具体的抽成到底是多少，这个数据往往只有平台才能掌握，而平台却总说没有赚到钱，降低抽成也就变得不那么切合实际。 但是，自从3月份二十多个部门联合发布了一份《加快培育新型消费实施方案》，网约车抽成终于有了松动的转机。方案要求网约车等网络平台，要合理优化抽成、佣金等费用，促进平台内经营者降本增效。 在这之后，网约车司机抱怨平台抽成高的声音再次多了起来，一些媒体也对几家大的网约车平台进行了跟踪调查，对网约车平台高抽成、乱抽成的声讨也越来越激烈。作为国内最大网约车平台的滴滴出行，无疑是大家关注的焦点。下面我们就来看一看滴滴针对抽成问题的一系列行动。 首先，滴滴迅速对不利舆论做出了积极响应。成立了由网约车部门负责人牵头的司机生态发展委员会，强调要保障滴滴司机的各项权益，致力于司机收入稳定透明、平台规则公平合理。 紧接着，滴滴以2020年网约车抽成的具体数据为依据，详细说明了平台抽成的构成，综合算下来的实际抽成大致为20.9%，网约车的利润大概是3.1%。滴滴表示将虚心接受公众批评，持续推进公开透明。 不过，滴滴还没来得及公布具体措施的时候，监管部门就对包括滴滴、首汽约车、美团出行、高德打车在内的10家网约",social_media ||| mainstream_news ||| mainstream_news ||| public_web,https://www.toutiao.com/article/6959763355733066248/ ||| https://finance.sina.com.cn/chanjing/gsnews/2021-05-08/doc-ikmyaawc4048999.shtml ||| https://www.thepaper.cn/newsDetail_forward_12564944?commTag=true ||| http://www.67848.cn/32537.html,title_unavailable ||| title_unavailable ||| title_unavailable ||| title_unavailable,date_unavailable ||| date_unavailable ||| date_unavailable ||| date_unavailable,4,silver_candidate,standard_review,0.000,low,low_risk,accept,,,时间节点、热搜话题、滴滴回应数据及司机委员会机制均与证据高度吻合，链条逻辑清晰，可直接作为金标准。,annotator_A,adjudicated_final,annotator_A
